id	pos	ref	alt
ISL1_chr5:51392398-51392614_ISM_run-1_target-5.87_1	947	T	C
ISL1_chr5:51392398-51392614_ISM_run-2_target-5.87_1	944	T	A
ISL1_chr5:51392398-51392614_ISM_run-2_target-5.87_1	945	T	A
ISL1_chr5:51392398-51392614_ISM_run-3_target-5.87_1	1004	T	A
ISL1_chr5:51392398-51392614_ISM_run-3_target-5.87_1	1062	T	C
ISL1_chr5:51392398-51392614_ISM_run-4_target-5.87_1	1027	T	C
ISL1_chr5:51392398-51392614_ISM_run-5_target-5.87_1	1002	C	T
ISL1_chr5:51392398-51392614_ISM_run-6_target-5.87_1	1002	C	T
ISL1_chr5:51392398-51392614_ISM_run-7_target-5.87_1	968	G	C
ISL1_chr5:51392398-51392614_ISM_run-7_target-5.87_1	1004	T	A
ISL1_chr5:51392398-51392614_ISM_run-8_target-5.87_1	1004	T	A
ISL1_chr5:51392398-51392614_ISM_run-8_target-5.87_1	1062	T	C
ISL1_chr5:51392398-51392614_ISM_run-9_target-5.87_1	1004	T	A
ISL1_chr5:51392398-51392614_ISM_run-9_target-5.87_1	1056	A	T
ISL1_chr5:51392398-51392614_ISM_run-10_target-5.87_1	944	T	A
ISL1_chr5:51392398-51392614_ISM_run-10_target-5.87_1	1098	T	A
ISL1_chr5:51392398-51392614_ISM_run-11_target-5.87_1	1002	C	T
ISL1_chr5:51392398-51392614_ISM_run-12_target-5.87_1	947	T	C
ISL1_chr5:51392398-51392614_ISM_run-13_target-5.87_1	1002	C	T
ISL1_chr5:51392398-51392614_ISM_run-14_target-5.87_1	944	T	A
ISL1_chr5:51392398-51392614_ISM_run-14_target-5.87_1	967	A	C
ISL1_chr5:51392398-51392614_ISM_run-15_target-5.87_1	1027	T	C
ISL1_chr5:51392398-51392614_ISM_run-16_target-5.87_1	1036	G	A
ISL1_chr5:51392398-51392614_ISM_run-17_target-5.87_1	947	T	C
ISL1_chr5:51392398-51392614_ISM_run-18_target-5.87_1	971	T	C
ISL1_chr5:51392398-51392614_ISM_run-18_target-5.87_1	976	T	A
ISL1_chr5:51392398-51392614_ISM_run-19_target-5.87_1	945	T	A
ISL1_chr5:51392398-51392614_ISM_run-19_target-5.87_1	986	A	T
ISL1_chr5:51392398-51392614_ISM_run-20_target-5.87_1	1011	T	A
ISL1_chr5:51392398-51392614_ISM_run-21_target-5.87_1	944	T	G
ISL1_chr5:51392398-51392614_ISM_run-21_target-5.87_1	1029	G	C
ISL1_chr5:51392398-51392614_ISM_run-22_target-5.87_1	947	T	C
ISL1_chr5:51392398-51392614_ISM_run-23_target-5.87_1	947	T	C
ISL1_chr5:51392398-51392614_ISM_run-24_target-5.87_1	944	T	G
ISL1_chr5:51392398-51392614_ISM_run-24_target-5.87_1	1026	T	A
ISL1_chr5:51392398-51392614_ISM_run-25_target-5.87_1	947	T	C
ISL1_chr5:51392398-51392614_ISM_run-26_target-5.87_1	1011	T	A
ISL1_chr5:51392398-51392614_ISM_run-27_target-5.87_1	1002	C	T
ISL1_chr5:51392398-51392614_ISM_run-28_target-5.87_1	1027	T	C
ISL1_chr5:51392398-51392614_ISM_run-29_target-5.87_1	979	T	A
ISL1_chr5:51392398-51392614_ISM_run-29_target-5.87_1	1004	T	A
ISL1_chr5:51392398-51392614_ISM_run-30_target-5.87_1	1004	T	A
ISL1_chr5:51392398-51392614_ISM_run-30_target-5.87_1	1025	G	C
ISL1_chr5:51392398-51392614_ISM_run-31_target-5.87_1	947	T	C
ISL1_chr5:51392398-51392614_ISM_run-32_target-5.87_1	1002	C	T
ISL1_chr5:51392398-51392614_ISM_run-33_target-5.87_1	971	T	C
ISL1_chr5:51392398-51392614_ISM_run-33_target-5.87_1	1062	T	C
ISL1_chr5:51392398-51392614_ISM_run-34_target-5.87_1	947	T	C
ISL1_chr5:51392398-51392614_ISM_run-35_target-5.87_1	938	T	G
ISL1_chr5:51392398-51392614_ISM_run-35_target-5.87_1	1004	T	A
ISL1_chr5:51392398-51392614_ISM_run-36_target-5.87_1	1036	G	A
ISL1_chr5:51392398-51392614_ISM_run-37_target-5.87_1	1002	C	T
ISL1_chr5:51392398-51392614_ISM_run-38_target-5.87_1	971	T	C
ISL1_chr5:51392398-51392614_ISM_run-38_target-5.87_1	1008	C	T
ISL1_chr5:51392398-51392614_ISM_run-39_target-5.87_1	1036	G	A
ISL1_chr5:51392398-51392614_ISM_run-40_target-5.87_1	944	T	A
ISL1_chr5:51392398-51392614_ISM_run-40_target-5.87_1	967	A	C
ISL1_chr5:51392398-51392614_ISM_run-41_target-5.87_1	1036	G	A
ISL1_chr5:51392398-51392614_ISM_run-42_target-5.87_1	945	T	A
ISL1_chr5:51392398-51392614_ISM_run-42_target-5.87_1	1094	T	C
ISL1_chr5:51392398-51392614_ISM_run-43_target-5.87_1	971	T	C
ISL1_chr5:51392398-51392614_ISM_run-43_target-5.87_1	1062	T	C
ISL1_chr5:51392398-51392614_ISM_run-44_target-5.87_1	945	T	A
ISL1_chr5:51392398-51392614_ISM_run-44_target-5.87_1	1008	C	A
ISL1_chr5:51392398-51392614_ISM_run-45_target-5.87_1	947	T	C
ISL1_chr5:51392398-51392614_ISM_run-46_target-5.87_1	944	T	A
ISL1_chr5:51392398-51392614_ISM_run-46_target-5.87_1	969	G	A
ISL1_chr5:51392398-51392614_ISM_run-47_target-5.87_1	947	T	C
ISL1_chr5:51392398-51392614_ISM_run-48_target-5.87_1	945	T	A
ISL1_chr5:51392398-51392614_ISM_run-48_target-5.87_1	1049	T	C
ISL1_chr5:51392398-51392614_ISM_run-49_target-5.87_1	971	T	C
ISL1_chr5:51392398-51392614_ISM_run-49_target-5.87_1	1027	T	A
ISL1_chr5:51392398-51392614_ISM_run-50_target-5.87_1	947	T	C
ISL1_chr5:51392398-51392614_ISM_run-51_target-5.87_1	1036	G	A
ISL1_chr5:51392398-51392614_ISM_run-52_target-5.87_1	1011	T	A
ISL1_chr5:51392398-51392614_ISM_run-53_target-5.87_1	947	T	C
ISL1_chr5:51392398-51392614_ISM_run-54_target-5.87_1	935	T	C
ISL1_chr5:51392398-51392614_ISM_run-54_target-5.87_1	1004	T	A
ISL1_chr5:51392398-51392614_ISM_run-55_target-5.87_1	1027	T	C
ISL1_chr5:51392398-51392614_ISM_run-56_target-5.87_1	947	T	C
ISL1_chr5:51392398-51392614_ISM_run-57_target-5.87_1	945	T	A
ISL1_chr5:51392398-51392614_ISM_run-57_target-5.87_1	1062	T	C
ISL1_chr5:51392398-51392614_ISM_run-58_target-5.87_1	1027	T	C
ISL1_chr5:51392398-51392614_ISM_run-59_target-5.87_1	971	T	C
ISL1_chr5:51392398-51392614_ISM_run-59_target-5.87_1	1027	T	A
ISL1_chr5:51392398-51392614_ISM_run-60_target-5.87_1	1036	G	A
ISL1_chr5:51392398-51392614_ISM_run-61_target-5.87_1	1002	C	T
ISL1_chr5:51392398-51392614_ISM_run-62_target-5.87_1	1002	C	T
ISL1_chr5:51392398-51392614_ISM_run-63_target-5.87_1	1011	T	A
ISL1_chr5:51392398-51392614_ISM_run-64_target-5.87_1	971	T	C
ISL1_chr5:51392398-51392614_ISM_run-64_target-5.87_1	981	C	T
ISL1_chr5:51392398-51392614_ISM_run-65_target-5.87_1	947	T	C
ISL1_chr5:51392398-51392614_ISM_run-66_target-5.87_1	1004	T	A
ISL1_chr5:51392398-51392614_ISM_run-66_target-5.87_1	1062	T	C
ISL1_chr5:51392398-51392614_ISM_run-67_target-5.87_1	1002	C	T
ISL1_chr5:51392398-51392614_ISM_run-68_target-5.87_1	968	G	C
ISL1_chr5:51392398-51392614_ISM_run-68_target-5.87_1	1004	T	A
ISL1_chr5:51392398-51392614_ISM_run-69_target-5.87_1	1002	C	T
ISL1_chr5:51392398-51392614_ISM_run-70_target-5.87_1	1027	T	C
ISL1_chr5:51392398-51392614_ISM_run-71_target-5.87_1	1036	G	A
ISL1_chr5:51392398-51392614_ISM_run-72_target-5.87_1	1011	T	A
ISL1_chr5:51392398-51392614_ISM_run-73_target-5.87_1	1027	T	C
ISL1_chr5:51392398-51392614_ISM_run-74_target-5.87_1	1011	T	A
ISL1_chr5:51392398-51392614_ISM_run-75_target-5.87_1	945	T	A
ISL1_chr5:51392398-51392614_ISM_run-75_target-5.87_1	1008	C	T
ISL1_chr5:51392398-51392614_ISM_run-76_target-5.87_1	938	T	G
ISL1_chr5:51392398-51392614_ISM_run-76_target-5.87_1	1004	T	A
ISL1_chr5:51392398-51392614_ISM_run-77_target-5.87_1	944	T	A
ISL1_chr5:51392398-51392614_ISM_run-77_target-5.87_1	945	T	A
ISL1_chr5:51392398-51392614_ISM_run-78_target-5.87_1	1027	T	C
ISL1_chr5:51392398-51392614_ISM_run-79_target-5.87_1	1011	T	A
ISL1_chr5:51392398-51392614_ISM_run-80_target-5.87_1	1002	C	T
ISL1_chr5:51392398-51392614_ISM_run-81_target-5.87_1	971	T	C
ISL1_chr5:51392398-51392614_ISM_run-81_target-5.87_1	976	T	A
ISL1_chr5:51392398-51392614_ISM_run-82_target-5.87_1	1011	T	A
ISL1_chr5:51392398-51392614_ISM_run-83_target-5.87_1	1004	T	A
ISL1_chr5:51392398-51392614_ISM_run-83_target-5.87_1	1047	A	C
ISL1_chr5:51392398-51392614_ISM_run-84_target-5.87_1	944	T	G
ISL1_chr5:51392398-51392614_ISM_run-84_target-5.87_1	1037	G	C
ISL1_chr5:51392398-51392614_ISM_run-85_target-5.87_1	1036	G	A
ISL1_chr5:51392398-51392614_ISM_run-86_target-5.87_1	1027	T	C
ISL1_chr5:51392398-51392614_ISM_run-87_target-5.87_1	1036	G	A
ISL1_chr5:51392398-51392614_ISM_run-88_target-5.87_1	1027	T	C
ISL1_chr5:51392398-51392614_ISM_run-89_target-5.87_1	1002	C	T
ISL1_chr5:51392398-51392614_ISM_run-90_target-5.87_1	971	T	C
ISL1_chr5:51392398-51392614_ISM_run-90_target-5.87_1	986	A	C
ISL1_chr5:51392398-51392614_ISM_run-91_target-5.87_1	1036	G	A
ISL1_chr5:51392398-51392614_ISM_run-92_target-5.87_1	945	T	A
ISL1_chr5:51392398-51392614_ISM_run-92_target-5.87_1	1008	C	T
ISL1_chr5:51392398-51392614_ISM_run-93_target-5.87_1	1002	C	T
ISL1_chr5:51392398-51392614_ISM_run-94_target-5.87_1	971	T	C
ISL1_chr5:51392398-51392614_ISM_run-94_target-5.87_1	976	T	A
ISL1_chr5:51392398-51392614_ISM_run-95_target-5.87_1	944	T	A
ISL1_chr5:51392398-51392614_ISM_run-95_target-5.87_1	996	G	T
ISL1_chr5:51392398-51392614_ISM_run-96_target-5.87_1	947	T	C
ISL1_chr5:51392398-51392614_ISM_run-97_target-5.87_1	1036	G	A
ISL1_chr5:51392398-51392614_ISM_run-98_target-5.87_1	1002	C	T
ISL1_chr5:51392398-51392614_ISM_run-98_target-5.87_1	1004	T	A
ISL1_chr5:51392398-51392614_ISM_run-99_target-5.87_1	1011	T	A
ISL1_chr5:51392398-51392614_ISM_run-100_target-5.87_1	1011	T	A
ISL1_chr5:51392398-51392614_ISM_run-1_target-6.42_1	944	T	G
ISL1_chr5:51392398-51392614_ISM_run-1_target-6.42_1	976	T	A
ISL1_chr5:51392398-51392614_ISM_run-1_target-6.42_1	1036	G	T
ISL1_chr5:51392398-51392614_ISM_run-2_target-6.42_1	944	T	G
ISL1_chr5:51392398-51392614_ISM_run-2_target-6.42_1	985	C	A
ISL1_chr5:51392398-51392614_ISM_run-2_target-6.42_1	1027	T	C
ISL1_chr5:51392398-51392614_ISM_run-3_target-6.42_1	944	T	A
ISL1_chr5:51392398-51392614_ISM_run-3_target-6.42_1	996	G	A
ISL1_chr5:51392398-51392614_ISM_run-3_target-6.42_1	1027	T	C
ISL1_chr5:51392398-51392614_ISM_run-4_target-6.42_1	976	T	A
ISL1_chr5:51392398-51392614_ISM_run-4_target-6.42_1	1011	T	A
ISL1_chr5:51392398-51392614_ISM_run-4_target-6.42_1	1094	T	C
ISL1_chr5:51392398-51392614_ISM_run-5_target-6.42_1	944	T	A
ISL1_chr5:51392398-51392614_ISM_run-5_target-6.42_1	1004	T	A
ISL1_chr5:51392398-51392614_ISM_run-5_target-6.42_1	1097	G	T
ISL1_chr5:51392398-51392614_ISM_run-6_target-6.42_1	1002	C	T
ISL1_chr5:51392398-51392614_ISM_run-6_target-6.42_1	1027	T	C
ISL1_chr5:51392398-51392614_ISM_run-6_target-6.42_1	1056	A	C
ISL1_chr5:51392398-51392614_ISM_run-7_target-6.42_1	945	T	A
ISL1_chr5:51392398-51392614_ISM_run-7_target-6.42_1	963	G	A
ISL1_chr5:51392398-51392614_ISM_run-7_target-6.42_1	1027	T	C
ISL1_chr5:51392398-51392614_ISM_run-8_target-6.42_1	1027	T	G
ISL1_chr5:51392398-51392614_ISM_run-8_target-6.42_1	1036	G	A
ISL1_chr5:51392398-51392614_ISM_run-8_target-6.42_1	1062	T	A
ISL1_chr5:51392398-51392614_ISM_run-9_target-6.42_1	986	A	T
ISL1_chr5:51392398-51392614_ISM_run-9_target-6.42_1	1008	C	T
ISL1_chr5:51392398-51392614_ISM_run-9_target-6.42_1	1011	T	A
ISL1_chr5:51392398-51392614_ISM_run-10_target-6.42_1	946	T	G
ISL1_chr5:51392398-51392614_ISM_run-10_target-6.42_1	1004	T	A
ISL1_chr5:51392398-51392614_ISM_run-10_target-6.42_1	1027	T	C
ISL1_chr5:51392398-51392614_ISM_run-11_target-6.42_1	945	T	A
ISL1_chr5:51392398-51392614_ISM_run-11_target-6.42_1	963	G	A
ISL1_chr5:51392398-51392614_ISM_run-11_target-6.42_1	977	T	A
ISL1_chr5:51392398-51392614_ISM_run-12_target-6.42_1	944	T	G
ISL1_chr5:51392398-51392614_ISM_run-12_target-6.42_1	1004	T	A
ISL1_chr5:51392398-51392614_ISM_run-12_target-6.42_1	1054	A	C
ISL1_chr5:51392398-51392614_ISM_run-13_target-6.42_1	976	T	G
ISL1_chr5:51392398-51392614_ISM_run-13_target-6.42_1	1036	G	A
ISL1_chr5:51392398-51392614_ISM_run-13_target-6.42_1	1047	A	G
ISL1_chr5:51392398-51392614_ISM_run-14_target-6.42_1	945	T	A
ISL1_chr5:51392398-51392614_ISM_run-14_target-6.42_1	1027	T	C
ISL1_chr5:51392398-51392614_ISM_run-14_target-6.42_1	1096	G	T
ISL1_chr5:51392398-51392614_ISM_run-15_target-6.42_1	945	T	A
ISL1_chr5:51392398-51392614_ISM_run-15_target-6.42_1	1002	C	T
ISL1_chr5:51392398-51392614_ISM_run-15_target-6.42_1	1035	T	C
ISL1_chr5:51392398-51392614_ISM_run-16_target-6.42_1	988	A	G
ISL1_chr5:51392398-51392614_ISM_run-16_target-6.42_1	1002	C	T
ISL1_chr5:51392398-51392614_ISM_run-16_target-6.42_1	1036	G	A
ISL1_chr5:51392398-51392614_ISM_run-17_target-6.42_1	945	T	G
ISL1_chr5:51392398-51392614_ISM_run-17_target-6.42_1	947	T	C
ISL1_chr5:51392398-51392614_ISM_run-17_target-6.42_1	1004	T	A
ISL1_chr5:51392398-51392614_ISM_run-18_target-6.42_1	945	T	A
ISL1_chr5:51392398-51392614_ISM_run-18_target-6.42_1	976	T	G
ISL1_chr5:51392398-51392614_ISM_run-18_target-6.42_1	1037	G	A
ISL1_chr5:51392398-51392614_ISM_run-19_target-6.42_1	944	T	G
ISL1_chr5:51392398-51392614_ISM_run-19_target-6.42_1	973	G	A
ISL1_chr5:51392398-51392614_ISM_run-19_target-6.42_1	976	T	G
ISL1_chr5:51392398-51392614_ISM_run-20_target-6.42_1	944	T	G
ISL1_chr5:51392398-51392614_ISM_run-20_target-6.42_1	1001	G	T
ISL1_chr5:51392398-51392614_ISM_run-20_target-6.42_1	1041	G	C
ISL1_chr5:51392398-51392614_ISM_run-21_target-6.42_1	944	T	A
ISL1_chr5:51392398-51392614_ISM_run-21_target-6.42_1	971	T	C
ISL1_chr5:51392398-51392614_ISM_run-21_target-6.42_1	985	C	A
ISL1_chr5:51392398-51392614_ISM_run-22_target-6.42_1	945	T	G
ISL1_chr5:51392398-51392614_ISM_run-22_target-6.42_1	1003	A	G
ISL1_chr5:51392398-51392614_ISM_run-22_target-6.42_1	1027	T	C
ISL1_chr5:51392398-51392614_ISM_run-23_target-6.42_1	944	T	A
ISL1_chr5:51392398-51392614_ISM_run-23_target-6.42_1	1036	G	A
ISL1_chr5:51392398-51392614_ISM_run-23_target-6.42_1	1047	A	C
ISL1_chr5:51392398-51392614_ISM_run-24_target-6.42_1	1027	T	G
ISL1_chr5:51392398-51392614_ISM_run-24_target-6.42_1	1036	G	A
ISL1_chr5:51392398-51392614_ISM_run-24_target-6.42_1	1041	G	C
ISL1_chr5:51392398-51392614_ISM_run-25_target-6.42_1	998	A	C
ISL1_chr5:51392398-51392614_ISM_run-25_target-6.42_1	1002	C	T
ISL1_chr5:51392398-51392614_ISM_run-26_target-6.42_1	1002	C	T
ISL1_chr5:51392398-51392614_ISM_run-26_target-6.42_1	1027	T	C
ISL1_chr5:51392398-51392614_ISM_run-26_target-6.42_1	1056	A	C
ISL1_chr5:51392398-51392614_ISM_run-27_target-6.42_1	944	T	G
ISL1_chr5:51392398-51392614_ISM_run-27_target-6.42_1	1011	T	A
ISL1_chr5:51392398-51392614_ISM_run-28_target-6.42_1	949	G	C
ISL1_chr5:51392398-51392614_ISM_run-28_target-6.42_1	1011	T	A
ISL1_chr5:51392398-51392614_ISM_run-28_target-6.42_1	1013	T	G
ISL1_chr5:51392398-51392614_ISM_run-29_target-6.42_1	976	T	G
ISL1_chr5:51392398-51392614_ISM_run-29_target-6.42_1	1036	G	A
ISL1_chr5:51392398-51392614_ISM_run-29_target-6.42_1	1096	G	T
ISL1_chr5:51392398-51392614_ISM_run-30_target-6.42_1	998	A	C
ISL1_chr5:51392398-51392614_ISM_run-30_target-6.42_1	1002	C	T
ISL1_chr5:51392398-51392614_ISM_run-31_target-6.42_1	947	T	C
ISL1_chr5:51392398-51392614_ISM_run-31_target-6.42_1	1027	T	C
ISL1_chr5:51392398-51392614_ISM_run-31_target-6.42_1	1096	G	A
ISL1_chr5:51392398-51392614_ISM_run-32_target-6.42_1	944	T	G
ISL1_chr5:51392398-51392614_ISM_run-32_target-6.42_1	976	T	G
ISL1_chr5:51392398-51392614_ISM_run-32_target-6.42_1	1054	A	T
ISL1_chr5:51392398-51392614_ISM_run-33_target-6.42_1	944	T	A
ISL1_chr5:51392398-51392614_ISM_run-33_target-6.42_1	1036	G	A
ISL1_chr5:51392398-51392614_ISM_run-33_target-6.42_1	1046	A	G
ISL1_chr5:51392398-51392614_ISM_run-34_target-6.42_1	947	T	C
ISL1_chr5:51392398-51392614_ISM_run-34_target-6.42_1	1004	T	A
ISL1_chr5:51392398-51392614_ISM_run-34_target-6.42_1	1096	G	T
ISL1_chr5:51392398-51392614_ISM_run-35_target-6.42_1	996	G	A
ISL1_chr5:51392398-51392614_ISM_run-35_target-6.42_1	1003	A	G
ISL1_chr5:51392398-51392614_ISM_run-35_target-6.42_1	1027	T	C
ISL1_chr5:51392398-51392614_ISM_run-36_target-6.42_1	945	T	A
ISL1_chr5:51392398-51392614_ISM_run-36_target-6.42_1	977	T	A
ISL1_chr5:51392398-51392614_ISM_run-36_target-6.42_1	1035	T	C
ISL1_chr5:51392398-51392614_ISM_run-37_target-6.42_1	947	T	A
ISL1_chr5:51392398-51392614_ISM_run-37_target-6.42_1	976	T	A
ISL1_chr5:51392398-51392614_ISM_run-37_target-6.42_1	1011	T	A
ISL1_chr5:51392398-51392614_ISM_run-38_target-6.42_1	971	T	C
ISL1_chr5:51392398-51392614_ISM_run-38_target-6.42_1	1004	T	A
ISL1_chr5:51392398-51392614_ISM_run-38_target-6.42_1	1036	G	A
ISL1_chr5:51392398-51392614_ISM_run-39_target-6.42_1	946	T	A
ISL1_chr5:51392398-51392614_ISM_run-39_target-6.42_1	1003	A	G
ISL1_chr5:51392398-51392614_ISM_run-39_target-6.42_1	1027	T	C
ISL1_chr5:51392398-51392614_ISM_run-40_target-6.42_1	944	T	A
ISL1_chr5:51392398-51392614_ISM_run-40_target-6.42_1	971	T	C
ISL1_chr5:51392398-51392614_ISM_run-40_target-6.42_1	1096	G	C
ISL1_chr5:51392398-51392614_ISM_run-41_target-6.42_1	944	T	A
ISL1_chr5:51392398-51392614_ISM_run-41_target-6.42_1	971	T	C
ISL1_chr5:51392398-51392614_ISM_run-41_target-6.42_1	1054	A	T
ISL1_chr5:51392398-51392614_ISM_run-42_target-6.42_1	944	T	G
ISL1_chr5:51392398-51392614_ISM_run-42_target-6.42_1	1027	T	C
ISL1_chr5:51392398-51392614_ISM_run-42_target-6.42_1	1036	G	A
ISL1_chr5:51392398-51392614_ISM_run-43_target-6.42_1	945	T	A
ISL1_chr5:51392398-51392614_ISM_run-43_target-6.42_1	1027	T	C
ISL1_chr5:51392398-51392614_ISM_run-43_target-6.42_1	1063	T	G
ISL1_chr5:51392398-51392614_ISM_run-44_target-6.42_1	946	T	G
ISL1_chr5:51392398-51392614_ISM_run-44_target-6.42_1	1004	T	A
ISL1_chr5:51392398-51392614_ISM_run-44_target-6.42_1	1027	T	C
ISL1_chr5:51392398-51392614_ISM_run-45_target-6.42_1	944	T	A
ISL1_chr5:51392398-51392614_ISM_run-45_target-6.42_1	1036	G	A
ISL1_chr5:51392398-51392614_ISM_run-45_target-6.42_1	1096	G	T
ISL1_chr5:51392398-51392614_ISM_run-46_target-6.42_1	944	T	G
ISL1_chr5:51392398-51392614_ISM_run-46_target-6.42_1	1027	T	C
ISL1_chr5:51392398-51392614_ISM_run-46_target-6.42_1	1096	G	C
ISL1_chr5:51392398-51392614_ISM_run-47_target-6.42_1	964	T	C
ISL1_chr5:51392398-51392614_ISM_run-47_target-6.42_1	971	T	C
ISL1_chr5:51392398-51392614_ISM_run-47_target-6.42_1	985	C	A
ISL1_chr5:51392398-51392614_ISM_run-48_target-6.42_1	947	T	C
ISL1_chr5:51392398-51392614_ISM_run-48_target-6.42_1	1027	T	C
ISL1_chr5:51392398-51392614_ISM_run-48_target-6.42_1	1096	G	C
ISL1_chr5:51392398-51392614_ISM_run-49_target-6.42_1	947	T	C
ISL1_chr5:51392398-51392614_ISM_run-49_target-6.42_1	1011	T	A
ISL1_chr5:51392398-51392614_ISM_run-49_target-6.42_1	1057	A	C
ISL1_chr5:51392398-51392614_ISM_run-50_target-6.42_1	944	T	G
ISL1_chr5:51392398-51392614_ISM_run-50_target-6.42_1	1001	G	T
ISL1_chr5:51392398-51392614_ISM_run-50_target-6.42_1	1036	G	T
ISL1_chr5:51392398-51392614_ISM_run-51_target-6.42_1	944	T	A
ISL1_chr5:51392398-51392614_ISM_run-51_target-6.42_1	976	T	G
ISL1_chr5:51392398-51392614_ISM_run-51_target-6.42_1	1008	C	A
ISL1_chr5:51392398-51392614_ISM_run-52_target-6.42_1	944	T	A
ISL1_chr5:51392398-51392614_ISM_run-52_target-6.42_1	1036	G	A
ISL1_chr5:51392398-51392614_ISM_run-52_target-6.42_1	1046	A	G
ISL1_chr5:51392398-51392614_ISM_run-53_target-6.42_1	947	T	C
ISL1_chr5:51392398-51392614_ISM_run-53_target-6.42_1	1001	G	T
ISL1_chr5:51392398-51392614_ISM_run-53_target-6.42_1	1035	T	C
ISL1_chr5:51392398-51392614_ISM_run-54_target-6.42_1	947	T	C
ISL1_chr5:51392398-51392614_ISM_run-54_target-6.42_1	996	G	A
ISL1_chr5:51392398-51392614_ISM_run-54_target-6.42_1	1002	C	T
ISL1_chr5:51392398-51392614_ISM_run-55_target-6.42_1	945	T	A
ISL1_chr5:51392398-51392614_ISM_run-55_target-6.42_1	998	A	C
ISL1_chr5:51392398-51392614_ISM_run-55_target-6.42_1	1027	T	C
ISL1_chr5:51392398-51392614_ISM_run-56_target-6.42_1	943	T	G
ISL1_chr5:51392398-51392614_ISM_run-56_target-6.42_1	971	T	C
ISL1_chr5:51392398-51392614_ISM_run-56_target-6.42_1	1011	T	A
ISL1_chr5:51392398-51392614_ISM_run-57_target-6.42_1	947	T	C
ISL1_chr5:51392398-51392614_ISM_run-57_target-6.42_1	1011	T	A
ISL1_chr5:51392398-51392614_ISM_run-57_target-6.42_1	1057	A	C
ISL1_chr5:51392398-51392614_ISM_run-58_target-6.42_1	944	T	A
ISL1_chr5:51392398-51392614_ISM_run-58_target-6.42_1	1011	T	A
ISL1_chr5:51392398-51392614_ISM_run-59_target-6.42_1	944	T	G
ISL1_chr5:51392398-51392614_ISM_run-59_target-6.42_1	971	T	C
ISL1_chr5:51392398-51392614_ISM_run-59_target-6.42_1	1096	G	A
ISL1_chr5:51392398-51392614_ISM_run-60_target-6.42_1	945	T	A
ISL1_chr5:51392398-51392614_ISM_run-60_target-6.42_1	971	T	C
ISL1_chr5:51392398-51392614_ISM_run-60_target-6.42_1	1056	A	C
ISL1_chr5:51392398-51392614_ISM_run-61_target-6.42_1	944	T	G
ISL1_chr5:51392398-51392614_ISM_run-61_target-6.42_1	1002	C	T
ISL1_chr5:51392398-51392614_ISM_run-61_target-6.42_1	1096	G	C
ISL1_chr5:51392398-51392614_ISM_run-62_target-6.42_1	944	T	G
ISL1_chr5:51392398-51392614_ISM_run-62_target-6.42_1	1036	G	A
ISL1_chr5:51392398-51392614_ISM_run-62_target-6.42_1	1046	A	T
ISL1_chr5:51392398-51392614_ISM_run-63_target-6.42_1	947	T	C
ISL1_chr5:51392398-51392614_ISM_run-63_target-6.42_1	981	C	G
ISL1_chr5:51392398-51392614_ISM_run-63_target-6.42_1	1004	T	A
ISL1_chr5:51392398-51392614_ISM_run-64_target-6.42_1	1000	G	A
ISL1_chr5:51392398-51392614_ISM_run-64_target-6.42_1	1002	C	T
ISL1_chr5:51392398-51392614_ISM_run-64_target-6.42_1	1035	T	C
ISL1_chr5:51392398-51392614_ISM_run-65_target-6.42_1	944	T	A
ISL1_chr5:51392398-51392614_ISM_run-65_target-6.42_1	964	T	C
ISL1_chr5:51392398-51392614_ISM_run-65_target-6.42_1	1036	G	A
ISL1_chr5:51392398-51392614_ISM_run-66_target-6.42_1	947	T	C
ISL1_chr5:51392398-51392614_ISM_run-66_target-6.42_1	979	T	G
ISL1_chr5:51392398-51392614_ISM_run-66_target-6.42_1	1001	G	T
ISL1_chr5:51392398-51392614_ISM_run-67_target-6.42_1	1008	C	T
ISL1_chr5:51392398-51392614_ISM_run-67_target-6.42_1	1011	T	A
ISL1_chr5:51392398-51392614_ISM_run-67_target-6.42_1	1062	T	A
ISL1_chr5:51392398-51392614_ISM_run-68_target-6.42_1	945	T	G
ISL1_chr5:51392398-51392614_ISM_run-68_target-6.42_1	971	T	C
ISL1_chr5:51392398-51392614_ISM_run-68_target-6.42_1	1096	G	T
ISL1_chr5:51392398-51392614_ISM_run-69_target-6.42_1	1001	G	T
ISL1_chr5:51392398-51392614_ISM_run-69_target-6.42_1	1011	T	A
ISL1_chr5:51392398-51392614_ISM_run-69_target-6.42_1	1027	T	C
ISL1_chr5:51392398-51392614_ISM_run-70_target-6.42_1	947	T	C
ISL1_chr5:51392398-51392614_ISM_run-70_target-6.42_1	976	T	G
ISL1_chr5:51392398-51392614_ISM_run-70_target-6.42_1	1054	A	T
ISL1_chr5:51392398-51392614_ISM_run-71_target-6.42_1	963	G	A
ISL1_chr5:51392398-51392614_ISM_run-71_target-6.42_1	976	T	A
ISL1_chr5:51392398-51392614_ISM_run-71_target-6.42_1	1011	T	A
ISL1_chr5:51392398-51392614_ISM_run-72_target-6.42_1	944	T	G
ISL1_chr5:51392398-51392614_ISM_run-72_target-6.42_1	947	T	C
ISL1_chr5:51392398-51392614_ISM_run-72_target-6.42_1	1011	T	A
ISL1_chr5:51392398-51392614_ISM_run-73_target-6.42_1	971	T	C
ISL1_chr5:51392398-51392614_ISM_run-73_target-6.42_1	1002	C	T
ISL1_chr5:51392398-51392614_ISM_run-73_target-6.42_1	1056	A	C
ISL1_chr5:51392398-51392614_ISM_run-74_target-6.42_1	949	G	T
ISL1_chr5:51392398-51392614_ISM_run-74_target-6.42_1	976	T	G
ISL1_chr5:51392398-51392614_ISM_run-74_target-6.42_1	1004	T	A
ISL1_chr5:51392398-51392614_ISM_run-75_target-6.42_1	976	T	A
ISL1_chr5:51392398-51392614_ISM_run-75_target-6.42_1	1011	T	A
ISL1_chr5:51392398-51392614_ISM_run-75_target-6.42_1	1094	T	C
ISL1_chr5:51392398-51392614_ISM_run-76_target-6.42_1	944	T	G
ISL1_chr5:51392398-51392614_ISM_run-76_target-6.42_1	1036	G	A
ISL1_chr5:51392398-51392614_ISM_run-76_target-6.42_1	1096	G	T
ISL1_chr5:51392398-51392614_ISM_run-77_target-6.42_1	971	T	C
ISL1_chr5:51392398-51392614_ISM_run-77_target-6.42_1	1001	G	T
ISL1_chr5:51392398-51392614_ISM_run-77_target-6.42_1	1002	C	T
ISL1_chr5:51392398-51392614_ISM_run-78_target-6.42_1	976	T	A
ISL1_chr5:51392398-51392614_ISM_run-78_target-6.42_1	1003	A	G
ISL1_chr5:51392398-51392614_ISM_run-78_target-6.42_1	1027	T	C
ISL1_chr5:51392398-51392614_ISM_run-79_target-6.42_1	944	T	G
ISL1_chr5:51392398-51392614_ISM_run-79_target-6.42_1	971	T	C
ISL1_chr5:51392398-51392614_ISM_run-79_target-6.42_1	1028	A	G
ISL1_chr5:51392398-51392614_ISM_run-80_target-6.42_1	945	T	A
ISL1_chr5:51392398-51392614_ISM_run-80_target-6.42_1	1001	G	C
ISL1_chr5:51392398-51392614_ISM_run-80_target-6.42_1	1027	T	C
ISL1_chr5:51392398-51392614_ISM_run-81_target-6.42_1	944	T	A
ISL1_chr5:51392398-51392614_ISM_run-81_target-6.42_1	1011	T	A
ISL1_chr5:51392398-51392614_ISM_run-82_target-6.42_1	944	T	A
ISL1_chr5:51392398-51392614_ISM_run-82_target-6.42_1	979	T	A
ISL1_chr5:51392398-51392614_ISM_run-82_target-6.42_1	1004	T	A
ISL1_chr5:51392398-51392614_ISM_run-83_target-6.42_1	945	T	A
ISL1_chr5:51392398-51392614_ISM_run-83_target-6.42_1	963	G	A
ISL1_chr5:51392398-51392614_ISM_run-83_target-6.42_1	1027	T	C
ISL1_chr5:51392398-51392614_ISM_run-84_target-6.42_1	976	T	G
ISL1_chr5:51392398-51392614_ISM_run-84_target-6.42_1	1003	A	G
ISL1_chr5:51392398-51392614_ISM_run-84_target-6.42_1	1036	G	A
ISL1_chr5:51392398-51392614_ISM_run-85_target-6.42_1	998	A	C
ISL1_chr5:51392398-51392614_ISM_run-85_target-6.42_1	1002	C	T
ISL1_chr5:51392398-51392614_ISM_run-86_target-6.42_1	945	T	A
ISL1_chr5:51392398-51392614_ISM_run-86_target-6.42_1	1002	C	T
ISL1_chr5:51392398-51392614_ISM_run-86_target-6.42_1	1025	G	C
ISL1_chr5:51392398-51392614_ISM_run-87_target-6.42_1	947	T	C
ISL1_chr5:51392398-51392614_ISM_run-87_target-6.42_1	1002	C	T
ISL1_chr5:51392398-51392614_ISM_run-87_target-6.42_1	1054	A	C
ISL1_chr5:51392398-51392614_ISM_run-88_target-6.42_1	944	T	A
ISL1_chr5:51392398-51392614_ISM_run-88_target-6.42_1	971	T	C
ISL1_chr5:51392398-51392614_ISM_run-88_target-6.42_1	1054	A	C
ISL1_chr5:51392398-51392614_ISM_run-89_target-6.42_1	944	T	G
ISL1_chr5:51392398-51392614_ISM_run-89_target-6.42_1	1001	G	T
ISL1_chr5:51392398-51392614_ISM_run-89_target-6.42_1	1002	C	T
ISL1_chr5:51392398-51392614_ISM_run-90_target-6.42_1	976	T	A
ISL1_chr5:51392398-51392614_ISM_run-90_target-6.42_1	996	G	A
ISL1_chr5:51392398-51392614_ISM_run-90_target-6.42_1	1011	T	A
ISL1_chr5:51392398-51392614_ISM_run-91_target-6.42_1	1004	T	A
ISL1_chr5:51392398-51392614_ISM_run-91_target-6.42_1	1027	T	C
ISL1_chr5:51392398-51392614_ISM_run-91_target-6.42_1	1063	T	G
ISL1_chr5:51392398-51392614_ISM_run-92_target-6.42_1	950	A	T
ISL1_chr5:51392398-51392614_ISM_run-92_target-6.42_1	1000	G	T
ISL1_chr5:51392398-51392614_ISM_run-92_target-6.42_1	1002	C	T
ISL1_chr5:51392398-51392614_ISM_run-93_target-6.42_1	976	T	G
ISL1_chr5:51392398-51392614_ISM_run-93_target-6.42_1	1036	G	A
ISL1_chr5:51392398-51392614_ISM_run-93_target-6.42_1	1046	A	T
ISL1_chr5:51392398-51392614_ISM_run-94_target-6.42_1	946	T	C
ISL1_chr5:51392398-51392614_ISM_run-94_target-6.42_1	947	T	C
ISL1_chr5:51392398-51392614_ISM_run-95_target-6.42_1	977	T	A
ISL1_chr5:51392398-51392614_ISM_run-95_target-6.42_1	1003	A	G
ISL1_chr5:51392398-51392614_ISM_run-95_target-6.42_1	1027	T	C
ISL1_chr5:51392398-51392614_ISM_run-96_target-6.42_1	944	T	G
ISL1_chr5:51392398-51392614_ISM_run-96_target-6.42_1	1036	G	A
ISL1_chr5:51392398-51392614_ISM_run-96_target-6.42_1	1063	T	G
ISL1_chr5:51392398-51392614_ISM_run-97_target-6.42_1	965	T	G
ISL1_chr5:51392398-51392614_ISM_run-97_target-6.42_1	1000	G	T
ISL1_chr5:51392398-51392614_ISM_run-97_target-6.42_1	1002	C	T
ISL1_chr5:51392398-51392614_ISM_run-98_target-6.42_1	947	T	C
ISL1_chr5:51392398-51392614_ISM_run-98_target-6.42_1	1002	C	T
ISL1_chr5:51392398-51392614_ISM_run-98_target-6.42_1	1096	G	C
ISL1_chr5:51392398-51392614_ISM_run-99_target-6.42_1	946	T	G
ISL1_chr5:51392398-51392614_ISM_run-99_target-6.42_1	1004	T	A
ISL1_chr5:51392398-51392614_ISM_run-99_target-6.42_1	1036	G	A
ISL1_chr5:51392398-51392614_ISM_run-100_target-6.42_1	944	T	G
ISL1_chr5:51392398-51392614_ISM_run-100_target-6.42_1	1001	G	T
ISL1_chr5:51392398-51392614_ISM_run-100_target-6.42_1	1135	A	T
ISL1_chr5:51392398-51392614_ISM_run-1_target-7.64_1	944	T	G
ISL1_chr5:51392398-51392614_ISM_run-1_target-7.64_1	949	G	C
ISL1_chr5:51392398-51392614_ISM_run-1_target-7.64_1	976	T	G
ISL1_chr5:51392398-51392614_ISM_run-1_target-7.64_1	985	C	G
ISL1_chr5:51392398-51392614_ISM_run-1_target-7.64_1	1004	T	A
ISL1_chr5:51392398-51392614_ISM_run-1_target-7.64_1	1028	A	G
ISL1_chr5:51392398-51392614_ISM_run-2_target-7.64_1	1000	G	T
ISL1_chr5:51392398-51392614_ISM_run-2_target-7.64_1	1002	C	T
ISL1_chr5:51392398-51392614_ISM_run-2_target-7.64_1	1027	T	C
ISL1_chr5:51392398-51392614_ISM_run-2_target-7.64_1	1031	T	A
ISL1_chr5:51392398-51392614_ISM_run-2_target-7.64_1	1043	G	T
ISL1_chr5:51392398-51392614_ISM_run-3_target-7.64_1	944	T	G
ISL1_chr5:51392398-51392614_ISM_run-3_target-7.64_1	976	T	A
ISL1_chr5:51392398-51392614_ISM_run-3_target-7.64_1	1004	T	A
ISL1_chr5:51392398-51392614_ISM_run-3_target-7.64_1	1030	G	C
ISL1_chr5:51392398-51392614_ISM_run-3_target-7.64_1	1036	G	A
ISL1_chr5:51392398-51392614_ISM_run-3_target-7.64_1	1096	G	C
ISL1_chr5:51392398-51392614_ISM_run-4_target-7.64_1	945	T	A
ISL1_chr5:51392398-51392614_ISM_run-4_target-7.64_1	975	T	C
ISL1_chr5:51392398-51392614_ISM_run-4_target-7.64_1	1000	G	A
ISL1_chr5:51392398-51392614_ISM_run-4_target-7.64_1	1002	C	T
ISL1_chr5:51392398-51392614_ISM_run-4_target-7.64_1	1036	G	A
ISL1_chr5:51392398-51392614_ISM_run-4_target-7.64_1	1046	A	C
ISL1_chr5:51392398-51392614_ISM_run-5_target-7.64_1	964	T	C
ISL1_chr5:51392398-51392614_ISM_run-5_target-7.64_1	996	G	A
ISL1_chr5:51392398-51392614_ISM_run-5_target-7.64_1	1011	T	A
ISL1_chr5:51392398-51392614_ISM_run-5_target-7.64_1	1013	T	G
ISL1_chr5:51392398-51392614_ISM_run-5_target-7.64_1	1030	G	C
ISL1_chr5:51392398-51392614_ISM_run-5_target-7.64_1	1036	G	A
ISL1_chr5:51392398-51392614_ISM_run-6_target-7.64_1	945	T	A
ISL1_chr5:51392398-51392614_ISM_run-6_target-7.64_1	947	T	C
ISL1_chr5:51392398-51392614_ISM_run-6_target-7.64_1	976	T	A
ISL1_chr5:51392398-51392614_ISM_run-6_target-7.64_1	977	T	A
ISL1_chr5:51392398-51392614_ISM_run-6_target-7.64_1	1011	T	A
ISL1_chr5:51392398-51392614_ISM_run-6_target-7.64_1	1037	G	A
ISL1_chr5:51392398-51392614_ISM_run-7_target-7.64_1	944	T	A
ISL1_chr5:51392398-51392614_ISM_run-7_target-7.64_1	1011	T	A
ISL1_chr5:51392398-51392614_ISM_run-7_target-7.64_1	1027	T	G
ISL1_chr5:51392398-51392614_ISM_run-7_target-7.64_1	1036	G	A
ISL1_chr5:51392398-51392614_ISM_run-7_target-7.64_1	1056	A	C
ISL1_chr5:51392398-51392614_ISM_run-8_target-7.64_1	930	A	C
ISL1_chr5:51392398-51392614_ISM_run-8_target-7.64_1	946	T	C
ISL1_chr5:51392398-51392614_ISM_run-8_target-7.64_1	947	T	C
ISL1_chr5:51392398-51392614_ISM_run-8_target-7.64_1	976	T	A
ISL1_chr5:51392398-51392614_ISM_run-8_target-7.64_1	1036	G	A
ISL1_chr5:51392398-51392614_ISM_run-8_target-7.64_1	1047	A	G
ISL1_chr5:51392398-51392614_ISM_run-9_target-7.64_1	934	T	A
ISL1_chr5:51392398-51392614_ISM_run-9_target-7.64_1	944	T	G
ISL1_chr5:51392398-51392614_ISM_run-9_target-7.64_1	971	T	C
ISL1_chr5:51392398-51392614_ISM_run-9_target-7.64_1	976	T	G
ISL1_chr5:51392398-51392614_ISM_run-9_target-7.64_1	997	G	C
ISL1_chr5:51392398-51392614_ISM_run-9_target-7.64_1	1002	C	T
ISL1_chr5:51392398-51392614_ISM_run-10_target-7.64_1	945	T	G
ISL1_chr5:51392398-51392614_ISM_run-10_target-7.64_1	947	T	C
ISL1_chr5:51392398-51392614_ISM_run-10_target-7.64_1	1000	G	T
ISL1_chr5:51392398-51392614_ISM_run-10_target-7.64_1	1002	C	T
ISL1_chr5:51392398-51392614_ISM_run-10_target-7.64_1	1027	T	C
ISL1_chr5:51392398-51392614_ISM_run-10_target-7.64_1	1037	G	C
ISL1_chr5:51392398-51392614_ISM_run-11_target-7.64_1	924	T	A
ISL1_chr5:51392398-51392614_ISM_run-11_target-7.64_1	946	T	C
ISL1_chr5:51392398-51392614_ISM_run-11_target-7.64_1	947	T	C
ISL1_chr5:51392398-51392614_ISM_run-11_target-7.64_1	971	T	C
ISL1_chr5:51392398-51392614_ISM_run-11_target-7.64_1	975	T	A
ISL1_chr5:51392398-51392614_ISM_run-11_target-7.64_1	996	G	A
ISL1_chr5:51392398-51392614_ISM_run-12_target-7.64_1	943	T	G
ISL1_chr5:51392398-51392614_ISM_run-12_target-7.64_1	947	T	C
ISL1_chr5:51392398-51392614_ISM_run-12_target-7.64_1	981	C	A
ISL1_chr5:51392398-51392614_ISM_run-12_target-7.64_1	1011	T	A
ISL1_chr5:51392398-51392614_ISM_run-12_target-7.64_1	1027	T	G
ISL1_chr5:51392398-51392614_ISM_run-12_target-7.64_1	1036	G	A
ISL1_chr5:51392398-51392614_ISM_run-13_target-7.64_1	944	T	A
ISL1_chr5:51392398-51392614_ISM_run-13_target-7.64_1	977	T	A
ISL1_chr5:51392398-51392614_ISM_run-13_target-7.64_1	1000	G	T
ISL1_chr5:51392398-51392614_ISM_run-13_target-7.64_1	1002	C	T
ISL1_chr5:51392398-51392614_ISM_run-13_target-7.64_1	1036	G	A
ISL1_chr5:51392398-51392614_ISM_run-14_target-7.64_1	944	T	G
ISL1_chr5:51392398-51392614_ISM_run-14_target-7.64_1	976	T	G
ISL1_chr5:51392398-51392614_ISM_run-14_target-7.64_1	981	C	G
ISL1_chr5:51392398-51392614_ISM_run-14_target-7.64_1	1002	C	T
ISL1_chr5:51392398-51392614_ISM_run-14_target-7.64_1	1036	G	A
ISL1_chr5:51392398-51392614_ISM_run-14_target-7.64_1	1046	A	C
ISL1_chr5:51392398-51392614_ISM_run-15_target-7.64_1	945	T	A
ISL1_chr5:51392398-51392614_ISM_run-15_target-7.64_1	996	G	T
ISL1_chr5:51392398-51392614_ISM_run-15_target-7.64_1	1000	G	T
ISL1_chr5:51392398-51392614_ISM_run-15_target-7.64_1	1002	C	T
ISL1_chr5:51392398-51392614_ISM_run-15_target-7.64_1	1037	G	C
ISL1_chr5:51392398-51392614_ISM_run-15_target-7.64_1	1097	G	T
ISL1_chr5:51392398-51392614_ISM_run-16_target-7.64_1	945	T	A
ISL1_chr5:51392398-51392614_ISM_run-16_target-7.64_1	947	T	C
ISL1_chr5:51392398-51392614_ISM_run-16_target-7.64_1	971	T	C
ISL1_chr5:51392398-51392614_ISM_run-16_target-7.64_1	1000	G	A
ISL1_chr5:51392398-51392614_ISM_run-16_target-7.64_1	1002	C	T
ISL1_chr5:51392398-51392614_ISM_run-17_target-7.64_1	945	T	G
ISL1_chr5:51392398-51392614_ISM_run-17_target-7.64_1	964	T	C
ISL1_chr5:51392398-51392614_ISM_run-17_target-7.64_1	971	T	C
ISL1_chr5:51392398-51392614_ISM_run-17_target-7.64_1	1002	C	T
ISL1_chr5:51392398-51392614_ISM_run-17_target-7.64_1	1027	T	C
ISL1_chr5:51392398-51392614_ISM_run-17_target-7.64_1	1096	G	A
ISL1_chr5:51392398-51392614_ISM_run-18_target-7.64_1	947	T	C
ISL1_chr5:51392398-51392614_ISM_run-18_target-7.64_1	976	T	G
ISL1_chr5:51392398-51392614_ISM_run-18_target-7.64_1	985	C	A
ISL1_chr5:51392398-51392614_ISM_run-18_target-7.64_1	1011	T	A
ISL1_chr5:51392398-51392614_ISM_run-18_target-7.64_1	1036	G	A
ISL1_chr5:51392398-51392614_ISM_run-18_target-7.64_1	1097	G	T
ISL1_chr5:51392398-51392614_ISM_run-19_target-7.64_1	944	T	A
ISL1_chr5:51392398-51392614_ISM_run-19_target-7.64_1	981	C	A
ISL1_chr5:51392398-51392614_ISM_run-19_target-7.64_1	996	G	T
ISL1_chr5:51392398-51392614_ISM_run-19_target-7.64_1	1001	G	T
ISL1_chr5:51392398-51392614_ISM_run-19_target-7.64_1	1011	T	A
ISL1_chr5:51392398-51392614_ISM_run-19_target-7.64_1	1035	T	C
ISL1_chr5:51392398-51392614_ISM_run-20_target-7.64_1	945	T	G
ISL1_chr5:51392398-51392614_ISM_run-20_target-7.64_1	971	T	C
ISL1_chr5:51392398-51392614_ISM_run-20_target-7.64_1	1011	T	A
ISL1_chr5:51392398-51392614_ISM_run-20_target-7.64_1	1027	T	G
ISL1_chr5:51392398-51392614_ISM_run-20_target-7.64_1	1036	G	T
ISL1_chr5:51392398-51392614_ISM_run-20_target-7.64_1	1054	A	T
ISL1_chr5:51392398-51392614_ISM_run-21_target-7.64_1	945	T	A
ISL1_chr5:51392398-51392614_ISM_run-21_target-7.64_1	981	C	G
ISL1_chr5:51392398-51392614_ISM_run-21_target-7.64_1	1000	G	T
ISL1_chr5:51392398-51392614_ISM_run-21_target-7.64_1	1002	C	T
ISL1_chr5:51392398-51392614_ISM_run-21_target-7.64_1	1027	T	C
ISL1_chr5:51392398-51392614_ISM_run-21_target-7.64_1	1036	G	A
ISL1_chr5:51392398-51392614_ISM_run-22_target-7.64_1	924	T	G
ISL1_chr5:51392398-51392614_ISM_run-22_target-7.64_1	944	T	G
ISL1_chr5:51392398-51392614_ISM_run-22_target-7.64_1	964	T	C
ISL1_chr5:51392398-51392614_ISM_run-22_target-7.64_1	971	T	C
ISL1_chr5:51392398-51392614_ISM_run-22_target-7.64_1	1002	C	T
ISL1_chr5:51392398-51392614_ISM_run-22_target-7.64_1	1027	T	G
ISL1_chr5:51392398-51392614_ISM_run-23_target-7.64_1	945	T	A
ISL1_chr5:51392398-51392614_ISM_run-23_target-7.64_1	968	G	C
ISL1_chr5:51392398-51392614_ISM_run-23_target-7.64_1	971	T	C
ISL1_chr5:51392398-51392614_ISM_run-23_target-7.64_1	976	T	G
ISL1_chr5:51392398-51392614_ISM_run-23_target-7.64_1	1004	T	A
ISL1_chr5:51392398-51392614_ISM_run-23_target-7.64_1	1027	T	G
ISL1_chr5:51392398-51392614_ISM_run-24_target-7.64_1	946	T	G
ISL1_chr5:51392398-51392614_ISM_run-24_target-7.64_1	947	T	C
ISL1_chr5:51392398-51392614_ISM_run-24_target-7.64_1	971	T	C
ISL1_chr5:51392398-51392614_ISM_run-24_target-7.64_1	998	A	C
ISL1_chr5:51392398-51392614_ISM_run-24_target-7.64_1	1002	C	T
ISL1_chr5:51392398-51392614_ISM_run-25_target-7.64_1	944	T	A
ISL1_chr5:51392398-51392614_ISM_run-25_target-7.64_1	963	G	A
ISL1_chr5:51392398-51392614_ISM_run-25_target-7.64_1	976	T	G
ISL1_chr5:51392398-51392614_ISM_run-25_target-7.64_1	1004	T	A
ISL1_chr5:51392398-51392614_ISM_run-25_target-7.64_1	1036	G	A
ISL1_chr5:51392398-51392614_ISM_run-25_target-7.64_1	1063	T	G
ISL1_chr5:51392398-51392614_ISM_run-26_target-7.64_1	944	T	G
ISL1_chr5:51392398-51392614_ISM_run-26_target-7.64_1	971	T	C
ISL1_chr5:51392398-51392614_ISM_run-26_target-7.64_1	975	T	A
ISL1_chr5:51392398-51392614_ISM_run-26_target-7.64_1	976	T	G
ISL1_chr5:51392398-51392614_ISM_run-26_target-7.64_1	1027	T	G
ISL1_chr5:51392398-51392614_ISM_run-26_target-7.64_1	1036	G	A
ISL1_chr5:51392398-51392614_ISM_run-27_target-7.64_1	944	T	A
ISL1_chr5:51392398-51392614_ISM_run-27_target-7.64_1	971	T	C
ISL1_chr5:51392398-51392614_ISM_run-27_target-7.64_1	1001	G	A
ISL1_chr5:51392398-51392614_ISM_run-27_target-7.64_1	1002	C	T
ISL1_chr5:51392398-51392614_ISM_run-27_target-7.64_1	1027	T	C
ISL1_chr5:51392398-51392614_ISM_run-28_target-7.64_1	944	T	A
ISL1_chr5:51392398-51392614_ISM_run-28_target-7.64_1	977	T	A
ISL1_chr5:51392398-51392614_ISM_run-28_target-7.64_1	996	G	T
ISL1_chr5:51392398-51392614_ISM_run-28_target-7.64_1	1004	T	A
ISL1_chr5:51392398-51392614_ISM_run-28_target-7.64_1	1036	G	A
ISL1_chr5:51392398-51392614_ISM_run-28_target-7.64_1	1046	A	C
ISL1_chr5:51392398-51392614_ISM_run-29_target-7.64_1	944	T	A
ISL1_chr5:51392398-51392614_ISM_run-29_target-7.64_1	976	T	A
ISL1_chr5:51392398-51392614_ISM_run-29_target-7.64_1	998	A	C
ISL1_chr5:51392398-51392614_ISM_run-29_target-7.64_1	1002	C	T
ISL1_chr5:51392398-51392614_ISM_run-29_target-7.64_1	1027	T	C
ISL1_chr5:51392398-51392614_ISM_run-30_target-7.64_1	944	T	A
ISL1_chr5:51392398-51392614_ISM_run-30_target-7.64_1	977	T	A
ISL1_chr5:51392398-51392614_ISM_run-30_target-7.64_1	1001	G	T
ISL1_chr5:51392398-51392614_ISM_run-30_target-7.64_1	1011	T	A
ISL1_chr5:51392398-51392614_ISM_run-30_target-7.64_1	1036	G	A
ISL1_chr5:51392398-51392614_ISM_run-31_target-7.64_1	944	T	A
ISL1_chr5:51392398-51392614_ISM_run-31_target-7.64_1	976	T	G
ISL1_chr5:51392398-51392614_ISM_run-31_target-7.64_1	1030	G	C
ISL1_chr5:51392398-51392614_ISM_run-31_target-7.64_1	1036	G	A
ISL1_chr5:51392398-51392614_ISM_run-31_target-7.64_1	1096	G	T
ISL1_chr5:51392398-51392614_ISM_run-31_target-7.64_1	1135	A	C
ISL1_chr5:51392398-51392614_ISM_run-32_target-7.64_1	946	T	C
ISL1_chr5:51392398-51392614_ISM_run-32_target-7.64_1	947	T	C
ISL1_chr5:51392398-51392614_ISM_run-32_target-7.64_1	973	G	A
ISL1_chr5:51392398-51392614_ISM_run-32_target-7.64_1	976	T	A
ISL1_chr5:51392398-51392614_ISM_run-32_target-7.64_1	1004	T	A
ISL1_chr5:51392398-51392614_ISM_run-33_target-7.64_1	944	T	A
ISL1_chr5:51392398-51392614_ISM_run-33_target-7.64_1	976	T	G
ISL1_chr5:51392398-51392614_ISM_run-33_target-7.64_1	1004	T	A
ISL1_chr5:51392398-51392614_ISM_run-33_target-7.64_1	1028	A	C
ISL1_chr5:51392398-51392614_ISM_run-33_target-7.64_1	1036	G	A
ISL1_chr5:51392398-51392614_ISM_run-33_target-7.64_1	1046	A	T
ISL1_chr5:51392398-51392614_ISM_run-34_target-7.64_1	945	T	G
ISL1_chr5:51392398-51392614_ISM_run-34_target-7.64_1	981	C	A
ISL1_chr5:51392398-51392614_ISM_run-34_target-7.64_1	1011	T	A
ISL1_chr5:51392398-51392614_ISM_run-34_target-7.64_1	1036	G	A
ISL1_chr5:51392398-51392614_ISM_run-34_target-7.64_1	1047	A	G
ISL1_chr5:51392398-51392614_ISM_run-34_target-7.64_1	1094	T	C
ISL1_chr5:51392398-51392614_ISM_run-35_target-7.64_1	944	T	A
ISL1_chr5:51392398-51392614_ISM_run-35_target-7.64_1	977	T	A
ISL1_chr5:51392398-51392614_ISM_run-35_target-7.64_1	1001	G	A
ISL1_chr5:51392398-51392614_ISM_run-35_target-7.64_1	1002	C	T
ISL1_chr5:51392398-51392614_ISM_run-35_target-7.64_1	1027	T	G
ISL1_chr5:51392398-51392614_ISM_run-35_target-7.64_1	1044	G	T
ISL1_chr5:51392398-51392614_ISM_run-36_target-7.64_1	944	T	G
ISL1_chr5:51392398-51392614_ISM_run-36_target-7.64_1	976	T	G
ISL1_chr5:51392398-51392614_ISM_run-36_target-7.64_1	985	C	A
ISL1_chr5:51392398-51392614_ISM_run-36_target-7.64_1	996	G	T
ISL1_chr5:51392398-51392614_ISM_run-36_target-7.64_1	1011	T	A
ISL1_chr5:51392398-51392614_ISM_run-37_target-7.64_1	946	T	A
ISL1_chr5:51392398-51392614_ISM_run-37_target-7.64_1	947	T	C
ISL1_chr5:51392398-51392614_ISM_run-37_target-7.64_1	976	T	A
ISL1_chr5:51392398-51392614_ISM_run-37_target-7.64_1	1030	G	C
ISL1_chr5:51392398-51392614_ISM_run-37_target-7.64_1	1036	G	A
ISL1_chr5:51392398-51392614_ISM_run-38_target-7.64_1	945	T	A
ISL1_chr5:51392398-51392614_ISM_run-38_target-7.64_1	977	T	A
ISL1_chr5:51392398-51392614_ISM_run-38_target-7.64_1	1001	G	A
ISL1_chr5:51392398-51392614_ISM_run-38_target-7.64_1	1002	C	T
ISL1_chr5:51392398-51392614_ISM_run-38_target-7.64_1	1027	T	C
ISL1_chr5:51392398-51392614_ISM_run-38_target-7.64_1	1096	G	A
ISL1_chr5:51392398-51392614_ISM_run-39_target-7.64_1	946	T	C
ISL1_chr5:51392398-51392614_ISM_run-39_target-7.64_1	947	T	C
ISL1_chr5:51392398-51392614_ISM_run-39_target-7.64_1	964	T	C
ISL1_chr5:51392398-51392614_ISM_run-39_target-7.64_1	976	T	A
ISL1_chr5:51392398-51392614_ISM_run-39_target-7.64_1	1004	T	A
ISL1_chr5:51392398-51392614_ISM_run-39_target-7.64_1	1096	G	C
ISL1_chr5:51392398-51392614_ISM_run-40_target-7.64_1	946	T	A
ISL1_chr5:51392398-51392614_ISM_run-40_target-7.64_1	947	T	C
ISL1_chr5:51392398-51392614_ISM_run-40_target-7.64_1	976	T	A
ISL1_chr5:51392398-51392614_ISM_run-40_target-7.64_1	1001	G	C
ISL1_chr5:51392398-51392614_ISM_run-40_target-7.64_1	1005	T	C
ISL1_chr5:51392398-51392614_ISM_run-40_target-7.64_1	1027	T	C
ISL1_chr5:51392398-51392614_ISM_run-41_target-7.64_1	944	T	A
ISL1_chr5:51392398-51392614_ISM_run-41_target-7.64_1	976	T	G
ISL1_chr5:51392398-51392614_ISM_run-41_target-7.64_1	1001	G	T
ISL1_chr5:51392398-51392614_ISM_run-41_target-7.64_1	1011	T	A
ISL1_chr5:51392398-51392614_ISM_run-41_target-7.64_1	1027	T	C
ISL1_chr5:51392398-51392614_ISM_run-41_target-7.64_1	1135	A	T
ISL1_chr5:51392398-51392614_ISM_run-42_target-7.64_1	944	T	A
ISL1_chr5:51392398-51392614_ISM_run-42_target-7.64_1	971	T	C
ISL1_chr5:51392398-51392614_ISM_run-42_target-7.64_1	976	T	G
ISL1_chr5:51392398-51392614_ISM_run-42_target-7.64_1	1011	T	A
ISL1_chr5:51392398-51392614_ISM_run-42_target-7.64_1	1036	G	T
ISL1_chr5:51392398-51392614_ISM_run-43_target-7.64_1	945	T	A
ISL1_chr5:51392398-51392614_ISM_run-43_target-7.64_1	964	T	C
ISL1_chr5:51392398-51392614_ISM_run-43_target-7.64_1	971	T	C
ISL1_chr5:51392398-51392614_ISM_run-43_target-7.64_1	1001	G	T
ISL1_chr5:51392398-51392614_ISM_run-43_target-7.64_1	1002	C	T
ISL1_chr5:51392398-51392614_ISM_run-43_target-7.64_1	1054	A	C
ISL1_chr5:51392398-51392614_ISM_run-44_target-7.64_1	947	T	C
ISL1_chr5:51392398-51392614_ISM_run-44_target-7.64_1	971	T	C
ISL1_chr5:51392398-51392614_ISM_run-44_target-7.64_1	981	C	A
ISL1_chr5:51392398-51392614_ISM_run-44_target-7.64_1	998	A	C
ISL1_chr5:51392398-51392614_ISM_run-44_target-7.64_1	1002	C	T
ISL1_chr5:51392398-51392614_ISM_run-45_target-7.64_1	944	T	G
ISL1_chr5:51392398-51392614_ISM_run-45_target-7.64_1	971	T	C
ISL1_chr5:51392398-51392614_ISM_run-45_target-7.64_1	976	T	G
ISL1_chr5:51392398-51392614_ISM_run-45_target-7.64_1	1011	T	A
ISL1_chr5:51392398-51392614_ISM_run-45_target-7.64_1	1027	T	C
ISL1_chr5:51392398-51392614_ISM_run-45_target-7.64_1	1096	G	C
ISL1_chr5:51392398-51392614_ISM_run-46_target-7.64_1	945	T	G
ISL1_chr5:51392398-51392614_ISM_run-46_target-7.64_1	947	T	C
ISL1_chr5:51392398-51392614_ISM_run-46_target-7.64_1	981	C	A
ISL1_chr5:51392398-51392614_ISM_run-46_target-7.64_1	1011	T	A
ISL1_chr5:51392398-51392614_ISM_run-46_target-7.64_1	1047	A	G
ISL1_chr5:51392398-51392614_ISM_run-46_target-7.64_1	1057	A	C
ISL1_chr5:51392398-51392614_ISM_run-47_target-7.64_1	944	T	A
ISL1_chr5:51392398-51392614_ISM_run-47_target-7.64_1	973	G	A
ISL1_chr5:51392398-51392614_ISM_run-47_target-7.64_1	976	T	A
ISL1_chr5:51392398-51392614_ISM_run-47_target-7.64_1	984	T	G
ISL1_chr5:51392398-51392614_ISM_run-47_target-7.64_1	1004	T	A
ISL1_chr5:51392398-51392614_ISM_run-47_target-7.64_1	1027	T	C
ISL1_chr5:51392398-51392614_ISM_run-48_target-7.64_1	944	T	G
ISL1_chr5:51392398-51392614_ISM_run-48_target-7.64_1	964	T	C
ISL1_chr5:51392398-51392614_ISM_run-48_target-7.64_1	976	T	A
ISL1_chr5:51392398-51392614_ISM_run-48_target-7.64_1	1004	T	A
ISL1_chr5:51392398-51392614_ISM_run-48_target-7.64_1	1027	T	C
ISL1_chr5:51392398-51392614_ISM_run-48_target-7.64_1	1063	T	G
ISL1_chr5:51392398-51392614_ISM_run-49_target-7.64_1	944	T	G
ISL1_chr5:51392398-51392614_ISM_run-49_target-7.64_1	976	T	C
ISL1_chr5:51392398-51392614_ISM_run-49_target-7.64_1	981	C	G
ISL1_chr5:51392398-51392614_ISM_run-49_target-7.64_1	985	C	A
ISL1_chr5:51392398-51392614_ISM_run-49_target-7.64_1	1011	T	A
ISL1_chr5:51392398-51392614_ISM_run-49_target-7.64_1	1036	G	T
ISL1_chr5:51392398-51392614_ISM_run-50_target-7.64_1	944	T	G
ISL1_chr5:51392398-51392614_ISM_run-50_target-7.64_1	949	G	C
ISL1_chr5:51392398-51392614_ISM_run-50_target-7.64_1	963	G	A
ISL1_chr5:51392398-51392614_ISM_run-50_target-7.64_1	976	T	G
ISL1_chr5:51392398-51392614_ISM_run-50_target-7.64_1	985	C	A
ISL1_chr5:51392398-51392614_ISM_run-50_target-7.64_1	1027	T	C
ISL1_chr5:51392398-51392614_ISM_run-51_target-7.64_1	944	T	A
ISL1_chr5:51392398-51392614_ISM_run-51_target-7.64_1	976	T	G
ISL1_chr5:51392398-51392614_ISM_run-51_target-7.64_1	1011	T	A
ISL1_chr5:51392398-51392614_ISM_run-51_target-7.64_1	1036	G	T
ISL1_chr5:51392398-51392614_ISM_run-51_target-7.64_1	1047	A	G
ISL1_chr5:51392398-51392614_ISM_run-52_target-7.64_1	944	T	G
ISL1_chr5:51392398-51392614_ISM_run-52_target-7.64_1	963	G	A
ISL1_chr5:51392398-51392614_ISM_run-52_target-7.64_1	977	T	A
ISL1_chr5:51392398-51392614_ISM_run-52_target-7.64_1	1001	G	T
ISL1_chr5:51392398-51392614_ISM_run-52_target-7.64_1	1027	T	C
ISL1_chr5:51392398-51392614_ISM_run-52_target-7.64_1	1096	G	T
ISL1_chr5:51392398-51392614_ISM_run-53_target-7.64_1	945	T	G
ISL1_chr5:51392398-51392614_ISM_run-53_target-7.64_1	976	T	A
ISL1_chr5:51392398-51392614_ISM_run-53_target-7.64_1	1011	T	A
ISL1_chr5:51392398-51392614_ISM_run-53_target-7.64_1	1036	G	A
ISL1_chr5:51392398-51392614_ISM_run-53_target-7.64_1	1047	A	G
ISL1_chr5:51392398-51392614_ISM_run-53_target-7.64_1	1093	G	T
ISL1_chr5:51392398-51392614_ISM_run-54_target-7.64_1	945	T	G
ISL1_chr5:51392398-51392614_ISM_run-54_target-7.64_1	947	T	C
ISL1_chr5:51392398-51392614_ISM_run-54_target-7.64_1	976	T	A
ISL1_chr5:51392398-51392614_ISM_run-54_target-7.64_1	985	C	A
ISL1_chr5:51392398-51392614_ISM_run-54_target-7.64_1	1011	T	A
ISL1_chr5:51392398-51392614_ISM_run-54_target-7.64_1	1096	G	C
ISL1_chr5:51392398-51392614_ISM_run-55_target-7.64_1	934	T	G
ISL1_chr5:51392398-51392614_ISM_run-55_target-7.64_1	945	T	A
ISL1_chr5:51392398-51392614_ISM_run-55_target-7.64_1	976	T	A
ISL1_chr5:51392398-51392614_ISM_run-55_target-7.64_1	985	C	A
ISL1_chr5:51392398-51392614_ISM_run-55_target-7.64_1	1011	T	A
ISL1_chr5:51392398-51392614_ISM_run-55_target-7.64_1	1036	G	T
ISL1_chr5:51392398-51392614_ISM_run-56_target-7.64_1	947	T	C
ISL1_chr5:51392398-51392614_ISM_run-56_target-7.64_1	976	T	G
ISL1_chr5:51392398-51392614_ISM_run-56_target-7.64_1	1002	C	T
ISL1_chr5:51392398-51392614_ISM_run-56_target-7.64_1	1027	T	A
ISL1_chr5:51392398-51392614_ISM_run-56_target-7.64_1	1036	G	A
ISL1_chr5:51392398-51392614_ISM_run-57_target-7.64_1	945	T	A
ISL1_chr5:51392398-51392614_ISM_run-57_target-7.64_1	971	T	C
ISL1_chr5:51392398-51392614_ISM_run-57_target-7.64_1	1000	G	A
ISL1_chr5:51392398-51392614_ISM_run-57_target-7.64_1	1002	C	T
ISL1_chr5:51392398-51392614_ISM_run-57_target-7.64_1	1027	T	G
ISL1_chr5:51392398-51392614_ISM_run-58_target-7.64_1	944	T	A
ISL1_chr5:51392398-51392614_ISM_run-58_target-7.64_1	964	T	C
ISL1_chr5:51392398-51392614_ISM_run-58_target-7.64_1	971	T	C
ISL1_chr5:51392398-51392614_ISM_run-58_target-7.64_1	981	C	A
ISL1_chr5:51392398-51392614_ISM_run-58_target-7.64_1	988	A	G
ISL1_chr5:51392398-51392614_ISM_run-58_target-7.64_1	1004	T	A
ISL1_chr5:51392398-51392614_ISM_run-59_target-7.64_1	945	T	A
ISL1_chr5:51392398-51392614_ISM_run-59_target-7.64_1	971	T	C
ISL1_chr5:51392398-51392614_ISM_run-59_target-7.64_1	996	G	T
ISL1_chr5:51392398-51392614_ISM_run-59_target-7.64_1	1001	G	T
ISL1_chr5:51392398-51392614_ISM_run-59_target-7.64_1	1011	T	A
ISL1_chr5:51392398-51392614_ISM_run-60_target-7.64_1	945	T	G
ISL1_chr5:51392398-51392614_ISM_run-60_target-7.64_1	964	T	C
ISL1_chr5:51392398-51392614_ISM_run-60_target-7.64_1	971	T	C
ISL1_chr5:51392398-51392614_ISM_run-60_target-7.64_1	1001	G	T
ISL1_chr5:51392398-51392614_ISM_run-60_target-7.64_1	1027	T	C
ISL1_chr5:51392398-51392614_ISM_run-60_target-7.64_1	1036	G	A
ISL1_chr5:51392398-51392614_ISM_run-61_target-7.64_1	945	T	A
ISL1_chr5:51392398-51392614_ISM_run-61_target-7.64_1	977	T	A
ISL1_chr5:51392398-51392614_ISM_run-61_target-7.64_1	1001	G	A
ISL1_chr5:51392398-51392614_ISM_run-61_target-7.64_1	1002	C	T
ISL1_chr5:51392398-51392614_ISM_run-61_target-7.64_1	1027	T	C
ISL1_chr5:51392398-51392614_ISM_run-61_target-7.64_1	1096	G	T
ISL1_chr5:51392398-51392614_ISM_run-62_target-7.64_1	944	T	A
ISL1_chr5:51392398-51392614_ISM_run-62_target-7.64_1	965	T	C
ISL1_chr5:51392398-51392614_ISM_run-62_target-7.64_1	981	C	A
ISL1_chr5:51392398-51392614_ISM_run-62_target-7.64_1	1001	G	T
ISL1_chr5:51392398-51392614_ISM_run-62_target-7.64_1	1027	T	C
ISL1_chr5:51392398-51392614_ISM_run-62_target-7.64_1	1028	A	G
ISL1_chr5:51392398-51392614_ISM_run-62_target-7.64_1	1054	A	C
ISL1_chr5:51392398-51392614_ISM_run-63_target-7.64_1	946	T	G
ISL1_chr5:51392398-51392614_ISM_run-63_target-7.64_1	976	T	G
ISL1_chr5:51392398-51392614_ISM_run-63_target-7.64_1	998	A	C
ISL1_chr5:51392398-51392614_ISM_run-63_target-7.64_1	1002	C	T
ISL1_chr5:51392398-51392614_ISM_run-63_target-7.64_1	1027	T	C
ISL1_chr5:51392398-51392614_ISM_run-64_target-7.64_1	946	T	G
ISL1_chr5:51392398-51392614_ISM_run-64_target-7.64_1	971	T	C
ISL1_chr5:51392398-51392614_ISM_run-64_target-7.64_1	998	A	C
ISL1_chr5:51392398-51392614_ISM_run-64_target-7.64_1	1002	C	T
ISL1_chr5:51392398-51392614_ISM_run-64_target-7.64_1	1027	T	C
ISL1_chr5:51392398-51392614_ISM_run-65_target-7.64_1	935	T	G
ISL1_chr5:51392398-51392614_ISM_run-65_target-7.64_1	944	T	A
ISL1_chr5:51392398-51392614_ISM_run-65_target-7.64_1	977	T	A
ISL1_chr5:51392398-51392614_ISM_run-65_target-7.64_1	1011	T	A
ISL1_chr5:51392398-51392614_ISM_run-65_target-7.64_1	1036	G	T
ISL1_chr5:51392398-51392614_ISM_run-65_target-7.64_1	1063	T	G
ISL1_chr5:51392398-51392614_ISM_run-66_target-7.64_1	944	T	G
ISL1_chr5:51392398-51392614_ISM_run-66_target-7.64_1	964	T	C
ISL1_chr5:51392398-51392614_ISM_run-66_target-7.64_1	971	T	C
ISL1_chr5:51392398-51392614_ISM_run-66_target-7.64_1	1004	T	A
ISL1_chr5:51392398-51392614_ISM_run-66_target-7.64_1	1027	T	C
ISL1_chr5:51392398-51392614_ISM_run-67_target-7.64_1	946	T	A
ISL1_chr5:51392398-51392614_ISM_run-67_target-7.64_1	947	T	C
ISL1_chr5:51392398-51392614_ISM_run-67_target-7.64_1	981	C	G
ISL1_chr5:51392398-51392614_ISM_run-67_target-7.64_1	982	C	G
ISL1_chr5:51392398-51392614_ISM_run-67_target-7.64_1	985	C	A
ISL1_chr5:51392398-51392614_ISM_run-67_target-7.64_1	1011	T	A
ISL1_chr5:51392398-51392614_ISM_run-68_target-7.64_1	944	T	G
ISL1_chr5:51392398-51392614_ISM_run-68_target-7.64_1	971	T	C
ISL1_chr5:51392398-51392614_ISM_run-68_target-7.64_1	976	T	G
ISL1_chr5:51392398-51392614_ISM_run-68_target-7.64_1	1002	C	T
ISL1_chr5:51392398-51392614_ISM_run-68_target-7.64_1	1027	T	C
ISL1_chr5:51392398-51392614_ISM_run-69_target-7.64_1	947	T	C
ISL1_chr5:51392398-51392614_ISM_run-69_target-7.64_1	964	T	C
ISL1_chr5:51392398-51392614_ISM_run-69_target-7.64_1	971	T	C
ISL1_chr5:51392398-51392614_ISM_run-69_target-7.64_1	981	C	A
ISL1_chr5:51392398-51392614_ISM_run-69_target-7.64_1	998	A	C
ISL1_chr5:51392398-51392614_ISM_run-69_target-7.64_1	1036	G	A
ISL1_chr5:51392398-51392614_ISM_run-70_target-7.64_1	944	T	G
ISL1_chr5:51392398-51392614_ISM_run-70_target-7.64_1	1001	G	A
ISL1_chr5:51392398-51392614_ISM_run-70_target-7.64_1	1002	C	T
ISL1_chr5:51392398-51392614_ISM_run-70_target-7.64_1	1027	T	G
ISL1_chr5:51392398-51392614_ISM_run-70_target-7.64_1	1036	G	A
ISL1_chr5:51392398-51392614_ISM_run-70_target-7.64_1	1093	G	C
ISL1_chr5:51392398-51392614_ISM_run-71_target-7.64_1	945	T	A
ISL1_chr5:51392398-51392614_ISM_run-71_target-7.64_1	964	T	C
ISL1_chr5:51392398-51392614_ISM_run-71_target-7.64_1	976	T	G
ISL1_chr5:51392398-51392614_ISM_run-71_target-7.64_1	1027	T	C
ISL1_chr5:51392398-51392614_ISM_run-71_target-7.64_1	1031	T	A
ISL1_chr5:51392398-51392614_ISM_run-72_target-7.64_1	946	T	C
ISL1_chr5:51392398-51392614_ISM_run-72_target-7.64_1	947	T	C
ISL1_chr5:51392398-51392614_ISM_run-72_target-7.64_1	973	G	T
ISL1_chr5:51392398-51392614_ISM_run-72_target-7.64_1	976	T	G
ISL1_chr5:51392398-51392614_ISM_run-72_target-7.64_1	1011	T	A
ISL1_chr5:51392398-51392614_ISM_run-73_target-7.64_1	944	T	A
ISL1_chr5:51392398-51392614_ISM_run-73_target-7.64_1	971	T	C
ISL1_chr5:51392398-51392614_ISM_run-73_target-7.64_1	981	C	A
ISL1_chr5:51392398-51392614_ISM_run-73_target-7.64_1	1004	T	A
ISL1_chr5:51392398-51392614_ISM_run-73_target-7.64_1	1028	A	C
ISL1_chr5:51392398-51392614_ISM_run-73_target-7.64_1	1045	C	T
ISL1_chr5:51392398-51392614_ISM_run-73_target-7.64_1	1054	A	C
ISL1_chr5:51392398-51392614_ISM_run-74_target-7.64_1	944	T	G
ISL1_chr5:51392398-51392614_ISM_run-74_target-7.64_1	971	T	C
ISL1_chr5:51392398-51392614_ISM_run-74_target-7.64_1	976	T	G
ISL1_chr5:51392398-51392614_ISM_run-74_target-7.64_1	998	A	C
ISL1_chr5:51392398-51392614_ISM_run-74_target-7.64_1	1002	C	T
ISL1_chr5:51392398-51392614_ISM_run-75_target-7.64_1	944	T	A
ISL1_chr5:51392398-51392614_ISM_run-75_target-7.64_1	1000	G	T
ISL1_chr5:51392398-51392614_ISM_run-75_target-7.64_1	1002	C	T
ISL1_chr5:51392398-51392614_ISM_run-75_target-7.64_1	1027	T	A
ISL1_chr5:51392398-51392614_ISM_run-75_target-7.64_1	1036	G	A
ISL1_chr5:51392398-51392614_ISM_run-76_target-7.64_1	946	T	A
ISL1_chr5:51392398-51392614_ISM_run-76_target-7.64_1	986	A	C
ISL1_chr5:51392398-51392614_ISM_run-76_target-7.64_1	998	A	C
ISL1_chr5:51392398-51392614_ISM_run-76_target-7.64_1	1002	C	T
ISL1_chr5:51392398-51392614_ISM_run-76_target-7.64_1	1027	T	G
ISL1_chr5:51392398-51392614_ISM_run-76_target-7.64_1	1096	G	T
ISL1_chr5:51392398-51392614_ISM_run-77_target-7.64_1	944	T	G
ISL1_chr5:51392398-51392614_ISM_run-77_target-7.64_1	951	A	T
ISL1_chr5:51392398-51392614_ISM_run-77_target-7.64_1	973	G	A
ISL1_chr5:51392398-51392614_ISM_run-77_target-7.64_1	976	T	A
ISL1_chr5:51392398-51392614_ISM_run-77_target-7.64_1	1004	T	A
ISL1_chr5:51392398-51392614_ISM_run-77_target-7.64_1	1027	T	C
ISL1_chr5:51392398-51392614_ISM_run-78_target-7.64_1	945	T	A
ISL1_chr5:51392398-51392614_ISM_run-78_target-7.64_1	976	T	A
ISL1_chr5:51392398-51392614_ISM_run-78_target-7.64_1	998	A	C
ISL1_chr5:51392398-51392614_ISM_run-78_target-7.64_1	1001	G	A
ISL1_chr5:51392398-51392614_ISM_run-78_target-7.64_1	1002	C	T
ISL1_chr5:51392398-51392614_ISM_run-78_target-7.64_1	1027	T	G
ISL1_chr5:51392398-51392614_ISM_run-79_target-7.64_1	945	T	A
ISL1_chr5:51392398-51392614_ISM_run-79_target-7.64_1	947	T	C
ISL1_chr5:51392398-51392614_ISM_run-79_target-7.64_1	976	T	G
ISL1_chr5:51392398-51392614_ISM_run-79_target-7.64_1	986	A	C
ISL1_chr5:51392398-51392614_ISM_run-79_target-7.64_1	1011	T	A
ISL1_chr5:51392398-51392614_ISM_run-79_target-7.64_1	1036	G	T
ISL1_chr5:51392398-51392614_ISM_run-80_target-7.64_1	945	T	A
ISL1_chr5:51392398-51392614_ISM_run-80_target-7.64_1	976	T	A
ISL1_chr5:51392398-51392614_ISM_run-80_target-7.64_1	1027	T	C
ISL1_chr5:51392398-51392614_ISM_run-80_target-7.64_1	1031	T	A
ISL1_chr5:51392398-51392614_ISM_run-80_target-7.64_1	1047	A	G
ISL1_chr5:51392398-51392614_ISM_run-81_target-7.64_1	945	T	A
ISL1_chr5:51392398-51392614_ISM_run-81_target-7.64_1	977	T	A
ISL1_chr5:51392398-51392614_ISM_run-81_target-7.64_1	1011	T	A
ISL1_chr5:51392398-51392614_ISM_run-81_target-7.64_1	1013	T	G
ISL1_chr5:51392398-51392614_ISM_run-81_target-7.64_1	1027	T	C
ISL1_chr5:51392398-51392614_ISM_run-81_target-7.64_1	1036	G	A
ISL1_chr5:51392398-51392614_ISM_run-82_target-7.64_1	944	T	A
ISL1_chr5:51392398-51392614_ISM_run-82_target-7.64_1	972	A	G
ISL1_chr5:51392398-51392614_ISM_run-82_target-7.64_1	976	T	A
ISL1_chr5:51392398-51392614_ISM_run-82_target-7.64_1	1004	T	A
ISL1_chr5:51392398-51392614_ISM_run-82_target-7.64_1	1028	A	G
ISL1_chr5:51392398-51392614_ISM_run-82_target-7.64_1	1096	G	T
ISL1_chr5:51392398-51392614_ISM_run-82_target-7.64_1	1135	A	T
ISL1_chr5:51392398-51392614_ISM_run-83_target-7.64_1	945	T	A
ISL1_chr5:51392398-51392614_ISM_run-83_target-7.64_1	947	T	C
ISL1_chr5:51392398-51392614_ISM_run-83_target-7.64_1	976	T	G
ISL1_chr5:51392398-51392614_ISM_run-83_target-7.64_1	1001	G	T
ISL1_chr5:51392398-51392614_ISM_run-83_target-7.64_1	1047	A	G
ISL1_chr5:51392398-51392614_ISM_run-83_target-7.64_1	1086	A	T
ISL1_chr5:51392398-51392614_ISM_run-84_target-7.64_1	944	T	G
ISL1_chr5:51392398-51392614_ISM_run-84_target-7.64_1	949	G	C
ISL1_chr5:51392398-51392614_ISM_run-84_target-7.64_1	971	T	C
ISL1_chr5:51392398-51392614_ISM_run-84_target-7.64_1	981	C	A
ISL1_chr5:51392398-51392614_ISM_run-84_target-7.64_1	1027	T	C
ISL1_chr5:51392398-51392614_ISM_run-84_target-7.64_1	1096	G	T
ISL1_chr5:51392398-51392614_ISM_run-85_target-7.64_1	944	T	G
ISL1_chr5:51392398-51392614_ISM_run-85_target-7.64_1	973	G	A
ISL1_chr5:51392398-51392614_ISM_run-85_target-7.64_1	976	T	A
ISL1_chr5:51392398-51392614_ISM_run-85_target-7.64_1	1002	C	T
ISL1_chr5:51392398-51392614_ISM_run-85_target-7.64_1	1004	T	A
ISL1_chr5:51392398-51392614_ISM_run-85_target-7.64_1	1027	T	C
ISL1_chr5:51392398-51392614_ISM_run-86_target-7.64_1	944	T	G
ISL1_chr5:51392398-51392614_ISM_run-86_target-7.64_1	976	T	A
ISL1_chr5:51392398-51392614_ISM_run-86_target-7.64_1	996	G	T
ISL1_chr5:51392398-51392614_ISM_run-86_target-7.64_1	1004	T	A
ISL1_chr5:51392398-51392614_ISM_run-86_target-7.64_1	1047	A	G
ISL1_chr5:51392398-51392614_ISM_run-86_target-7.64_1	1096	G	T
ISL1_chr5:51392398-51392614_ISM_run-87_target-7.64_1	944	T	G
ISL1_chr5:51392398-51392614_ISM_run-87_target-7.64_1	996	G	A
ISL1_chr5:51392398-51392614_ISM_run-87_target-7.64_1	1003	A	G
ISL1_chr5:51392398-51392614_ISM_run-87_target-7.64_1	1027	T	G
ISL1_chr5:51392398-51392614_ISM_run-87_target-7.64_1	1036	G	A
ISL1_chr5:51392398-51392614_ISM_run-87_target-7.64_1	1054	A	T
ISL1_chr5:51392398-51392614_ISM_run-88_target-7.64_1	944	T	A
ISL1_chr5:51392398-51392614_ISM_run-88_target-7.64_1	963	G	A
ISL1_chr5:51392398-51392614_ISM_run-88_target-7.64_1	976	T	A
ISL1_chr5:51392398-51392614_ISM_run-88_target-7.64_1	1030	G	C
ISL1_chr5:51392398-51392614_ISM_run-88_target-7.64_1	1036	G	A
ISL1_chr5:51392398-51392614_ISM_run-88_target-7.64_1	1046	A	C
ISL1_chr5:51392398-51392614_ISM_run-89_target-7.64_1	946	T	A
ISL1_chr5:51392398-51392614_ISM_run-89_target-7.64_1	971	T	C
ISL1_chr5:51392398-51392614_ISM_run-89_target-7.64_1	976	T	G
ISL1_chr5:51392398-51392614_ISM_run-89_target-7.64_1	996	G	A
ISL1_chr5:51392398-51392614_ISM_run-89_target-7.64_1	1030	G	C
ISL1_chr5:51392398-51392614_ISM_run-89_target-7.64_1	1036	G	A
ISL1_chr5:51392398-51392614_ISM_run-90_target-7.64_1	945	T	G
ISL1_chr5:51392398-51392614_ISM_run-90_target-7.64_1	971	T	C
ISL1_chr5:51392398-51392614_ISM_run-90_target-7.64_1	976	T	G
ISL1_chr5:51392398-51392614_ISM_run-90_target-7.64_1	998	A	C
ISL1_chr5:51392398-51392614_ISM_run-90_target-7.64_1	1002	C	T
ISL1_chr5:51392398-51392614_ISM_run-91_target-7.64_1	945	T	G
ISL1_chr5:51392398-51392614_ISM_run-91_target-7.64_1	1000	G	T
ISL1_chr5:51392398-51392614_ISM_run-91_target-7.64_1	1002	C	T
ISL1_chr5:51392398-51392614_ISM_run-91_target-7.64_1	1028	A	G
ISL1_chr5:51392398-51392614_ISM_run-91_target-7.64_1	1036	G	A
ISL1_chr5:51392398-51392614_ISM_run-92_target-7.64_1	945	T	A
ISL1_chr5:51392398-51392614_ISM_run-92_target-7.64_1	976	T	G
ISL1_chr5:51392398-51392614_ISM_run-92_target-7.64_1	1004	T	A
ISL1_chr5:51392398-51392614_ISM_run-92_target-7.64_1	1027	T	G
ISL1_chr5:51392398-51392614_ISM_run-92_target-7.64_1	1054	A	T
ISL1_chr5:51392398-51392614_ISM_run-92_target-7.64_1	1096	G	T
ISL1_chr5:51392398-51392614_ISM_run-92_target-7.64_1	1136	A	G
ISL1_chr5:51392398-51392614_ISM_run-93_target-7.64_1	947	T	C
ISL1_chr5:51392398-51392614_ISM_run-93_target-7.64_1	971	T	C
ISL1_chr5:51392398-51392614_ISM_run-93_target-7.64_1	981	C	A
ISL1_chr5:51392398-51392614_ISM_run-93_target-7.64_1	1011	T	A
ISL1_chr5:51392398-51392614_ISM_run-93_target-7.64_1	1036	G	A
ISL1_chr5:51392398-51392614_ISM_run-94_target-7.64_1	944	T	A
ISL1_chr5:51392398-51392614_ISM_run-94_target-7.64_1	963	G	A
ISL1_chr5:51392398-51392614_ISM_run-94_target-7.64_1	976	T	A
ISL1_chr5:51392398-51392614_ISM_run-94_target-7.64_1	1001	G	C
ISL1_chr5:51392398-51392614_ISM_run-94_target-7.64_1	1011	T	A
ISL1_chr5:51392398-51392614_ISM_run-94_target-7.64_1	1028	A	G
ISL1_chr5:51392398-51392614_ISM_run-95_target-7.64_1	947	T	C
ISL1_chr5:51392398-51392614_ISM_run-95_target-7.64_1	981	C	A
ISL1_chr5:51392398-51392614_ISM_run-95_target-7.64_1	996	G	A
ISL1_chr5:51392398-51392614_ISM_run-95_target-7.64_1	1011	T	A
ISL1_chr5:51392398-51392614_ISM_run-95_target-7.64_1	1028	A	G
ISL1_chr5:51392398-51392614_ISM_run-95_target-7.64_1	1036	G	A
ISL1_chr5:51392398-51392614_ISM_run-96_target-7.64_1	944	T	A
ISL1_chr5:51392398-51392614_ISM_run-96_target-7.64_1	976	T	G
ISL1_chr5:51392398-51392614_ISM_run-96_target-7.64_1	1004	T	A
ISL1_chr5:51392398-51392614_ISM_run-96_target-7.64_1	1027	T	C
ISL1_chr5:51392398-51392614_ISM_run-96_target-7.64_1	1063	T	G
ISL1_chr5:51392398-51392614_ISM_run-96_target-7.64_1	1096	G	T
ISL1_chr5:51392398-51392614_ISM_run-97_target-7.64_1	935	T	G
ISL1_chr5:51392398-51392614_ISM_run-97_target-7.64_1	944	T	G
ISL1_chr5:51392398-51392614_ISM_run-97_target-7.64_1	949	G	C
ISL1_chr5:51392398-51392614_ISM_run-97_target-7.64_1	964	T	C
ISL1_chr5:51392398-51392614_ISM_run-97_target-7.64_1	971	T	C
ISL1_chr5:51392398-51392614_ISM_run-97_target-7.64_1	998	A	C
ISL1_chr5:51392398-51392614_ISM_run-98_target-7.64_1	944	T	G
ISL1_chr5:51392398-51392614_ISM_run-98_target-7.64_1	957	G	C
ISL1_chr5:51392398-51392614_ISM_run-98_target-7.64_1	977	T	A
ISL1_chr5:51392398-51392614_ISM_run-98_target-7.64_1	1001	G	T
ISL1_chr5:51392398-51392614_ISM_run-98_target-7.64_1	1011	T	A
ISL1_chr5:51392398-51392614_ISM_run-98_target-7.64_1	1036	G	A
ISL1_chr5:51392398-51392614_ISM_run-99_target-7.64_1	944	T	G
ISL1_chr5:51392398-51392614_ISM_run-99_target-7.64_1	976	T	G
ISL1_chr5:51392398-51392614_ISM_run-99_target-7.64_1	996	G	A
ISL1_chr5:51392398-51392614_ISM_run-99_target-7.64_1	1011	T	A
ISL1_chr5:51392398-51392614_ISM_run-99_target-7.64_1	1036	G	T
ISL1_chr5:51392398-51392614_ISM_run-99_target-7.64_1	1097	G	T
ISL1_chr5:51392398-51392614_ISM_run-100_target-7.64_1	930	A	C
ISL1_chr5:51392398-51392614_ISM_run-100_target-7.64_1	944	T	A
ISL1_chr5:51392398-51392614_ISM_run-100_target-7.64_1	971	T	C
ISL1_chr5:51392398-51392614_ISM_run-100_target-7.64_1	1004	T	A
ISL1_chr5:51392398-51392614_ISM_run-100_target-7.64_1	1027	T	G
ISL1_chr5:51392398-51392614_ISM_run-100_target-7.64_1	1036	G	A
ISL1_chr5:51392398-51392614_ISM_run-1_target-10.88_1	934	T	A
ISL1_chr5:51392398-51392614_ISM_run-1_target-10.88_1	946	T	C
ISL1_chr5:51392398-51392614_ISM_run-1_target-10.88_1	947	T	A
ISL1_chr5:51392398-51392614_ISM_run-1_target-10.88_1	964	T	C
ISL1_chr5:51392398-51392614_ISM_run-1_target-10.88_1	971	T	C
ISL1_chr5:51392398-51392614_ISM_run-1_target-10.88_1	981	C	A
ISL1_chr5:51392398-51392614_ISM_run-1_target-10.88_1	998	A	C
ISL1_chr5:51392398-51392614_ISM_run-1_target-10.88_1	1010	T	G
ISL1_chr5:51392398-51392614_ISM_run-1_target-10.88_1	1016	A	G
ISL1_chr5:51392398-51392614_ISM_run-1_target-10.88_1	1027	T	A
ISL1_chr5:51392398-51392614_ISM_run-1_target-10.88_1	1030	G	C
ISL1_chr5:51392398-51392614_ISM_run-1_target-10.88_1	1036	G	T
ISL1_chr5:51392398-51392614_ISM_run-1_target-10.88_1	1044	G	C
ISL1_chr5:51392398-51392614_ISM_run-1_target-10.88_1	1096	G	T
ISL1_chr5:51392398-51392614_ISM_run-2_target-10.88_1	931	A	G
ISL1_chr5:51392398-51392614_ISM_run-2_target-10.88_1	944	T	G
ISL1_chr5:51392398-51392614_ISM_run-2_target-10.88_1	949	G	C
ISL1_chr5:51392398-51392614_ISM_run-2_target-10.88_1	956	A	G
ISL1_chr5:51392398-51392614_ISM_run-2_target-10.88_1	963	G	A
ISL1_chr5:51392398-51392614_ISM_run-2_target-10.88_1	977	T	A
ISL1_chr5:51392398-51392614_ISM_run-2_target-10.88_1	1001	G	T
ISL1_chr5:51392398-51392614_ISM_run-2_target-10.88_1	1027	T	A
ISL1_chr5:51392398-51392614_ISM_run-2_target-10.88_1	1028	A	C
ISL1_chr5:51392398-51392614_ISM_run-2_target-10.88_1	1036	G	A
ISL1_chr5:51392398-51392614_ISM_run-2_target-10.88_1	1047	A	G
ISL1_chr5:51392398-51392614_ISM_run-2_target-10.88_1	1048	G	A
ISL1_chr5:51392398-51392614_ISM_run-2_target-10.88_1	1054	A	T
ISL1_chr5:51392398-51392614_ISM_run-2_target-10.88_1	1096	G	T
ISL1_chr5:51392398-51392614_ISM_run-2_target-10.88_1	1135	A	T
ISL1_chr5:51392398-51392614_ISM_run-3_target-10.88_1	934	T	C
ISL1_chr5:51392398-51392614_ISM_run-3_target-10.88_1	945	T	A
ISL1_chr5:51392398-51392614_ISM_run-3_target-10.88_1	957	G	C
ISL1_chr5:51392398-51392614_ISM_run-3_target-10.88_1	964	T	C
ISL1_chr5:51392398-51392614_ISM_run-3_target-10.88_1	968	G	C
ISL1_chr5:51392398-51392614_ISM_run-3_target-10.88_1	976	T	A
ISL1_chr5:51392398-51392614_ISM_run-3_target-10.88_1	989	T	A
ISL1_chr5:51392398-51392614_ISM_run-3_target-10.88_1	998	A	C
ISL1_chr5:51392398-51392614_ISM_run-3_target-10.88_1	1001	G	A
ISL1_chr5:51392398-51392614_ISM_run-3_target-10.88_1	1002	C	T
ISL1_chr5:51392398-51392614_ISM_run-3_target-10.88_1	1027	T	C
ISL1_chr5:51392398-51392614_ISM_run-3_target-10.88_1	1031	T	A
ISL1_chr5:51392398-51392614_ISM_run-3_target-10.88_1	1046	A	C
ISL1_chr5:51392398-51392614_ISM_run-3_target-10.88_1	1054	A	C
ISL1_chr5:51392398-51392614_ISM_run-3_target-10.88_1	1096	G	T
ISL1_chr5:51392398-51392614_ISM_run-4_target-10.88_1	946	T	C
ISL1_chr5:51392398-51392614_ISM_run-4_target-10.88_1	947	T	C
ISL1_chr5:51392398-51392614_ISM_run-4_target-10.88_1	971	T	C
ISL1_chr5:51392398-51392614_ISM_run-4_target-10.88_1	975	T	A
ISL1_chr5:51392398-51392614_ISM_run-4_target-10.88_1	984	T	G
ISL1_chr5:51392398-51392614_ISM_run-4_target-10.88_1	1001	G	C
ISL1_chr5:51392398-51392614_ISM_run-4_target-10.88_1	1005	T	C
ISL1_chr5:51392398-51392614_ISM_run-4_target-10.88_1	1013	T	C
ISL1_chr5:51392398-51392614_ISM_run-4_target-10.88_1	1014	C	A
ISL1_chr5:51392398-51392614_ISM_run-4_target-10.88_1	1027	T	C
ISL1_chr5:51392398-51392614_ISM_run-4_target-10.88_1	1031	T	A
ISL1_chr5:51392398-51392614_ISM_run-4_target-10.88_1	1043	G	T
ISL1_chr5:51392398-51392614_ISM_run-4_target-10.88_1	1097	G	T
ISL1_chr5:51392398-51392614_ISM_run-4_target-10.88_1	1101	A	T
ISL1_chr5:51392398-51392614_ISM_run-4_target-10.88_1	1135	A	T
ISL1_chr5:51392398-51392614_ISM_run-5_target-10.88_1	940	C	G
ISL1_chr5:51392398-51392614_ISM_run-5_target-10.88_1	945	T	A
ISL1_chr5:51392398-51392614_ISM_run-5_target-10.88_1	971	T	C
ISL1_chr5:51392398-51392614_ISM_run-5_target-10.88_1	976	T	C
ISL1_chr5:51392398-51392614_ISM_run-5_target-10.88_1	991	T	G
ISL1_chr5:51392398-51392614_ISM_run-5_target-10.88_1	1001	G	T
ISL1_chr5:51392398-51392614_ISM_run-5_target-10.88_1	1005	T	G
ISL1_chr5:51392398-51392614_ISM_run-5_target-10.88_1	1008	C	T
ISL1_chr5:51392398-51392614_ISM_run-5_target-10.88_1	1011	T	A
ISL1_chr5:51392398-51392614_ISM_run-5_target-10.88_1	1025	G	T
ISL1_chr5:51392398-51392614_ISM_run-5_target-10.88_1	1027	T	C
ISL1_chr5:51392398-51392614_ISM_run-5_target-10.88_1	1031	T	A
ISL1_chr5:51392398-51392614_ISM_run-5_target-10.88_1	1038	C	A
ISL1_chr5:51392398-51392614_ISM_run-5_target-10.88_1	1040	A	C
ISL1_chr5:51392398-51392614_ISM_run-5_target-10.88_1	1096	G	T
ISL1_chr5:51392398-51392614_ISM_run-6_target-10.88_1	934	T	C
ISL1_chr5:51392398-51392614_ISM_run-6_target-10.88_1	944	T	A
ISL1_chr5:51392398-51392614_ISM_run-6_target-10.88_1	976	T	G
ISL1_chr5:51392398-51392614_ISM_run-6_target-10.88_1	985	C	A
ISL1_chr5:51392398-51392614_ISM_run-6_target-10.88_1	1001	G	A
ISL1_chr5:51392398-51392614_ISM_run-6_target-10.88_1	1002	C	T
ISL1_chr5:51392398-51392614_ISM_run-6_target-10.88_1	1003	A	G
ISL1_chr5:51392398-51392614_ISM_run-6_target-10.88_1	1027	T	C
ISL1_chr5:51392398-51392614_ISM_run-6_target-10.88_1	1031	T	A
ISL1_chr5:51392398-51392614_ISM_run-6_target-10.88_1	1039	C	T
ISL1_chr5:51392398-51392614_ISM_run-6_target-10.88_1	1040	A	C
ISL1_chr5:51392398-51392614_ISM_run-6_target-10.88_1	1045	C	T
ISL1_chr5:51392398-51392614_ISM_run-6_target-10.88_1	1054	A	C
ISL1_chr5:51392398-51392614_ISM_run-6_target-10.88_1	1096	G	A
ISL1_chr5:51392398-51392614_ISM_run-6_target-10.88_1	1140	A	C
ISL1_chr5:51392398-51392614_ISM_run-7_target-10.88_1	927	T	A
ISL1_chr5:51392398-51392614_ISM_run-7_target-10.88_1	944	T	G
ISL1_chr5:51392398-51392614_ISM_run-7_target-10.88_1	949	G	C
ISL1_chr5:51392398-51392614_ISM_run-7_target-10.88_1	951	A	C
ISL1_chr5:51392398-51392614_ISM_run-7_target-10.88_1	971	T	C
ISL1_chr5:51392398-51392614_ISM_run-7_target-10.88_1	976	T	G
ISL1_chr5:51392398-51392614_ISM_run-7_target-10.88_1	985	C	A
ISL1_chr5:51392398-51392614_ISM_run-7_target-10.88_1	988	A	G
ISL1_chr5:51392398-51392614_ISM_run-7_target-10.88_1	1004	T	A
ISL1_chr5:51392398-51392614_ISM_run-7_target-10.88_1	1026	T	A
ISL1_chr5:51392398-51392614_ISM_run-7_target-10.88_1	1028	A	C
ISL1_chr5:51392398-51392614_ISM_run-7_target-10.88_1	1054	A	T
ISL1_chr5:51392398-51392614_ISM_run-7_target-10.88_1	1084	A	T
ISL1_chr5:51392398-51392614_ISM_run-7_target-10.88_1	1096	G	T
ISL1_chr5:51392398-51392614_ISM_run-7_target-10.88_1	1135	A	T
ISL1_chr5:51392398-51392614_ISM_run-8_target-10.88_1	946	T	C
ISL1_chr5:51392398-51392614_ISM_run-8_target-10.88_1	947	T	C
ISL1_chr5:51392398-51392614_ISM_run-8_target-10.88_1	959	T	A
ISL1_chr5:51392398-51392614_ISM_run-8_target-10.88_1	964	T	C
ISL1_chr5:51392398-51392614_ISM_run-8_target-10.88_1	971	T	C
ISL1_chr5:51392398-51392614_ISM_run-8_target-10.88_1	976	T	G
ISL1_chr5:51392398-51392614_ISM_run-8_target-10.88_1	996	G	T
ISL1_chr5:51392398-51392614_ISM_run-8_target-10.88_1	1001	G	T
ISL1_chr5:51392398-51392614_ISM_run-8_target-10.88_1	1002	C	T
ISL1_chr5:51392398-51392614_ISM_run-8_target-10.88_1	1010	T	C
ISL1_chr5:51392398-51392614_ISM_run-8_target-10.88_1	1027	T	G
ISL1_chr5:51392398-51392614_ISM_run-8_target-10.88_1	1036	G	T
ISL1_chr5:51392398-51392614_ISM_run-8_target-10.88_1	1047	A	G
ISL1_chr5:51392398-51392614_ISM_run-8_target-10.88_1	1054	A	C
ISL1_chr5:51392398-51392614_ISM_run-8_target-10.88_1	1096	G	A
ISL1_chr5:51392398-51392614_ISM_run-9_target-10.88_1	945	T	A
ISL1_chr5:51392398-51392614_ISM_run-9_target-10.88_1	947	T	G
ISL1_chr5:51392398-51392614_ISM_run-9_target-10.88_1	976	T	G
ISL1_chr5:51392398-51392614_ISM_run-9_target-10.88_1	985	C	A
ISL1_chr5:51392398-51392614_ISM_run-9_target-10.88_1	996	G	T
ISL1_chr5:51392398-51392614_ISM_run-9_target-10.88_1	998	A	G
ISL1_chr5:51392398-51392614_ISM_run-9_target-10.88_1	1002	C	T
ISL1_chr5:51392398-51392614_ISM_run-9_target-10.88_1	1011	T	A
ISL1_chr5:51392398-51392614_ISM_run-9_target-10.88_1	1013	T	G
ISL1_chr5:51392398-51392614_ISM_run-9_target-10.88_1	1015	A	T
ISL1_chr5:51392398-51392614_ISM_run-9_target-10.88_1	1028	A	G
ISL1_chr5:51392398-51392614_ISM_run-9_target-10.88_1	1032	A	T
ISL1_chr5:51392398-51392614_ISM_run-9_target-10.88_1	1036	G	A
ISL1_chr5:51392398-51392614_ISM_run-9_target-10.88_1	1096	G	T
ISL1_chr5:51392398-51392614_ISM_run-9_target-10.88_1	1135	A	T
ISL1_chr5:51392398-51392614_ISM_run-10_target-10.88_1	945	T	A
ISL1_chr5:51392398-51392614_ISM_run-10_target-10.88_1	947	T	C
ISL1_chr5:51392398-51392614_ISM_run-10_target-10.88_1	962	A	T
ISL1_chr5:51392398-51392614_ISM_run-10_target-10.88_1	968	G	C
ISL1_chr5:51392398-51392614_ISM_run-10_target-10.88_1	975	T	G
ISL1_chr5:51392398-51392614_ISM_run-10_target-10.88_1	976	T	G
ISL1_chr5:51392398-51392614_ISM_run-10_target-10.88_1	986	A	T
ISL1_chr5:51392398-51392614_ISM_run-10_target-10.88_1	989	T	A
ISL1_chr5:51392398-51392614_ISM_run-10_target-10.88_1	997	G	C
ISL1_chr5:51392398-51392614_ISM_run-10_target-10.88_1	1001	G	A
ISL1_chr5:51392398-51392614_ISM_run-10_target-10.88_1	1002	C	T
ISL1_chr5:51392398-51392614_ISM_run-10_target-10.88_1	1027	T	G
ISL1_chr5:51392398-51392614_ISM_run-10_target-10.88_1	1036	G	T
ISL1_chr5:51392398-51392614_ISM_run-10_target-10.88_1	1046	A	C
ISL1_chr5:51392398-51392614_ISM_run-10_target-10.88_1	1084	A	T
ISL1_chr5:51392398-51392614_ISM_run-11_target-10.88_1	944	T	A
ISL1_chr5:51392398-51392614_ISM_run-11_target-10.88_1	955	A	G
ISL1_chr5:51392398-51392614_ISM_run-11_target-10.88_1	964	T	C
ISL1_chr5:51392398-51392614_ISM_run-11_target-10.88_1	968	G	C
ISL1_chr5:51392398-51392614_ISM_run-11_target-10.88_1	973	G	T
ISL1_chr5:51392398-51392614_ISM_run-11_target-10.88_1	976	T	G
ISL1_chr5:51392398-51392614_ISM_run-11_target-10.88_1	995	T	C
ISL1_chr5:51392398-51392614_ISM_run-11_target-10.88_1	996	G	A
ISL1_chr5:51392398-51392614_ISM_run-11_target-10.88_1	1011	T	A
ISL1_chr5:51392398-51392614_ISM_run-11_target-10.88_1	1013	T	G
ISL1_chr5:51392398-51392614_ISM_run-11_target-10.88_1	1027	T	G
ISL1_chr5:51392398-51392614_ISM_run-11_target-10.88_1	1030	G	C
ISL1_chr5:51392398-51392614_ISM_run-11_target-10.88_1	1036	G	A
ISL1_chr5:51392398-51392614_ISM_run-11_target-10.88_1	1044	G	T
ISL1_chr5:51392398-51392614_ISM_run-11_target-10.88_1	1110	A	C
ISL1_chr5:51392398-51392614_ISM_run-12_target-10.88_1	944	T	A
ISL1_chr5:51392398-51392614_ISM_run-12_target-10.88_1	946	T	C
ISL1_chr5:51392398-51392614_ISM_run-12_target-10.88_1	963	G	A
ISL1_chr5:51392398-51392614_ISM_run-12_target-10.88_1	977	T	A
ISL1_chr5:51392398-51392614_ISM_run-12_target-10.88_1	996	G	T
ISL1_chr5:51392398-51392614_ISM_run-12_target-10.88_1	1000	G	T
ISL1_chr5:51392398-51392614_ISM_run-12_target-10.88_1	1002	C	T
ISL1_chr5:51392398-51392614_ISM_run-12_target-10.88_1	1014	C	T
ISL1_chr5:51392398-51392614_ISM_run-12_target-10.88_1	1026	T	C
ISL1_chr5:51392398-51392614_ISM_run-12_target-10.88_1	1027	T	C
ISL1_chr5:51392398-51392614_ISM_run-12_target-10.88_1	1028	A	G
ISL1_chr5:51392398-51392614_ISM_run-12_target-10.88_1	1036	G	A
ISL1_chr5:51392398-51392614_ISM_run-12_target-10.88_1	1047	A	G
ISL1_chr5:51392398-51392614_ISM_run-12_target-10.88_1	1054	A	C
ISL1_chr5:51392398-51392614_ISM_run-12_target-10.88_1	1096	G	T
ISL1_chr5:51392398-51392614_ISM_run-13_target-10.88_1	930	A	C
ISL1_chr5:51392398-51392614_ISM_run-13_target-10.88_1	944	T	G
ISL1_chr5:51392398-51392614_ISM_run-13_target-10.88_1	956	A	G
ISL1_chr5:51392398-51392614_ISM_run-13_target-10.88_1	964	T	C
ISL1_chr5:51392398-51392614_ISM_run-13_target-10.88_1	971	T	C
ISL1_chr5:51392398-51392614_ISM_run-13_target-10.88_1	975	T	C
ISL1_chr5:51392398-51392614_ISM_run-13_target-10.88_1	979	T	G
ISL1_chr5:51392398-51392614_ISM_run-13_target-10.88_1	985	C	A
ISL1_chr5:51392398-51392614_ISM_run-13_target-10.88_1	996	G	T
ISL1_chr5:51392398-51392614_ISM_run-13_target-10.88_1	1011	T	A
ISL1_chr5:51392398-51392614_ISM_run-13_target-10.88_1	1013	T	G
ISL1_chr5:51392398-51392614_ISM_run-13_target-10.88_1	1028	A	G
ISL1_chr5:51392398-51392614_ISM_run-13_target-10.88_1	1036	G	A
ISL1_chr5:51392398-51392614_ISM_run-13_target-10.88_1	1042	A	G
ISL1_chr5:51392398-51392614_ISM_run-13_target-10.88_1	1047	A	G
ISL1_chr5:51392398-51392614_ISM_run-14_target-10.88_1	946	T	C
ISL1_chr5:51392398-51392614_ISM_run-14_target-10.88_1	947	T	C
ISL1_chr5:51392398-51392614_ISM_run-14_target-10.88_1	958	C	G
ISL1_chr5:51392398-51392614_ISM_run-14_target-10.88_1	964	T	C
ISL1_chr5:51392398-51392614_ISM_run-14_target-10.88_1	971	T	C
ISL1_chr5:51392398-51392614_ISM_run-14_target-10.88_1	981	C	A
ISL1_chr5:51392398-51392614_ISM_run-14_target-10.88_1	995	T	C
ISL1_chr5:51392398-51392614_ISM_run-14_target-10.88_1	998	A	C
ISL1_chr5:51392398-51392614_ISM_run-14_target-10.88_1	1000	G	T
ISL1_chr5:51392398-51392614_ISM_run-14_target-10.88_1	1002	C	T
ISL1_chr5:51392398-51392614_ISM_run-14_target-10.88_1	1003	A	G
ISL1_chr5:51392398-51392614_ISM_run-14_target-10.88_1	1027	T	G
ISL1_chr5:51392398-51392614_ISM_run-14_target-10.88_1	1036	G	T
ISL1_chr5:51392398-51392614_ISM_run-14_target-10.88_1	1047	A	G
ISL1_chr5:51392398-51392614_ISM_run-14_target-10.88_1	1054	A	T
ISL1_chr5:51392398-51392614_ISM_run-15_target-10.88_1	945	T	A
ISL1_chr5:51392398-51392614_ISM_run-15_target-10.88_1	947	T	C
ISL1_chr5:51392398-51392614_ISM_run-15_target-10.88_1	968	G	C
ISL1_chr5:51392398-51392614_ISM_run-15_target-10.88_1	971	T	C
ISL1_chr5:51392398-51392614_ISM_run-15_target-10.88_1	976	T	A
ISL1_chr5:51392398-51392614_ISM_run-15_target-10.88_1	988	A	G
ISL1_chr5:51392398-51392614_ISM_run-15_target-10.88_1	996	G	T
ISL1_chr5:51392398-51392614_ISM_run-15_target-10.88_1	1011	T	A
ISL1_chr5:51392398-51392614_ISM_run-15_target-10.88_1	1027	T	C
ISL1_chr5:51392398-51392614_ISM_run-15_target-10.88_1	1028	A	T
ISL1_chr5:51392398-51392614_ISM_run-15_target-10.88_1	1030	G	C
ISL1_chr5:51392398-51392614_ISM_run-15_target-10.88_1	1036	G	A
ISL1_chr5:51392398-51392614_ISM_run-15_target-10.88_1	1047	A	G
ISL1_chr5:51392398-51392614_ISM_run-15_target-10.88_1	1054	A	C
ISL1_chr5:51392398-51392614_ISM_run-15_target-10.88_1	1096	G	T
ISL1_chr5:51392398-51392614_ISM_run-16_target-10.88_1	945	T	A
ISL1_chr5:51392398-51392614_ISM_run-16_target-10.88_1	947	T	C
ISL1_chr5:51392398-51392614_ISM_run-16_target-10.88_1	971	T	C
ISL1_chr5:51392398-51392614_ISM_run-16_target-10.88_1	976	T	A
ISL1_chr5:51392398-51392614_ISM_run-16_target-10.88_1	988	A	G
ISL1_chr5:51392398-51392614_ISM_run-16_target-10.88_1	1001	G	T
ISL1_chr5:51392398-51392614_ISM_run-16_target-10.88_1	1011	T	G
ISL1_chr5:51392398-51392614_ISM_run-16_target-10.88_1	1014	C	G
ISL1_chr5:51392398-51392614_ISM_run-16_target-10.88_1	1027	T	G
ISL1_chr5:51392398-51392614_ISM_run-16_target-10.88_1	1036	G	A
ISL1_chr5:51392398-51392614_ISM_run-16_target-10.88_1	1042	A	G
ISL1_chr5:51392398-51392614_ISM_run-16_target-10.88_1	1054	A	C
ISL1_chr5:51392398-51392614_ISM_run-16_target-10.88_1	1062	T	A
ISL1_chr5:51392398-51392614_ISM_run-16_target-10.88_1	1096	G	A
ISL1_chr5:51392398-51392614_ISM_run-16_target-10.88_1	1135	A	T
ISL1_chr5:51392398-51392614_ISM_run-17_target-10.88_1	944	T	G
ISL1_chr5:51392398-51392614_ISM_run-17_target-10.88_1	951	A	C
ISL1_chr5:51392398-51392614_ISM_run-17_target-10.88_1	955	A	G
ISL1_chr5:51392398-51392614_ISM_run-17_target-10.88_1	973	G	A
ISL1_chr5:51392398-51392614_ISM_run-17_target-10.88_1	975	T	C
ISL1_chr5:51392398-51392614_ISM_run-17_target-10.88_1	976	T	A
ISL1_chr5:51392398-51392614_ISM_run-17_target-10.88_1	985	C	A
ISL1_chr5:51392398-51392614_ISM_run-17_target-10.88_1	997	G	C
ISL1_chr5:51392398-51392614_ISM_run-17_target-10.88_1	998	A	C
ISL1_chr5:51392398-51392614_ISM_run-17_target-10.88_1	1002	C	T
ISL1_chr5:51392398-51392614_ISM_run-17_target-10.88_1	1011	T	A
ISL1_chr5:51392398-51392614_ISM_run-17_target-10.88_1	1027	T	C
ISL1_chr5:51392398-51392614_ISM_run-17_target-10.88_1	1028	A	G
ISL1_chr5:51392398-51392614_ISM_run-17_target-10.88_1	1044	G	T
ISL1_chr5:51392398-51392614_ISM_run-17_target-10.88_1	1054	A	T
ISL1_chr5:51392398-51392614_ISM_run-18_target-10.88_1	931	A	G
ISL1_chr5:51392398-51392614_ISM_run-18_target-10.88_1	944	T	G
ISL1_chr5:51392398-51392614_ISM_run-18_target-10.88_1	949	G	C
ISL1_chr5:51392398-51392614_ISM_run-18_target-10.88_1	951	A	G
ISL1_chr5:51392398-51392614_ISM_run-18_target-10.88_1	963	G	A
ISL1_chr5:51392398-51392614_ISM_run-18_target-10.88_1	968	G	C
ISL1_chr5:51392398-51392614_ISM_run-18_target-10.88_1	976	T	G
ISL1_chr5:51392398-51392614_ISM_run-18_target-10.88_1	985	C	A
ISL1_chr5:51392398-51392614_ISM_run-18_target-10.88_1	988	A	G
ISL1_chr5:51392398-51392614_ISM_run-18_target-10.88_1	1000	G	T
ISL1_chr5:51392398-51392614_ISM_run-18_target-10.88_1	1002	C	T
ISL1_chr5:51392398-51392614_ISM_run-18_target-10.88_1	1026	T	C
ISL1_chr5:51392398-51392614_ISM_run-18_target-10.88_1	1037	G	C
ISL1_chr5:51392398-51392614_ISM_run-18_target-10.88_1	1054	A	C
ISL1_chr5:51392398-51392614_ISM_run-18_target-10.88_1	1096	G	T
ISL1_chr5:51392398-51392614_ISM_run-19_target-10.88_1	932	C	G
ISL1_chr5:51392398-51392614_ISM_run-19_target-10.88_1	944	T	G
ISL1_chr5:51392398-51392614_ISM_run-19_target-10.88_1	949	G	C
ISL1_chr5:51392398-51392614_ISM_run-19_target-10.88_1	956	A	C
ISL1_chr5:51392398-51392614_ISM_run-19_target-10.88_1	971	T	C
ISL1_chr5:51392398-51392614_ISM_run-19_target-10.88_1	976	T	G
ISL1_chr5:51392398-51392614_ISM_run-19_target-10.88_1	985	C	A
ISL1_chr5:51392398-51392614_ISM_run-19_target-10.88_1	991	T	G
ISL1_chr5:51392398-51392614_ISM_run-19_target-10.88_1	998	A	C
ISL1_chr5:51392398-51392614_ISM_run-19_target-10.88_1	1001	G	C
ISL1_chr5:51392398-51392614_ISM_run-19_target-10.88_1	1027	T	C
ISL1_chr5:51392398-51392614_ISM_run-19_target-10.88_1	1031	T	A
ISL1_chr5:51392398-51392614_ISM_run-19_target-10.88_1	1047	A	G
ISL1_chr5:51392398-51392614_ISM_run-19_target-10.88_1	1053	T	G
ISL1_chr5:51392398-51392614_ISM_run-19_target-10.88_1	1084	A	T
ISL1_chr5:51392398-51392614_ISM_run-20_target-10.88_1	944	T	A
ISL1_chr5:51392398-51392614_ISM_run-20_target-10.88_1	971	T	C
ISL1_chr5:51392398-51392614_ISM_run-20_target-10.88_1	981	C	G
ISL1_chr5:51392398-51392614_ISM_run-20_target-10.88_1	991	T	G
ISL1_chr5:51392398-51392614_ISM_run-20_target-10.88_1	1001	G	T
ISL1_chr5:51392398-51392614_ISM_run-20_target-10.88_1	1003	A	G
ISL1_chr5:51392398-51392614_ISM_run-20_target-10.88_1	1011	T	A
ISL1_chr5:51392398-51392614_ISM_run-20_target-10.88_1	1013	T	A
ISL1_chr5:51392398-51392614_ISM_run-20_target-10.88_1	1027	T	G
ISL1_chr5:51392398-51392614_ISM_run-20_target-10.88_1	1036	G	A
ISL1_chr5:51392398-51392614_ISM_run-20_target-10.88_1	1039	C	T
ISL1_chr5:51392398-51392614_ISM_run-20_target-10.88_1	1047	A	G
ISL1_chr5:51392398-51392614_ISM_run-20_target-10.88_1	1054	A	C
ISL1_chr5:51392398-51392614_ISM_run-20_target-10.88_1	1096	G	T
ISL1_chr5:51392398-51392614_ISM_run-20_target-10.88_1	1135	A	T
ISL1_chr5:51392398-51392614_ISM_run-21_target-10.88_1	934	T	G
ISL1_chr5:51392398-51392614_ISM_run-21_target-10.88_1	945	T	C
ISL1_chr5:51392398-51392614_ISM_run-21_target-10.88_1	947	T	C
ISL1_chr5:51392398-51392614_ISM_run-21_target-10.88_1	968	G	C
ISL1_chr5:51392398-51392614_ISM_run-21_target-10.88_1	972	A	T
ISL1_chr5:51392398-51392614_ISM_run-21_target-10.88_1	976	T	C
ISL1_chr5:51392398-51392614_ISM_run-21_target-10.88_1	981	C	G
ISL1_chr5:51392398-51392614_ISM_run-21_target-10.88_1	985	C	A
ISL1_chr5:51392398-51392614_ISM_run-21_target-10.88_1	1011	T	A
ISL1_chr5:51392398-51392614_ISM_run-21_target-10.88_1	1027	T	G
ISL1_chr5:51392398-51392614_ISM_run-21_target-10.88_1	1036	G	A
ISL1_chr5:51392398-51392614_ISM_run-21_target-10.88_1	1038	C	G
ISL1_chr5:51392398-51392614_ISM_run-21_target-10.88_1	1040	A	T
ISL1_chr5:51392398-51392614_ISM_run-21_target-10.88_1	1054	A	T
ISL1_chr5:51392398-51392614_ISM_run-21_target-10.88_1	1096	G	A
ISL1_chr5:51392398-51392614_ISM_run-22_target-10.88_1	934	T	G
ISL1_chr5:51392398-51392614_ISM_run-22_target-10.88_1	944	T	G
ISL1_chr5:51392398-51392614_ISM_run-22_target-10.88_1	951	A	T
ISL1_chr5:51392398-51392614_ISM_run-22_target-10.88_1	963	G	A
ISL1_chr5:51392398-51392614_ISM_run-22_target-10.88_1	971	T	C
ISL1_chr5:51392398-51392614_ISM_run-22_target-10.88_1	976	T	G
ISL1_chr5:51392398-51392614_ISM_run-22_target-10.88_1	996	G	T
ISL1_chr5:51392398-51392614_ISM_run-22_target-10.88_1	1003	A	G
ISL1_chr5:51392398-51392614_ISM_run-22_target-10.88_1	1011	T	A
ISL1_chr5:51392398-51392614_ISM_run-22_target-10.88_1	1027	T	A
ISL1_chr5:51392398-51392614_ISM_run-22_target-10.88_1	1036	G	T
ISL1_chr5:51392398-51392614_ISM_run-22_target-10.88_1	1047	A	G
ISL1_chr5:51392398-51392614_ISM_run-22_target-10.88_1	1098	T	A
ISL1_chr5:51392398-51392614_ISM_run-22_target-10.88_1	1102	G	A
ISL1_chr5:51392398-51392614_ISM_run-23_target-10.88_1	930	A	C
ISL1_chr5:51392398-51392614_ISM_run-23_target-10.88_1	945	T	G
ISL1_chr5:51392398-51392614_ISM_run-23_target-10.88_1	947	T	G
ISL1_chr5:51392398-51392614_ISM_run-23_target-10.88_1	950	A	T
ISL1_chr5:51392398-51392614_ISM_run-23_target-10.88_1	971	T	C
ISL1_chr5:51392398-51392614_ISM_run-23_target-10.88_1	976	T	G
ISL1_chr5:51392398-51392614_ISM_run-23_target-10.88_1	986	A	C
ISL1_chr5:51392398-51392614_ISM_run-23_target-10.88_1	989	T	A
ISL1_chr5:51392398-51392614_ISM_run-23_target-10.88_1	1011	T	A
ISL1_chr5:51392398-51392614_ISM_run-23_target-10.88_1	1027	T	G
ISL1_chr5:51392398-51392614_ISM_run-23_target-10.88_1	1036	G	A
ISL1_chr5:51392398-51392614_ISM_run-23_target-10.88_1	1040	A	T
ISL1_chr5:51392398-51392614_ISM_run-23_target-10.88_1	1097	G	T
ISL1_chr5:51392398-51392614_ISM_run-23_target-10.88_1	1101	A	C
ISL1_chr5:51392398-51392614_ISM_run-23_target-10.88_1	1134	A	C
ISL1_chr5:51392398-51392614_ISM_run-24_target-10.88_1	930	A	C
ISL1_chr5:51392398-51392614_ISM_run-24_target-10.88_1	944	T	A
ISL1_chr5:51392398-51392614_ISM_run-24_target-10.88_1	951	A	C
ISL1_chr5:51392398-51392614_ISM_run-24_target-10.88_1	953	T	G
ISL1_chr5:51392398-51392614_ISM_run-24_target-10.88_1	964	T	C
ISL1_chr5:51392398-51392614_ISM_run-24_target-10.88_1	971	T	A
ISL1_chr5:51392398-51392614_ISM_run-24_target-10.88_1	981	C	A
ISL1_chr5:51392398-51392614_ISM_run-24_target-10.88_1	995	T	C
ISL1_chr5:51392398-51392614_ISM_run-24_target-10.88_1	996	G	T
ISL1_chr5:51392398-51392614_ISM_run-24_target-10.88_1	1001	G	T
ISL1_chr5:51392398-51392614_ISM_run-24_target-10.88_1	1011	T	A
ISL1_chr5:51392398-51392614_ISM_run-24_target-10.88_1	1027	T	A
ISL1_chr5:51392398-51392614_ISM_run-24_target-10.88_1	1036	G	A
ISL1_chr5:51392398-51392614_ISM_run-24_target-10.88_1	1046	A	T
ISL1_chr5:51392398-51392614_ISM_run-24_target-10.88_1	1063	T	G
ISL1_chr5:51392398-51392614_ISM_run-25_target-10.88_1	944	T	A
ISL1_chr5:51392398-51392614_ISM_run-25_target-10.88_1	976	T	G
ISL1_chr5:51392398-51392614_ISM_run-25_target-10.88_1	985	C	A
ISL1_chr5:51392398-51392614_ISM_run-25_target-10.88_1	998	A	C
ISL1_chr5:51392398-51392614_ISM_run-25_target-10.88_1	1002	C	T
ISL1_chr5:51392398-51392614_ISM_run-25_target-10.88_1	1027	T	A
ISL1_chr5:51392398-51392614_ISM_run-25_target-10.88_1	1030	G	C
ISL1_chr5:51392398-51392614_ISM_run-25_target-10.88_1	1036	G	A
ISL1_chr5:51392398-51392614_ISM_run-25_target-10.88_1	1047	A	G
ISL1_chr5:51392398-51392614_ISM_run-25_target-10.88_1	1054	A	C
ISL1_chr5:51392398-51392614_ISM_run-25_target-10.88_1	1062	T	C
ISL1_chr5:51392398-51392614_ISM_run-25_target-10.88_1	1084	A	T
ISL1_chr5:51392398-51392614_ISM_run-25_target-10.88_1	1096	G	T
ISL1_chr5:51392398-51392614_ISM_run-25_target-10.88_1	1131	G	T
ISL1_chr5:51392398-51392614_ISM_run-25_target-10.88_1	1135	A	T
ISL1_chr5:51392398-51392614_ISM_run-26_target-10.88_1	944	T	G
ISL1_chr5:51392398-51392614_ISM_run-26_target-10.88_1	949	G	C
ISL1_chr5:51392398-51392614_ISM_run-26_target-10.88_1	961	T	G
ISL1_chr5:51392398-51392614_ISM_run-26_target-10.88_1	964	T	C
ISL1_chr5:51392398-51392614_ISM_run-26_target-10.88_1	971	T	C
ISL1_chr5:51392398-51392614_ISM_run-26_target-10.88_1	976	T	G
ISL1_chr5:51392398-51392614_ISM_run-26_target-10.88_1	995	T	C
ISL1_chr5:51392398-51392614_ISM_run-26_target-10.88_1	996	G	A
ISL1_chr5:51392398-51392614_ISM_run-26_target-10.88_1	1026	T	A
ISL1_chr5:51392398-51392614_ISM_run-26_target-10.88_1	1027	T	C
ISL1_chr5:51392398-51392614_ISM_run-26_target-10.88_1	1031	T	A
ISL1_chr5:51392398-51392614_ISM_run-26_target-10.88_1	1037	G	C
ISL1_chr5:51392398-51392614_ISM_run-26_target-10.88_1	1040	A	G
ISL1_chr5:51392398-51392614_ISM_run-26_target-10.88_1	1054	A	C
ISL1_chr5:51392398-51392614_ISM_run-26_target-10.88_1	1062	T	A
ISL1_chr5:51392398-51392614_ISM_run-27_target-10.88_1	944	T	G
ISL1_chr5:51392398-51392614_ISM_run-27_target-10.88_1	949	G	C
ISL1_chr5:51392398-51392614_ISM_run-27_target-10.88_1	964	T	C
ISL1_chr5:51392398-51392614_ISM_run-27_target-10.88_1	968	G	C
ISL1_chr5:51392398-51392614_ISM_run-27_target-10.88_1	976	T	A
ISL1_chr5:51392398-51392614_ISM_run-27_target-10.88_1	989	T	A
ISL1_chr5:51392398-51392614_ISM_run-27_target-10.88_1	1011	T	A
ISL1_chr5:51392398-51392614_ISM_run-27_target-10.88_1	1027	T	G
ISL1_chr5:51392398-51392614_ISM_run-27_target-10.88_1	1028	A	C
ISL1_chr5:51392398-51392614_ISM_run-27_target-10.88_1	1036	G	A
ISL1_chr5:51392398-51392614_ISM_run-27_target-10.88_1	1047	A	G
ISL1_chr5:51392398-51392614_ISM_run-27_target-10.88_1	1054	A	C
ISL1_chr5:51392398-51392614_ISM_run-27_target-10.88_1	1084	A	T
ISL1_chr5:51392398-51392614_ISM_run-27_target-10.88_1	1123	T	A
ISL1_chr5:51392398-51392614_ISM_run-27_target-10.88_1	1135	A	T
ISL1_chr5:51392398-51392614_ISM_run-28_target-10.88_1	945	T	G
ISL1_chr5:51392398-51392614_ISM_run-28_target-10.88_1	947	T	C
ISL1_chr5:51392398-51392614_ISM_run-28_target-10.88_1	971	T	C
ISL1_chr5:51392398-51392614_ISM_run-28_target-10.88_1	975	T	A
ISL1_chr5:51392398-51392614_ISM_run-28_target-10.88_1	981	C	G
ISL1_chr5:51392398-51392614_ISM_run-28_target-10.88_1	991	T	G
ISL1_chr5:51392398-51392614_ISM_run-28_target-10.88_1	1004	T	A
ISL1_chr5:51392398-51392614_ISM_run-28_target-10.88_1	1027	T	G
ISL1_chr5:51392398-51392614_ISM_run-28_target-10.88_1	1036	G	A
ISL1_chr5:51392398-51392614_ISM_run-28_target-10.88_1	1040	A	C
ISL1_chr5:51392398-51392614_ISM_run-28_target-10.88_1	1057	A	C
ISL1_chr5:51392398-51392614_ISM_run-28_target-10.88_1	1096	G	A
ISL1_chr5:51392398-51392614_ISM_run-28_target-10.88_1	1123	T	A
ISL1_chr5:51392398-51392614_ISM_run-28_target-10.88_1	1135	A	T
ISL1_chr5:51392398-51392614_ISM_run-29_target-10.88_1	946	T	C
ISL1_chr5:51392398-51392614_ISM_run-29_target-10.88_1	947	T	C
ISL1_chr5:51392398-51392614_ISM_run-29_target-10.88_1	966	G	T
ISL1_chr5:51392398-51392614_ISM_run-29_target-10.88_1	972	A	C
ISL1_chr5:51392398-51392614_ISM_run-29_target-10.88_1	976	T	G
ISL1_chr5:51392398-51392614_ISM_run-29_target-10.88_1	989	T	A
ISL1_chr5:51392398-51392614_ISM_run-29_target-10.88_1	1004	T	A
ISL1_chr5:51392398-51392614_ISM_run-29_target-10.88_1	1008	C	A
ISL1_chr5:51392398-51392614_ISM_run-29_target-10.88_1	1027	T	C
ISL1_chr5:51392398-51392614_ISM_run-29_target-10.88_1	1046	A	C
ISL1_chr5:51392398-51392614_ISM_run-29_target-10.88_1	1096	G	T
ISL1_chr5:51392398-51392614_ISM_run-29_target-10.88_1	1097	G	T
ISL1_chr5:51392398-51392614_ISM_run-29_target-10.88_1	1116	C	A
ISL1_chr5:51392398-51392614_ISM_run-29_target-10.88_1	1134	A	C
ISL1_chr5:51392398-51392614_ISM_run-29_target-10.88_1	1140	A	C
ISL1_chr5:51392398-51392614_ISM_run-30_target-10.88_1	943	T	G
ISL1_chr5:51392398-51392614_ISM_run-30_target-10.88_1	946	T	A
ISL1_chr5:51392398-51392614_ISM_run-30_target-10.88_1	949	G	C
ISL1_chr5:51392398-51392614_ISM_run-30_target-10.88_1	968	G	C
ISL1_chr5:51392398-51392614_ISM_run-30_target-10.88_1	976	T	G
ISL1_chr5:51392398-51392614_ISM_run-30_target-10.88_1	985	C	A
ISL1_chr5:51392398-51392614_ISM_run-30_target-10.88_1	997	G	C
ISL1_chr5:51392398-51392614_ISM_run-30_target-10.88_1	998	A	C
ISL1_chr5:51392398-51392614_ISM_run-30_target-10.88_1	1002	C	T
ISL1_chr5:51392398-51392614_ISM_run-30_target-10.88_1	1027	T	C
ISL1_chr5:51392398-51392614_ISM_run-30_target-10.88_1	1031	T	A
ISL1_chr5:51392398-51392614_ISM_run-30_target-10.88_1	1046	A	C
ISL1_chr5:51392398-51392614_ISM_run-30_target-10.88_1	1054	A	C
ISL1_chr5:51392398-51392614_ISM_run-30_target-10.88_1	1096	G	T
ISL1_chr5:51392398-51392614_ISM_run-30_target-10.88_1	1135	A	T
ISL1_chr5:51392398-51392614_ISM_run-31_target-10.88_1	945	T	A
ISL1_chr5:51392398-51392614_ISM_run-31_target-10.88_1	971	T	C
ISL1_chr5:51392398-51392614_ISM_run-31_target-10.88_1	985	C	A
ISL1_chr5:51392398-51392614_ISM_run-31_target-10.88_1	996	G	A
ISL1_chr5:51392398-51392614_ISM_run-31_target-10.88_1	1003	A	G
ISL1_chr5:51392398-51392614_ISM_run-31_target-10.88_1	1011	T	A
ISL1_chr5:51392398-51392614_ISM_run-31_target-10.88_1	1013	T	G
ISL1_chr5:51392398-51392614_ISM_run-31_target-10.88_1	1015	A	T
ISL1_chr5:51392398-51392614_ISM_run-31_target-10.88_1	1027	T	C
ISL1_chr5:51392398-51392614_ISM_run-31_target-10.88_1	1031	T	A
ISL1_chr5:51392398-51392614_ISM_run-31_target-10.88_1	1036	G	A
ISL1_chr5:51392398-51392614_ISM_run-31_target-10.88_1	1046	A	C
ISL1_chr5:51392398-51392614_ISM_run-31_target-10.88_1	1074	T	G
ISL1_chr5:51392398-51392614_ISM_run-31_target-10.88_1	1096	G	T
ISL1_chr5:51392398-51392614_ISM_run-31_target-10.88_1	1135	A	T
ISL1_chr5:51392398-51392614_ISM_run-32_target-10.88_1	934	T	C
ISL1_chr5:51392398-51392614_ISM_run-32_target-10.88_1	945	T	A
ISL1_chr5:51392398-51392614_ISM_run-32_target-10.88_1	963	G	A
ISL1_chr5:51392398-51392614_ISM_run-32_target-10.88_1	971	T	C
ISL1_chr5:51392398-51392614_ISM_run-32_target-10.88_1	976	T	G
ISL1_chr5:51392398-51392614_ISM_run-32_target-10.88_1	989	T	A
ISL1_chr5:51392398-51392614_ISM_run-32_target-10.88_1	1004	T	A
ISL1_chr5:51392398-51392614_ISM_run-32_target-10.88_1	1027	T	A
ISL1_chr5:51392398-51392614_ISM_run-32_target-10.88_1	1028	A	G
ISL1_chr5:51392398-51392614_ISM_run-32_target-10.88_1	1035	T	C
ISL1_chr5:51392398-51392614_ISM_run-32_target-10.88_1	1036	G	A
ISL1_chr5:51392398-51392614_ISM_run-32_target-10.88_1	1049	T	C
ISL1_chr5:51392398-51392614_ISM_run-32_target-10.88_1	1054	A	C
ISL1_chr5:51392398-51392614_ISM_run-32_target-10.88_1	1087	T	C
ISL1_chr5:51392398-51392614_ISM_run-32_target-10.88_1	1096	G	T
ISL1_chr5:51392398-51392614_ISM_run-33_target-10.88_1	945	T	A
ISL1_chr5:51392398-51392614_ISM_run-33_target-10.88_1	947	T	C
ISL1_chr5:51392398-51392614_ISM_run-33_target-10.88_1	964	T	C
ISL1_chr5:51392398-51392614_ISM_run-33_target-10.88_1	971	T	C
ISL1_chr5:51392398-51392614_ISM_run-33_target-10.88_1	976	T	G
ISL1_chr5:51392398-51392614_ISM_run-33_target-10.88_1	979	T	G
ISL1_chr5:51392398-51392614_ISM_run-33_target-10.88_1	991	T	G
ISL1_chr5:51392398-51392614_ISM_run-33_target-10.88_1	996	G	T
ISL1_chr5:51392398-51392614_ISM_run-33_target-10.88_1	998	A	C
ISL1_chr5:51392398-51392614_ISM_run-33_target-10.88_1	1002	C	T
ISL1_chr5:51392398-51392614_ISM_run-33_target-10.88_1	1011	T	A
ISL1_chr5:51392398-51392614_ISM_run-33_target-10.88_1	1013	T	G
ISL1_chr5:51392398-51392614_ISM_run-33_target-10.88_1	1027	T	G
ISL1_chr5:51392398-51392614_ISM_run-33_target-10.88_1	1036	G	A
ISL1_chr5:51392398-51392614_ISM_run-33_target-10.88_1	1054	A	C
ISL1_chr5:51392398-51392614_ISM_run-34_target-10.88_1	945	T	A
ISL1_chr5:51392398-51392614_ISM_run-34_target-10.88_1	956	A	C
ISL1_chr5:51392398-51392614_ISM_run-34_target-10.88_1	964	T	C
ISL1_chr5:51392398-51392614_ISM_run-34_target-10.88_1	971	T	C
ISL1_chr5:51392398-51392614_ISM_run-34_target-10.88_1	974	C	G
ISL1_chr5:51392398-51392614_ISM_run-34_target-10.88_1	976	T	G
ISL1_chr5:51392398-51392614_ISM_run-34_target-10.88_1	996	G	T
ISL1_chr5:51392398-51392614_ISM_run-34_target-10.88_1	1002	C	T
ISL1_chr5:51392398-51392614_ISM_run-34_target-10.88_1	1003	A	G
ISL1_chr5:51392398-51392614_ISM_run-34_target-10.88_1	1027	T	A
ISL1_chr5:51392398-51392614_ISM_run-34_target-10.88_1	1031	T	A
ISL1_chr5:51392398-51392614_ISM_run-34_target-10.88_1	1036	G	A
ISL1_chr5:51392398-51392614_ISM_run-34_target-10.88_1	1047	A	G
ISL1_chr5:51392398-51392614_ISM_run-34_target-10.88_1	1057	A	C
ISL1_chr5:51392398-51392614_ISM_run-35_target-10.88_1	944	T	A
ISL1_chr5:51392398-51392614_ISM_run-35_target-10.88_1	947	T	C
ISL1_chr5:51392398-51392614_ISM_run-35_target-10.88_1	963	G	A
ISL1_chr5:51392398-51392614_ISM_run-35_target-10.88_1	976	T	G
ISL1_chr5:51392398-51392614_ISM_run-35_target-10.88_1	996	G	T
ISL1_chr5:51392398-51392614_ISM_run-35_target-10.88_1	998	A	C
ISL1_chr5:51392398-51392614_ISM_run-35_target-10.88_1	1002	C	T
ISL1_chr5:51392398-51392614_ISM_run-35_target-10.88_1	1003	A	G
ISL1_chr5:51392398-51392614_ISM_run-35_target-10.88_1	1027	T	A
ISL1_chr5:51392398-51392614_ISM_run-35_target-10.88_1	1028	A	C
ISL1_chr5:51392398-51392614_ISM_run-35_target-10.88_1	1034	T	G
ISL1_chr5:51392398-51392614_ISM_run-35_target-10.88_1	1047	A	G
ISL1_chr5:51392398-51392614_ISM_run-35_target-10.88_1	1048	G	A
ISL1_chr5:51392398-51392614_ISM_run-35_target-10.88_1	1054	A	C
ISL1_chr5:51392398-51392614_ISM_run-35_target-10.88_1	1096	G	A
ISL1_chr5:51392398-51392614_ISM_run-36_target-10.88_1	946	T	G
ISL1_chr5:51392398-51392614_ISM_run-36_target-10.88_1	947	T	C
ISL1_chr5:51392398-51392614_ISM_run-36_target-10.88_1	973	G	A
ISL1_chr5:51392398-51392614_ISM_run-36_target-10.88_1	976	T	G
ISL1_chr5:51392398-51392614_ISM_run-36_target-10.88_1	985	C	A
ISL1_chr5:51392398-51392614_ISM_run-36_target-10.88_1	996	G	T
ISL1_chr5:51392398-51392614_ISM_run-36_target-10.88_1	1002	C	T
ISL1_chr5:51392398-51392614_ISM_run-36_target-10.88_1	1003	A	G
ISL1_chr5:51392398-51392614_ISM_run-36_target-10.88_1	1011	T	A
ISL1_chr5:51392398-51392614_ISM_run-36_target-10.88_1	1013	T	G
ISL1_chr5:51392398-51392614_ISM_run-36_target-10.88_1	1027	T	G
ISL1_chr5:51392398-51392614_ISM_run-36_target-10.88_1	1036	G	T
ISL1_chr5:51392398-51392614_ISM_run-36_target-10.88_1	1046	A	C
ISL1_chr5:51392398-51392614_ISM_run-36_target-10.88_1	1094	T	C
ISL1_chr5:51392398-51392614_ISM_run-36_target-10.88_1	1097	G	A
ISL1_chr5:51392398-51392614_ISM_run-37_target-10.88_1	945	T	A
ISL1_chr5:51392398-51392614_ISM_run-37_target-10.88_1	947	T	C
ISL1_chr5:51392398-51392614_ISM_run-37_target-10.88_1	958	C	A
ISL1_chr5:51392398-51392614_ISM_run-37_target-10.88_1	971	T	C
ISL1_chr5:51392398-51392614_ISM_run-37_target-10.88_1	975	T	G
ISL1_chr5:51392398-51392614_ISM_run-37_target-10.88_1	981	C	G
ISL1_chr5:51392398-51392614_ISM_run-37_target-10.88_1	988	A	G
ISL1_chr5:51392398-51392614_ISM_run-37_target-10.88_1	1004	T	A
ISL1_chr5:51392398-51392614_ISM_run-37_target-10.88_1	1027	T	G
ISL1_chr5:51392398-51392614_ISM_run-37_target-10.88_1	1036	G	A
ISL1_chr5:51392398-51392614_ISM_run-37_target-10.88_1	1046	A	G
ISL1_chr5:51392398-51392614_ISM_run-37_target-10.88_1	1054	A	C
ISL1_chr5:51392398-51392614_ISM_run-37_target-10.88_1	1060	G	T
ISL1_chr5:51392398-51392614_ISM_run-37_target-10.88_1	1062	T	C
ISL1_chr5:51392398-51392614_ISM_run-37_target-10.88_1	1096	G	A
ISL1_chr5:51392398-51392614_ISM_run-38_target-10.88_1	946	T	C
ISL1_chr5:51392398-51392614_ISM_run-38_target-10.88_1	947	T	C
ISL1_chr5:51392398-51392614_ISM_run-38_target-10.88_1	968	G	C
ISL1_chr5:51392398-51392614_ISM_run-38_target-10.88_1	977	T	A
ISL1_chr5:51392398-51392614_ISM_run-38_target-10.88_1	996	G	T
ISL1_chr5:51392398-51392614_ISM_run-38_target-10.88_1	1004	T	A
ISL1_chr5:51392398-51392614_ISM_run-38_target-10.88_1	1026	T	C
ISL1_chr5:51392398-51392614_ISM_run-38_target-10.88_1	1037	G	A
ISL1_chr5:51392398-51392614_ISM_run-38_target-10.88_1	1039	C	A
ISL1_chr5:51392398-51392614_ISM_run-38_target-10.88_1	1047	A	G
ISL1_chr5:51392398-51392614_ISM_run-38_target-10.88_1	1054	A	C
ISL1_chr5:51392398-51392614_ISM_run-38_target-10.88_1	1096	G	A
ISL1_chr5:51392398-51392614_ISM_run-38_target-10.88_1	1131	G	T
ISL1_chr5:51392398-51392614_ISM_run-38_target-10.88_1	1135	A	T
ISL1_chr5:51392398-51392614_ISM_run-39_target-10.88_1	944	T	G
ISL1_chr5:51392398-51392614_ISM_run-39_target-10.88_1	949	G	T
ISL1_chr5:51392398-51392614_ISM_run-39_target-10.88_1	964	T	C
ISL1_chr5:51392398-51392614_ISM_run-39_target-10.88_1	970	T	C
ISL1_chr5:51392398-51392614_ISM_run-39_target-10.88_1	971	T	C
ISL1_chr5:51392398-51392614_ISM_run-39_target-10.88_1	976	T	G
ISL1_chr5:51392398-51392614_ISM_run-39_target-10.88_1	979	T	C
ISL1_chr5:51392398-51392614_ISM_run-39_target-10.88_1	996	G	T
ISL1_chr5:51392398-51392614_ISM_run-39_target-10.88_1	997	G	T
ISL1_chr5:51392398-51392614_ISM_run-39_target-10.88_1	1000	G	C
ISL1_chr5:51392398-51392614_ISM_run-39_target-10.88_1	1001	G	T
ISL1_chr5:51392398-51392614_ISM_run-39_target-10.88_1	1011	T	A
ISL1_chr5:51392398-51392614_ISM_run-39_target-10.88_1	1027	T	G
ISL1_chr5:51392398-51392614_ISM_run-39_target-10.88_1	1036	G	A
ISL1_chr5:51392398-51392614_ISM_run-39_target-10.88_1	1046	A	G
ISL1_chr5:51392398-51392614_ISM_run-40_target-10.88_1	944	T	A
ISL1_chr5:51392398-51392614_ISM_run-40_target-10.88_1	963	G	A
ISL1_chr5:51392398-51392614_ISM_run-40_target-10.88_1	977	T	A
ISL1_chr5:51392398-51392614_ISM_run-40_target-10.88_1	979	T	C
ISL1_chr5:51392398-51392614_ISM_run-40_target-10.88_1	985	C	A
ISL1_chr5:51392398-51392614_ISM_run-40_target-10.88_1	996	G	T
ISL1_chr5:51392398-51392614_ISM_run-40_target-10.88_1	1011	T	A
ISL1_chr5:51392398-51392614_ISM_run-40_target-10.88_1	1028	A	C
ISL1_chr5:51392398-51392614_ISM_run-40_target-10.88_1	1032	A	T
ISL1_chr5:51392398-51392614_ISM_run-40_target-10.88_1	1037	G	A
ISL1_chr5:51392398-51392614_ISM_run-40_target-10.88_1	1047	A	G
ISL1_chr5:51392398-51392614_ISM_run-40_target-10.88_1	1093	G	T
ISL1_chr5:51392398-51392614_ISM_run-40_target-10.88_1	1096	G	A
ISL1_chr5:51392398-51392614_ISM_run-40_target-10.88_1	1131	G	T
ISL1_chr5:51392398-51392614_ISM_run-40_target-10.88_1	1135	A	T
ISL1_chr5:51392398-51392614_ISM_run-41_target-10.88_1	946	T	G
ISL1_chr5:51392398-51392614_ISM_run-41_target-10.88_1	947	T	C
ISL1_chr5:51392398-51392614_ISM_run-41_target-10.88_1	964	T	C
ISL1_chr5:51392398-51392614_ISM_run-41_target-10.88_1	977	T	A
ISL1_chr5:51392398-51392614_ISM_run-41_target-10.88_1	996	G	T
ISL1_chr5:51392398-51392614_ISM_run-41_target-10.88_1	997	G	A
ISL1_chr5:51392398-51392614_ISM_run-41_target-10.88_1	1004	T	A
ISL1_chr5:51392398-51392614_ISM_run-41_target-10.88_1	1008	C	A
ISL1_chr5:51392398-51392614_ISM_run-41_target-10.88_1	1027	T	C
ISL1_chr5:51392398-51392614_ISM_run-41_target-10.88_1	1031	T	A
ISL1_chr5:51392398-51392614_ISM_run-41_target-10.88_1	1036	G	A
ISL1_chr5:51392398-51392614_ISM_run-41_target-10.88_1	1045	C	T
ISL1_chr5:51392398-51392614_ISM_run-41_target-10.88_1	1096	G	T
ISL1_chr5:51392398-51392614_ISM_run-41_target-10.88_1	1116	C	A
ISL1_chr5:51392398-51392614_ISM_run-41_target-10.88_1	1135	A	T
ISL1_chr5:51392398-51392614_ISM_run-42_target-10.88_1	930	A	C
ISL1_chr5:51392398-51392614_ISM_run-42_target-10.88_1	946	T	C
ISL1_chr5:51392398-51392614_ISM_run-42_target-10.88_1	947	T	C
ISL1_chr5:51392398-51392614_ISM_run-42_target-10.88_1	973	G	A
ISL1_chr5:51392398-51392614_ISM_run-42_target-10.88_1	974	C	A
ISL1_chr5:51392398-51392614_ISM_run-42_target-10.88_1	976	T	A
ISL1_chr5:51392398-51392614_ISM_run-42_target-10.88_1	998	A	C
ISL1_chr5:51392398-51392614_ISM_run-42_target-10.88_1	1002	C	T
ISL1_chr5:51392398-51392614_ISM_run-42_target-10.88_1	1027	T	C
ISL1_chr5:51392398-51392614_ISM_run-42_target-10.88_1	1028	A	G
ISL1_chr5:51392398-51392614_ISM_run-42_target-10.88_1	1036	G	A
ISL1_chr5:51392398-51392614_ISM_run-42_target-10.88_1	1040	A	C
ISL1_chr5:51392398-51392614_ISM_run-42_target-10.88_1	1054	A	T
ISL1_chr5:51392398-51392614_ISM_run-42_target-10.88_1	1096	G	T
ISL1_chr5:51392398-51392614_ISM_run-42_target-10.88_1	1135	A	T
ISL1_chr5:51392398-51392614_ISM_run-43_target-10.88_1	944	T	A
ISL1_chr5:51392398-51392614_ISM_run-43_target-10.88_1	946	T	C
ISL1_chr5:51392398-51392614_ISM_run-43_target-10.88_1	947	T	A
ISL1_chr5:51392398-51392614_ISM_run-43_target-10.88_1	963	G	A
ISL1_chr5:51392398-51392614_ISM_run-43_target-10.88_1	971	T	C
ISL1_chr5:51392398-51392614_ISM_run-43_target-10.88_1	976	T	G
ISL1_chr5:51392398-51392614_ISM_run-43_target-10.88_1	985	C	A
ISL1_chr5:51392398-51392614_ISM_run-43_target-10.88_1	1011	T	A
ISL1_chr5:51392398-51392614_ISM_run-43_target-10.88_1	1027	T	A
ISL1_chr5:51392398-51392614_ISM_run-43_target-10.88_1	1028	A	G
ISL1_chr5:51392398-51392614_ISM_run-43_target-10.88_1	1036	G	T
ISL1_chr5:51392398-51392614_ISM_run-43_target-10.88_1	1047	A	G
ISL1_chr5:51392398-51392614_ISM_run-43_target-10.88_1	1084	A	T
ISL1_chr5:51392398-51392614_ISM_run-43_target-10.88_1	1123	T	A
ISL1_chr5:51392398-51392614_ISM_run-43_target-10.88_1	1135	A	T
ISL1_chr5:51392398-51392614_ISM_run-44_target-10.88_1	930	A	C
ISL1_chr5:51392398-51392614_ISM_run-44_target-10.88_1	935	T	G
ISL1_chr5:51392398-51392614_ISM_run-44_target-10.88_1	944	T	G
ISL1_chr5:51392398-51392614_ISM_run-44_target-10.88_1	949	G	C
ISL1_chr5:51392398-51392614_ISM_run-44_target-10.88_1	956	A	C
ISL1_chr5:51392398-51392614_ISM_run-44_target-10.88_1	968	G	C
ISL1_chr5:51392398-51392614_ISM_run-44_target-10.88_1	971	T	C
ISL1_chr5:51392398-51392614_ISM_run-44_target-10.88_1	976	T	C
ISL1_chr5:51392398-51392614_ISM_run-44_target-10.88_1	996	G	T
ISL1_chr5:51392398-51392614_ISM_run-44_target-10.88_1	1000	G	T
ISL1_chr5:51392398-51392614_ISM_run-44_target-10.88_1	1002	C	T
ISL1_chr5:51392398-51392614_ISM_run-44_target-10.88_1	1012	C	T
ISL1_chr5:51392398-51392614_ISM_run-44_target-10.88_1	1027	T	A
ISL1_chr5:51392398-51392614_ISM_run-44_target-10.88_1	1037	G	C
ISL1_chr5:51392398-51392614_ISM_run-44_target-10.88_1	1054	A	T
ISL1_chr5:51392398-51392614_ISM_run-45_target-10.88_1	944	T	G
ISL1_chr5:51392398-51392614_ISM_run-45_target-10.88_1	963	G	A
ISL1_chr5:51392398-51392614_ISM_run-45_target-10.88_1	981	C	A
ISL1_chr5:51392398-51392614_ISM_run-45_target-10.88_1	988	A	G
ISL1_chr5:51392398-51392614_ISM_run-45_target-10.88_1	1011	T	A
ISL1_chr5:51392398-51392614_ISM_run-45_target-10.88_1	1027	T	A
ISL1_chr5:51392398-51392614_ISM_run-45_target-10.88_1	1028	A	C
ISL1_chr5:51392398-51392614_ISM_run-45_target-10.88_1	1030	G	C
ISL1_chr5:51392398-51392614_ISM_run-45_target-10.88_1	1036	G	A
ISL1_chr5:51392398-51392614_ISM_run-45_target-10.88_1	1047	A	G
ISL1_chr5:51392398-51392614_ISM_run-45_target-10.88_1	1048	G	A
ISL1_chr5:51392398-51392614_ISM_run-45_target-10.88_1	1053	T	C
ISL1_chr5:51392398-51392614_ISM_run-45_target-10.88_1	1056	A	T
ISL1_chr5:51392398-51392614_ISM_run-45_target-10.88_1	1096	G	T
ISL1_chr5:51392398-51392614_ISM_run-45_target-10.88_1	1135	A	T
ISL1_chr5:51392398-51392614_ISM_run-46_target-10.88_1	946	T	G
ISL1_chr5:51392398-51392614_ISM_run-46_target-10.88_1	949	G	T
ISL1_chr5:51392398-51392614_ISM_run-46_target-10.88_1	971	T	C
ISL1_chr5:51392398-51392614_ISM_run-46_target-10.88_1	975	T	G
ISL1_chr5:51392398-51392614_ISM_run-46_target-10.88_1	981	C	G
ISL1_chr5:51392398-51392614_ISM_run-46_target-10.88_1	991	T	G
ISL1_chr5:51392398-51392614_ISM_run-46_target-10.88_1	1000	G	T
ISL1_chr5:51392398-51392614_ISM_run-46_target-10.88_1	1002	C	T
ISL1_chr5:51392398-51392614_ISM_run-46_target-10.88_1	1013	T	C
ISL1_chr5:51392398-51392614_ISM_run-46_target-10.88_1	1027	T	G
ISL1_chr5:51392398-51392614_ISM_run-46_target-10.88_1	1036	G	A
ISL1_chr5:51392398-51392614_ISM_run-46_target-10.88_1	1040	A	C
ISL1_chr5:51392398-51392614_ISM_run-46_target-10.88_1	1052	T	C
ISL1_chr5:51392398-51392614_ISM_run-46_target-10.88_1	1054	A	T
ISL1_chr5:51392398-51392614_ISM_run-46_target-10.88_1	1097	G	C
ISL1_chr5:51392398-51392614_ISM_run-47_target-10.88_1	935	T	C
ISL1_chr5:51392398-51392614_ISM_run-47_target-10.88_1	944	T	A
ISL1_chr5:51392398-51392614_ISM_run-47_target-10.88_1	946	T	C
ISL1_chr5:51392398-51392614_ISM_run-47_target-10.88_1	947	T	A
ISL1_chr5:51392398-51392614_ISM_run-47_target-10.88_1	970	T	G
ISL1_chr5:51392398-51392614_ISM_run-47_target-10.88_1	973	G	T
ISL1_chr5:51392398-51392614_ISM_run-47_target-10.88_1	975	T	G
ISL1_chr5:51392398-51392614_ISM_run-47_target-10.88_1	976	T	A
ISL1_chr5:51392398-51392614_ISM_run-47_target-10.88_1	985	C	A
ISL1_chr5:51392398-51392614_ISM_run-47_target-10.88_1	996	G	T
ISL1_chr5:51392398-51392614_ISM_run-47_target-10.88_1	1011	T	A
ISL1_chr5:51392398-51392614_ISM_run-47_target-10.88_1	1027	T	G
ISL1_chr5:51392398-51392614_ISM_run-47_target-10.88_1	1036	G	T
ISL1_chr5:51392398-51392614_ISM_run-47_target-10.88_1	1047	A	G
ISL1_chr5:51392398-51392614_ISM_run-47_target-10.88_1	1048	G	A
ISL1_chr5:51392398-51392614_ISM_run-48_target-10.88_1	945	T	A
ISL1_chr5:51392398-51392614_ISM_run-48_target-10.88_1	947	T	C
ISL1_chr5:51392398-51392614_ISM_run-48_target-10.88_1	973	G	T
ISL1_chr5:51392398-51392614_ISM_run-48_target-10.88_1	976	T	G
ISL1_chr5:51392398-51392614_ISM_run-48_target-10.88_1	980	A	G
ISL1_chr5:51392398-51392614_ISM_run-48_target-10.88_1	997	G	C
ISL1_chr5:51392398-51392614_ISM_run-48_target-10.88_1	1001	G	A
ISL1_chr5:51392398-51392614_ISM_run-48_target-10.88_1	1002	C	T
ISL1_chr5:51392398-51392614_ISM_run-48_target-10.88_1	1027	T	C
ISL1_chr5:51392398-51392614_ISM_run-48_target-10.88_1	1028	A	G
ISL1_chr5:51392398-51392614_ISM_run-48_target-10.88_1	1035	T	C
ISL1_chr5:51392398-51392614_ISM_run-48_target-10.88_1	1047	A	G
ISL1_chr5:51392398-51392614_ISM_run-48_target-10.88_1	1054	A	T
ISL1_chr5:51392398-51392614_ISM_run-48_target-10.88_1	1084	A	T
ISL1_chr5:51392398-51392614_ISM_run-48_target-10.88_1	1096	G	T
ISL1_chr5:51392398-51392614_ISM_run-49_target-10.88_1	946	T	G
ISL1_chr5:51392398-51392614_ISM_run-49_target-10.88_1	947	T	C
ISL1_chr5:51392398-51392614_ISM_run-49_target-10.88_1	964	T	C
ISL1_chr5:51392398-51392614_ISM_run-49_target-10.88_1	971	T	C
ISL1_chr5:51392398-51392614_ISM_run-49_target-10.88_1	977	T	C
ISL1_chr5:51392398-51392614_ISM_run-49_target-10.88_1	981	C	A
ISL1_chr5:51392398-51392614_ISM_run-49_target-10.88_1	998	A	C
ISL1_chr5:51392398-51392614_ISM_run-49_target-10.88_1	1002	C	T
ISL1_chr5:51392398-51392614_ISM_run-49_target-10.88_1	1013	T	G
ISL1_chr5:51392398-51392614_ISM_run-49_target-10.88_1	1015	A	T
ISL1_chr5:51392398-51392614_ISM_run-49_target-10.88_1	1027	T	C
ISL1_chr5:51392398-51392614_ISM_run-49_target-10.88_1	1028	A	G
ISL1_chr5:51392398-51392614_ISM_run-49_target-10.88_1	1036	G	T
ISL1_chr5:51392398-51392614_ISM_run-49_target-10.88_1	1047	A	G
ISL1_chr5:51392398-51392614_ISM_run-49_target-10.88_1	1063	T	G
ISL1_chr5:51392398-51392614_ISM_run-50_target-10.88_1	929	A	T
ISL1_chr5:51392398-51392614_ISM_run-50_target-10.88_1	935	T	G
ISL1_chr5:51392398-51392614_ISM_run-50_target-10.88_1	944	T	G
ISL1_chr5:51392398-51392614_ISM_run-50_target-10.88_1	951	A	C
ISL1_chr5:51392398-51392614_ISM_run-50_target-10.88_1	964	T	C
ISL1_chr5:51392398-51392614_ISM_run-50_target-10.88_1	971	T	C
ISL1_chr5:51392398-51392614_ISM_run-50_target-10.88_1	977	T	A
ISL1_chr5:51392398-51392614_ISM_run-50_target-10.88_1	1011	T	A
ISL1_chr5:51392398-51392614_ISM_run-50_target-10.88_1	1015	A	T
ISL1_chr5:51392398-51392614_ISM_run-50_target-10.88_1	1028	A	C
ISL1_chr5:51392398-51392614_ISM_run-50_target-10.88_1	1036	G	A
ISL1_chr5:51392398-51392614_ISM_run-50_target-10.88_1	1047	A	G
ISL1_chr5:51392398-51392614_ISM_run-50_target-10.88_1	1054	A	T
ISL1_chr5:51392398-51392614_ISM_run-50_target-10.88_1	1093	G	T
ISL1_chr5:51392398-51392614_ISM_run-50_target-10.88_1	1097	G	C
ISL1_chr5:51392398-51392614_ISM_run-51_target-10.88_1	934	T	G
ISL1_chr5:51392398-51392614_ISM_run-51_target-10.88_1	944	T	G
ISL1_chr5:51392398-51392614_ISM_run-51_target-10.88_1	949	G	C
ISL1_chr5:51392398-51392614_ISM_run-51_target-10.88_1	961	T	G
ISL1_chr5:51392398-51392614_ISM_run-51_target-10.88_1	964	T	C
ISL1_chr5:51392398-51392614_ISM_run-51_target-10.88_1	968	G	C
ISL1_chr5:51392398-51392614_ISM_run-51_target-10.88_1	976	T	A
ISL1_chr5:51392398-51392614_ISM_run-51_target-10.88_1	991	T	G
ISL1_chr5:51392398-51392614_ISM_run-51_target-10.88_1	1000	G	T
ISL1_chr5:51392398-51392614_ISM_run-51_target-10.88_1	1002	C	T
ISL1_chr5:51392398-51392614_ISM_run-51_target-10.88_1	1027	T	C
ISL1_chr5:51392398-51392614_ISM_run-51_target-10.88_1	1031	T	A
ISL1_chr5:51392398-51392614_ISM_run-51_target-10.88_1	1043	G	C
ISL1_chr5:51392398-51392614_ISM_run-51_target-10.88_1	1055	A	G
ISL1_chr5:51392398-51392614_ISM_run-51_target-10.88_1	1084	A	T
ISL1_chr5:51392398-51392614_ISM_run-52_target-10.88_1	945	T	G
ISL1_chr5:51392398-51392614_ISM_run-52_target-10.88_1	947	T	G
ISL1_chr5:51392398-51392614_ISM_run-52_target-10.88_1	964	T	C
ISL1_chr5:51392398-51392614_ISM_run-52_target-10.88_1	971	T	C
ISL1_chr5:51392398-51392614_ISM_run-52_target-10.88_1	975	T	C
ISL1_chr5:51392398-51392614_ISM_run-52_target-10.88_1	981	C	G
ISL1_chr5:51392398-51392614_ISM_run-52_target-10.88_1	986	A	G
ISL1_chr5:51392398-51392614_ISM_run-52_target-10.88_1	996	G	T
ISL1_chr5:51392398-51392614_ISM_run-52_target-10.88_1	1000	G	T
ISL1_chr5:51392398-51392614_ISM_run-52_target-10.88_1	1002	C	T
ISL1_chr5:51392398-51392614_ISM_run-52_target-10.88_1	1003	A	G
ISL1_chr5:51392398-51392614_ISM_run-52_target-10.88_1	1026	T	C
ISL1_chr5:51392398-51392614_ISM_run-52_target-10.88_1	1036	G	T
ISL1_chr5:51392398-51392614_ISM_run-52_target-10.88_1	1046	A	C
ISL1_chr5:51392398-51392614_ISM_run-52_target-10.88_1	1096	G	T
ISL1_chr5:51392398-51392614_ISM_run-53_target-10.88_1	931	A	C
ISL1_chr5:51392398-51392614_ISM_run-53_target-10.88_1	944	T	A
ISL1_chr5:51392398-51392614_ISM_run-53_target-10.88_1	946	T	C
ISL1_chr5:51392398-51392614_ISM_run-53_target-10.88_1	971	T	C
ISL1_chr5:51392398-51392614_ISM_run-53_target-10.88_1	976	T	G
ISL1_chr5:51392398-51392614_ISM_run-53_target-10.88_1	985	C	A
ISL1_chr5:51392398-51392614_ISM_run-53_target-10.88_1	998	A	C
ISL1_chr5:51392398-51392614_ISM_run-53_target-10.88_1	1002	C	T
ISL1_chr5:51392398-51392614_ISM_run-53_target-10.88_1	1027	T	A
ISL1_chr5:51392398-51392614_ISM_run-53_target-10.88_1	1028	A	C
ISL1_chr5:51392398-51392614_ISM_run-53_target-10.88_1	1032	A	C
ISL1_chr5:51392398-51392614_ISM_run-53_target-10.88_1	1036	G	A
ISL1_chr5:51392398-51392614_ISM_run-53_target-10.88_1	1047	A	G
ISL1_chr5:51392398-51392614_ISM_run-53_target-10.88_1	1054	A	T
ISL1_chr5:51392398-51392614_ISM_run-53_target-10.88_1	1096	G	A
ISL1_chr5:51392398-51392614_ISM_run-54_target-10.88_1	943	T	G
ISL1_chr5:51392398-51392614_ISM_run-54_target-10.88_1	946	T	A
ISL1_chr5:51392398-51392614_ISM_run-54_target-10.88_1	949	G	T
ISL1_chr5:51392398-51392614_ISM_run-54_target-10.88_1	964	T	C
ISL1_chr5:51392398-51392614_ISM_run-54_target-10.88_1	969	G	C
ISL1_chr5:51392398-51392614_ISM_run-54_target-10.88_1	971	T	C
ISL1_chr5:51392398-51392614_ISM_run-54_target-10.88_1	976	T	G
ISL1_chr5:51392398-51392614_ISM_run-54_target-10.88_1	985	C	A
ISL1_chr5:51392398-51392614_ISM_run-54_target-10.88_1	1004	T	A
ISL1_chr5:51392398-51392614_ISM_run-54_target-10.88_1	1027	T	A
ISL1_chr5:51392398-51392614_ISM_run-54_target-10.88_1	1028	A	C
ISL1_chr5:51392398-51392614_ISM_run-54_target-10.88_1	1037	G	A
ISL1_chr5:51392398-51392614_ISM_run-54_target-10.88_1	1039	C	A
ISL1_chr5:51392398-51392614_ISM_run-54_target-10.88_1	1047	A	C
ISL1_chr5:51392398-51392614_ISM_run-54_target-10.88_1	1054	A	C
ISL1_chr5:51392398-51392614_ISM_run-55_target-10.88_1	934	T	G
ISL1_chr5:51392398-51392614_ISM_run-55_target-10.88_1	946	T	A
ISL1_chr5:51392398-51392614_ISM_run-55_target-10.88_1	947	T	C
ISL1_chr5:51392398-51392614_ISM_run-55_target-10.88_1	971	T	C
ISL1_chr5:51392398-51392614_ISM_run-55_target-10.88_1	976	T	A
ISL1_chr5:51392398-51392614_ISM_run-55_target-10.88_1	977	T	A
ISL1_chr5:51392398-51392614_ISM_run-55_target-10.88_1	979	T	C
ISL1_chr5:51392398-51392614_ISM_run-55_target-10.88_1	984	T	G
ISL1_chr5:51392398-51392614_ISM_run-55_target-10.88_1	988	A	G
ISL1_chr5:51392398-51392614_ISM_run-55_target-10.88_1	997	G	C
ISL1_chr5:51392398-51392614_ISM_run-55_target-10.88_1	1001	G	A
ISL1_chr5:51392398-51392614_ISM_run-55_target-10.88_1	1002	C	T
ISL1_chr5:51392398-51392614_ISM_run-55_target-10.88_1	1027	T	C
ISL1_chr5:51392398-51392614_ISM_run-55_target-10.88_1	1031	T	A
ISL1_chr5:51392398-51392614_ISM_run-55_target-10.88_1	1084	A	T
ISL1_chr5:51392398-51392614_ISM_run-56_target-10.88_1	945	T	A
ISL1_chr5:51392398-51392614_ISM_run-56_target-10.88_1	946	T	A
ISL1_chr5:51392398-51392614_ISM_run-56_target-10.88_1	947	T	A
ISL1_chr5:51392398-51392614_ISM_run-56_target-10.88_1	962	A	C
ISL1_chr5:51392398-51392614_ISM_run-56_target-10.88_1	964	T	C
ISL1_chr5:51392398-51392614_ISM_run-56_target-10.88_1	968	G	C
ISL1_chr5:51392398-51392614_ISM_run-56_target-10.88_1	972	A	G
ISL1_chr5:51392398-51392614_ISM_run-56_target-10.88_1	985	C	A
ISL1_chr5:51392398-51392614_ISM_run-56_target-10.88_1	996	G	T
ISL1_chr5:51392398-51392614_ISM_run-56_target-10.88_1	1001	G	T
ISL1_chr5:51392398-51392614_ISM_run-56_target-10.88_1	1011	T	A
ISL1_chr5:51392398-51392614_ISM_run-56_target-10.88_1	1035	T	C
ISL1_chr5:51392398-51392614_ISM_run-56_target-10.88_1	1037	G	A
ISL1_chr5:51392398-51392614_ISM_run-56_target-10.88_1	1047	A	G
ISL1_chr5:51392398-51392614_ISM_run-56_target-10.88_1	1096	G	C
ISL1_chr5:51392398-51392614_ISM_run-57_target-10.88_1	943	T	G
ISL1_chr5:51392398-51392614_ISM_run-57_target-10.88_1	946	T	A
ISL1_chr5:51392398-51392614_ISM_run-57_target-10.88_1	949	G	T
ISL1_chr5:51392398-51392614_ISM_run-57_target-10.88_1	970	T	C
ISL1_chr5:51392398-51392614_ISM_run-57_target-10.88_1	971	T	C
ISL1_chr5:51392398-51392614_ISM_run-57_target-10.88_1	976	T	G
ISL1_chr5:51392398-51392614_ISM_run-57_target-10.88_1	996	G	T
ISL1_chr5:51392398-51392614_ISM_run-57_target-10.88_1	1001	G	T
ISL1_chr5:51392398-51392614_ISM_run-57_target-10.88_1	1027	T	A
ISL1_chr5:51392398-51392614_ISM_run-57_target-10.88_1	1028	A	C
ISL1_chr5:51392398-51392614_ISM_run-57_target-10.88_1	1036	G	A
ISL1_chr5:51392398-51392614_ISM_run-57_target-10.88_1	1047	A	G
ISL1_chr5:51392398-51392614_ISM_run-57_target-10.88_1	1054	A	C
ISL1_chr5:51392398-51392614_ISM_run-57_target-10.88_1	1057	A	C
ISL1_chr5:51392398-51392614_ISM_run-57_target-10.88_1	1084	A	T
ISL1_chr5:51392398-51392614_ISM_run-58_target-10.88_1	944	T	A
ISL1_chr5:51392398-51392614_ISM_run-58_target-10.88_1	945	T	G
ISL1_chr5:51392398-51392614_ISM_run-58_target-10.88_1	947	T	A
ISL1_chr5:51392398-51392614_ISM_run-58_target-10.88_1	971	T	C
ISL1_chr5:51392398-51392614_ISM_run-58_target-10.88_1	976	T	G
ISL1_chr5:51392398-51392614_ISM_run-58_target-10.88_1	981	C	A
ISL1_chr5:51392398-51392614_ISM_run-58_target-10.88_1	1001	G	T
ISL1_chr5:51392398-51392614_ISM_run-58_target-10.88_1	1011	T	A
ISL1_chr5:51392398-51392614_ISM_run-58_target-10.88_1	1027	T	A
ISL1_chr5:51392398-51392614_ISM_run-58_target-10.88_1	1028	A	C
ISL1_chr5:51392398-51392614_ISM_run-58_target-10.88_1	1036	G	A
ISL1_chr5:51392398-51392614_ISM_run-58_target-10.88_1	1041	G	C
ISL1_chr5:51392398-51392614_ISM_run-58_target-10.88_1	1044	G	C
ISL1_chr5:51392398-51392614_ISM_run-58_target-10.88_1	1063	T	G
ISL1_chr5:51392398-51392614_ISM_run-58_target-10.88_1	1097	G	T
ISL1_chr5:51392398-51392614_ISM_run-59_target-10.88_1	944	T	A
ISL1_chr5:51392398-51392614_ISM_run-59_target-10.88_1	946	T	C
ISL1_chr5:51392398-51392614_ISM_run-59_target-10.88_1	947	T	A
ISL1_chr5:51392398-51392614_ISM_run-59_target-10.88_1	964	T	C
ISL1_chr5:51392398-51392614_ISM_run-59_target-10.88_1	966	G	T
ISL1_chr5:51392398-51392614_ISM_run-59_target-10.88_1	971	T	C
ISL1_chr5:51392398-51392614_ISM_run-59_target-10.88_1	976	T	G
ISL1_chr5:51392398-51392614_ISM_run-59_target-10.88_1	988	A	G
ISL1_chr5:51392398-51392614_ISM_run-59_target-10.88_1	994	C	T
ISL1_chr5:51392398-51392614_ISM_run-59_target-10.88_1	996	G	T
ISL1_chr5:51392398-51392614_ISM_run-59_target-10.88_1	1002	C	T
ISL1_chr5:51392398-51392614_ISM_run-59_target-10.88_1	1011	T	A
ISL1_chr5:51392398-51392614_ISM_run-59_target-10.88_1	1028	A	G
ISL1_chr5:51392398-51392614_ISM_run-59_target-10.88_1	1036	G	A
ISL1_chr5:51392398-51392614_ISM_run-59_target-10.88_1	1054	A	T
ISL1_chr5:51392398-51392614_ISM_run-60_target-10.88_1	945	T	A
ISL1_chr5:51392398-51392614_ISM_run-60_target-10.88_1	947	T	G
ISL1_chr5:51392398-51392614_ISM_run-60_target-10.88_1	968	G	C
ISL1_chr5:51392398-51392614_ISM_run-60_target-10.88_1	971	T	C
ISL1_chr5:51392398-51392614_ISM_run-60_target-10.88_1	975	T	C
ISL1_chr5:51392398-51392614_ISM_run-60_target-10.88_1	981	C	A
ISL1_chr5:51392398-51392614_ISM_run-60_target-10.88_1	1011	T	A
ISL1_chr5:51392398-51392614_ISM_run-60_target-10.88_1	1013	T	G
ISL1_chr5:51392398-51392614_ISM_run-60_target-10.88_1	1015	A	T
ISL1_chr5:51392398-51392614_ISM_run-60_target-10.88_1	1027	T	C
ISL1_chr5:51392398-51392614_ISM_run-60_target-10.88_1	1032	A	T
ISL1_chr5:51392398-51392614_ISM_run-60_target-10.88_1	1036	G	T
ISL1_chr5:51392398-51392614_ISM_run-60_target-10.88_1	1063	T	G
ISL1_chr5:51392398-51392614_ISM_run-60_target-10.88_1	1096	G	A
ISL1_chr5:51392398-51392614_ISM_run-61_target-10.88_1	946	T	A
ISL1_chr5:51392398-51392614_ISM_run-61_target-10.88_1	949	G	C
ISL1_chr5:51392398-51392614_ISM_run-61_target-10.88_1	953	T	C
ISL1_chr5:51392398-51392614_ISM_run-61_target-10.88_1	960	T	G
ISL1_chr5:51392398-51392614_ISM_run-61_target-10.88_1	964	T	C
ISL1_chr5:51392398-51392614_ISM_run-61_target-10.88_1	971	T	C
ISL1_chr5:51392398-51392614_ISM_run-61_target-10.88_1	976	T	G
ISL1_chr5:51392398-51392614_ISM_run-61_target-10.88_1	989	T	A
ISL1_chr5:51392398-51392614_ISM_run-61_target-10.88_1	1000	G	T
ISL1_chr5:51392398-51392614_ISM_run-61_target-10.88_1	1002	C	T
ISL1_chr5:51392398-51392614_ISM_run-61_target-10.88_1	1011	T	A
ISL1_chr5:51392398-51392614_ISM_run-61_target-10.88_1	1013	T	G
ISL1_chr5:51392398-51392614_ISM_run-61_target-10.88_1	1027	T	G
ISL1_chr5:51392398-51392614_ISM_run-61_target-10.88_1	1036	G	T
ISL1_chr5:51392398-51392614_ISM_run-61_target-10.88_1	1047	A	G
ISL1_chr5:51392398-51392614_ISM_run-62_target-10.88_1	945	T	C
ISL1_chr5:51392398-51392614_ISM_run-62_target-10.88_1	950	A	T
ISL1_chr5:51392398-51392614_ISM_run-62_target-10.88_1	961	T	C
ISL1_chr5:51392398-51392614_ISM_run-62_target-10.88_1	962	A	T
ISL1_chr5:51392398-51392614_ISM_run-62_target-10.88_1	968	G	C
ISL1_chr5:51392398-51392614_ISM_run-62_target-10.88_1	976	T	A
ISL1_chr5:51392398-51392614_ISM_run-62_target-10.88_1	989	T	A
ISL1_chr5:51392398-51392614_ISM_run-62_target-10.88_1	1011	T	A
ISL1_chr5:51392398-51392614_ISM_run-62_target-10.88_1	1013	T	G
ISL1_chr5:51392398-51392614_ISM_run-62_target-10.88_1	1015	A	T
ISL1_chr5:51392398-51392614_ISM_run-62_target-10.88_1	1027	T	G
ISL1_chr5:51392398-51392614_ISM_run-62_target-10.88_1	1036	G	A
ISL1_chr5:51392398-51392614_ISM_run-62_target-10.88_1	1044	G	T
ISL1_chr5:51392398-51392614_ISM_run-62_target-10.88_1	1096	G	A
ISL1_chr5:51392398-51392614_ISM_run-62_target-10.88_1	1140	A	C
ISL1_chr5:51392398-51392614_ISM_run-63_target-10.88_1	945	T	A
ISL1_chr5:51392398-51392614_ISM_run-63_target-10.88_1	946	T	G
ISL1_chr5:51392398-51392614_ISM_run-63_target-10.88_1	947	T	A
ISL1_chr5:51392398-51392614_ISM_run-63_target-10.88_1	968	G	C
ISL1_chr5:51392398-51392614_ISM_run-63_target-10.88_1	971	T	C
ISL1_chr5:51392398-51392614_ISM_run-63_target-10.88_1	996	G	T
ISL1_chr5:51392398-51392614_ISM_run-63_target-10.88_1	1004	T	A
ISL1_chr5:51392398-51392614_ISM_run-63_target-10.88_1	1027	T	A
ISL1_chr5:51392398-51392614_ISM_run-63_target-10.88_1	1036	G	A
ISL1_chr5:51392398-51392614_ISM_run-63_target-10.88_1	1040	A	C
ISL1_chr5:51392398-51392614_ISM_run-63_target-10.88_1	1054	A	T
ISL1_chr5:51392398-51392614_ISM_run-63_target-10.88_1	1097	G	T
ISL1_chr5:51392398-51392614_ISM_run-63_target-10.88_1	1101	A	C
ISL1_chr5:51392398-51392614_ISM_run-63_target-10.88_1	1123	T	A
ISL1_chr5:51392398-51392614_ISM_run-63_target-10.88_1	1135	A	T
ISL1_chr5:51392398-51392614_ISM_run-64_target-10.88_1	934	T	C
ISL1_chr5:51392398-51392614_ISM_run-64_target-10.88_1	944	T	G
ISL1_chr5:51392398-51392614_ISM_run-64_target-10.88_1	945	T	A
ISL1_chr5:51392398-51392614_ISM_run-64_target-10.88_1	947	T	C
ISL1_chr5:51392398-51392614_ISM_run-64_target-10.88_1	971	T	C
ISL1_chr5:51392398-51392614_ISM_run-64_target-10.88_1	976	T	G
ISL1_chr5:51392398-51392614_ISM_run-64_target-10.88_1	996	G	A
ISL1_chr5:51392398-51392614_ISM_run-64_target-10.88_1	1011	T	A
ISL1_chr5:51392398-51392614_ISM_run-64_target-10.88_1	1027	T	C
ISL1_chr5:51392398-51392614_ISM_run-64_target-10.88_1	1031	T	A
ISL1_chr5:51392398-51392614_ISM_run-64_target-10.88_1	1036	G	A
ISL1_chr5:51392398-51392614_ISM_run-64_target-10.88_1	1042	A	C
ISL1_chr5:51392398-51392614_ISM_run-64_target-10.88_1	1047	A	G
ISL1_chr5:51392398-51392614_ISM_run-64_target-10.88_1	1054	A	C
ISL1_chr5:51392398-51392614_ISM_run-64_target-10.88_1	1084	A	T
ISL1_chr5:51392398-51392614_ISM_run-65_target-10.88_1	946	T	G
ISL1_chr5:51392398-51392614_ISM_run-65_target-10.88_1	964	T	C
ISL1_chr5:51392398-51392614_ISM_run-65_target-10.88_1	981	C	A
ISL1_chr5:51392398-51392614_ISM_run-65_target-10.88_1	1011	T	A
ISL1_chr5:51392398-51392614_ISM_run-65_target-10.88_1	1013	T	G
ISL1_chr5:51392398-51392614_ISM_run-65_target-10.88_1	1015	A	T
ISL1_chr5:51392398-51392614_ISM_run-65_target-10.88_1	1027	T	C
ISL1_chr5:51392398-51392614_ISM_run-65_target-10.88_1	1032	A	T
ISL1_chr5:51392398-51392614_ISM_run-65_target-10.88_1	1036	G	T
ISL1_chr5:51392398-51392614_ISM_run-65_target-10.88_1	1040	A	T
ISL1_chr5:51392398-51392614_ISM_run-65_target-10.88_1	1041	G	A
ISL1_chr5:51392398-51392614_ISM_run-65_target-10.88_1	1054	A	C
ISL1_chr5:51392398-51392614_ISM_run-65_target-10.88_1	1096	G	A
ISL1_chr5:51392398-51392614_ISM_run-65_target-10.88_1	1135	A	T
ISL1_chr5:51392398-51392614_ISM_run-65_target-10.88_1	1143	G	T
ISL1_chr5:51392398-51392614_ISM_run-66_target-10.88_1	946	T	A
ISL1_chr5:51392398-51392614_ISM_run-66_target-10.88_1	947	T	C
ISL1_chr5:51392398-51392614_ISM_run-66_target-10.88_1	968	G	C
ISL1_chr5:51392398-51392614_ISM_run-66_target-10.88_1	971	T	C
ISL1_chr5:51392398-51392614_ISM_run-66_target-10.88_1	976	T	A
ISL1_chr5:51392398-51392614_ISM_run-66_target-10.88_1	988	A	G
ISL1_chr5:51392398-51392614_ISM_run-66_target-10.88_1	1001	G	T
ISL1_chr5:51392398-51392614_ISM_run-66_target-10.88_1	1026	T	A
ISL1_chr5:51392398-51392614_ISM_run-66_target-10.88_1	1027	T	A
ISL1_chr5:51392398-51392614_ISM_run-66_target-10.88_1	1034	T	A
ISL1_chr5:51392398-51392614_ISM_run-66_target-10.88_1	1036	G	A
ISL1_chr5:51392398-51392614_ISM_run-66_target-10.88_1	1042	A	G
ISL1_chr5:51392398-51392614_ISM_run-66_target-10.88_1	1047	A	G
ISL1_chr5:51392398-51392614_ISM_run-66_target-10.88_1	1048	G	A
ISL1_chr5:51392398-51392614_ISM_run-66_target-10.88_1	1096	G	A
ISL1_chr5:51392398-51392614_ISM_run-67_target-10.88_1	945	T	A
ISL1_chr5:51392398-51392614_ISM_run-67_target-10.88_1	947	T	C
ISL1_chr5:51392398-51392614_ISM_run-67_target-10.88_1	971	T	C
ISL1_chr5:51392398-51392614_ISM_run-67_target-10.88_1	976	T	G
ISL1_chr5:51392398-51392614_ISM_run-67_target-10.88_1	986	A	T
ISL1_chr5:51392398-51392614_ISM_run-67_target-10.88_1	989	T	A
ISL1_chr5:51392398-51392614_ISM_run-67_target-10.88_1	992	A	T
ISL1_chr5:51392398-51392614_ISM_run-67_target-10.88_1	997	G	C
ISL1_chr5:51392398-51392614_ISM_run-67_target-10.88_1	1000	G	A
ISL1_chr5:51392398-51392614_ISM_run-67_target-10.88_1	1002	C	T
ISL1_chr5:51392398-51392614_ISM_run-67_target-10.88_1	1027	T	G
ISL1_chr5:51392398-51392614_ISM_run-67_target-10.88_1	1036	G	A
ISL1_chr5:51392398-51392614_ISM_run-67_target-10.88_1	1044	G	T
ISL1_chr5:51392398-51392614_ISM_run-67_target-10.88_1	1096	G	A
ISL1_chr5:51392398-51392614_ISM_run-67_target-10.88_1	1135	A	T
ISL1_chr5:51392398-51392614_ISM_run-68_target-10.88_1	944	T	A
ISL1_chr5:51392398-51392614_ISM_run-68_target-10.88_1	946	T	C
ISL1_chr5:51392398-51392614_ISM_run-68_target-10.88_1	947	T	A
ISL1_chr5:51392398-51392614_ISM_run-68_target-10.88_1	963	G	A
ISL1_chr5:51392398-51392614_ISM_run-68_target-10.88_1	977	T	A
ISL1_chr5:51392398-51392614_ISM_run-68_target-10.88_1	979	T	C
ISL1_chr5:51392398-51392614_ISM_run-68_target-10.88_1	1001	G	T
ISL1_chr5:51392398-51392614_ISM_run-68_target-10.88_1	1011	T	A
ISL1_chr5:51392398-51392614_ISM_run-68_target-10.88_1	1013	T	C
ISL1_chr5:51392398-51392614_ISM_run-68_target-10.88_1	1016	A	G
ISL1_chr5:51392398-51392614_ISM_run-68_target-10.88_1	1027	T	G
ISL1_chr5:51392398-51392614_ISM_run-68_target-10.88_1	1036	G	A
ISL1_chr5:51392398-51392614_ISM_run-68_target-10.88_1	1044	G	C
ISL1_chr5:51392398-51392614_ISM_run-68_target-10.88_1	1096	G	A
ISL1_chr5:51392398-51392614_ISM_run-69_target-10.88_1	940	C	G
ISL1_chr5:51392398-51392614_ISM_run-69_target-10.88_1	945	T	A
ISL1_chr5:51392398-51392614_ISM_run-69_target-10.88_1	947	T	C
ISL1_chr5:51392398-51392614_ISM_run-69_target-10.88_1	971	T	C
ISL1_chr5:51392398-51392614_ISM_run-69_target-10.88_1	975	T	A
ISL1_chr5:51392398-51392614_ISM_run-69_target-10.88_1	981	C	G
ISL1_chr5:51392398-51392614_ISM_run-69_target-10.88_1	998	A	C
ISL1_chr5:51392398-51392614_ISM_run-69_target-10.88_1	999	G	C
ISL1_chr5:51392398-51392614_ISM_run-69_target-10.88_1	1011	T	A
ISL1_chr5:51392398-51392614_ISM_run-69_target-10.88_1	1013	T	C
ISL1_chr5:51392398-51392614_ISM_run-69_target-10.88_1	1026	T	A
ISL1_chr5:51392398-51392614_ISM_run-69_target-10.88_1	1027	T	A
ISL1_chr5:51392398-51392614_ISM_run-69_target-10.88_1	1036	G	A
ISL1_chr5:51392398-51392614_ISM_run-69_target-10.88_1	1046	A	C
ISL1_chr5:51392398-51392614_ISM_run-69_target-10.88_1	1097	G	T
ISL1_chr5:51392398-51392614_ISM_run-70_target-10.88_1	946	T	C
ISL1_chr5:51392398-51392614_ISM_run-70_target-10.88_1	947	T	A
ISL1_chr5:51392398-51392614_ISM_run-70_target-10.88_1	971	T	C
ISL1_chr5:51392398-51392614_ISM_run-70_target-10.88_1	976	T	G
ISL1_chr5:51392398-51392614_ISM_run-70_target-10.88_1	981	C	A
ISL1_chr5:51392398-51392614_ISM_run-70_target-10.88_1	985	C	A
ISL1_chr5:51392398-51392614_ISM_run-70_target-10.88_1	1004	T	A
ISL1_chr5:51392398-51392614_ISM_run-70_target-10.88_1	1027	T	G
ISL1_chr5:51392398-51392614_ISM_run-70_target-10.88_1	1035	T	C
ISL1_chr5:51392398-51392614_ISM_run-70_target-10.88_1	1047	A	G
ISL1_chr5:51392398-51392614_ISM_run-70_target-10.88_1	1054	A	C
ISL1_chr5:51392398-51392614_ISM_run-70_target-10.88_1	1068	C	G
ISL1_chr5:51392398-51392614_ISM_run-70_target-10.88_1	1076	G	T
ISL1_chr5:51392398-51392614_ISM_run-70_target-10.88_1	1096	G	A
ISL1_chr5:51392398-51392614_ISM_run-71_target-10.88_1	931	A	C
ISL1_chr5:51392398-51392614_ISM_run-71_target-10.88_1	944	T	G
ISL1_chr5:51392398-51392614_ISM_run-71_target-10.88_1	949	G	C
ISL1_chr5:51392398-51392614_ISM_run-71_target-10.88_1	953	T	C
ISL1_chr5:51392398-51392614_ISM_run-71_target-10.88_1	971	T	C
ISL1_chr5:51392398-51392614_ISM_run-71_target-10.88_1	976	T	A
ISL1_chr5:51392398-51392614_ISM_run-71_target-10.88_1	989	T	A
ISL1_chr5:51392398-51392614_ISM_run-71_target-10.88_1	1004	T	A
ISL1_chr5:51392398-51392614_ISM_run-71_target-10.88_1	1027	T	A
ISL1_chr5:51392398-51392614_ISM_run-71_target-10.88_1	1036	G	A
ISL1_chr5:51392398-51392614_ISM_run-71_target-10.88_1	1046	A	T
ISL1_chr5:51392398-51392614_ISM_run-71_target-10.88_1	1062	T	C
ISL1_chr5:51392398-51392614_ISM_run-71_target-10.88_1	1096	G	A
ISL1_chr5:51392398-51392614_ISM_run-71_target-10.88_1	1110	A	C
ISL1_chr5:51392398-51392614_ISM_run-71_target-10.88_1	1135	A	T
ISL1_chr5:51392398-51392614_ISM_run-72_target-10.88_1	944	T	A
ISL1_chr5:51392398-51392614_ISM_run-72_target-10.88_1	945	T	A
ISL1_chr5:51392398-51392614_ISM_run-72_target-10.88_1	947	T	C
ISL1_chr5:51392398-51392614_ISM_run-72_target-10.88_1	968	G	C
ISL1_chr5:51392398-51392614_ISM_run-72_target-10.88_1	971	T	C
ISL1_chr5:51392398-51392614_ISM_run-72_target-10.88_1	975	T	C
ISL1_chr5:51392398-51392614_ISM_run-72_target-10.88_1	1001	G	T
ISL1_chr5:51392398-51392614_ISM_run-72_target-10.88_1	1011	T	G
ISL1_chr5:51392398-51392614_ISM_run-72_target-10.88_1	1013	T	C
ISL1_chr5:51392398-51392614_ISM_run-72_target-10.88_1	1027	T	G
ISL1_chr5:51392398-51392614_ISM_run-72_target-10.88_1	1036	G	A
ISL1_chr5:51392398-51392614_ISM_run-72_target-10.88_1	1042	A	C
ISL1_chr5:51392398-51392614_ISM_run-72_target-10.88_1	1047	A	G
ISL1_chr5:51392398-51392614_ISM_run-72_target-10.88_1	1054	A	T
ISL1_chr5:51392398-51392614_ISM_run-72_target-10.88_1	1096	G	A
ISL1_chr5:51392398-51392614_ISM_run-73_target-10.88_1	946	T	A
ISL1_chr5:51392398-51392614_ISM_run-73_target-10.88_1	947	T	C
ISL1_chr5:51392398-51392614_ISM_run-73_target-10.88_1	971	T	C
ISL1_chr5:51392398-51392614_ISM_run-73_target-10.88_1	976	T	G
ISL1_chr5:51392398-51392614_ISM_run-73_target-10.88_1	991	T	G
ISL1_chr5:51392398-51392614_ISM_run-73_target-10.88_1	1004	T	A
ISL1_chr5:51392398-51392614_ISM_run-73_target-10.88_1	1027	T	C
ISL1_chr5:51392398-51392614_ISM_run-73_target-10.88_1	1028	A	G
ISL1_chr5:51392398-51392614_ISM_run-73_target-10.88_1	1042	A	C
ISL1_chr5:51392398-51392614_ISM_run-73_target-10.88_1	1047	A	G
ISL1_chr5:51392398-51392614_ISM_run-73_target-10.88_1	1048	G	A
ISL1_chr5:51392398-51392614_ISM_run-73_target-10.88_1	1054	A	C
ISL1_chr5:51392398-51392614_ISM_run-73_target-10.88_1	1062	T	A
ISL1_chr5:51392398-51392614_ISM_run-73_target-10.88_1	1063	T	A
ISL1_chr5:51392398-51392614_ISM_run-73_target-10.88_1	1096	G	T
ISL1_chr5:51392398-51392614_ISM_run-74_target-10.88_1	944	T	A
ISL1_chr5:51392398-51392614_ISM_run-74_target-10.88_1	946	T	C
ISL1_chr5:51392398-51392614_ISM_run-74_target-10.88_1	947	T	A
ISL1_chr5:51392398-51392614_ISM_run-74_target-10.88_1	971	T	C
ISL1_chr5:51392398-51392614_ISM_run-74_target-10.88_1	975	T	G
ISL1_chr5:51392398-51392614_ISM_run-74_target-10.88_1	976	T	G
ISL1_chr5:51392398-51392614_ISM_run-74_target-10.88_1	981	C	A
ISL1_chr5:51392398-51392614_ISM_run-74_target-10.88_1	996	G	T
ISL1_chr5:51392398-51392614_ISM_run-74_target-10.88_1	1001	G	T
ISL1_chr5:51392398-51392614_ISM_run-74_target-10.88_1	1005	T	G
ISL1_chr5:51392398-51392614_ISM_run-74_target-10.88_1	1011	T	A
ISL1_chr5:51392398-51392614_ISM_run-74_target-10.88_1	1027	T	A
ISL1_chr5:51392398-51392614_ISM_run-74_target-10.88_1	1028	A	G
ISL1_chr5:51392398-51392614_ISM_run-74_target-10.88_1	1037	G	C
ISL1_chr5:51392398-51392614_ISM_run-74_target-10.88_1	1054	A	C
ISL1_chr5:51392398-51392614_ISM_run-75_target-10.88_1	946	T	A
ISL1_chr5:51392398-51392614_ISM_run-75_target-10.88_1	947	T	C
ISL1_chr5:51392398-51392614_ISM_run-75_target-10.88_1	964	T	C
ISL1_chr5:51392398-51392614_ISM_run-75_target-10.88_1	973	G	T
ISL1_chr5:51392398-51392614_ISM_run-75_target-10.88_1	977	T	A
ISL1_chr5:51392398-51392614_ISM_run-75_target-10.88_1	979	T	C
ISL1_chr5:51392398-51392614_ISM_run-75_target-10.88_1	1000	G	T
ISL1_chr5:51392398-51392614_ISM_run-75_target-10.88_1	1002	C	T
ISL1_chr5:51392398-51392614_ISM_run-75_target-10.88_1	1027	T	C
ISL1_chr5:51392398-51392614_ISM_run-75_target-10.88_1	1031	T	A
ISL1_chr5:51392398-51392614_ISM_run-75_target-10.88_1	1036	G	A
ISL1_chr5:51392398-51392614_ISM_run-75_target-10.88_1	1047	A	G
ISL1_chr5:51392398-51392614_ISM_run-75_target-10.88_1	1053	T	G
ISL1_chr5:51392398-51392614_ISM_run-75_target-10.88_1	1055	A	T
ISL1_chr5:51392398-51392614_ISM_run-75_target-10.88_1	1096	G	A
ISL1_chr5:51392398-51392614_ISM_run-76_target-10.88_1	922	T	G
ISL1_chr5:51392398-51392614_ISM_run-76_target-10.88_1	930	A	C
ISL1_chr5:51392398-51392614_ISM_run-76_target-10.88_1	944	T	A
ISL1_chr5:51392398-51392614_ISM_run-76_target-10.88_1	960	T	C
ISL1_chr5:51392398-51392614_ISM_run-76_target-10.88_1	964	T	C
ISL1_chr5:51392398-51392614_ISM_run-76_target-10.88_1	971	T	C
ISL1_chr5:51392398-51392614_ISM_run-76_target-10.88_1	976	T	G
ISL1_chr5:51392398-51392614_ISM_run-76_target-10.88_1	996	G	A
ISL1_chr5:51392398-51392614_ISM_run-76_target-10.88_1	1011	T	A
ISL1_chr5:51392398-51392614_ISM_run-76_target-10.88_1	1013	T	G
ISL1_chr5:51392398-51392614_ISM_run-76_target-10.88_1	1015	A	T
ISL1_chr5:51392398-51392614_ISM_run-76_target-10.88_1	1028	A	G
ISL1_chr5:51392398-51392614_ISM_run-76_target-10.88_1	1037	G	C
ISL1_chr5:51392398-51392614_ISM_run-76_target-10.88_1	1048	G	A
ISL1_chr5:51392398-51392614_ISM_run-76_target-10.88_1	1054	A	C
ISL1_chr5:51392398-51392614_ISM_run-77_target-10.88_1	944	T	A
ISL1_chr5:51392398-51392614_ISM_run-77_target-10.88_1	946	T	C
ISL1_chr5:51392398-51392614_ISM_run-77_target-10.88_1	947	T	A
ISL1_chr5:51392398-51392614_ISM_run-77_target-10.88_1	971	T	C
ISL1_chr5:51392398-51392614_ISM_run-77_target-10.88_1	981	C	A
ISL1_chr5:51392398-51392614_ISM_run-77_target-10.88_1	998	A	G
ISL1_chr5:51392398-51392614_ISM_run-77_target-10.88_1	1000	G	T
ISL1_chr5:51392398-51392614_ISM_run-77_target-10.88_1	1002	C	T
ISL1_chr5:51392398-51392614_ISM_run-77_target-10.88_1	1003	A	G
ISL1_chr5:51392398-51392614_ISM_run-77_target-10.88_1	1027	T	C
ISL1_chr5:51392398-51392614_ISM_run-77_target-10.88_1	1031	T	A
ISL1_chr5:51392398-51392614_ISM_run-77_target-10.88_1	1045	C	T
ISL1_chr5:51392398-51392614_ISM_run-77_target-10.88_1	1054	A	G
ISL1_chr5:51392398-51392614_ISM_run-77_target-10.88_1	1084	A	T
ISL1_chr5:51392398-51392614_ISM_run-77_target-10.88_1	1135	A	T
ISL1_chr5:51392398-51392614_ISM_run-78_target-10.88_1	944	T	A
ISL1_chr5:51392398-51392614_ISM_run-78_target-10.88_1	963	G	A
ISL1_chr5:51392398-51392614_ISM_run-78_target-10.88_1	981	C	A
ISL1_chr5:51392398-51392614_ISM_run-78_target-10.88_1	985	C	A
ISL1_chr5:51392398-51392614_ISM_run-78_target-10.88_1	1011	T	A
ISL1_chr5:51392398-51392614_ISM_run-78_target-10.88_1	1027	T	A
ISL1_chr5:51392398-51392614_ISM_run-78_target-10.88_1	1034	T	A
ISL1_chr5:51392398-51392614_ISM_run-78_target-10.88_1	1036	G	A
ISL1_chr5:51392398-51392614_ISM_run-78_target-10.88_1	1042	A	G
ISL1_chr5:51392398-51392614_ISM_run-78_target-10.88_1	1047	A	G
ISL1_chr5:51392398-51392614_ISM_run-78_target-10.88_1	1048	G	A
ISL1_chr5:51392398-51392614_ISM_run-78_target-10.88_1	1054	A	T
ISL1_chr5:51392398-51392614_ISM_run-78_target-10.88_1	1097	G	T
ISL1_chr5:51392398-51392614_ISM_run-78_target-10.88_1	1110	A	C
ISL1_chr5:51392398-51392614_ISM_run-78_target-10.88_1	1135	A	T
ISL1_chr5:51392398-51392614_ISM_run-79_target-10.88_1	930	A	C
ISL1_chr5:51392398-51392614_ISM_run-79_target-10.88_1	944	T	A
ISL1_chr5:51392398-51392614_ISM_run-79_target-10.88_1	945	T	A
ISL1_chr5:51392398-51392614_ISM_run-79_target-10.88_1	968	G	C
ISL1_chr5:51392398-51392614_ISM_run-79_target-10.88_1	971	T	C
ISL1_chr5:51392398-51392614_ISM_run-79_target-10.88_1	976	T	A
ISL1_chr5:51392398-51392614_ISM_run-79_target-10.88_1	986	A	G
ISL1_chr5:51392398-51392614_ISM_run-79_target-10.88_1	989	T	A
ISL1_chr5:51392398-51392614_ISM_run-79_target-10.88_1	1001	G	T
ISL1_chr5:51392398-51392614_ISM_run-79_target-10.88_1	1011	T	A
ISL1_chr5:51392398-51392614_ISM_run-79_target-10.88_1	1013	T	C
ISL1_chr5:51392398-51392614_ISM_run-79_target-10.88_1	1027	T	C
ISL1_chr5:51392398-51392614_ISM_run-79_target-10.88_1	1036	G	T
ISL1_chr5:51392398-51392614_ISM_run-79_target-10.88_1	1054	A	T
ISL1_chr5:51392398-51392614_ISM_run-79_target-10.88_1	1097	G	C
ISL1_chr5:51392398-51392614_ISM_run-80_target-10.88_1	939	C	A
ISL1_chr5:51392398-51392614_ISM_run-80_target-10.88_1	944	T	A
ISL1_chr5:51392398-51392614_ISM_run-80_target-10.88_1	946	T	C
ISL1_chr5:51392398-51392614_ISM_run-80_target-10.88_1	947	T	A
ISL1_chr5:51392398-51392614_ISM_run-80_target-10.88_1	968	G	C
ISL1_chr5:51392398-51392614_ISM_run-80_target-10.88_1	971	T	C
ISL1_chr5:51392398-51392614_ISM_run-80_target-10.88_1	975	T	C
ISL1_chr5:51392398-51392614_ISM_run-80_target-10.88_1	984	T	G
ISL1_chr5:51392398-51392614_ISM_run-80_target-10.88_1	996	G	T
ISL1_chr5:51392398-51392614_ISM_run-80_target-10.88_1	1011	T	A
ISL1_chr5:51392398-51392614_ISM_run-80_target-10.88_1	1013	T	G
ISL1_chr5:51392398-51392614_ISM_run-80_target-10.88_1	1027	T	G
ISL1_chr5:51392398-51392614_ISM_run-80_target-10.88_1	1028	A	G
ISL1_chr5:51392398-51392614_ISM_run-80_target-10.88_1	1036	G	A
ISL1_chr5:51392398-51392614_ISM_run-80_target-10.88_1	1047	A	G
ISL1_chr5:51392398-51392614_ISM_run-81_target-10.88_1	945	T	A
ISL1_chr5:51392398-51392614_ISM_run-81_target-10.88_1	947	T	C
ISL1_chr5:51392398-51392614_ISM_run-81_target-10.88_1	971	T	C
ISL1_chr5:51392398-51392614_ISM_run-81_target-10.88_1	975	T	A
ISL1_chr5:51392398-51392614_ISM_run-81_target-10.88_1	979	T	G
ISL1_chr5:51392398-51392614_ISM_run-81_target-10.88_1	991	T	G
ISL1_chr5:51392398-51392614_ISM_run-81_target-10.88_1	998	A	C
ISL1_chr5:51392398-51392614_ISM_run-81_target-10.88_1	1002	C	T
ISL1_chr5:51392398-51392614_ISM_run-81_target-10.88_1	1027	T	C
ISL1_chr5:51392398-51392614_ISM_run-81_target-10.88_1	1031	T	A
ISL1_chr5:51392398-51392614_ISM_run-81_target-10.88_1	1043	G	C
ISL1_chr5:51392398-51392614_ISM_run-81_target-10.88_1	1055	A	G
ISL1_chr5:51392398-51392614_ISM_run-81_target-10.88_1	1096	G	C
ISL1_chr5:51392398-51392614_ISM_run-81_target-10.88_1	1131	G	T
ISL1_chr5:51392398-51392614_ISM_run-81_target-10.88_1	1135	A	T
ISL1_chr5:51392398-51392614_ISM_run-82_target-10.88_1	930	A	C
ISL1_chr5:51392398-51392614_ISM_run-82_target-10.88_1	945	T	A
ISL1_chr5:51392398-51392614_ISM_run-82_target-10.88_1	947	T	C
ISL1_chr5:51392398-51392614_ISM_run-82_target-10.88_1	964	T	C
ISL1_chr5:51392398-51392614_ISM_run-82_target-10.88_1	972	A	C
ISL1_chr5:51392398-51392614_ISM_run-82_target-10.88_1	976	T	G
ISL1_chr5:51392398-51392614_ISM_run-82_target-10.88_1	996	G	T
ISL1_chr5:51392398-51392614_ISM_run-82_target-10.88_1	1001	G	T
ISL1_chr5:51392398-51392614_ISM_run-82_target-10.88_1	1011	T	A
ISL1_chr5:51392398-51392614_ISM_run-82_target-10.88_1	1027	T	A
ISL1_chr5:51392398-51392614_ISM_run-82_target-10.88_1	1028	A	G
ISL1_chr5:51392398-51392614_ISM_run-82_target-10.88_1	1036	G	A
ISL1_chr5:51392398-51392614_ISM_run-82_target-10.88_1	1047	A	C
ISL1_chr5:51392398-51392614_ISM_run-82_target-10.88_1	1094	T	C
ISL1_chr5:51392398-51392614_ISM_run-82_target-10.88_1	1116	C	G
ISL1_chr5:51392398-51392614_ISM_run-83_target-10.88_1	946	T	A
ISL1_chr5:51392398-51392614_ISM_run-83_target-10.88_1	947	T	C
ISL1_chr5:51392398-51392614_ISM_run-83_target-10.88_1	971	T	C
ISL1_chr5:51392398-51392614_ISM_run-83_target-10.88_1	976	T	A
ISL1_chr5:51392398-51392614_ISM_run-83_target-10.88_1	986	A	G
ISL1_chr5:51392398-51392614_ISM_run-83_target-10.88_1	988	A	G
ISL1_chr5:51392398-51392614_ISM_run-83_target-10.88_1	997	G	C
ISL1_chr5:51392398-51392614_ISM_run-83_target-10.88_1	998	A	C
ISL1_chr5:51392398-51392614_ISM_run-83_target-10.88_1	1002	C	T
ISL1_chr5:51392398-51392614_ISM_run-83_target-10.88_1	1027	T	A
ISL1_chr5:51392398-51392614_ISM_run-83_target-10.88_1	1030	G	T
ISL1_chr5:51392398-51392614_ISM_run-83_target-10.88_1	1036	G	T
ISL1_chr5:51392398-51392614_ISM_run-83_target-10.88_1	1047	A	G
ISL1_chr5:51392398-51392614_ISM_run-83_target-10.88_1	1084	A	T
ISL1_chr5:51392398-51392614_ISM_run-83_target-10.88_1	1096	G	C
ISL1_chr5:51392398-51392614_ISM_run-84_target-10.88_1	929	A	T
ISL1_chr5:51392398-51392614_ISM_run-84_target-10.88_1	935	T	G
ISL1_chr5:51392398-51392614_ISM_run-84_target-10.88_1	944	T	G
ISL1_chr5:51392398-51392614_ISM_run-84_target-10.88_1	951	A	T
ISL1_chr5:51392398-51392614_ISM_run-84_target-10.88_1	963	G	A
ISL1_chr5:51392398-51392614_ISM_run-84_target-10.88_1	976	T	A
ISL1_chr5:51392398-51392614_ISM_run-84_target-10.88_1	977	T	A
ISL1_chr5:51392398-51392614_ISM_run-84_target-10.88_1	991	T	G
ISL1_chr5:51392398-51392614_ISM_run-84_target-10.88_1	997	G	C
ISL1_chr5:51392398-51392614_ISM_run-84_target-10.88_1	1004	T	A
ISL1_chr5:51392398-51392614_ISM_run-84_target-10.88_1	1027	T	G
ISL1_chr5:51392398-51392614_ISM_run-84_target-10.88_1	1036	G	A
ISL1_chr5:51392398-51392614_ISM_run-84_target-10.88_1	1044	G	C
ISL1_chr5:51392398-51392614_ISM_run-84_target-10.88_1	1054	A	T
ISL1_chr5:51392398-51392614_ISM_run-84_target-10.88_1	1096	G	A
ISL1_chr5:51392398-51392614_ISM_run-85_target-10.88_1	934	T	A
ISL1_chr5:51392398-51392614_ISM_run-85_target-10.88_1	935	T	C
ISL1_chr5:51392398-51392614_ISM_run-85_target-10.88_1	944	T	A
ISL1_chr5:51392398-51392614_ISM_run-85_target-10.88_1	946	T	C
ISL1_chr5:51392398-51392614_ISM_run-85_target-10.88_1	947	T	A
ISL1_chr5:51392398-51392614_ISM_run-85_target-10.88_1	963	G	A
ISL1_chr5:51392398-51392614_ISM_run-85_target-10.88_1	981	C	A
ISL1_chr5:51392398-51392614_ISM_run-85_target-10.88_1	992	A	G
ISL1_chr5:51392398-51392614_ISM_run-85_target-10.88_1	1001	G	T
ISL1_chr5:51392398-51392614_ISM_run-85_target-10.88_1	1027	T	C
ISL1_chr5:51392398-51392614_ISM_run-85_target-10.88_1	1028	A	G
ISL1_chr5:51392398-51392614_ISM_run-85_target-10.88_1	1035	T	C
ISL1_chr5:51392398-51392614_ISM_run-85_target-10.88_1	1063	T	G
ISL1_chr5:51392398-51392614_ISM_run-85_target-10.88_1	1096	G	C
ISL1_chr5:51392398-51392614_ISM_run-85_target-10.88_1	1101	A	T
ISL1_chr5:51392398-51392614_ISM_run-86_target-10.88_1	946	T	C
ISL1_chr5:51392398-51392614_ISM_run-86_target-10.88_1	947	T	C
ISL1_chr5:51392398-51392614_ISM_run-86_target-10.88_1	962	A	T
ISL1_chr5:51392398-51392614_ISM_run-86_target-10.88_1	968	G	C
ISL1_chr5:51392398-51392614_ISM_run-86_target-10.88_1	969	G	T
ISL1_chr5:51392398-51392614_ISM_run-86_target-10.88_1	977	T	A
ISL1_chr5:51392398-51392614_ISM_run-86_target-10.88_1	987	T	C
ISL1_chr5:51392398-51392614_ISM_run-86_target-10.88_1	989	T	G
ISL1_chr5:51392398-51392614_ISM_run-86_target-10.88_1	1003	A	G
ISL1_chr5:51392398-51392614_ISM_run-86_target-10.88_1	1011	T	A
ISL1_chr5:51392398-51392614_ISM_run-86_target-10.88_1	1013	T	G
ISL1_chr5:51392398-51392614_ISM_run-86_target-10.88_1	1027	T	G
ISL1_chr5:51392398-51392614_ISM_run-86_target-10.88_1	1036	G	A
ISL1_chr5:51392398-51392614_ISM_run-86_target-10.88_1	1040	A	T
ISL1_chr5:51392398-51392614_ISM_run-86_target-10.88_1	1056	A	C
ISL1_chr5:51392398-51392614_ISM_run-87_target-10.88_1	945	T	A
ISL1_chr5:51392398-51392614_ISM_run-87_target-10.88_1	947	T	A
ISL1_chr5:51392398-51392614_ISM_run-87_target-10.88_1	964	T	C
ISL1_chr5:51392398-51392614_ISM_run-87_target-10.88_1	968	G	C
ISL1_chr5:51392398-51392614_ISM_run-87_target-10.88_1	976	T	G
ISL1_chr5:51392398-51392614_ISM_run-87_target-10.88_1	985	C	A
ISL1_chr5:51392398-51392614_ISM_run-87_target-10.88_1	991	T	G
ISL1_chr5:51392398-51392614_ISM_run-87_target-10.88_1	997	G	C
ISL1_chr5:51392398-51392614_ISM_run-87_target-10.88_1	998	A	C
ISL1_chr5:51392398-51392614_ISM_run-87_target-10.88_1	1003	A	G
ISL1_chr5:51392398-51392614_ISM_run-87_target-10.88_1	1027	T	G
ISL1_chr5:51392398-51392614_ISM_run-87_target-10.88_1	1030	G	C
ISL1_chr5:51392398-51392614_ISM_run-87_target-10.88_1	1036	G	A
ISL1_chr5:51392398-51392614_ISM_run-87_target-10.88_1	1063	T	G
ISL1_chr5:51392398-51392614_ISM_run-87_target-10.88_1	1096	G	C
ISL1_chr5:51392398-51392614_ISM_run-88_target-10.88_1	944	T	G
ISL1_chr5:51392398-51392614_ISM_run-88_target-10.88_1	949	G	C
ISL1_chr5:51392398-51392614_ISM_run-88_target-10.88_1	961	T	C
ISL1_chr5:51392398-51392614_ISM_run-88_target-10.88_1	964	T	C
ISL1_chr5:51392398-51392614_ISM_run-88_target-10.88_1	969	G	C
ISL1_chr5:51392398-51392614_ISM_run-88_target-10.88_1	971	T	C
ISL1_chr5:51392398-51392614_ISM_run-88_target-10.88_1	975	T	G
ISL1_chr5:51392398-51392614_ISM_run-88_target-10.88_1	976	T	G
ISL1_chr5:51392398-51392614_ISM_run-88_target-10.88_1	996	G	A
ISL1_chr5:51392398-51392614_ISM_run-88_target-10.88_1	1002	C	T
ISL1_chr5:51392398-51392614_ISM_run-88_target-10.88_1	1011	T	A
ISL1_chr5:51392398-51392614_ISM_run-88_target-10.88_1	1013	T	G
ISL1_chr5:51392398-51392614_ISM_run-88_target-10.88_1	1028	A	G
ISL1_chr5:51392398-51392614_ISM_run-88_target-10.88_1	1036	G	T
ISL1_chr5:51392398-51392614_ISM_run-88_target-10.88_1	1047	A	G
ISL1_chr5:51392398-51392614_ISM_run-89_target-10.88_1	945	T	G
ISL1_chr5:51392398-51392614_ISM_run-89_target-10.88_1	946	T	C
ISL1_chr5:51392398-51392614_ISM_run-89_target-10.88_1	947	T	A
ISL1_chr5:51392398-51392614_ISM_run-89_target-10.88_1	968	G	C
ISL1_chr5:51392398-51392614_ISM_run-89_target-10.88_1	971	T	C
ISL1_chr5:51392398-51392614_ISM_run-89_target-10.88_1	977	T	A
ISL1_chr5:51392398-51392614_ISM_run-89_target-10.88_1	988	A	G
ISL1_chr5:51392398-51392614_ISM_run-89_target-10.88_1	996	G	T
ISL1_chr5:51392398-51392614_ISM_run-89_target-10.88_1	1000	G	T
ISL1_chr5:51392398-51392614_ISM_run-89_target-10.88_1	1002	C	T
ISL1_chr5:51392398-51392614_ISM_run-89_target-10.88_1	1012	C	T
ISL1_chr5:51392398-51392614_ISM_run-89_target-10.88_1	1027	T	A
ISL1_chr5:51392398-51392614_ISM_run-89_target-10.88_1	1028	A	G
ISL1_chr5:51392398-51392614_ISM_run-89_target-10.88_1	1036	G	A
ISL1_chr5:51392398-51392614_ISM_run-90_target-10.88_1	944	T	A
ISL1_chr5:51392398-51392614_ISM_run-90_target-10.88_1	956	A	G
ISL1_chr5:51392398-51392614_ISM_run-90_target-10.88_1	964	T	C
ISL1_chr5:51392398-51392614_ISM_run-90_target-10.88_1	976	T	G
ISL1_chr5:51392398-51392614_ISM_run-90_target-10.88_1	985	C	A
ISL1_chr5:51392398-51392614_ISM_run-90_target-10.88_1	996	G	T
ISL1_chr5:51392398-51392614_ISM_run-90_target-10.88_1	1002	C	T
ISL1_chr5:51392398-51392614_ISM_run-90_target-10.88_1	1011	T	A
ISL1_chr5:51392398-51392614_ISM_run-90_target-10.88_1	1025	G	C
ISL1_chr5:51392398-51392614_ISM_run-90_target-10.88_1	1027	T	C
ISL1_chr5:51392398-51392614_ISM_run-90_target-10.88_1	1031	T	A
ISL1_chr5:51392398-51392614_ISM_run-90_target-10.88_1	1040	A	C
ISL1_chr5:51392398-51392614_ISM_run-90_target-10.88_1	1054	A	C
ISL1_chr5:51392398-51392614_ISM_run-90_target-10.88_1	1062	T	A
ISL1_chr5:51392398-51392614_ISM_run-90_target-10.88_1	1135	A	T
ISL1_chr5:51392398-51392614_ISM_run-91_target-10.88_1	946	T	A
ISL1_chr5:51392398-51392614_ISM_run-91_target-10.88_1	947	T	C
ISL1_chr5:51392398-51392614_ISM_run-91_target-10.88_1	964	T	C
ISL1_chr5:51392398-51392614_ISM_run-91_target-10.88_1	971	T	C
ISL1_chr5:51392398-51392614_ISM_run-91_target-10.88_1	976	T	G
ISL1_chr5:51392398-51392614_ISM_run-91_target-10.88_1	979	T	C
ISL1_chr5:51392398-51392614_ISM_run-91_target-10.88_1	984	T	G
ISL1_chr5:51392398-51392614_ISM_run-91_target-10.88_1	985	C	G
ISL1_chr5:51392398-51392614_ISM_run-91_target-10.88_1	996	G	A
ISL1_chr5:51392398-51392614_ISM_run-91_target-10.88_1	1002	C	T
ISL1_chr5:51392398-51392614_ISM_run-91_target-10.88_1	1027	T	C
ISL1_chr5:51392398-51392614_ISM_run-91_target-10.88_1	1028	A	C
ISL1_chr5:51392398-51392614_ISM_run-91_target-10.88_1	1036	G	A
ISL1_chr5:51392398-51392614_ISM_run-91_target-10.88_1	1040	A	C
ISL1_chr5:51392398-51392614_ISM_run-91_target-10.88_1	1054	A	T
ISL1_chr5:51392398-51392614_ISM_run-92_target-10.88_1	944	T	A
ISL1_chr5:51392398-51392614_ISM_run-92_target-10.88_1	946	T	C
ISL1_chr5:51392398-51392614_ISM_run-92_target-10.88_1	947	T	A
ISL1_chr5:51392398-51392614_ISM_run-92_target-10.88_1	963	G	A
ISL1_chr5:51392398-51392614_ISM_run-92_target-10.88_1	977	T	A
ISL1_chr5:51392398-51392614_ISM_run-92_target-10.88_1	992	A	G
ISL1_chr5:51392398-51392614_ISM_run-92_target-10.88_1	996	G	T
ISL1_chr5:51392398-51392614_ISM_run-92_target-10.88_1	1004	T	A
ISL1_chr5:51392398-51392614_ISM_run-92_target-10.88_1	1027	T	G
ISL1_chr5:51392398-51392614_ISM_run-92_target-10.88_1	1037	G	A
ISL1_chr5:51392398-51392614_ISM_run-92_target-10.88_1	1063	T	G
ISL1_chr5:51392398-51392614_ISM_run-92_target-10.88_1	1096	G	A
ISL1_chr5:51392398-51392614_ISM_run-92_target-10.88_1	1131	G	T
ISL1_chr5:51392398-51392614_ISM_run-92_target-10.88_1	1135	A	T
ISL1_chr5:51392398-51392614_ISM_run-92_target-10.88_1	1143	G	C
ISL1_chr5:51392398-51392614_ISM_run-93_target-10.88_1	944	T	A
ISL1_chr5:51392398-51392614_ISM_run-93_target-10.88_1	956	A	G
ISL1_chr5:51392398-51392614_ISM_run-93_target-10.88_1	963	G	A
ISL1_chr5:51392398-51392614_ISM_run-93_target-10.88_1	976	T	G
ISL1_chr5:51392398-51392614_ISM_run-93_target-10.88_1	996	G	T
ISL1_chr5:51392398-51392614_ISM_run-93_target-10.88_1	1001	G	T
ISL1_chr5:51392398-51392614_ISM_run-93_target-10.88_1	1002	C	T
ISL1_chr5:51392398-51392614_ISM_run-93_target-10.88_1	1027	T	C
ISL1_chr5:51392398-51392614_ISM_run-93_target-10.88_1	1031	T	A
ISL1_chr5:51392398-51392614_ISM_run-93_target-10.88_1	1046	A	C
ISL1_chr5:51392398-51392614_ISM_run-93_target-10.88_1	1063	T	G
ISL1_chr5:51392398-51392614_ISM_run-93_target-10.88_1	1096	G	T
ISL1_chr5:51392398-51392614_ISM_run-93_target-10.88_1	1123	T	A
ISL1_chr5:51392398-51392614_ISM_run-93_target-10.88_1	1131	G	T
ISL1_chr5:51392398-51392614_ISM_run-93_target-10.88_1	1135	A	T
ISL1_chr5:51392398-51392614_ISM_run-94_target-10.88_1	946	T	C
ISL1_chr5:51392398-51392614_ISM_run-94_target-10.88_1	947	T	A
ISL1_chr5:51392398-51392614_ISM_run-94_target-10.88_1	958	C	A
ISL1_chr5:51392398-51392614_ISM_run-94_target-10.88_1	968	G	C
ISL1_chr5:51392398-51392614_ISM_run-94_target-10.88_1	971	T	C
ISL1_chr5:51392398-51392614_ISM_run-94_target-10.88_1	976	T	G
ISL1_chr5:51392398-51392614_ISM_run-94_target-10.88_1	985	C	A
ISL1_chr5:51392398-51392614_ISM_run-94_target-10.88_1	1004	T	A
ISL1_chr5:51392398-51392614_ISM_run-94_target-10.88_1	1027	T	C
ISL1_chr5:51392398-51392614_ISM_run-94_target-10.88_1	1031	T	A
ISL1_chr5:51392398-51392614_ISM_run-94_target-10.88_1	1044	G	A
ISL1_chr5:51392398-51392614_ISM_run-94_target-10.88_1	1047	A	G
ISL1_chr5:51392398-51392614_ISM_run-94_target-10.88_1	1054	A	C
ISL1_chr5:51392398-51392614_ISM_run-94_target-10.88_1	1084	A	T
ISL1_chr5:51392398-51392614_ISM_run-95_target-10.88_1	944	T	A
ISL1_chr5:51392398-51392614_ISM_run-95_target-10.88_1	946	T	C
ISL1_chr5:51392398-51392614_ISM_run-95_target-10.88_1	956	A	G
ISL1_chr5:51392398-51392614_ISM_run-95_target-10.88_1	963	G	A
ISL1_chr5:51392398-51392614_ISM_run-95_target-10.88_1	973	G	T
ISL1_chr5:51392398-51392614_ISM_run-95_target-10.88_1	977	T	A
ISL1_chr5:51392398-51392614_ISM_run-95_target-10.88_1	992	A	G
ISL1_chr5:51392398-51392614_ISM_run-95_target-10.88_1	1004	T	A
ISL1_chr5:51392398-51392614_ISM_run-95_target-10.88_1	1028	A	G
ISL1_chr5:51392398-51392614_ISM_run-95_target-10.88_1	1037	G	C
ISL1_chr5:51392398-51392614_ISM_run-95_target-10.88_1	1040	A	G
ISL1_chr5:51392398-51392614_ISM_run-95_target-10.88_1	1054	A	T
ISL1_chr5:51392398-51392614_ISM_run-95_target-10.88_1	1096	G	T
ISL1_chr5:51392398-51392614_ISM_run-95_target-10.88_1	1131	G	T
ISL1_chr5:51392398-51392614_ISM_run-95_target-10.88_1	1135	A	T
ISL1_chr5:51392398-51392614_ISM_run-96_target-10.88_1	939	C	T
ISL1_chr5:51392398-51392614_ISM_run-96_target-10.88_1	944	T	A
ISL1_chr5:51392398-51392614_ISM_run-96_target-10.88_1	971	T	C
ISL1_chr5:51392398-51392614_ISM_run-96_target-10.88_1	976	T	G
ISL1_chr5:51392398-51392614_ISM_run-96_target-10.88_1	981	C	A
ISL1_chr5:51392398-51392614_ISM_run-96_target-10.88_1	991	T	G
ISL1_chr5:51392398-51392614_ISM_run-96_target-10.88_1	1002	C	A
ISL1_chr5:51392398-51392614_ISM_run-96_target-10.88_1	1011	T	A
ISL1_chr5:51392398-51392614_ISM_run-96_target-10.88_1	1028	A	G
ISL1_chr5:51392398-51392614_ISM_run-96_target-10.88_1	1036	G	A
ISL1_chr5:51392398-51392614_ISM_run-96_target-10.88_1	1041	G	C
ISL1_chr5:51392398-51392614_ISM_run-96_target-10.88_1	1063	T	G
ISL1_chr5:51392398-51392614_ISM_run-96_target-10.88_1	1123	T	A
ISL1_chr5:51392398-51392614_ISM_run-96_target-10.88_1	1131	G	T
ISL1_chr5:51392398-51392614_ISM_run-96_target-10.88_1	1135	A	T
ISL1_chr5:51392398-51392614_ISM_run-97_target-10.88_1	945	T	C
ISL1_chr5:51392398-51392614_ISM_run-97_target-10.88_1	947	T	C
ISL1_chr5:51392398-51392614_ISM_run-97_target-10.88_1	964	T	C
ISL1_chr5:51392398-51392614_ISM_run-97_target-10.88_1	973	G	T
ISL1_chr5:51392398-51392614_ISM_run-97_target-10.88_1	977	T	A
ISL1_chr5:51392398-51392614_ISM_run-97_target-10.88_1	991	T	G
ISL1_chr5:51392398-51392614_ISM_run-97_target-10.88_1	1004	T	A
ISL1_chr5:51392398-51392614_ISM_run-97_target-10.88_1	1026	T	C
ISL1_chr5:51392398-51392614_ISM_run-97_target-10.88_1	1030	G	A
ISL1_chr5:51392398-51392614_ISM_run-97_target-10.88_1	1036	G	A
ISL1_chr5:51392398-51392614_ISM_run-97_target-10.88_1	1037	G	A
ISL1_chr5:51392398-51392614_ISM_run-97_target-10.88_1	1047	A	G
ISL1_chr5:51392398-51392614_ISM_run-97_target-10.88_1	1054	A	C
ISL1_chr5:51392398-51392614_ISM_run-97_target-10.88_1	1085	A	G
ISL1_chr5:51392398-51392614_ISM_run-97_target-10.88_1	1096	G	T
ISL1_chr5:51392398-51392614_ISM_run-98_target-10.88_1	946	T	G
ISL1_chr5:51392398-51392614_ISM_run-98_target-10.88_1	947	T	C
ISL1_chr5:51392398-51392614_ISM_run-98_target-10.88_1	964	T	C
ISL1_chr5:51392398-51392614_ISM_run-98_target-10.88_1	968	G	C
ISL1_chr5:51392398-51392614_ISM_run-98_target-10.88_1	972	A	T
ISL1_chr5:51392398-51392614_ISM_run-98_target-10.88_1	976	T	G
ISL1_chr5:51392398-51392614_ISM_run-98_target-10.88_1	989	T	A
ISL1_chr5:51392398-51392614_ISM_run-98_target-10.88_1	998	A	C
ISL1_chr5:51392398-51392614_ISM_run-98_target-10.88_1	1002	C	T
ISL1_chr5:51392398-51392614_ISM_run-98_target-10.88_1	1003	A	G
ISL1_chr5:51392398-51392614_ISM_run-98_target-10.88_1	1027	T	G
ISL1_chr5:51392398-51392614_ISM_run-98_target-10.88_1	1036	G	A
ISL1_chr5:51392398-51392614_ISM_run-98_target-10.88_1	1044	G	C
ISL1_chr5:51392398-51392614_ISM_run-98_target-10.88_1	1054	A	T
ISL1_chr5:51392398-51392614_ISM_run-98_target-10.88_1	1096	G	A
ISL1_chr5:51392398-51392614_ISM_run-99_target-10.88_1	946	T	A
ISL1_chr5:51392398-51392614_ISM_run-99_target-10.88_1	947	T	C
ISL1_chr5:51392398-51392614_ISM_run-99_target-10.88_1	968	G	C
ISL1_chr5:51392398-51392614_ISM_run-99_target-10.88_1	971	T	C
ISL1_chr5:51392398-51392614_ISM_run-99_target-10.88_1	976	T	G
ISL1_chr5:51392398-51392614_ISM_run-99_target-10.88_1	996	G	A
ISL1_chr5:51392398-51392614_ISM_run-99_target-10.88_1	1011	T	A
ISL1_chr5:51392398-51392614_ISM_run-99_target-10.88_1	1013	T	G
ISL1_chr5:51392398-51392614_ISM_run-99_target-10.88_1	1015	A	T
ISL1_chr5:51392398-51392614_ISM_run-99_target-10.88_1	1027	T	G
ISL1_chr5:51392398-51392614_ISM_run-99_target-10.88_1	1036	G	A
ISL1_chr5:51392398-51392614_ISM_run-99_target-10.88_1	1040	A	T
ISL1_chr5:51392398-51392614_ISM_run-99_target-10.88_1	1063	T	G
ISL1_chr5:51392398-51392614_ISM_run-99_target-10.88_1	1097	G	T
ISL1_chr5:51392398-51392614_ISM_run-99_target-10.88_1	1101	A	T
ISL1_chr5:51392398-51392614_ISM_run-100_target-10.88_1	944	T	A
ISL1_chr5:51392398-51392614_ISM_run-100_target-10.88_1	946	T	C
ISL1_chr5:51392398-51392614_ISM_run-100_target-10.88_1	947	T	A
ISL1_chr5:51392398-51392614_ISM_run-100_target-10.88_1	964	T	C
ISL1_chr5:51392398-51392614_ISM_run-100_target-10.88_1	968	G	C
ISL1_chr5:51392398-51392614_ISM_run-100_target-10.88_1	972	A	G
ISL1_chr5:51392398-51392614_ISM_run-100_target-10.88_1	979	T	G
ISL1_chr5:51392398-51392614_ISM_run-100_target-10.88_1	996	G	A
ISL1_chr5:51392398-51392614_ISM_run-100_target-10.88_1	1011	T	A
ISL1_chr5:51392398-51392614_ISM_run-100_target-10.88_1	1013	T	G
ISL1_chr5:51392398-51392614_ISM_run-100_target-10.88_1	1015	A	T
ISL1_chr5:51392398-51392614_ISM_run-100_target-10.88_1	1028	A	G
ISL1_chr5:51392398-51392614_ISM_run-100_target-10.88_1	1036	G	A
ISL1_chr5:51392398-51392614_ISM_run-100_target-10.88_1	1040	A	T
ISL1_chr5:51392398-51392614_ISM_run-100_target-10.88_1	1084	A	T
