id	start	end	attribution	p-value	attribution_proportion	delta_attribution	type	annotation
ISL1_chr5:51398819-51399745_Ledidi_run-10_target-10.88_1	926	953	1.0345381707141847	0.04530835349892779	0.15220943288934208	1.0345381707141847	addition	HNF1B_MA0153.2
ISL1_chr5:51398819-51399745_Ledidi_run-10_target-10.88_1	956	975	0.3611362140050931	0.028160658238195507	0.053133214303317945	0.3611362140050931	addition	ELK1_HUMAN.H11MO.0.B
ISL1_chr5:51398819-51399745_Ledidi_run-10_target-10.88_1	977	992	0.25898300750426717	0.02678549559011318	0.03810362712183708	0.25898300750426717	addition	CEBPB_HUMAN.H11MO.0.A
ISL1_chr5:51398819-51399745_Ledidi_run-10_target-10.88_1	1075	1103	1.1859423709524788	0.04677610953918666	0.17448521556000576	1.1859423709524788	addition	ZBTB33_MA0527.1
ISL1_chr5:51398819-51399745_Ledidi_run-10_target-10.88_10	927	953	0.9826560271069176	0.0017118220595127218	0.1451771945910468	0.9826560271069176	addition	HNF1B_MA0153.2
ISL1_chr5:51398819-51399745_Ledidi_run-10_target-10.88_10	956	975	0.33893654544955065	0.04147688533789045	0.05007434489321334	0.33893654544955065	addition	ELK1_HUMAN.H11MO.0.B
ISL1_chr5:51398819-51399745_Ledidi_run-10_target-10.88_10	1076	1103	1.2628045947878852	0.009412704488786647	0.18656622798899455	1.2628045947878852	addition	ZBTB33_MA0527.1
ISL1_chr5:51398819-51399745_Ledidi_run-10_target-10.88_2	927	953	1.066950438611365	0.0007445593754255908	0.16242818665610326	1.066950438611365	addition	HNF1B_MA0153.2
ISL1_chr5:51398819-51399745_Ledidi_run-10_target-10.88_2	956	975	0.4185396536607062	0.03112804407862404	0.06371677120847463	0.4185396536607062	addition	ELK1_HUMAN.H11MO.0.B
ISL1_chr5:51398819-51399745_Ledidi_run-10_target-10.88_2	1062	1077	0.27893239036112405	0.04015591287097021	0.04246353038195106	0.27893239036112405	addition	ELK1_HUMAN.H11MO.0.B
ISL1_chr5:51398819-51399745_Ledidi_run-10_target-10.88_2	1076	1103	1.1526500503368595	0.008725774661763653	0.17547474629557544	1.1526500503368595	addition	ZBTB33_MA0527.1
ISL1_chr5:51398819-51399745_Ledidi_run-10_target-10.88_3	927	953	1.0009197540821326	0.001025774563439776	0.1491318583899925	1.0009197540821326	addition	HNF1B_MA0153.2
ISL1_chr5:51398819-51399745_Ledidi_run-10_target-10.88_3	956	975	0.3250200938659402	0.0479037338874498	0.048426310315721956	0.3250200938659402	addition	ELK1_HUMAN.H11MO.0.B
ISL1_chr5:51398819-51399745_Ledidi_run-10_target-10.88_3	1061	1077	0.3624583383517952	0.03381649792652908	0.05400441480638055	0.3624583383517952	addition	ELK1_HUMAN.H11MO.0.B
ISL1_chr5:51398819-51399745_Ledidi_run-10_target-10.88_3	1071	1093	1.0532822784390232	0.0479037338874498	0.1569336032706251	1.0532822784390232	addition	JUN+JUNB_MA1133.1
ISL1_chr5:51398819-51399745_Ledidi_run-10_target-10.88_3	1083	1102	0.9292870759780882	3.2194091431342122e-06	0.1384589604243563	0.9292870759780882	addition	ZBTB33_MA0527.1
ISL1_chr5:51398819-51399745_Ledidi_run-10_target-10.88_3	1097	1113	0.3271387985389489	0.03191337114952711	0.048741986336678395	0.3271387985389489	addition	CTCFL_MOUSE.H11MO.0.A
ISL1_chr5:51398819-51399745_Ledidi_run-10_target-10.88_4	927	953	1.0592871657971232	0.002288021756323504	0.1587900108858044	1.0592871657971232	addition	HNF1B_MA0153.2
ISL1_chr5:51398819-51399745_Ledidi_run-10_target-10.88_4	956	976	0.4005228092270945	0.039831538863529546	0.06003945227574286	0.4005228092270945	addition	ELK1_HUMAN.H11MO.0.B
ISL1_chr5:51398819-51399745_Ledidi_run-10_target-10.88_4	1075	1103	1.1793732525615517	0.02419587366383798	0.17679124005222033	1.1793732525615517	addition	ZBTB33_MA0527.1
ISL1_chr5:51398819-51399745_Ledidi_run-10_target-10.88_5	926	953	0.9897830755657486	0.0404826228448533	0.14834172611390264	0.9897830755657486	addition	HNF1B_MA0153.2
ISL1_chr5:51398819-51399745_Ledidi_run-10_target-10.88_5	957	975	0.31941169229916966	0.019710190003099565	0.04787117798466954	0.31941169229916966	addition	ELK1_HUMAN.H11MO.0.B
ISL1_chr5:51398819-51399745_Ledidi_run-10_target-10.88_5	1061	1077	0.34224632778170205	0.030614353732317915	0.05129347255231959	0.34224632778170205	addition	ELK1_HUMAN.H11MO.0.B
ISL1_chr5:51398819-51399745_Ledidi_run-10_target-10.88_5	1075	1091	0.7029121289989941	0.04147688533789045	0.10534752623700781	0.7029121289989941	addition	JUN+JUNB_MA1133.1
ISL1_chr5:51398819-51399745_Ledidi_run-10_target-10.88_5	1081	1103	1.0585691701204318	0.0024004551732347795	0.15865090218568326	1.0585691701204318	addition	ZBTB33_MA0527.1
ISL1_chr5:51398819-51399745_Ledidi_run-10_target-10.88_5	1097	1112	0.3436359233511981	0.04306365411945478	0.051501735363099065	0.3436359233511981	addition	SP2_HUMAN.H11MO.0.A
ISL1_chr5:51398819-51399745_Ledidi_run-10_target-10.88_6	927	953	1.0254871210258638	0.0026413498189919197	0.15379898915383347	1.0254871210258638	addition	HNF1B_MA0153.2
ISL1_chr5:51398819-51399745_Ledidi_run-10_target-10.88_6	957	976	0.37469596475833833	0.026108710687460436	0.05619559664699037	0.37469596475833833	addition	ELK1_HUMAN.H11MO.0.B
ISL1_chr5:51398819-51399745_Ledidi_run-10_target-10.88_6	1061	1078	0.3638416442562642	0.0340966276658786	0.05456770343707786	0.3638416442562642	addition	ELK1_HUMAN.H11MO.0.B
ISL1_chr5:51398819-51399745_Ledidi_run-10_target-10.88_6	1075	1091	0.7019355032589085	0.04530835349892779	0.10527384365823227	0.7019355032589085	addition	JUN+JUNB_MA1133.1
ISL1_chr5:51398819-51399745_Ledidi_run-10_target-10.88_6	1081	1103	1.026095713307864	0.0010888336057580702	0.15389026370605294	1.026095713307864	addition	ZBTB33_MA0527.1
ISL1_chr5:51398819-51399745_Ledidi_run-10_target-10.88_7	926	953	1.0021348544567252	0.03855716867753284	0.14959440420346282	1.0021348544567252	addition	HNF1B_MA0153.2
ISL1_chr5:51398819-51399745_Ledidi_run-10_target-10.88_7	957	975	0.3028551865715492	0.0340966276658786	0.045208926716415174	0.3028551865715492	addition	ELK1_HUMAN.H11MO.0.B
ISL1_chr5:51398819-51399745_Ledidi_run-10_target-10.88_7	1072	1086	0.4417793426214307	0.04828477727390145	0.06594693045047086	0.4417793426214307	addition	ETV6_ETS_1
ISL1_chr5:51398819-51399745_Ledidi_run-10_target-10.88_7	1076	1103	1.177646877746234	0.014658491819494128	0.1757940882457587	1.177646877746234	addition	ZBTB33_MA0527.1
ISL1_chr5:51398819-51399745_Ledidi_run-10_target-10.88_8	926	953	1.076066039815442	0.041813055774825705	0.15882789702908784	1.076066039815442	addition	HNF1B_MA0153.2
ISL1_chr5:51398819-51399745_Ledidi_run-10_target-10.88_8	956	975	0.3628313671131982	0.047149411756877535	0.05355409508570872	0.3628313671131982	addition	ELK1_HUMAN.H11MO.0.B
ISL1_chr5:51398819-51399745_Ledidi_run-10_target-10.88_8	978	992	0.2517645354393139	0.0340966276658786	0.037160574008254885	0.2517645354393139	addition	CEBPB_HUMAN.H11MO.0.A
ISL1_chr5:51398819-51399745_Ledidi_run-10_target-10.88_8	1061	1078	0.38027176533673934	0.016428329168434026	0.05612830677040232	0.38027176533673934	addition	ELK1_HUMAN.H11MO.0.B
ISL1_chr5:51398819-51399745_Ledidi_run-10_target-10.88_8	1071	1085	0.42903319988032873	0.03353845565274889	0.06332551941174552	0.42903319988032873	addition	ETV6_ETS_1
ISL1_chr5:51398819-51399745_Ledidi_run-10_target-10.88_8	1075	1101	1.1558512661256781	0.03762534443726804	0.1706042371791943	1.1558512661256781	addition	ZBTB33_MA0527.1
ISL1_chr5:51398819-51399745_Ledidi_run-10_target-10.88_9	926	953	1.0658773447760401	0.030614353732317915	0.15473875201628012	1.0658773447760401	addition	HNF1B_MA0153.2
ISL1_chr5:51398819-51399745_Ledidi_run-10_target-10.88_9	956	975	0.3743385253997129	0.03552900589263079	0.054344598406055024	0.3743385253997129	addition	ELK1_HUMAN.H11MO.0.B
ISL1_chr5:51398819-51399745_Ledidi_run-10_target-10.88_9	977	992	0.2595549488435902	0.04388076183319217	0.037680891765408134	0.2595549488435902	addition	CEBPB_HUMAN.H11MO.0.A
ISL1_chr5:51398819-51399745_Ledidi_run-10_target-10.88_9	1060	1078	0.4618976155707406	0.03381649792652908	0.06705599001893578	0.4618976155707406	addition	ELK1_HUMAN.H11MO.0.B
ISL1_chr5:51398819-51399745_Ledidi_run-10_target-10.88_9	1071	1093	1.049893604729716	0.024609371688258226	0.15241831242776394	1.049893604729716	addition	ETV6_ETS_1
ISL1_chr5:51398819-51399745_Ledidi_run-10_target-10.88_9	1083	1102	0.9440419771057105	1.0343069516331116e-05	0.1370513015444693	0.9440419771057105	addition	ZBTB33_MA0527.1
ISL1_chr5:51398819-51399745_Ledidi_run-10_target-7.64_1	1046	1062	0.3072729180900036	0.027925523486782466	0.06706605066821887	0.3072729180900036	addition	TYY1_HUMAN.H11MO.0.A
ISL1_chr5:51398819-51399745_Ledidi_run-10_target-7.64_1	1083	1101	0.40026810095736054	0.04494771926570335	0.08736338010698057	0.40026810095736054	addition	ZBTB33_MA0527.1
ISL1_chr5:51398819-51399745_Ledidi_run-10_target-7.64_10	1045	1063	0.3899503422919518	0.04983510785121179	0.08469060008430565	0.3899503422919518	addition	TYY1_HUMAN.H11MO.0.A
ISL1_chr5:51398819-51399745_Ledidi_run-10_target-7.64_10	1084	1101	0.3175987356771812	0.019710190003099565	0.06897705834139074	0.3175987356771812	addition	ZBTB33_MA0527.1
ISL1_chr5:51398819-51399745_Ledidi_run-10_target-7.64_2	1046	1063	0.3526640508458818	0.020225497656574557	0.0790063925773971	0.3526640508458818	addition	TYY1_HUMAN.H11MO.0.A
ISL1_chr5:51398819-51399745_Ledidi_run-10_target-7.64_2	1083	1100	0.34726091663385206	0.04828477727390145	0.07779594274084559	0.34726091663385206	addition	ZBTB33_MA0527.1
ISL1_chr5:51398819-51399745_Ledidi_run-10_target-7.64_3	1045	1063	0.3999388789544041	0.04458958369265344	0.08919344707956171	0.3999388789544041	addition	TYY1_HUMAN.H11MO.0.A
ISL1_chr5:51398819-51399745_Ledidi_run-10_target-7.64_3	1083	1100	0.3314260431805991	0.04283597838771647	0.07391387234094705	0.3314260431805991	addition	ZBTB33_MA0527.1
ISL1_chr5:51398819-51399745_Ledidi_run-10_target-7.64_4	1046	1063	0.34005408825764005	0.01823595596320157	0.07380563728392896	0.34005408825764005	addition	TYY1_HUMAN.H11MO.0.A
ISL1_chr5:51398819-51399745_Ledidi_run-10_target-7.64_4	1083	1101	0.3553756104281013	0.04983510785121179	0.07713103388111375	0.3553756104281013	addition	ZBTB33_MA0527.1
ISL1_chr5:51398819-51399745_Ledidi_run-10_target-7.64_5	1046	1063	0.3394685706173795	0.025889462766240812	0.0718399276097679	0.3394685706173795	addition	TYY1_HUMAN.H11MO.0.A
ISL1_chr5:51398819-51399745_Ledidi_run-10_target-7.64_5	1083	1100	0.37077022412610383	0.03437885677453818	0.07846413001543728	0.37077022412610383	addition	ZBTB33_MA0527.1
ISL1_chr5:51398819-51399745_Ledidi_run-10_target-7.64_6	1045	1064	0.3992391584524291	0.04530835349892779	0.08876942378843024	0.3992391584524291	addition	TYY1_HUMAN.H11MO.0.A
ISL1_chr5:51398819-51399745_Ledidi_run-10_target-7.64_6	1083	1101	0.35905688737626873	0.0435300523578736	0.07983503703196111	0.35905688737626873	addition	ZBTB33_MA0527.1
ISL1_chr5:51398819-51399745_Ledidi_run-10_target-7.64_7	1046	1063	0.3411566515660209	0.03494966097105987	0.07476117943595452	0.3411566515660209	addition	TYY1_HUMAN.H11MO.0.A
ISL1_chr5:51398819-51399745_Ledidi_run-10_target-7.64_7	1083	1101	0.36707928215367946	0.04283597838771647	0.08044187312291569	0.36707928215367946	addition	ZBTB33_MA0527.1
ISL1_chr5:51398819-51399745_Ledidi_run-10_target-7.64_8	1046	1063	0.3388604818135792	0.03731923616991746	0.07377668706974261	0.3388604818135792	addition	TYY1_HUMAN.H11MO.0.A
ISL1_chr5:51398819-51399745_Ledidi_run-10_target-7.64_8	1083	1101	0.3622896062751284	0.04458958369265344	0.0788776748699922	0.3622896062751284	addition	ZBTB33_MA0527.1
ISL1_chr5:51398819-51399745_Ledidi_run-10_target-7.64_9	1046	1062	0.25720185126111117	0.04866842459137308	0.056451498432535344	0.25720185126111117	addition	TYY1_HUMAN.H11MO.0.A
ISL1_chr5:51398819-51399745_Ledidi_run-10_target-7.64_9	1084	1101	0.3365271071859166	0.013301747151347118	0.07386206347529442	0.3365271071859166	addition	ZBTB33_MA0527.1
ISL1_chr5:51398819-51399745_Ledidi_run-1_target-10.88_1	928	948	0.42869349960163994	0.011434539267240883	0.05977637879785683	0.42869349960163994	addition	HNF6_HUMAN.H11MO.0.B
ISL1_chr5:51398819-51399745_Ledidi_run-1_target-10.88_1	985	1011	0.9596221393588729	0.03298858577764942	0.1338082722467908	0.9596221393588729	addition	SP2_HUMAN.H11MO.0.A
ISL1_chr5:51398819-51399745_Ledidi_run-1_target-10.88_1	1041	1060	0.4833274384527191	0.009467267179531082	0.06739445331266937	0.4833274384527191	addition	JUN+JUNB_MA1133.1
ISL1_chr5:51398819-51399745_Ledidi_run-1_target-10.88_1	1061	1082	0.6341019911166379	0.039189752082230286	0.08841823086350897	0.6341019911166379	addition	CTCFL_MOUSE.H11MO.0.A
ISL1_chr5:51398819-51399745_Ledidi_run-1_target-10.88_1	1072	1087	0.5086207232037303	0.0311209226404861	0.07092131101338903	0.5086207232037303	addition	ETV6_ETS_1
ISL1_chr5:51398819-51399745_Ledidi_run-1_target-10.88_1	1077	1103	1.2425199208308984	0.025889462766240812	0.17325511471596555	1.2425199208308984	addition	ZBTB33_MA0527.1
ISL1_chr5:51398819-51399745_Ledidi_run-1_target-10.88_10	928	947	0.4324749101075362	0.006449768357994603	0.060036430154398454	0.4324749101075362	addition	HNF6_HUMAN.H11MO.0.B
ISL1_chr5:51398819-51399745_Ledidi_run-1_target-10.88_10	978	992	0.22910332320912374	0.04983510785121179	0.03180426272258204	0.22910332320912374	addition	ETV6_ETS_1
ISL1_chr5:51398819-51399745_Ledidi_run-1_target-10.88_10	985	1011	0.9479572995473378	0.03731923616991746	0.13159600909443414	0.9479572995473378	addition	SP2_HUMAN.H11MO.0.A
ISL1_chr5:51398819-51399745_Ledidi_run-1_target-10.88_10	1028	1042	0.31235541754196827	0.04828477727390145	0.043361369111432214	0.31235541754196827	addition	NRF1_HUMAN.H11MO.0.A
ISL1_chr5:51398819-51399745_Ledidi_run-1_target-10.88_10	1033	1048	0.3641273995117136	0.04147688533789045	0.050548387148405795	0.3641273995117136	addition	TYY1_HUMAN.H11MO.0.A
ISL1_chr5:51398819-51399745_Ledidi_run-1_target-10.88_10	1040	1060	0.4985090835673076	0.022223147964034618	0.06920333429164707	0.4985090835673076	addition	JUN+JUNB_MA1133.1
ISL1_chr5:51398819-51399745_Ledidi_run-1_target-10.88_10	1058	1073	0.3017102477518372	0.04241219417651372	0.041883600164262534	0.3017102477518372	addition	NRF1_MA0506.1
ISL1_chr5:51398819-51399745_Ledidi_run-1_target-10.88_10	1070	1086	0.5334781933933956	0.046405364267671376	0.07405776739416717	0.5334781933933956	addition	ETV6_ETS_1
ISL1_chr5:51398819-51399745_Ledidi_run-1_target-10.88_10	1076	1103	1.3560189817323214	0.03437885677453818	0.18824338009473904	1.3560189817323214	addition	ZBTB33_MA0527.1
ISL1_chr5:51398819-51399745_Ledidi_run-1_target-10.88_2	928	947	0.40030429701898296	0.01600310559674259	0.05671659784660032	0.40030429701898296	addition	HNF6_HUMAN.H11MO.0.B
ISL1_chr5:51398819-51399745_Ledidi_run-1_target-10.88_2	985	1012	0.9135042916168701	0.04388076183319217	0.12942867694553023	0.9135042916168701	addition	SP2_HUMAN.H11MO.0.A
ISL1_chr5:51398819-51399745_Ledidi_run-1_target-10.88_2	1028	1042	0.3203538225636673	0.03641424526122076	0.04538891802628603	0.3203538225636673	addition	NRF1_HUMAN.H11MO.0.A
ISL1_chr5:51398819-51399745_Ledidi_run-1_target-10.88_2	1041	1058	0.44567640788690377	0.008113038142381188	0.06314508683537876	0.44567640788690377	addition	JUN+JUNB_MA1133.1
ISL1_chr5:51398819-51399745_Ledidi_run-1_target-10.88_2	1072	1086	0.4422670677336953	0.047149411756877535	0.06266203887453556	0.4422670677336953	addition	ETV6_ETS_1
ISL1_chr5:51398819-51399745_Ledidi_run-1_target-10.88_2	1076	1103	1.3606710421901016	0.04752528263549208	0.19278492106156656	1.3606710421901016	addition	ZBTB33_MA0527.1
ISL1_chr5:51398819-51399745_Ledidi_run-1_target-10.88_3	927	947	0.48152169832942365	0.04603716432392118	0.0692355043070302	0.48152169832942365	addition	HNF6_HUMAN.H11MO.0.B
ISL1_chr5:51398819-51399745_Ledidi_run-1_target-10.88_3	985	1012	0.8683174387825439	0.046405364267671376	0.12485085507313819	0.8683174387825439	addition	SP2_HUMAN.H11MO.0.A
ISL1_chr5:51398819-51399745_Ledidi_run-1_target-10.88_3	1041	1059	0.42351843594592387	0.02184691035670242	0.06089551643834808	0.42351843594592387	addition	JUN+JUNB_MA1133.1
ISL1_chr5:51398819-51399745_Ledidi_run-1_target-10.88_3	1077	1103	1.1556820179453253	0.031387835621973184	0.1661695155350419	1.1556820179453253	addition	ZBTB33_MA0527.1
ISL1_chr5:51398819-51399745_Ledidi_run-1_target-10.88_4	955	972	0.3275242977698251	0.040811680505258276	0.04735586557659452	0.3275242977698251	addition	NFYB_HUMAN.H11MO.0.A
ISL1_chr5:51398819-51399745_Ledidi_run-1_target-10.88_4	965	983	0.4955916286270896	0.03641424526122076	0.0716562731557812	0.4955916286270896	addition	ARNTL_bHLH_1
ISL1_chr5:51398819-51399745_Ledidi_run-1_target-10.88_4	973	987	0.41993621973277495	0.03793369474393094	0.060717459155913325	0.41993621973277495	addition	RFX6_MOUSE.H11MO.0.C
ISL1_chr5:51398819-51399745_Ledidi_run-1_target-10.88_4	987	1010	0.6031070193608514	0.03793369474393094	0.08720163704381009	0.6031070193608514	addition	FOXA2_HUMAN.H11MO.0.A
ISL1_chr5:51398819-51399745_Ledidi_run-1_target-10.88_4	1041	1058	0.3903808592967972	0.027692201814472878	0.0564441283361719	0.3903808592967972	addition	JUN+JUNB_MA1133.1
ISL1_chr5:51398819-51399745_Ledidi_run-1_target-10.88_4	1078	1103	1.0424451000023969	0.049054687562992416	0.15072435957525845	1.0424451000023969	addition	ZBTB33_MA0527.1
ISL1_chr5:51398819-51399745_Ledidi_run-1_target-10.88_5	928	947	0.3992803782230789	0.016572382758062634	0.056453886573627675	0.3992803782230789	addition	HNF6_HUMAN.H11MO.0.B
ISL1_chr5:51398819-51399745_Ledidi_run-1_target-10.88_5	985	1011	0.8564892205597807	0.03582191087346642	0.12109822557321406	0.8564892205597807	addition	SP2_HUMAN.H11MO.0.A
ISL1_chr5:51398819-51399745_Ledidi_run-1_target-10.88_5	1041	1059	0.44976502617622405	0.007610471470814669	0.06359186465795029	0.44976502617622405	addition	JUN+JUNB_MA1133.1
ISL1_chr5:51398819-51399745_Ledidi_run-1_target-10.88_5	1068	1082	0.38973774154791174	0.03950948916979115	0.05510466192384476	0.38973774154791174	addition	ETV6_ETS_1
ISL1_chr5:51398819-51399745_Ledidi_run-1_target-10.88_5	1076	1103	1.392481029618596	0.046405364267671376	0.19688161600091547	1.392481029618596	addition	ZBTB33_MA0527.1
ISL1_chr5:51398819-51399745_Ledidi_run-1_target-10.88_6	930	944	0.2590686734219343	0.04677610953918666	0.03635867868316623	0.2590686734219343	addition	HNF6_HUMAN.H11MO.0.B
ISL1_chr5:51398819-51399745_Ledidi_run-1_target-10.88_6	956	972	0.16671206074942602	0.025799721989953048	0.0233970019197376	0.16671206074942602	addition	NFYB_HUMAN.H11MO.0.A
ISL1_chr5:51398819-51399745_Ledidi_run-1_target-10.88_6	967	981	0.2701012006515228	0.039189752082230286	0.03790702533313186	0.2701012006515228	addition	FOXA2_HUMAN.H11MO.0.A
ISL1_chr5:51398819-51399745_Ledidi_run-1_target-10.88_6	973	987	0.36382256283784636	0.045671497969665825	0.0510602362114359	0.36382256283784636	addition	ELK1_HUMAN.H11MO.0.B
ISL1_chr5:51398819-51399745_Ledidi_run-1_target-10.88_6	989	1011	0.5283069489970568	0.0340966276658786	0.07414459784330515	0.5283069489970568	addition	FOXA2_HUMAN.H11MO.0.A
ISL1_chr5:51398819-51399745_Ledidi_run-1_target-10.88_6	1028	1042	0.3261194039644135	0.04677610953918666	0.04576883211879639	0.3261194039644135	addition	NRF1_HUMAN.H11MO.0.A
ISL1_chr5:51398819-51399745_Ledidi_run-1_target-10.88_6	1033	1048	0.38086057156575603	0.0404826228448533	0.053451414876755	0.38086057156575603	addition	TYY1_HUMAN.H11MO.0.A
ISL1_chr5:51398819-51399745_Ledidi_run-1_target-10.88_6	1040	1060	0.561394566882111	0.041143097485626716	0.07878823943525771	0.561394566882111	addition	JUN+JUNB_MA1133.1
ISL1_chr5:51398819-51399745_Ledidi_run-1_target-10.88_6	1058	1083	0.6857585501154135	0.04530835349892779	0.09624195179041384	0.6857585501154135	addition	NRF1_MA0506.1
ISL1_chr5:51398819-51399745_Ledidi_run-1_target-10.88_6	1076	1103	1.3669448918493656	0.02524190385292717	0.19184222254228972	1.3669448918493656	addition	ZBTB33_MA0527.1
ISL1_chr5:51398819-51399745_Ledidi_run-1_target-10.88_7	928	947	0.3998163540674339	0.012952705013612602	0.05598574748093239	0.3998163540674339	addition	HNF6_HUMAN.H11MO.0.B
ISL1_chr5:51398819-51399745_Ledidi_run-1_target-10.88_7	978	992	0.28267611501562034	0.045671497969665825	0.03958275701620325	0.28267611501562034	addition	ETV6_ETS_1
ISL1_chr5:51398819-51399745_Ledidi_run-1_target-10.88_7	985	1011	0.9513187647494844	0.027692201814472878	0.13321188989721555	0.9513187647494844	addition	SP2_HUMAN.H11MO.0.A
ISL1_chr5:51398819-51399745_Ledidi_run-1_target-10.88_7	1040	1060	0.5002178358647424	0.03326248890652669	0.0700448322317965	0.5002178358647424	addition	JUN+JUNB_MA1133.1
ISL1_chr5:51398819-51399745_Ledidi_run-1_target-10.88_7	1058	1076	0.3929852186593892	0.04983510785121179	0.05502919275756471	0.3929852186593892	addition	NRF1_MA0506.1
ISL1_chr5:51398819-51399745_Ledidi_run-1_target-10.88_7	1072	1086	0.4350532316857918	0.039189752082230286	0.06091992016368657	0.4350532316857918	addition	ETV6_ETS_1
ISL1_chr5:51398819-51399745_Ledidi_run-1_target-10.88_7	1076	1103	1.4050483566864682	0.04530835349892779	0.19674703572200603	1.4050483566864682	addition	ZBTB33_MA0527.1
ISL1_chr5:51398819-51399745_Ledidi_run-1_target-10.88_8	927	947	0.4807834417048646	0.041143097485626716	0.07113682021200854	0.4807834417048646	addition	HNF6_HUMAN.H11MO.0.B
ISL1_chr5:51398819-51399745_Ledidi_run-1_target-10.88_8	956	972	0.2453138742298404	0.01690023605990121	0.036296692965794505	0.2453138742298404	addition	NFYB_HUMAN.H11MO.0.A
ISL1_chr5:51398819-51399745_Ledidi_run-1_target-10.88_8	967	981	0.2961851711136123	0.02166100651689311	0.043823620864018704	0.2961851711136123	addition	FOXA2_HUMAN.H11MO.0.A
ISL1_chr5:51398819-51399745_Ledidi_run-1_target-10.88_8	992	1010	0.45363556944553385	0.01600310559674259	0.06712001526298102	0.45363556944553385	addition	FOXA2_HUMAN.H11MO.0.A
ISL1_chr5:51398819-51399745_Ledidi_run-1_target-10.88_8	1041	1059	0.44498865295418355	0.025671920271632388	0.06584061566125547	0.44498865295418355	addition	JUN+JUNB_MA1133.1
ISL1_chr5:51398819-51399745_Ledidi_run-1_target-10.88_8	1059	1073	0.2488120812659873	0.0479037338874498	0.03681428842231093	0.2488120812659873	addition	NRF1_MA0506.1
ISL1_chr5:51398819-51399745_Ledidi_run-1_target-10.88_8	1072	1086	0.40338942622643126	0.04494771926570335	0.059685585233840585	0.40338942622643126	addition	ETV6_ETS_1
ISL1_chr5:51398819-51399745_Ledidi_run-1_target-10.88_8	1076	1102	1.1116938457396608	0.04015591287097021	0.16448645767572914	1.1116938457396608	addition	ZBTB33_MA0527.1
ISL1_chr5:51398819-51399745_Ledidi_run-1_target-10.88_9	929	945	0.27428664637620187	0.0340966276658786	0.040154298743269	0.27428664637620187	addition	HNF6_HUMAN.H11MO.0.B
ISL1_chr5:51398819-51399745_Ledidi_run-1_target-10.88_9	955	972	0.3027440330313559	0.03762534443726804	0.04432032877171049	0.3027440330313559	addition	TAL1_HUMAN.H11MO.0.A
ISL1_chr5:51398819-51399745_Ledidi_run-1_target-10.88_9	967	981	0.29883774779229055	0.040811680505258276	0.043748466646673916	0.29883774779229055	addition	FOXA2_HUMAN.H11MO.0.A
ISL1_chr5:51398819-51399745_Ledidi_run-1_target-10.88_9	978	992	0.29753059589981246	0.045671497969665825	0.04355710564428154	0.29753059589981246	addition	ETV6_ETS_1
ISL1_chr5:51398819-51399745_Ledidi_run-1_target-10.88_9	989	1011	0.5091555409326715	0.031387835621973184	0.07453802059820248	0.5091555409326715	addition	FOXA2_HUMAN.H11MO.0.A
ISL1_chr5:51398819-51399745_Ledidi_run-1_target-10.88_9	1028	1047	0.43784526710686444	0.04530835349892779	0.06409852572487784	0.43784526710686444	addition	NRF1_HUMAN.H11MO.0.A
ISL1_chr5:51398819-51399745_Ledidi_run-1_target-10.88_9	1041	1058	0.39967486241830485	0.02260536667748268	0.05851055469797742	0.39967486241830485	addition	JUN+JUNB_MA1133.1
ISL1_chr5:51398819-51399745_Ledidi_run-1_target-10.88_9	1058	1073	0.2930706563735095	0.0479037338874498	0.042904191087622966	0.2930706563735095	addition	NRF1_MA0506.1
ISL1_chr5:51398819-51399745_Ledidi_run-1_target-10.88_9	1073	1087	0.43741425005109713	0.0431817951079379	0.0640354268177696	0.43741425005109713	addition	ETV6_ETS_1
ISL1_chr5:51398819-51399745_Ledidi_run-1_target-10.88_9	1077	1103	1.1474105201342337	0.042492590657392686	0.16797560295169076	1.1474105201342337	addition	ZBTB33_MA0527.1
ISL1_chr5:51398819-51399745_Ledidi_run-1_target-10.88_9	1096	1110	0.2732870525401774	0.039831538863529546	0.04000796282045267	0.2732870525401774	addition	NRF1_MA0506.1
ISL1_chr5:51398819-51399745_Ledidi_run-1_target-7.64_1	1046	1062	0.3166894038124147	0.029858371622322206	0.0670158566319686	0.3166894038124147	addition	TYY1_HUMAN.H11MO.0.A
ISL1_chr5:51398819-51399745_Ledidi_run-1_target-7.64_1	1073	1098	0.7279245304858113	0.0361169866869865	0.1540388954814087	0.7279245304858113	addition	JUN+JUNB_MA1133.1
ISL1_chr5:51398819-51399745_Ledidi_run-1_target-7.64_10	1046	1061	0.3003304001583979	0.0431817951079379	0.06304346815748356	0.3003304001583979	addition	TYY1_HUMAN.H11MO.0.A
ISL1_chr5:51398819-51399745_Ledidi_run-1_target-7.64_10	1075	1094	0.6211319695862442	0.017011592275962162	0.1303841153794383	0.6211319695862442	addition	ETV6_ETS_1
ISL1_chr5:51398819-51399745_Ledidi_run-1_target-7.64_2	1046	1062	0.31287926349617834	0.03793369474393094	0.06391188878793304	0.31287926349617834	addition	TYY1_HUMAN.H11MO.0.A
ISL1_chr5:51398819-51399745_Ledidi_run-1_target-7.64_2	1073	1096	0.7162024877508693	0.030614353732317915	0.14629877747501677	0.7162024877508693	addition	JUN+JUNB_MA1133.1
ISL1_chr5:51398819-51399745_Ledidi_run-1_target-7.64_3	1046	1062	0.28239268173142223	0.04530835349892779	0.05745808124074135	0.28239268173142223	addition	TYY1_HUMAN.H11MO.0.A
ISL1_chr5:51398819-51399745_Ledidi_run-1_target-7.64_3	1072	1094	0.793035386036882	0.04388076183319217	0.16135790544680967	0.793035386036882	addition	JUN+JUNB_MA1133.1
ISL1_chr5:51398819-51399745_Ledidi_run-1_target-7.64_3	1084	1099	0.4251168890596553	0.025456071274262367	0.08649799491486942	0.4251168890596553	addition	ZBTB33_MA0527.1
ISL1_chr5:51398819-51399745_Ledidi_run-1_target-7.64_4	1046	1062	0.3181674053992238	0.03437885677453818	0.06697332502173865	0.3181674053992238	addition	TYY1_HUMAN.H11MO.0.A
ISL1_chr5:51398819-51399745_Ledidi_run-1_target-7.64_4	1073	1099	0.758482752169244	0.040811680505258276	0.15965844087855	0.758482752169244	addition	JUN+JUNB_MA1133.1
ISL1_chr5:51398819-51399745_Ledidi_run-1_target-7.64_5	1046	1063	0.3602025495650844	0.030360431152822893	0.07504472729063348	0.3602025495650844	addition	TYY1_HUMAN.H11MO.0.A
ISL1_chr5:51398819-51399745_Ledidi_run-1_target-7.64_5	1073	1096	0.700568011410668	0.049054687562992416	0.14595658867027395	0.700568011410668	addition	JUN+JUNB_MA1133.1
ISL1_chr5:51398819-51399745_Ledidi_run-1_target-7.64_6	1046	1063	0.35556817669270485	0.014918679520086825	0.07294777813255673	0.35556817669270485	addition	TYY1_HUMAN.H11MO.0.A
ISL1_chr5:51398819-51399745_Ledidi_run-1_target-7.64_6	1073	1096	0.7226189599335352	0.039189752082230286	0.14825130880362036	0.7226189599335352	addition	JUN+JUNB_MA1133.1
ISL1_chr5:51398819-51399745_Ledidi_run-1_target-7.64_7	1045	1063	0.3631469888218638	0.04388076183319217	0.07356833295911916	0.3631469888218638	addition	TYY1_HUMAN.H11MO.0.A
ISL1_chr5:51398819-51399745_Ledidi_run-1_target-7.64_7	1072	1094	0.7139990513922647	0.039831538863529546	0.14464589150452253	0.7139990513922647	addition	JUN+JUNB_MA1133.1
ISL1_chr5:51398819-51399745_Ledidi_run-1_target-7.64_8	1046	1063	0.35968850030509913	0.01761395594156366	0.07341938813364095	0.35968850030509913	addition	TYY1_HUMAN.H11MO.0.A
ISL1_chr5:51398819-51399745_Ledidi_run-1_target-7.64_8	1073	1099	0.7532660128509757	0.041143097485626716	0.15375617991254956	0.7532660128509757	addition	JUN+JUNB_MA1133.1
ISL1_chr5:51398819-51399745_Ledidi_run-1_target-7.64_9	1046	1061	0.3118568504831177	0.024818565907273674	0.06677203540984084	0.3118568504831177	addition	TYY1_HUMAN.H11MO.0.A
ISL1_chr5:51398819-51399745_Ledidi_run-1_target-7.64_9	1075	1098	0.6424894800919043	0.02166100651689311	0.13756417487282124	0.6424894800919043	addition	JUN+JUNB_MA1133.1
ISL1_chr5:51398819-51399745_Ledidi_run-2_target-10.88_1	950	967	0.4215346951043296	0.0205759042053305	0.06876771367263176	0.4215346951043296	addition	TAL1_HUMAN.H11MO.0.A
ISL1_chr5:51398819-51399745_Ledidi_run-2_target-10.88_1	960	978	0.4856154648321369	0.03641424526122076	0.07922162903414914	0.4856154648321369	addition	NFYB_HUMAN.H11MO.0.A
ISL1_chr5:51398819-51399745_Ledidi_run-2_target-10.88_1	1013	1032	0.5617864430420052	0.011537181153870495	0.09164789923334134	0.5617864430420052	addition	ELK1_HUMAN.H11MO.0.B
ISL1_chr5:51398819-51399745_Ledidi_run-2_target-10.88_1	1022	1036	0.39627504856053064	0.0316496073352629	0.06464694221260774	0.39627504856053064	addition	NRF1_HUMAN.H11MO.0.A
ISL1_chr5:51398819-51399745_Ledidi_run-2_target-10.88_1	1048	1065	0.34819520888760813	0.03552900589263079	0.05680336329383034	0.34819520888760813	addition	NFYB_HUMAN.H11MO.0.A
ISL1_chr5:51398819-51399745_Ledidi_run-2_target-10.88_1	1061	1076	0.31705904026284326	0.0479037338874498	0.05172391632607677	0.31705904026284326	addition	CTCFL_MOUSE.H11MO.0.A
ISL1_chr5:51398819-51399745_Ledidi_run-2_target-10.88_10	961	978	0.30309591580009376	0.014276153083988767	0.050647519556967856	0.30309591580009376	addition	NFYB_HUMAN.H11MO.0.A
ISL1_chr5:51398819-51399745_Ledidi_run-2_target-10.88_10	1013	1031	0.5615445633261031	0.007541125176805951	0.09383445229900714	0.5615445633261031	addition	ELK1_HUMAN.H11MO.0.B
ISL1_chr5:51398819-51399745_Ledidi_run-2_target-10.88_10	1021	1037	0.5787858310505047	0.03884871550981573	0.09671547905898	0.5787858310505047	addition	NRF1_HUMAN.H11MO.0.A
ISL1_chr5:51398819-51399745_Ledidi_run-2_target-10.88_10	1027	1042	0.3890361611700739	0.045415256422678504	0.06500818900583456	0.3890361611700739	addition	NRF1_HUMAN.H11MO.0.A
ISL1_chr5:51398819-51399745_Ledidi_run-2_target-10.88_10	1049	1063	0.2387354677099096	0.04494771926570335	0.03989284790546087	0.2387354677099096	addition	NFYB_HUMAN.H11MO.0.A
ISL1_chr5:51398819-51399745_Ledidi_run-2_target-10.88_10	1061	1076	0.3387491055765883	0.047149411756877535	0.056605190156740204	0.3387491055765883	addition	CTCFL_MOUSE.H11MO.0.A
ISL1_chr5:51398819-51399745_Ledidi_run-2_target-10.88_10	1096	1112	0.31614855417932164	0.04530835349892779	0.052828623699651155	0.31614855417932164	addition	NRF1_MA0506.1
ISL1_chr5:51398819-51399745_Ledidi_run-2_target-10.88_2	948	968	0.5945075104181173	0.030614353732317915	0.09772984622962713	0.5945075104181173	addition	TAL1_HUMAN.H11MO.0.A
ISL1_chr5:51398819-51399745_Ledidi_run-2_target-10.88_2	959	979	0.5777619852461912	0.0435300523578736	0.09497708436975472	0.5777619852461912	addition	NFYB_HUMAN.H11MO.0.A
ISL1_chr5:51398819-51399745_Ledidi_run-2_target-10.88_2	978	992	0.24518293329061325	0.0346631972375576	0.04030510960537453	0.24518293329061325	addition	ETV6_ETS_1
ISL1_chr5:51398819-51399745_Ledidi_run-2_target-10.88_2	1013	1036	0.6747529981127189	0.013659601062505137	0.11092123411890595	0.6747529981127189	addition	ELK1_HUMAN.H11MO.0.B
ISL1_chr5:51398819-51399745_Ledidi_run-2_target-10.88_2	1049	1063	0.23900856642275325	0.031387835621973184	0.039290118349609104	0.23900856642275325	addition	NFYB_HUMAN.H11MO.0.A
ISL1_chr5:51398819-51399745_Ledidi_run-2_target-10.88_3	949	965	0.326117677102161	0.046405364267671376	0.05550553977598673	0.326117677102161	addition	TAL1_HUMAN.H11MO.0.A
ISL1_chr5:51398819-51399745_Ledidi_run-2_target-10.88_3	961	979	0.4881837570518244	0.013068085682283955	0.08308934120287564	0.4881837570518244	addition	NFYB_HUMAN.H11MO.0.A
ISL1_chr5:51398819-51399745_Ledidi_run-2_target-10.88_3	978	992	0.20845127890159854	0.04603716432392118	0.03547860654239682	0.20845127890159854	addition	ETV6_ETS_1
ISL1_chr5:51398819-51399745_Ledidi_run-2_target-10.88_3	1013	1036	0.7198100948546355	0.005458088063413004	0.1225123648804685	0.7198100948546355	addition	ELK1_HUMAN.H11MO.0.B
ISL1_chr5:51398819-51399745_Ledidi_run-2_target-10.88_3	1048	1065	0.37511856717364944	0.03217913895715253	0.06384553801554776	0.37511856717364944	addition	NFYB_HUMAN.H11MO.0.A
ISL1_chr5:51398819-51399745_Ledidi_run-2_target-10.88_4	960	979	0.43123416530071546	0.04283597838771647	0.07134289219702403	0.43123416530071546	addition	NFYB_HUMAN.H11MO.0.A
ISL1_chr5:51398819-51399745_Ledidi_run-2_target-10.88_4	997	1012	0.2794796901048484	0.03762534443726804	0.046236803590234465	0.2794796901048484	addition	ETV6_ETS_1
ISL1_chr5:51398819-51399745_Ledidi_run-2_target-10.88_4	1013	1032	0.5928694395505236	0.006816681930184002	0.09808364901530423	0.5928694395505236	addition	ELK1_HUMAN.H11MO.0.B
ISL1_chr5:51398819-51399745_Ledidi_run-2_target-10.88_4	1022	1036	0.4209141190569363	0.047149411756877535	0.06963555542762678	0.4209141190569363	addition	NRF1_HUMAN.H11MO.0.A
ISL1_chr5:51398819-51399745_Ledidi_run-2_target-10.88_4	1046	1065	0.4435226335260807	0.03950948916979115	0.07337588247101456	0.4435226335260807	addition	NFYB_HUMAN.H11MO.0.A
ISL1_chr5:51398819-51399745_Ledidi_run-2_target-10.88_5	959	978	0.4650988745433229	0.011131731411665841	0.07677025970864912	0.4650988745433229	addition	NFYB_HUMAN.H11MO.0.A
ISL1_chr5:51398819-51399745_Ledidi_run-2_target-10.88_5	978	992	0.28369452101160764	0.0404826228448533	0.0468272516835627	0.28369452101160764	addition	ETV6_ETS_1
ISL1_chr5:51398819-51399745_Ledidi_run-2_target-10.88_5	1012	1037	0.8050075657395681	0.04494771926570335	0.1328763479592069	0.8050075657395681	addition	ELK1_HUMAN.H11MO.0.B
ISL1_chr5:51398819-51399745_Ledidi_run-2_target-10.88_5	1049	1063	0.2413571351246251	0.03762534443726804	0.03983894814677099	0.2413571351246251	addition	NFYB_HUMAN.H11MO.0.A
ISL1_chr5:51398819-51399745_Ledidi_run-2_target-10.88_5	1061	1075	0.3027998971962411	0.029858371622322206	0.049980827776314844	0.3027998971962411	addition	NRF1_MA0506.1
ISL1_chr5:51398819-51399745_Ledidi_run-2_target-10.88_6	949	967	0.39380079685775615	0.03887231578073048	0.06633292375445395	0.39380079685775615	addition	TAL1_HUMAN.H11MO.0.A
ISL1_chr5:51398819-51399745_Ledidi_run-2_target-10.88_6	961	978	0.40033378195979596	0.0105485557828179	0.06743335830441023	0.40033378195979596	addition	NFYB_HUMAN.H11MO.0.A
ISL1_chr5:51398819-51399745_Ledidi_run-2_target-10.88_6	1013	1031	0.5442344262433376	0.013184430565248444	0.09167239119017867	0.5442344262433376	addition	ELK1_HUMAN.H11MO.0.B
ISL1_chr5:51398819-51399745_Ledidi_run-2_target-10.88_6	1021	1037	0.5713332849477815	0.026154128428598516	0.09623699985176012	0.5713332849477815	addition	NRF1_HUMAN.H11MO.0.A
ISL1_chr5:51398819-51399745_Ledidi_run-2_target-10.88_6	1048	1065	0.3600091961297762	0.04828477727390145	0.06064097063369963	0.3600091961297762	addition	NFYB_HUMAN.H11MO.0.A
ISL1_chr5:51398819-51399745_Ledidi_run-2_target-10.88_7	959	979	0.5705295015896699	0.016717605802894657	0.09757584391689487	0.5705295015896699	addition	NFYB_HUMAN.H11MO.0.A
ISL1_chr5:51398819-51399745_Ledidi_run-2_target-10.88_7	997	1012	0.2948207797311624	0.049343688742460944	0.0504222591581161	0.2948207797311624	addition	ETV6_ETS_1
ISL1_chr5:51398819-51399745_Ledidi_run-2_target-10.88_7	1013	1032	0.5726041867724723	0.01185031925349922	0.09793067071727901	0.5726041867724723	addition	ELK1_HUMAN.H11MO.0.B
ISL1_chr5:51398819-51399745_Ledidi_run-2_target-10.88_7	1022	1037	0.4279997678696321	0.042492590657392686	0.073199437416911	0.4279997678696321	addition	NRF1_HUMAN.H11MO.0.A
ISL1_chr5:51398819-51399745_Ledidi_run-2_target-10.88_7	1048	1063	0.3398362172803773	0.03326248890652669	0.05812110609927216	0.3398362172803773	addition	NFYB_HUMAN.H11MO.0.A
ISL1_chr5:51398819-51399745_Ledidi_run-2_target-10.88_8	949	967	0.43430809260889125	0.03494966097105987	0.0731273629234807	0.43430809260889125	addition	TAL1_HUMAN.H11MO.0.A
ISL1_chr5:51398819-51399745_Ledidi_run-2_target-10.88_8	961	977	0.39868354553162133	0.02166100651689311	0.06712901928807866	0.39868354553162133	addition	NFYB_HUMAN.H11MO.0.A
ISL1_chr5:51398819-51399745_Ledidi_run-2_target-10.88_8	1013	1032	0.5632073320581379	0.015317055035413057	0.09483099134804744	0.5632073320581379	addition	ELK1_HUMAN.H11MO.0.B
ISL1_chr5:51398819-51399745_Ledidi_run-2_target-10.88_8	1022	1036	0.4378199850618547	0.03731923616991746	0.0737186837814767	0.4378199850618547	addition	NRF1_HUMAN.H11MO.0.A
ISL1_chr5:51398819-51399745_Ledidi_run-2_target-10.88_8	1046	1066	0.43688403262470743	0.04866842459137308	0.07356109119981595	0.43688403262470743	addition	NFYB_HUMAN.H11MO.0.A
ISL1_chr5:51398819-51399745_Ledidi_run-2_target-10.88_8	1083	1100	0.3500769243714532	0.03793369474393094	0.05894479687418809	0.3500769243714532	addition	ZBTB33_MA0527.1
ISL1_chr5:51398819-51399745_Ledidi_run-2_target-10.88_9	948	968	0.5183400026314458	0.03523825988351976	0.08510771398147603	0.5183400026314458	addition	TAL1_HUMAN.H11MO.0.A
ISL1_chr5:51398819-51399745_Ledidi_run-2_target-10.88_9	960	979	0.5156864221562191	0.022223147964034618	0.08467201508313535	0.5156864221562191	addition	NFYB_HUMAN.H11MO.0.A
ISL1_chr5:51398819-51399745_Ledidi_run-2_target-10.88_9	1013	1032	0.5724176298764267	0.00888565186785521	0.09398687285209703	0.5724176298764267	addition	ELK1_HUMAN.H11MO.0.B
ISL1_chr5:51398819-51399745_Ledidi_run-2_target-10.88_9	1022	1037	0.4745677225321241	0.04306365411945478	0.07792061926353476	0.4745677225321241	addition	NRF1_HUMAN.H11MO.0.A
ISL1_chr5:51398819-51399745_Ledidi_run-2_target-10.88_9	1049	1063	0.2809464469140428	0.03731923616991746	0.04612939330687444	0.2809464469140428	addition	NFYB_HUMAN.H11MO.0.A
ISL1_chr5:51398819-51399745_Ledidi_run-2_target-10.88_9	1061	1076	0.3478460063356539	0.03950948916979115	0.0571138215582853	0.3478460063356539	addition	CTCFL_MOUSE.H11MO.0.A
ISL1_chr5:51398819-51399745_Ledidi_run-2_target-7.64_1	1126	1143	0.5546268831204595	0.009553227587122487	0.10926885924162628	0.5546268831204595	addition	CTCF_MA0139.1
ISL1_chr5:51398819-51399745_Ledidi_run-2_target-7.64_1	1133	1162	1.3171666644387763	0.02502940600634773	0.25949931969501	1.3171666644387763	addition	RFX6_MOUSE.H11MO.0.C
ISL1_chr5:51398819-51399745_Ledidi_run-2_target-7.64_10	1126	1143	0.5562827410418805	0.030360431152822893	0.10867644749673346	0.5562827410418805	addition	CTCF_MA0139.1
ISL1_chr5:51398819-51399745_Ledidi_run-2_target-7.64_10	1133	1162	1.3308265996238078	0.022798747170839035	0.25999279936384806	1.3308265996238078	addition	RFX6_MOUSE.H11MO.0.C
ISL1_chr5:51398819-51399745_Ledidi_run-2_target-7.64_2	1126	1143	0.5077567051240047	0.020753198729275252	0.09880611224083383	0.5077567051240047	addition	CTCF_MA0139.1
ISL1_chr5:51398819-51399745_Ledidi_run-2_target-7.64_2	1133	1162	1.335391027447991	0.03887231578073048	0.2598583030256685	1.335391027447991	addition	RFX6_MOUSE.H11MO.0.C
ISL1_chr5:51398819-51399745_Ledidi_run-2_target-7.64_3	1126	1143	0.5228578768235949	0.03950948916979115	0.10347897091833423	0.5228578768235949	addition	CTCF_MA0139.1
ISL1_chr5:51398819-51399745_Ledidi_run-2_target-7.64_3	1133	1162	1.3151700813304865	0.04530835349892779	0.2602857346731269	1.3151700813304865	addition	RFX6_MOUSE.H11MO.0.C
ISL1_chr5:51398819-51399745_Ledidi_run-2_target-7.64_4	1126	1143	0.5194528983087027	0.018078584844930905	0.10539737150292576	0.5194528983087027	addition	CTCF_MA0139.1
ISL1_chr5:51398819-51399745_Ledidi_run-2_target-7.64_4	1133	1162	1.2860208559221324	0.041143097485626716	0.2609345685690724	1.2860208559221324	addition	RFX6_MOUSE.H11MO.0.C
ISL1_chr5:51398819-51399745_Ledidi_run-2_target-7.64_5	1126	1144	0.5185556461873932	0.020052364971555936	0.10124330614019311	0.5185556461873932	addition	CTCF_MA0139.1
ISL1_chr5:51398819-51399745_Ledidi_run-2_target-7.64_5	1135	1162	1.17547017883931	0.03136600546560215	0.2294999351562148	1.17547017883931	addition	RFX6_MOUSE.H11MO.0.C
ISL1_chr5:51398819-51399745_Ledidi_run-2_target-7.64_6	1126	1143	0.5322628092258979	0.020753198729275252	0.10619000690317522	0.5322628092258979	addition	CTCF_MA0139.1
ISL1_chr5:51398819-51399745_Ledidi_run-2_target-7.64_6	1133	1162	1.3320536126736524	0.049054687562992416	0.2657536462690961	1.3320536126736524	addition	RFX6_MOUSE.H11MO.0.C
ISL1_chr5:51398819-51399745_Ledidi_run-2_target-7.64_7	1126	1143	0.5603779075925013	0.021112022856681966	0.10922743270081488	0.5603779075925013	addition	CTCF_MA0139.1
ISL1_chr5:51398819-51399745_Ledidi_run-2_target-7.64_7	1133	1162	1.3379417229828139	0.0340966276658786	0.26078818869317105	1.3379417229828139	addition	RFX6_MOUSE.H11MO.0.C
ISL1_chr5:51398819-51399745_Ledidi_run-2_target-7.64_8	1126	1144	0.5807163155139878	0.03494966097105987	0.11407708982360432	0.5807163155139878	addition	CTCF_MA0139.1
ISL1_chr5:51398819-51399745_Ledidi_run-2_target-7.64_8	1134	1162	1.3565891360546507	0.013068085682283955	0.2664911189733992	1.3565891360546507	addition	RFX6_MOUSE.H11MO.0.C
ISL1_chr5:51398819-51399745_Ledidi_run-2_target-7.64_9	1126	1143	0.5476905835913972	0.01614369848153966	0.10677505613993912	0.5476905835913972	addition	CTCF_MA0139.1
ISL1_chr5:51398819-51399745_Ledidi_run-2_target-7.64_9	1133	1162	1.290654082819381	0.04677610953918666	0.2516195572445582	1.290654082819381	addition	RFX6_MOUSE.H11MO.0.C
ISL1_chr5:51398819-51399745_Ledidi_run-3_target-10.88_1	927	952	0.8756117938529332	0.01174506432281378	0.13482799437652787	0.8756117938529332	addition	HNF1B_MA0153.2
ISL1_chr5:51398819-51399745_Ledidi_run-3_target-10.88_1	961	976	0.31328465097402924	0.036713698424928595	0.048240032233820535	0.31328465097402924	addition	NFYB_HUMAN.H11MO.0.A
ISL1_chr5:51398819-51399745_Ledidi_run-3_target-10.88_1	988	1002	0.44779887333666	0.047149411756877535	0.06895273042221195	0.44779887333666	addition	RFX6_MOUSE.H11MO.0.C
ISL1_chr5:51398819-51399745_Ledidi_run-3_target-10.88_1	992	1011	0.5953722479714949	0.006754189953544172	0.09167629612230191	0.5953722479714949	addition	FOXA2_HUMAN.H11MO.0.A
ISL1_chr5:51398819-51399745_Ledidi_run-3_target-10.88_1	1081	1103	0.9193279214389523	0.020753198729275252	0.14155946812518017	0.9193279214389523	addition	ZBTB33_MA0527.1
ISL1_chr5:51398819-51399745_Ledidi_run-3_target-10.88_1	1096	1110	0.31494593399078896	0.04494771926570335	0.04849583904091696	0.31494593399078896	addition	NRF1_MA0506.1
ISL1_chr5:51398819-51399745_Ledidi_run-3_target-10.88_10	927	952	0.8895833354935326	0.007822143483845375	0.13470221327926052	0.8895833354935326	addition	HNF1B_MA0153.2
ISL1_chr5:51398819-51399745_Ledidi_run-3_target-10.88_10	961	978	0.29682263460140756	0.015050384597187667	0.04494538536966725	0.29682263460140756	addition	NFYB_HUMAN.H11MO.0.A
ISL1_chr5:51398819-51399745_Ledidi_run-3_target-10.88_10	989	1011	0.520212820681607	0.0361169866869865	0.07877150518246076	0.520212820681607	addition	FOXA2_HUMAN.H11MO.0.A
ISL1_chr5:51398819-51399745_Ledidi_run-3_target-10.88_10	1081	1104	1.041754615790624	0.0204000072792049	0.15774424592051378	1.041754615790624	addition	ZBTB33_MA0527.1
ISL1_chr5:51398819-51399745_Ledidi_run-3_target-10.88_10	1096	1110	0.30379294158859516	0.042151620340962453	0.04600084104306874	0.30379294158859516	addition	NRF1_MA0506.1
ISL1_chr5:51398819-51399745_Ledidi_run-3_target-10.88_2	928	952	0.745560091496854	0.005509138693423313	0.11585241170883569	0.745560091496854	addition	HNF1B_MA0153.2
ISL1_chr5:51398819-51399745_Ledidi_run-3_target-10.88_2	960	978	0.2757115446262879	0.03950948916979115	0.042842753716597654	0.2757115446262879	addition	NFYB_HUMAN.H11MO.0.A
ISL1_chr5:51398819-51399745_Ledidi_run-3_target-10.88_2	992	1010	0.5108534308753292	0.017461545408191458	0.07938139751796199	0.5108534308753292	addition	FOXA2_HUMAN.H11MO.0.A
ISL1_chr5:51398819-51399745_Ledidi_run-3_target-10.88_2	1081	1104	1.0525133943778529	0.004613259815573311	0.16354981507891198	1.0525133943778529	addition	ZBTB33_MA0527.1
ISL1_chr5:51398819-51399745_Ledidi_run-3_target-10.88_2	1095	1110	0.3912090914566191	0.039831538863529546	0.06078989104242181	0.3912090914566191	addition	NRF1_MA0506.1
ISL1_chr5:51398819-51399745_Ledidi_run-3_target-10.88_3	927	952	1.0239769137298789	0.005509138693423313	0.15513001525011735	1.0239769137298789	addition	HNF1B_MA0153.2
ISL1_chr5:51398819-51399745_Ledidi_run-3_target-10.88_3	961	978	0.34319250547532176	0.016717605802894657	0.051992830985012825	0.34319250547532176	addition	NFYB_HUMAN.H11MO.0.A
ISL1_chr5:51398819-51399745_Ledidi_run-3_target-10.88_3	991	1011	0.5222509870564724	0.044233935067865944	0.07911975602199106	0.5222509870564724	addition	FOXA2_HUMAN.H11MO.0.A
ISL1_chr5:51398819-51399745_Ledidi_run-3_target-10.88_3	1081	1103	0.9500066631833728	0.01174506432281378	0.14392370196172855	0.9500066631833728	addition	ZBTB33_MA0527.1
ISL1_chr5:51398819-51399745_Ledidi_run-3_target-10.88_3	1096	1110	0.32117270332088976	0.03762534443726804	0.04865688444342633	0.32117270332088976	addition	NRF1_MA0506.1
ISL1_chr5:51398819-51399745_Ledidi_run-3_target-10.88_4	937	951	0.18775068768827047	0.049054687562992416	0.028120885872028774	0.18775068768827047	addition	MEOX2_MA0706.1
ISL1_chr5:51398819-51399745_Ledidi_run-3_target-10.88_4	959	979	0.5104539716009926	0.01761395594156366	0.07645467537327218	0.5104539716009926	addition	NFYB_HUMAN.H11MO.0.A
ISL1_chr5:51398819-51399745_Ledidi_run-3_target-10.88_4	988	1011	0.6292994672994968	0.039189752082230286	0.0942550928422683	0.6292994672994968	addition	RFX6_MOUSE.H11MO.0.C
ISL1_chr5:51398819-51399745_Ledidi_run-3_target-10.88_4	1081	1103	0.8600314027834601	0.01776759360316446	0.12881361566136842	0.8600314027834601	addition	ZBTB33_MA0527.1
ISL1_chr5:51398819-51399745_Ledidi_run-3_target-10.88_4	1095	1112	0.43069920816230356	0.03326248890652669	0.06450918197442088	0.43069920816230356	addition	NRF1_MA0506.1
ISL1_chr5:51398819-51399745_Ledidi_run-3_target-10.88_5	927	952	0.9088536083706563	0.017011592275962162	0.13900924259171277	0.9088536083706563	addition	HNF1B_MA0153.2
ISL1_chr5:51398819-51399745_Ledidi_run-3_target-10.88_5	991	1010	0.5043545094077126	0.023190107232077945	0.07714106837972544	0.5043545094077126	addition	FOXA2_HUMAN.H11MO.0.A
ISL1_chr5:51398819-51399745_Ledidi_run-3_target-10.88_5	1081	1103	0.9251594946634647	0.019207004359017416	0.14150322939274826	0.9251594946634647	addition	ZBTB33_MA0527.1
ISL1_chr5:51398819-51399745_Ledidi_run-3_target-10.88_5	1100	1114	0.28307092975254466	0.0479037338874498	0.04329572461639535	0.28307092975254466	addition	NRF1_MA0506.1
ISL1_chr5:51398819-51399745_Ledidi_run-3_target-10.88_6	956	970	0.268149660960064	0.049054687562992416	0.041751245320018095	0.268149660960064	addition	NFYB_HUMAN.H11MO.0.A
ISL1_chr5:51398819-51399745_Ledidi_run-3_target-10.88_6	961	979	0.474142620635201	0.03552900589263079	0.07382461271791357	0.474142620635201	addition	NFYB_HUMAN.H11MO.0.A
ISL1_chr5:51398819-51399745_Ledidi_run-3_target-10.88_6	991	1011	0.605068843396865	0.025889462766240812	0.09420999312739946	0.605068843396865	addition	FOXA2_HUMAN.H11MO.0.A
ISL1_chr5:51398819-51399745_Ledidi_run-3_target-10.88_6	1081	1103	0.9412402192604601	0.024609371688258226	0.14655230649448334	0.9412402192604601	addition	ZBTB33_MA0527.1
ISL1_chr5:51398819-51399745_Ledidi_run-3_target-10.88_6	1096	1110	0.306694832046547	0.049054687562992416	0.047752777778317566	0.306694832046547	addition	NRF1_MA0506.1
ISL1_chr5:51398819-51399745_Ledidi_run-3_target-10.88_7	958	972	0.3450296098621263	0.0288770605581417	0.0531521630416513	0.3450296098621263	addition	NFYB_HUMAN.H11MO.0.A
ISL1_chr5:51398819-51399745_Ledidi_run-3_target-10.88_7	962	979	0.40510062732867513	0.040811680505258276	0.062406164504701885	0.40510062732867513	addition	NFYB_HUMAN.H11MO.0.A
ISL1_chr5:51398819-51399745_Ledidi_run-3_target-10.88_7	989	1011	0.594547213868414	0.04283597838771647	0.0915906042386374	0.594547213868414	addition	FOXA2_HUMAN.H11MO.0.A
ISL1_chr5:51398819-51399745_Ledidi_run-3_target-10.88_7	1081	1104	0.9693399242970746	0.009213738894795447	0.14932780325609857	0.9693399242970746	addition	ZBTB33_MA0527.1
ISL1_chr5:51398819-51399745_Ledidi_run-3_target-10.88_8	927	952	1.034931823184558	0.012171421069726678	0.15272600036467612	1.034931823184558	addition	HNF1B_MA0153.2
ISL1_chr5:51398819-51399745_Ledidi_run-3_target-10.88_8	961	976	0.25314617328251243	0.042151620340962453	0.03735705259704515	0.25314617328251243	addition	NFYB_HUMAN.H11MO.0.A
ISL1_chr5:51398819-51399745_Ledidi_run-3_target-10.88_8	992	1011	0.5034545313765852	0.029119567187669736	0.07429532575973985	0.5034545313765852	addition	FOXA2_HUMAN.H11MO.0.A
ISL1_chr5:51398819-51399745_Ledidi_run-3_target-10.88_8	1081	1103	0.9493087854009059	0.007336650450083122	0.1400905167445742	0.9493087854009059	addition	ZBTB33_MA0527.1
ISL1_chr5:51398819-51399745_Ledidi_run-3_target-10.88_9	928	950	0.539827663573323	0.01174506432281378	0.0826957766175238	0.539827663573323	addition	HNF1B_MA0153.2
ISL1_chr5:51398819-51399745_Ledidi_run-3_target-10.88_9	989	1010	0.5673777603037611	0.03437885677453818	0.08691615433942619	0.5673777603037611	addition	FOXA2_HUMAN.H11MO.0.A
ISL1_chr5:51398819-51399745_Ledidi_run-3_target-10.88_9	1081	1104	1.019911805258372	0.00707215393575169	0.1562394899493064	1.019911805258372	addition	ZBTB33_MA0527.1
ISL1_chr5:51398819-51399745_Ledidi_run-3_target-10.88_9	1096	1110	0.3381637173715042	0.0479037338874498	0.05180303478113067	0.3381637173715042	addition	NRF1_MA0506.1
ISL1_chr5:51398819-51399745_Ledidi_run-3_target-7.64_1	1125	1145	0.5409047559571517	0.03701535809770458	0.10755556473885401	0.5409047559571517	addition	ARNTL_bHLH_1
ISL1_chr5:51398819-51399745_Ledidi_run-3_target-7.64_1	1137	1161	0.8823870386242423	0.03087022075045475	0.17545720427163966	0.8823870386242423	addition	RFX6_MOUSE.H11MO.0.C
ISL1_chr5:51398819-51399745_Ledidi_run-3_target-7.64_10	1125	1145	0.5369411593446483	0.042492590657392686	0.10934370500770736	0.5369411593446483	addition	ARNTL_bHLH_1
ISL1_chr5:51398819-51399745_Ledidi_run-3_target-7.64_10	1137	1162	0.899127554920811	0.025889462766240812	0.18310002207608236	0.899127554920811	addition	RFX6_MOUSE.H11MO.0.C
ISL1_chr5:51398819-51399745_Ledidi_run-3_target-7.64_2	1124	1144	0.5229897625969242	0.03731923616991746	0.10454219323340334	0.5229897625969242	addition	ARNTL_bHLH_1
ISL1_chr5:51398819-51399745_Ledidi_run-3_target-7.64_2	1137	1161	0.8548794472108303	0.03582191087346642	0.17088474527265107	0.8548794472108303	addition	RFX6_MOUSE.H11MO.0.C
ISL1_chr5:51398819-51399745_Ledidi_run-3_target-7.64_3	1125	1145	0.5262115283037674	0.04752528263549208	0.10002671166222321	0.5262115283037674	addition	ARNTL_bHLH_1
ISL1_chr5:51398819-51399745_Ledidi_run-3_target-7.64_3	1137	1161	0.8594669389125746	0.02863641482687143	0.16337470210685656	0.8594669389125746	addition	RFX6_MOUSE.H11MO.0.C
ISL1_chr5:51398819-51399745_Ledidi_run-3_target-7.64_4	1124	1144	0.5608597890264602	0.013184430565248444	0.11007622171064955	0.5608597890264602	addition	ARNTL_bHLH_1
ISL1_chr5:51398819-51399745_Ledidi_run-3_target-7.64_4	1137	1161	0.8643800029425164	0.042151620340962453	0.16964611603072777	0.8643800029425164	addition	RFX6_MOUSE.H11MO.0.C
ISL1_chr5:51398819-51399745_Ledidi_run-3_target-7.64_5	1124	1145	0.5429482831105827	0.0316496073352629	0.1067087013670076	0.5429482831105827	addition	ARNTL_bHLH_1
ISL1_chr5:51398819-51399745_Ledidi_run-3_target-7.64_5	1137	1161	0.8917637996896364	0.03494966097105987	0.17526339054949783	0.8917637996896364	addition	RFX6_MOUSE.H11MO.0.C
ISL1_chr5:51398819-51399745_Ledidi_run-3_target-7.64_6	1124	1144	0.5427974233322072	0.008568617247160168	0.10347520811241326	0.5427974233322072	addition	ARNTL_bHLH_1
ISL1_chr5:51398819-51399745_Ledidi_run-3_target-7.64_6	1137	1162	0.8143146935456227	0.03855716867753284	0.15523541336352112	0.8143146935456227	addition	RFX6_MOUSE.H11MO.0.C
ISL1_chr5:51398819-51399745_Ledidi_run-3_target-7.64_7	1124	1144	0.5355135359695725	0.027692201814472878	0.10770904895395181	0.5355135359695725	addition	ARNTL_bHLH_1
ISL1_chr5:51398819-51399745_Ledidi_run-3_target-7.64_7	1137	1161	0.8350004665171411	0.017011592275962162	0.16794553280867489	0.8350004665171411	addition	RFX6_MOUSE.H11MO.0.C
ISL1_chr5:51398819-51399745_Ledidi_run-3_target-7.64_8	1126	1144	0.5014033647972106	0.007336650450083122	0.10326512575000059	0.5014033647972106	addition	ARNTL_bHLH_1
ISL1_chr5:51398819-51399745_Ledidi_run-3_target-7.64_8	1138	1162	0.8128973656079153	0.0034458468603850018	0.16741800030659182	0.8128973656079153	addition	RFX6_MOUSE.H11MO.0.C
ISL1_chr5:51398819-51399745_Ledidi_run-3_target-7.64_9	1124	1144	0.5443880489381967	0.044233935067865944	0.10708231645729485	0.5443880489381967	addition	ARNTL_bHLH_1
ISL1_chr5:51398819-51399745_Ledidi_run-3_target-7.64_9	1137	1161	0.8921797795630635	0.03087022075045475	0.1754937083543831	0.8921797795630635	addition	RFX6_MOUSE.H11MO.0.C
ISL1_chr5:51398819-51399745_Ledidi_run-4_target-10.88_1	926	944	0.5355984723980528	0.0361169866869865	0.08579457856216154	0.5355984723980528	addition	HNF1B_MA0153.2
ISL1_chr5:51398819-51399745_Ledidi_run-4_target-10.88_1	935	949	0.36555624711429063	0.03887231578073048	0.05855644811964173	0.36555624711429063	addition	FOXD2_forkhead_1
ISL1_chr5:51398819-51399745_Ledidi_run-4_target-10.88_1	946	962	0.30687619973097824	0.026999052972464865	0.04915681351516249	0.30687619973097824	addition	NRF1_HUMAN.H11MO.0.A
ISL1_chr5:51398819-51399745_Ledidi_run-4_target-10.88_1	959	978	0.3047601116130425	0.03950948916979115	0.04881784897804228	0.3047601116130425	addition	NFYB_HUMAN.H11MO.0.A
ISL1_chr5:51398819-51399745_Ledidi_run-4_target-10.88_1	990	1010	0.526302133910576	0.049054687562992416	0.08430544914188282	0.526302133910576	addition	CTCFL_MOUSE.H11MO.0.A
ISL1_chr5:51398819-51399745_Ledidi_run-4_target-10.88_1	1013	1028	0.3649933413604205	0.0411358557508384	0.0584662793375926	0.3649933413604205	addition	NRF1_HUMAN.H11MO.0.A
ISL1_chr5:51398819-51399745_Ledidi_run-4_target-10.88_1	1040	1060	0.4887965767933218	0.044233935067865944	0.07829763987348282	0.4887965767933218	addition	JUN+JUNB_MA1133.1
ISL1_chr5:51398819-51399745_Ledidi_run-4_target-10.88_1	1084	1100	0.28540586067183993	0.019710190003099565	0.045717597785292934	0.28540586067183993	addition	ZBTB33_MA0527.1
ISL1_chr5:51398819-51399745_Ledidi_run-4_target-10.88_10	926	944	0.516034639189453	0.04530835349892779	0.07724206715739552	0.516034639189453	addition	HNF1B_MA0153.2
ISL1_chr5:51398819-51399745_Ledidi_run-4_target-10.88_10	934	949	0.397456308511851	0.04603716432392118	0.05949280250338353	0.397456308511851	addition	HNF1B_MA0153.2
ISL1_chr5:51398819-51399745_Ledidi_run-4_target-10.88_10	959	979	0.38469923247243765	0.018878151526287926	0.057583273860662705	0.38469923247243765	addition	NFYB_HUMAN.H11MO.0.A
ISL1_chr5:51398819-51399745_Ledidi_run-4_target-10.88_10	989	1010	0.5793765200026277	0.049443578017068834	0.08672332566231292	0.5793765200026277	addition	CTCFL_MOUSE.H11MO.0.A
ISL1_chr5:51398819-51399745_Ledidi_run-4_target-10.88_10	1012	1028	0.4092447117509457	0.04752528263549208	0.061257336442622275	0.4092447117509457	addition	NRF1_HUMAN.H11MO.0.A
ISL1_chr5:51398819-51399745_Ledidi_run-4_target-10.88_10	1041	1060	0.4659178860289668	0.0105485557828179	0.06974039707684948	0.4659178860289668	addition	JUN+JUNB_MA1133.1
ISL1_chr5:51398819-51399745_Ledidi_run-4_target-10.88_10	1060	1076	0.3349956368279523	0.044233935067865944	0.050143446800282224	0.3349956368279523	addition	TAL1_HUMAN.H11MO.0.A
ISL1_chr5:51398819-51399745_Ledidi_run-4_target-10.88_10	1083	1100	0.38177743971023625	0.03494966097105987	0.05714592858261617	0.38177743971023625	addition	ZBTB33_MA0527.1
ISL1_chr5:51398819-51399745_Ledidi_run-4_target-10.88_2	926	944	0.49130338094421	0.049054687562992416	0.07838832858107955	0.49130338094421	addition	HNF1B_MA0153.2
ISL1_chr5:51398819-51399745_Ledidi_run-4_target-10.88_2	959	979	0.3439898641346675	0.02166100651689311	0.05488419486657515	0.3439898641346675	addition	NFYB_HUMAN.H11MO.0.A
ISL1_chr5:51398819-51399745_Ledidi_run-4_target-10.88_2	990	1009	0.48894693374580744	0.04828477727390145	0.07801235323786627	0.48894693374580744	addition	CTCFL_MOUSE.H11MO.0.A
ISL1_chr5:51398819-51399745_Ledidi_run-4_target-10.88_2	1014	1029	0.4173573441773566	0.047149411756877535	0.06659010684645869	0.4173573441773566	addition	NRF1_HUMAN.H11MO.0.A
ISL1_chr5:51398819-51399745_Ledidi_run-4_target-10.88_2	1041	1060	0.46285033049620816	0.013659601062505137	0.0738485937570172	0.46285033049620816	addition	JUN+JUNB_MA1133.1
ISL1_chr5:51398819-51399745_Ledidi_run-4_target-10.88_2	1083	1100	0.3329935477048913	0.0361169866869865	0.053129713015010814	0.3329935477048913	addition	ZBTB33_MA0527.1
ISL1_chr5:51398819-51399745_Ledidi_run-4_target-10.88_3	927	947	0.5592247745198194	0.01614369848153966	0.08667268973193513	0.5592247745198194	addition	HNF1B_MA0153.2
ISL1_chr5:51398819-51399745_Ledidi_run-4_target-10.88_3	946	962	0.31649906923114035	0.023763564131689178	0.04905330893373122	0.31649906923114035	addition	NRF1_HUMAN.H11MO.0.A
ISL1_chr5:51398819-51399745_Ledidi_run-4_target-10.88_3	961	978	0.27615456327447285	0.023788817633635016	0.0428004263603993	0.27615456327447285	addition	NFYB_HUMAN.H11MO.0.A
ISL1_chr5:51398819-51399745_Ledidi_run-4_target-10.88_3	988	1002	0.31331561154195686	0.04752528263549208	0.048559913696000094	0.31331561154195686	addition	RFX6_MOUSE.H11MO.0.C
ISL1_chr5:51398819-51399745_Ledidi_run-4_target-10.88_3	993	1009	0.4151286483585377	0.027002995560249682	0.06433963260821515	0.4151286483585377	addition	JUN+JUNB_MA1133.1
ISL1_chr5:51398819-51399745_Ledidi_run-4_target-10.88_3	1040	1060	0.4855259076028462	0.03523825988351976	0.0752503076828301	0.4855259076028462	addition	JUN+JUNB_MA1133.1
ISL1_chr5:51398819-51399745_Ledidi_run-4_target-10.88_3	1061	1075	0.30994834072159705	0.0431817951079379	0.04803802977319456	0.30994834072159705	addition	NRF1_MA0506.1
ISL1_chr5:51398819-51399745_Ledidi_run-4_target-10.88_3	1081	1101	0.5435855022515992	0.030360431152822893	0.08424880249607257	0.5435855022515992	addition	ZBTB33_MA0527.1
ISL1_chr5:51398819-51399745_Ledidi_run-4_target-10.88_4	946	963	0.32353586260981854	0.009113180885269714	0.05023852701148143	0.32353586260981854	addition	NRF1_HUMAN.H11MO.0.A
ISL1_chr5:51398819-51399745_Ledidi_run-4_target-10.88_4	960	978	0.292707444609915	0.03298858577764942	0.04545150186404916	0.292707444609915	addition	NFYB_HUMAN.H11MO.0.A
ISL1_chr5:51398819-51399745_Ledidi_run-4_target-10.88_4	978	992	0.266891665507916	0.04828477727390145	0.041442837398613	0.266891665507916	addition	ETV6_ETS_1
ISL1_chr5:51398819-51399745_Ledidi_run-4_target-10.88_4	987	1011	0.6265442907639529	0.049443578017068834	0.09728956172439811	0.6265442907639529	addition	JUN+JUNB_MA1133.1
ISL1_chr5:51398819-51399745_Ledidi_run-4_target-10.88_4	1011	1028	0.4495952150702993	0.04147688533789045	0.06981297583007595	0.4495952150702993	addition	NRF1_HUMAN.H11MO.0.A
ISL1_chr5:51398819-51399745_Ledidi_run-4_target-10.88_4	1060	1074	0.27947120639638445	0.04983510785121179	0.04339618377455871	0.27947120639638445	addition	SP2_HUMAN.H11MO.0.A
ISL1_chr5:51398819-51399745_Ledidi_run-4_target-10.88_4	1081	1101	0.5590279987654618	0.049443578017068834	0.08680565730675434	0.5590279987654618	addition	ZBTB33_MA0527.1
ISL1_chr5:51398819-51399745_Ledidi_run-4_target-10.88_5	926	945	0.5976373019197391	0.042151620340962453	0.09264334304428791	0.5976373019197391	addition	HNF1B_MA0153.2
ISL1_chr5:51398819-51399745_Ledidi_run-4_target-10.88_5	935	950	0.4405606565154037	0.020060620703094514	0.06829395003000428	0.4405606565154037	addition	FOXD2_forkhead_1
ISL1_chr5:51398819-51399745_Ledidi_run-4_target-10.88_5	959	979	0.35834370450406583	0.016717605802894657	0.05554900712772029	0.35834370450406583	addition	NFYB_HUMAN.H11MO.0.A
ISL1_chr5:51398819-51399745_Ledidi_run-4_target-10.88_5	988	1002	0.39928004670692974	0.049443578017068834	0.06189479508556031	0.39928004670692974	addition	CTCFL_MOUSE.H11MO.0.A
ISL1_chr5:51398819-51399745_Ledidi_run-4_target-10.88_5	992	1010	0.47189295582114044	0.03112804407862404	0.0731509576893714	0.47189295582114044	addition	JUN+JUNB_MA1133.1
ISL1_chr5:51398819-51399745_Ledidi_run-4_target-10.88_5	1013	1030	0.4361213532471717	0.04082223607870175	0.06760578700163347	0.4361213532471717	addition	NRF1_HUMAN.H11MO.0.A
ISL1_chr5:51398819-51399745_Ledidi_run-4_target-10.88_5	1082	1101	0.4934358601529083	0.01614369848153966	0.07649045251301659	0.4934358601529083	addition	ZBTB33_MA0527.1
ISL1_chr5:51398819-51399745_Ledidi_run-4_target-10.88_6	927	944	0.48092181942447787	0.02260536667748268	0.07312052667727964	0.48092181942447787	addition	HNF1B_MA0153.2
ISL1_chr5:51398819-51399745_Ledidi_run-4_target-10.88_6	935	949	0.3798895587855168	0.03353845565274889	0.05775933529245595	0.3798895587855168	addition	FOXD2_forkhead_1
ISL1_chr5:51398819-51399745_Ledidi_run-4_target-10.88_6	946	962	0.33769642941672695	0.011530711280693898	0.051344188969295636	0.33769642941672695	addition	NRF1_HUMAN.H11MO.0.A
ISL1_chr5:51398819-51399745_Ledidi_run-4_target-10.88_6	959	978	0.2666401998578348	0.04677610953918666	0.04054062647910634	0.2666401998578348	addition	NFYB_HUMAN.H11MO.0.A
ISL1_chr5:51398819-51399745_Ledidi_run-4_target-10.88_6	993	1008	0.3738595339180002	0.03824429893054578	0.05684251560081136	0.3738595339180002	addition	JUN+JUNB_MA1133.1
ISL1_chr5:51398819-51399745_Ledidi_run-4_target-10.88_6	1040	1059	0.5145192519626633	0.030614353732317915	0.07822876228434027	0.5145192519626633	addition	JUN+JUNB_MA1133.1
ISL1_chr5:51398819-51399745_Ledidi_run-4_target-10.88_6	1061	1075	0.2988481203642084	0.04752528263549208	0.04543759728701085	0.2988481203642084	addition	NRF1_MA0506.1
ISL1_chr5:51398819-51399745_Ledidi_run-4_target-10.88_6	1082	1101	0.5700214422445766	0.008646858660134224	0.08666745069738158	0.5700214422445766	addition	ZBTB33_MA0527.1
ISL1_chr5:51398819-51399745_Ledidi_run-4_target-10.88_7	945	963	0.3663914620443356	0.03494966097105987	0.05637403050662239	0.3663914620443356	addition	NRF1_HUMAN.H11MO.0.A
ISL1_chr5:51398819-51399745_Ledidi_run-4_target-10.88_7	960	977	0.28785927936376937	0.03762534443726804	0.04429084593271393	0.28785927936376937	addition	NFYB_HUMAN.H11MO.0.A
ISL1_chr5:51398819-51399745_Ledidi_run-4_target-10.88_7	991	1010	0.5505847071710963	0.024818565907273674	0.08471452611193016	0.5505847071710963	addition	JUN+JUNB_MA1133.1
ISL1_chr5:51398819-51399745_Ledidi_run-4_target-10.88_7	1011	1030	0.5786854814675872	0.039189752082230286	0.08903819102107152	0.5786854814675872	addition	NRF1_HUMAN.H11MO.0.A
ISL1_chr5:51398819-51399745_Ledidi_run-4_target-10.88_7	1081	1101	0.5955656833676644	0.0316496073352629	0.09163542680698004	0.5955656833676644	addition	ZBTB33_MA0527.1
ISL1_chr5:51398819-51399745_Ledidi_run-4_target-10.88_8	927	944	0.468153409198649	0.017011592275962162	0.0732669220411538	0.468153409198649	addition	HNF1B_MA0153.2
ISL1_chr5:51398819-51399745_Ledidi_run-4_target-10.88_8	935	949	0.3610259542370955	0.047149411756877535	0.05650126630328247	0.3610259542370955	addition	FOXD2_forkhead_1
ISL1_chr5:51398819-51399745_Ledidi_run-4_target-10.88_8	946	963	0.3193479124848809	0.011434539267240883	0.04997857144324839	0.3193479124848809	addition	NRF1_HUMAN.H11MO.0.A
ISL1_chr5:51398819-51399745_Ledidi_run-4_target-10.88_8	960	978	0.2891254069509751	0.02241350405678395	0.045248690354416185	0.2891254069509751	addition	NFYB_HUMAN.H11MO.0.A
ISL1_chr5:51398819-51399745_Ledidi_run-4_target-10.88_8	987	1003	0.32023471976147166	0.0431817951079379	0.05011735851245017	0.32023471976147166	addition	TYY1_HUMAN.H11MO.0.A
ISL1_chr5:51398819-51399745_Ledidi_run-4_target-10.88_8	1061	1075	0.27252398574204006	0.04866842459137308	0.04265053554108387	0.27252398574204006	addition	NRF1_MA0506.1
ISL1_chr5:51398819-51399745_Ledidi_run-4_target-10.88_8	1082	1100	0.5219450902797154	0.006449768357994603	0.08168542509333765	0.5219450902797154	addition	ZBTB33_MA0527.1
ISL1_chr5:51398819-51399745_Ledidi_run-4_target-10.88_9	926	944	0.5446261584158267	0.04828477727390145	0.08679948043701992	0.5446261584158267	addition	HNF1B_MA0153.2
ISL1_chr5:51398819-51399745_Ledidi_run-4_target-10.88_9	934	949	0.42202884319058054	0.02863641482687143	0.06726060390659787	0.42202884319058054	addition	HNF1B_MA0153.2
ISL1_chr5:51398819-51399745_Ledidi_run-4_target-10.88_9	959	979	0.3472603670822727	0.017461545408191458	0.05534442107368702	0.3472603670822727	addition	NFYB_HUMAN.H11MO.0.A
ISL1_chr5:51398819-51399745_Ledidi_run-4_target-10.88_9	991	1010	0.459809164510117	0.03887231578073048	0.07328182086543451	0.459809164510117	addition	JUN+JUNB_MA1133.1
ISL1_chr5:51398819-51399745_Ledidi_run-4_target-10.88_9	1012	1030	0.4794248460678616	0.042151620340962453	0.07640805882025983	0.4794248460678616	addition	NRF1_HUMAN.H11MO.0.A
ISL1_chr5:51398819-51399745_Ledidi_run-4_target-10.88_9	1040	1060	0.5398208717436939	0.04677610953918666	0.08603364064022188	0.5398208717436939	addition	JUN+JUNB_MA1133.1
ISL1_chr5:51398819-51399745_Ledidi_run-4_target-10.88_9	1084	1100	0.2674716950576115	0.02655237059304931	0.042628147406911336	0.2674716950576115	addition	ZBTB33_MA0527.1
ISL1_chr5:51398819-51399745_Ledidi_run-4_target-7.64_1	1019	1044	1.1149709986292282	0.03191337114952711	0.23438930346313644	1.1149709986292282	addition	NRF1_HUMAN.H11MO.0.A
ISL1_chr5:51398819-51399745_Ledidi_run-4_target-7.64_10	1019	1044	1.065629833653501	0.041813055774825705	0.21535194031039753	1.065629833653501	addition	NRF1_HUMAN.H11MO.0.A
ISL1_chr5:51398819-51399745_Ledidi_run-4_target-7.64_10	1084	1099	0.25692306251200936	0.040811680505258276	0.05192129412589386	0.25692306251200936	addition	ZBTB33_MA0527.1
ISL1_chr5:51398819-51399745_Ledidi_run-4_target-7.64_2	1019	1044	1.0759649559530353	0.02184691035670242	0.2252975151167836	1.0759649559530353	addition	NRF1_HUMAN.H11MO.0.A
ISL1_chr5:51398819-51399745_Ledidi_run-4_target-7.64_3	1020	1045	1.1018818704966418	0.004360827864590845	0.22258436615293048	1.1018818704966418	addition	NRF1_HUMAN.H11MO.0.A
ISL1_chr5:51398819-51399745_Ledidi_run-4_target-7.64_3	1084	1098	0.2675037982502766	0.0435300523578736	0.05403679375376444	0.2675037982502766	addition	ZBTB33_MA0527.1
ISL1_chr5:51398819-51399745_Ledidi_run-4_target-7.64_4	1019	1044	1.1065028985195797	0.03271673434204701	0.23536064049355712	1.1065028985195797	addition	NRF1_HUMAN.H11MO.0.A
ISL1_chr5:51398819-51399745_Ledidi_run-4_target-7.64_5	1019	1044	1.120517472937058	0.027460681264502372	0.23532077714492203	1.120517472937058	addition	NRF1_HUMAN.H11MO.0.A
ISL1_chr5:51398819-51399745_Ledidi_run-4_target-7.64_6	1019	1044	1.1330542348764012	0.02502940600634773	0.22432372990140598	1.1330542348764012	addition	NRF1_HUMAN.H11MO.0.A
ISL1_chr5:51398819-51399745_Ledidi_run-4_target-7.64_6	1084	1100	0.2940263431346888	0.03523825988351976	0.05821176423072011	0.2940263431346888	addition	ZBTB33_MA0527.1
ISL1_chr5:51398819-51399745_Ledidi_run-4_target-7.64_7	1019	1044	1.1151418683529302	0.021112022856681966	0.23446199938919526	1.1151418683529302	addition	NRF1_HUMAN.H11MO.0.A
ISL1_chr5:51398819-51399745_Ledidi_run-4_target-7.64_8	1019	1044	1.1084892704025293	0.044233935067865944	0.2213973565215735	1.1084892704025293	addition	NRF1_HUMAN.H11MO.0.A
ISL1_chr5:51398819-51399745_Ledidi_run-4_target-7.64_8	1084	1099	0.25787765913914473	0.029858371622322206	0.051505624423992404	0.25787765913914473	addition	ZBTB33_MA0527.1
ISL1_chr5:51398819-51399745_Ledidi_run-4_target-7.64_9	1020	1045	1.0539258725529936	0.0052583775931566434	0.2223445599005347	1.0539258725529936	addition	NRF1_HUMAN.H11MO.0.A
ISL1_chr5:51398819-51399745_Ledidi_run-5_target-10.88_1	954	972	0.7622318748119092	0.00981554066820357	0.10824841724279582	0.7622318748119092	addition	TAL1_HUMAN.H11MO.0.A
ISL1_chr5:51398819-51399745_Ledidi_run-5_target-10.88_1	962	987	1.4923453509033011	0.027460681264502372	0.21193553766665846	1.4923453509033011	addition	TYY1_HUMAN.H11MO.0.A
ISL1_chr5:51398819-51399745_Ledidi_run-5_target-10.88_1	978	992	0.3877208352385344	0.04388076183319217	0.055062203685699786	0.3877208352385344	addition	TYY1_HUMAN.H11MO.0.A
ISL1_chr5:51398819-51399745_Ledidi_run-5_target-10.88_1	1001	1021	0.49589016639474526	0.019541127712832916	0.07042387941562259	0.49589016639474526	addition	NDF2_MOUSE.H11MO.0.A
ISL1_chr5:51398819-51399745_Ledidi_run-5_target-10.88_1	1022	1038	0.3751599811117865	0.04015591287097021	0.05327837303866259	0.3751599811117865	addition	MAFB_HUMAN.H11MO.0.B
ISL1_chr5:51398819-51399745_Ledidi_run-5_target-10.88_1	1078	1103	1.0753581562675754	0.024818565907273674	0.15271706974182994	1.0753581562675754	addition	ZBTB33_MA0527.1
ISL1_chr5:51398819-51399745_Ledidi_run-5_target-10.88_10	954	972	0.734498846692496	0.007007451367466232	0.11376722004880475	0.734498846692496	addition	TAL1_HUMAN.H11MO.0.A
ISL1_chr5:51398819-51399745_Ledidi_run-5_target-10.88_10	962	988	1.5367256477276243	0.029610210777034438	0.2380248869102231	1.5367256477276243	addition	TYY1_HUMAN.H11MO.0.A
ISL1_chr5:51398819-51399745_Ledidi_run-5_target-10.88_10	978	992	0.4737491537356293	0.03271673434204701	0.07337945384622346	0.4737491537356293	addition	TYY1_HUMAN.H11MO.0.A
ISL1_chr5:51398819-51399745_Ledidi_run-5_target-10.88_10	1000	1021	0.6073267647906793	0.01776759360316446	0.09406941617758131	0.6073267647906793	addition	NDF2_MOUSE.H11MO.0.A
ISL1_chr5:51398819-51399745_Ledidi_run-5_target-10.88_10	1026	1043	0.45089639741405074	0.0431817951079379	0.06983976883668769	0.45089639741405074	addition	NRF1_HUMAN.H11MO.0.A
ISL1_chr5:51398819-51399745_Ledidi_run-5_target-10.88_10	1039	1056	0.3980769032994953	0.04983510785121179	0.06165850750883574	0.3980769032994953	addition	NFYB_HUMAN.H11MO.0.A
ISL1_chr5:51398819-51399745_Ledidi_run-5_target-10.88_2	928	950	0.6242487401946794	0.014150794810581681	0.08867261087318118	0.6242487401946794	addition	HNF1B_MA0153.2
ISL1_chr5:51398819-51399745_Ledidi_run-5_target-10.88_2	953	972	0.71373114482292	0.028160658238195507	0.10138331084691604	0.71373114482292	addition	TAL1_HUMAN.H11MO.0.A
ISL1_chr5:51398819-51399745_Ledidi_run-5_target-10.88_2	962	987	1.2357990683767124	0.03701535809770458	0.175541451430777	1.2357990683767124	addition	TAL1_HUMAN.H11MO.0.A
ISL1_chr5:51398819-51399745_Ledidi_run-5_target-10.88_2	977	992	0.4328454108662725	0.03136600546560215	0.06148435745984441	0.4328454108662725	addition	ETV6_ETS_1
ISL1_chr5:51398819-51399745_Ledidi_run-5_target-10.88_2	1001	1020	0.4645527627054604	0.019880599096432486	0.06598828913070134	0.4645527627054604	addition	NDF2_MOUSE.H11MO.0.A
ISL1_chr5:51398819-51399745_Ledidi_run-5_target-10.88_2	1081	1103	0.749426743935762	0.024609371688258226	0.1064537607592875	0.749426743935762	addition	ZBTB33_MA0527.1
ISL1_chr5:51398819-51399745_Ledidi_run-5_target-10.88_3	953	973	0.8655075561223764	0.02863641482687143	0.12199676061875145	0.8655075561223764	addition	TAL1_HUMAN.H11MO.0.A
ISL1_chr5:51398819-51399745_Ledidi_run-5_target-10.88_3	963	988	1.4123840855294185	0.005989553603618901	0.19908120034910914	1.4123840855294185	addition	TYY1_HUMAN.H11MO.0.A
ISL1_chr5:51398819-51399745_Ledidi_run-5_target-10.88_3	978	992	0.4854696956530451	0.040811680505258276	0.06842890027856507	0.4854696956530451	addition	TYY1_HUMAN.H11MO.0.A
ISL1_chr5:51398819-51399745_Ledidi_run-5_target-10.88_3	1001	1021	0.5390993037209815	0.020225497656574557	0.07598820858414897	0.5390993037209815	addition	NDF2_MOUSE.H11MO.0.A
ISL1_chr5:51398819-51399745_Ledidi_run-5_target-10.88_3	1026	1041	0.3321049644624865	0.047149411756877535	0.04681152644275736	0.3321049644624865	addition	NRF1_HUMAN.H11MO.0.A
ISL1_chr5:51398819-51399745_Ledidi_run-5_target-10.88_3	1081	1101	0.622230203234059	0.03855716867753284	0.08770584221562756	0.622230203234059	addition	ZBTB33_MA0527.1
ISL1_chr5:51398819-51399745_Ledidi_run-5_target-10.88_4	954	972	0.9148293314762447	0.0037162138454111975	0.1382958738762683	0.9148293314762447	addition	TAL1_HUMAN.H11MO.0.A
ISL1_chr5:51398819-51399745_Ledidi_run-5_target-10.88_4	962	987	1.8289646828861785	0.007472376178410145	0.27648683793338125	1.8289646828861785	addition	TYY1_HUMAN.H11MO.0.A
ISL1_chr5:51398819-51399745_Ledidi_run-5_target-10.88_4	977	992	0.49729833586307426	0.046457888938043417	0.07517720034666782	0.49729833586307426	addition	TYY1_HUMAN.H11MO.0.A
ISL1_chr5:51398819-51399745_Ledidi_run-5_target-10.88_4	1001	1021	0.5153197256397668	0.016572382758062634	0.07790151597788045	0.5153197256397668	addition	NDF2_MOUSE.H11MO.0.A
ISL1_chr5:51398819-51399745_Ledidi_run-5_target-10.88_4	1021	1039	0.5249696709593912	0.023991546286328557	0.0793603100664807	0.5249696709593912	addition	NRF1_HUMAN.H11MO.0.A
ISL1_chr5:51398819-51399745_Ledidi_run-5_target-10.88_5	954	972	0.8118638926457828	0.008646858660134224	0.12662317689142555	0.8118638926457828	addition	TAL1_HUMAN.H11MO.0.A
ISL1_chr5:51398819-51399745_Ledidi_run-5_target-10.88_5	962	987	1.5924449377318726	0.0404826228448533	0.2483672926790131	1.5924449377318726	addition	TYY1_HUMAN.H11MO.0.A
ISL1_chr5:51398819-51399745_Ledidi_run-5_target-10.88_5	1001	1020	0.42902257178556047	0.027925523486782466	0.0669129413066767	0.42902257178556047	addition	NDF2_MOUSE.H11MO.0.A
ISL1_chr5:51398819-51399745_Ledidi_run-5_target-10.88_5	1027	1041	0.3458578800806933	0.04015591287097021	0.05394207566742752	0.3458578800806933	addition	NRF1_HUMAN.H11MO.0.A
ISL1_chr5:51398819-51399745_Ledidi_run-5_target-10.88_5	1039	1056	0.4585577542823467	0.030108441086812352	0.07151942605330502	0.4585577542823467	addition	NFYB_HUMAN.H11MO.0.A
ISL1_chr5:51398819-51399745_Ledidi_run-5_target-10.88_6	925	952	1.0771880847831574	0.013780878646173016	0.16225499082788897	1.0771880847831574	addition	HNF1B_MA0153.2
ISL1_chr5:51398819-51399745_Ledidi_run-5_target-10.88_6	954	972	0.8335544691338046	0.016572382758062634	0.12555687781403319	0.8335544691338046	addition	TAL1_HUMAN.H11MO.0.A
ISL1_chr5:51398819-51399745_Ledidi_run-5_target-10.88_6	962	987	1.503497849738646	0.03112804407862404	0.22646929841245225	1.503497849738646	addition	TAL1_HUMAN.H11MO.0.A
ISL1_chr5:51398819-51399745_Ledidi_run-5_target-10.88_6	978	992	0.3501443935778332	0.03824429893054578	0.05274164853006586	0.3501443935778332	addition	ETV6_ETS_1
ISL1_chr5:51398819-51399745_Ledidi_run-5_target-10.88_6	1000	1022	0.5573221466114768	0.042151620340962453	0.08394847758163623	0.5573221466114768	addition	NDF2_MOUSE.H11MO.0.A
ISL1_chr5:51398819-51399745_Ledidi_run-5_target-10.88_7	954	972	0.8055888028480085	0.013184430565248444	0.12740432963379744	0.8055888028480085	addition	TAL1_HUMAN.H11MO.0.A
ISL1_chr5:51398819-51399745_Ledidi_run-5_target-10.88_7	962	987	1.5820086112428775	0.005612612128615081	0.25019556612223826	1.5820086112428775	addition	TAL1_HUMAN.H11MO.0.A
ISL1_chr5:51398819-51399745_Ledidi_run-5_target-10.88_7	977	992	0.45310651181795025	0.03313159485437984	0.07165905383340566	0.45310651181795025	addition	ETV6_ETS_1
ISL1_chr5:51398819-51399745_Ledidi_run-5_target-10.88_7	1001	1021	0.501735574368003	0.018078584844930905	0.0793497678713941	0.501735574368003	addition	NDF2_MOUSE.H11MO.0.A
ISL1_chr5:51398819-51399745_Ledidi_run-5_target-10.88_7	1022	1041	0.45172974950185774	0.041143097485626716	0.07144131808617739	0.45172974950185774	addition	NRF1_HUMAN.H11MO.0.A
ISL1_chr5:51398819-51399745_Ledidi_run-5_target-10.88_8	927	942	0.3344277171442308	0.03552900589263079	0.04544925099471437	0.3344277171442308	addition	HNF6_HUMAN.H11MO.0.B
ISL1_chr5:51398819-51399745_Ledidi_run-5_target-10.88_8	954	972	0.6803521072677916	0.011332754797363561	0.09246091786902036	0.6803521072677916	addition	TAL1_HUMAN.H11MO.0.A
ISL1_chr5:51398819-51399745_Ledidi_run-5_target-10.88_8	962	987	1.31447798193497	0.02502940600634773	0.1786396182653208	1.31447798193497	addition	TYY1_HUMAN.H11MO.0.A
ISL1_chr5:51398819-51399745_Ledidi_run-5_target-10.88_8	978	992	0.4460540362251768	0.03494966097105987	0.060619442738534396	0.4460540362251768	addition	TYY1_HUMAN.H11MO.0.A
ISL1_chr5:51398819-51399745_Ledidi_run-5_target-10.88_8	1078	1104	1.405818383404461	0.03381649792652908	0.1910529220063935	1.405818383404461	addition	ZBTB33_MA0527.1
ISL1_chr5:51398819-51399745_Ledidi_run-5_target-10.88_9	956	991	2.013966406372055	1.673072431971297e-07	0.27203567193228917	2.013966406372055	addition	ZBTB33_MA0527.1
ISL1_chr5:51398819-51399745_Ledidi_run-5_target-10.88_9	1003	1020	0.3200586042685707	0.04752528263549208	0.043231782414262704	0.3200586042685707	addition	NDF2_MOUSE.H11MO.0.A
ISL1_chr5:51398819-51399745_Ledidi_run-5_target-10.88_9	1021	1038	0.44924191613679776	0.04677610953918666	0.06068116435793525	0.44924191613679776	addition	JUN+JUNB_MA1133.1
ISL1_chr5:51398819-51399745_Ledidi_run-5_target-10.88_9	1028	1042	0.4076362215189411	0.03762534443726804	0.0550612925190763	0.4076362215189411	addition	CTCFL_MOUSE.H11MO.0.A
ISL1_chr5:51398819-51399745_Ledidi_run-5_target-10.88_9	1081	1103	0.8355009444254056	0.02863641482687143	0.11285494142191722	0.8355009444254056	addition	ZBTB33_MA0527.1
ISL1_chr5:51398819-51399745_Ledidi_run-5_target-7.64_1	1061	1075	0.275222555409444	0.046405364267671376	0.053128407737833686	0.275222555409444	addition	NRF1_MA0506.1
ISL1_chr5:51398819-51399745_Ledidi_run-5_target-7.64_1	1071	1093	1.0808644239042096	0.041143097485626716	0.20864789129318245	1.0808644239042096	addition	NFYB_HUMAN.H11MO.0.A
ISL1_chr5:51398819-51399745_Ledidi_run-5_target-7.64_1	1084	1098	0.37478022978859604	0.03824429893054578	0.07234682066906022	0.37478022978859604	addition	ZBTB33_MA0527.1
ISL1_chr5:51398819-51399745_Ledidi_run-5_target-7.64_1	1096	1110	0.22867475937705684	0.03793369474393094	0.04414291494918079	0.22867475937705684	addition	NRF1_MA0506.1
ISL1_chr5:51398819-51399745_Ledidi_run-5_target-7.64_10	1064	1079	0.3906428825122853	0.049443578017068834	0.07604532981837936	0.3906428825122853	addition	ELK1_HUMAN.H11MO.0.B
ISL1_chr5:51398819-51399745_Ledidi_run-5_target-7.64_10	1071	1093	1.0821654170321244	0.027460681264502372	0.2106620387577749	1.0821654170321244	addition	NFYB_HUMAN.H11MO.0.A
ISL1_chr5:51398819-51399745_Ledidi_run-5_target-7.64_10	1084	1099	0.40417548661392044	0.03523825988351976	0.0786796830557714	0.40417548661392044	addition	ZBTB33_MA0527.1
ISL1_chr5:51398819-51399745_Ledidi_run-5_target-7.64_2	1071	1093	1.019988406633242	0.019373402383550863	0.2089184197210135	1.019988406633242	addition	NFYB_HUMAN.H11MO.0.A
ISL1_chr5:51398819-51399745_Ledidi_run-5_target-7.64_3	1071	1093	1.1268077372935381	0.025456071274262367	0.21531414554336353	1.1268077372935381	addition	NFYB_HUMAN.H11MO.0.A
ISL1_chr5:51398819-51399745_Ledidi_run-5_target-7.64_4	1065	1080	0.5211390754716887	0.027692201814472878	0.10454978871999564	0.5211390754716887	addition	ELK1_HUMAN.H11MO.0.B
ISL1_chr5:51398819-51399745_Ledidi_run-5_target-7.64_4	1070	1093	1.1236737803052752	0.03701535809770458	0.22542899170395736	1.1236737803052752	addition	NFYB_HUMAN.H11MO.0.A
ISL1_chr5:51398819-51399745_Ledidi_run-5_target-7.64_4	1084	1098	0.32910389531715944	0.04494771926570335	0.06602410823098183	0.32910389531715944	addition	ZBTB33_MA0527.1
ISL1_chr5:51398819-51399745_Ledidi_run-5_target-7.64_5	1071	1093	1.0733241051100841	0.008568617247160168	0.21601332262629142	1.0733241051100841	addition	NFYB_HUMAN.H11MO.0.A
ISL1_chr5:51398819-51399745_Ledidi_run-5_target-7.64_5	1084	1098	0.3741494598999624	0.046405364267671376	0.07529996541308828	0.3741494598999624	addition	ZBTB33_MA0527.1
ISL1_chr5:51398819-51399745_Ledidi_run-5_target-7.64_6	1071	1093	0.9866501392353078	0.023587676045956723	0.19620797733413284	0.9866501392353078	addition	NFYB_HUMAN.H11MO.0.A
ISL1_chr5:51398819-51399745_Ledidi_run-5_target-7.64_7	1070	1093	1.1306324097393987	0.049054687562992416	0.2137375135104231	1.1306324097393987	addition	NFYB_HUMAN.H11MO.0.A
ISL1_chr5:51398819-51399745_Ledidi_run-5_target-7.64_7	1084	1098	0.3565182155408515	0.03762534443726804	0.06739707464111916	0.3565182155408515	addition	ZBTB33_MA0527.1
ISL1_chr5:51398819-51399745_Ledidi_run-5_target-7.64_7	1096	1110	0.25122205332312464	0.0431817951079379	0.04749163083750975	0.25122205332312464	addition	NRF1_MA0506.1
ISL1_chr5:51398819-51399745_Ledidi_run-5_target-7.64_8	1071	1093	1.069215626333828	0.011640687221706721	0.21242101299923197	1.069215626333828	addition	NFYB_HUMAN.H11MO.0.A
ISL1_chr5:51398819-51399745_Ledidi_run-5_target-7.64_8	1084	1098	0.3548081132002483	0.04147688533789045	0.07048970943753442	0.3548081132002483	addition	ZBTB33_MA0527.1
ISL1_chr5:51398819-51399745_Ledidi_run-5_target-7.64_9	1070	1093	1.0716243522626654	0.03244692271080364	0.21496119643678946	1.0716243522626654	addition	NFYB_HUMAN.H11MO.0.A
ISL1_chr5:51398819-51399745_Ledidi_run-6_target-10.88_1	922	936	0.47100700733569645	0.01614369848153966	0.06946709791437121	0.47100700733569645	addition	HNF6_HUMAN.H11MO.0.B
ISL1_chr5:51398819-51399745_Ledidi_run-6_target-10.88_1	927	953	0.9720526875394881	0.03326248890652669	0.14336448963933643	0.9720526875394881	addition	HNF1B_MA0153.2
ISL1_chr5:51398819-51399745_Ledidi_run-6_target-10.88_1	949	978	1.020812424546521	0.00999416620930086	0.15055588461264394	1.020812424546521	addition	TAL1_HUMAN.H11MO.0.A
ISL1_chr5:51398819-51399745_Ledidi_run-6_target-10.88_1	968	992	0.8056863307858881	0.0361169866869865	0.11882772518728946	0.8056863307858881	addition	RFX6_MOUSE.H11MO.0.C
ISL1_chr5:51398819-51399745_Ledidi_run-6_target-10.88_1	1082	1101	0.5727121174155334	0.012390007117358834	0.08446721198968571	0.5727121174155334	addition	ZBTB33_MA0527.1
ISL1_chr5:51398819-51399745_Ledidi_run-6_target-10.88_10	922	937	0.384047033499003	0.027692201814472878	0.05780770852736003	0.384047033499003	addition	HNF6_HUMAN.H11MO.0.B
ISL1_chr5:51398819-51399745_Ledidi_run-6_target-10.88_10	930	944	0.2897626279439376	0.03701535809770458	0.04361578681051965	0.2897626279439376	addition	HNF1B_MA0153.2
ISL1_chr5:51398819-51399745_Ledidi_run-6_target-10.88_10	951	986	1.7839344242466821	4.640369347620239e-06	0.26852221794090164	1.7839344242466821	addition	TAL1_HUMAN.H11MO.0.A
ISL1_chr5:51398819-51399745_Ledidi_run-6_target-10.88_10	976	993	0.7220036879784901	0.00012583194706844832	0.10867777930759073	0.7220036879784901	addition	ELK1_HUMAN.H11MO.0.B
ISL1_chr5:51398819-51399745_Ledidi_run-6_target-10.88_10	1073	1094	0.6375049412181792	0.041143097485626716	0.0959588191345526	0.6375049412181792	addition	JUN+JUNB_MA1133.1
ISL1_chr5:51398819-51399745_Ledidi_run-6_target-10.88_2	923	937	0.3645351987739122	0.04494771926570335	0.05436964866279566	0.3645351987739122	addition	MEOX2_MA0706.1
ISL1_chr5:51398819-51399745_Ledidi_run-6_target-10.88_2	930	944	0.29614676996575245	0.04677610953918666	0.04416966013108091	0.29614676996575245	addition	HNF1B_MA0153.2
ISL1_chr5:51398819-51399745_Ledidi_run-6_target-10.88_2	949	977	1.1036873766907114	0.00621562550303329	0.1646126220624678	1.1036873766907114	addition	TAL1_HUMAN.H11MO.0.A
ISL1_chr5:51398819-51399745_Ledidi_run-6_target-10.88_2	967	993	1.0407047114466055	0.0479037338874498	0.15521889165540134	1.0407047114466055	addition	RFX6_MOUSE.H11MO.0.C
ISL1_chr5:51398819-51399745_Ledidi_run-6_target-10.88_2	1081	1101	0.643776326987703	0.044233935067865944	0.09601786832512417	0.643776326987703	addition	ZBTB33_MA0527.1
ISL1_chr5:51398819-51399745_Ledidi_run-6_target-10.88_3	949	976	0.8944053062047375	0.023788817633635016	0.1400329042783978	0.8944053062047375	addition	TAL1_HUMAN.H11MO.0.A
ISL1_chr5:51398819-51399745_Ledidi_run-6_target-10.88_3	967	981	0.4105468866028602	0.03112804407862404	0.06427742822479696	0.4105468866028602	addition	RFX6_MOUSE.H11MO.0.C
ISL1_chr5:51398819-51399745_Ledidi_run-6_target-10.88_3	972	992	0.515564310651978	0.049443578017068834	0.0807195208503831	0.515564310651978	addition	RFX6_MOUSE.H11MO.0.C
ISL1_chr5:51398819-51399745_Ledidi_run-6_target-10.88_3	1028	1051	0.8576316643679629	0.041143097485626716	0.1342754251673354	0.8576316643679629	addition	CTCFL_MOUSE.H11MO.0.A
ISL1_chr5:51398819-51399745_Ledidi_run-6_target-10.88_3	1061	1076	0.3004339195337544	0.0435300523578736	0.047037549983434186	0.3004339195337544	addition	CTCFL_MOUSE.H11MO.0.A
ISL1_chr5:51398819-51399745_Ledidi_run-6_target-10.88_4	927	952	0.9348125223708467	0.010084621278518544	0.13744384541383706	0.9348125223708467	addition	HNF1B_MA0153.2
ISL1_chr5:51398819-51399745_Ledidi_run-6_target-10.88_4	948	977	1.0950174358673983	0.03731923616991746	0.16099849283053266	1.0950174358673983	addition	TAL1_HUMAN.H11MO.0.A
ISL1_chr5:51398819-51399745_Ledidi_run-6_target-10.88_4	967	992	0.9234556108611793	0.03855716867753284	0.13577405863567693	0.9234556108611793	addition	ELK1_HUMAN.H11MO.0.B
ISL1_chr5:51398819-51399745_Ledidi_run-6_target-10.88_4	1075	1096	0.6298917714915295	0.0435300523578736	0.09261188227213857	0.6298917714915295	addition	JUN+JUNB_MA1133.1
ISL1_chr5:51398819-51399745_Ledidi_run-6_target-10.88_5	922	932	0.2682703948422029	0.04677610953918666	0.04039682102942802	0.2682703948422029	addition	HNF6_HUMAN.H11MO.0.B
ISL1_chr5:51398819-51399745_Ledidi_run-6_target-10.88_5	948	978	1.178309431166329	0.021476564575785024	0.177432754874468	1.178309431166329	addition	TAL1_HUMAN.H11MO.0.A
ISL1_chr5:51398819-51399745_Ledidi_run-6_target-10.88_5	968	992	0.8877963791935739	0.022798747170839035	0.13368657940043058	0.8877963791935739	addition	ELK1_HUMAN.H11MO.0.B
ISL1_chr5:51398819-51399745_Ledidi_run-6_target-10.88_5	1082	1102	0.6491601244989917	0.014276153083988767	0.09775214064992892	0.6491601244989917	addition	ZBTB33_MA0527.1
ISL1_chr5:51398819-51399745_Ledidi_run-6_target-10.88_6	949	979	1.2788491178455348	0.001493042807141685	0.18672639905441835	1.2788491178455348	addition	TAL1_HUMAN.H11MO.0.A
ISL1_chr5:51398819-51399745_Ledidi_run-6_target-10.88_6	970	993	0.8848507291176195	0.015317055035413057	0.12919818924937967	0.8848507291176195	addition	RFX6_MOUSE.H11MO.0.C
ISL1_chr5:51398819-51399745_Ledidi_run-6_target-10.88_6	1081	1102	0.6875098520351037	0.04677610953918666	0.10038419481512029	0.6875098520351037	addition	ZBTB33_MA0527.1
ISL1_chr5:51398819-51399745_Ledidi_run-6_target-10.88_7	922	936	0.5205633434513892	0.0205759042053305	0.07779740355684021	0.5205633434513892	addition	HNF6_HUMAN.H11MO.0.B
ISL1_chr5:51398819-51399745_Ledidi_run-6_target-10.88_7	927	952	0.941117873633294	0.013420042768380094	0.14064864138179903	0.941117873633294	addition	HNF1B_MA0153.2
ISL1_chr5:51398819-51399745_Ledidi_run-6_target-10.88_7	948	976	0.9291477552189678	0.03855716867753284	0.13885972530728588	0.9291477552189678	addition	TAL1_HUMAN.H11MO.0.A
ISL1_chr5:51398819-51399745_Ledidi_run-6_target-10.88_7	970	992	0.7708400955010237	0.012063490602242679	0.11520088523691142	0.7708400955010237	addition	ELK1_HUMAN.H11MO.0.B
ISL1_chr5:51398819-51399745_Ledidi_run-6_target-10.88_8	922	936	0.3853149512330831	0.0479037338874498	0.05678904162916378	0.3853149512330831	addition	HNF6_HUMAN.H11MO.0.B
ISL1_chr5:51398819-51399745_Ledidi_run-6_target-10.88_8	928	952	0.8545156661699154	0.009213738894795447	0.12594145538240772	0.8545156661699154	addition	HNF1B_MA0153.2
ISL1_chr5:51398819-51399745_Ledidi_run-6_target-10.88_8	948	967	0.6170851222858271	0.03298858577764942	0.09094812590604352	0.6170851222858271	addition	TAL1_HUMAN.H11MO.0.A
ISL1_chr5:51398819-51399745_Ledidi_run-6_target-10.88_8	958	977	0.6401969755542283	0.0361169866869865	0.0943544302635207	0.6401969755542283	addition	HNF6_HUMAN.H11MO.0.B
ISL1_chr5:51398819-51399745_Ledidi_run-6_target-10.88_8	970	992	0.6967882250769466	0.01174506432281378	0.1026950430913058	0.6967882250769466	addition	ELK1_HUMAN.H11MO.0.B
ISL1_chr5:51398819-51399745_Ledidi_run-6_target-10.88_8	1030	1050	0.4705081922168777	0.0361169866869865	0.06934511424786029	0.4705081922168777	addition	CTCFL_MOUSE.H11MO.0.A
ISL1_chr5:51398819-51399745_Ledidi_run-6_target-10.88_9	922	937	0.3940704591484697	0.03762534443726804	0.0584981106938673	0.3940704591484697	addition	HNF6_HUMAN.H11MO.0.B
ISL1_chr5:51398819-51399745_Ledidi_run-6_target-10.88_9	930	944	0.33961954337067835	0.026108710687460436	0.0504151000935939	0.33961954337067835	addition	HNF1B_MA0153.2
ISL1_chr5:51398819-51399745_Ledidi_run-6_target-10.88_9	948	979	1.223033819316119	0.03494966097105987	0.18155425275798792	1.223033819316119	addition	TAL1_HUMAN.H11MO.0.A
ISL1_chr5:51398819-51399745_Ledidi_run-6_target-10.88_9	969	993	0.9422284656919708	0.03326248890652669	0.13986987302744056	0.9422284656919708	addition	ELK1_HUMAN.H11MO.0.B
ISL1_chr5:51398819-51399745_Ledidi_run-6_target-10.88_9	1081	1101	0.6506409445595565	0.03731923616991746	0.0965849256476933	0.6506409445595565	addition	ZBTB33_MA0527.1
ISL1_chr5:51398819-51399745_Ledidi_run-6_target-7.64_1	1019	1045	1.0965613300988717	0.03381649792652908	0.2339025315395649	1.0965613300988717	addition	NRF1_HUMAN.H11MO.0.A
ISL1_chr5:51398819-51399745_Ledidi_run-6_target-7.64_10	1019	1044	0.9980022232655141	0.03855716867753284	0.215740675672303	0.9980022232655141	addition	NRF1_HUMAN.H11MO.0.A
ISL1_chr5:51398819-51399745_Ledidi_run-6_target-7.64_2	1020	1044	1.0649942191727584	0.008262291209384386	0.22256770151532262	1.0649942191727584	addition	NRF1_HUMAN.H11MO.0.A
ISL1_chr5:51398819-51399745_Ledidi_run-6_target-7.64_3	1019	1044	1.1000467825003337	0.02936394663315985	0.22107220884125525	1.1000467825003337	addition	NRF1_HUMAN.H11MO.0.A
ISL1_chr5:51398819-51399745_Ledidi_run-6_target-7.64_4	1019	1044	1.1330791094672554	0.03353845565274889	0.23839844591117865	1.1330791094672554	addition	NRF1_HUMAN.H11MO.0.A
ISL1_chr5:51398819-51399745_Ledidi_run-6_target-7.64_5	1019	1044	1.1486381550414726	0.02655237059304931	0.2345866133306545	1.1486381550414726	addition	NRF1_HUMAN.H11MO.0.A
ISL1_chr5:51398819-51399745_Ledidi_run-6_target-7.64_6	1019	1044	1.1884799590774953	0.01195645903091785	0.2446027542084424	1.1884799590774953	addition	NRF1_HUMAN.H11MO.0.A
ISL1_chr5:51398819-51399745_Ledidi_run-6_target-7.64_7	1020	1044	1.0729995104186667	0.002666673048508775	0.2255263530332856	1.0729995104186667	addition	NRF1_HUMAN.H11MO.0.A
ISL1_chr5:51398819-51399745_Ledidi_run-6_target-7.64_8	1020	1045	1.0398053928070696	0.01195645903091785	0.22234004081288586	1.0398053928070696	addition	NRF1_HUMAN.H11MO.0.A
ISL1_chr5:51398819-51399745_Ledidi_run-6_target-7.64_9	1019	1044	1.152419494263383	0.03641424526122076	0.23258594154085055	1.152419494263383	addition	NRF1_HUMAN.H11MO.0.A
ISL1_chr5:51398819-51399745_Ledidi_run-7_target-10.88_1	928	952	0.6839892028535931	0.012952705013612602	0.10202020874219868	0.6839892028535931	addition	HNF1B_MA0153.2
ISL1_chr5:51398819-51399745_Ledidi_run-7_target-10.88_1	945	963	0.40816988954123545	0.04494771926570335	0.06088046004169211	0.40816988954123545	addition	CEBPB_HUMAN.H11MO.0.A
ISL1_chr5:51398819-51399745_Ledidi_run-7_target-10.88_1	966	992	0.891318738149121	0.030360431152822893	0.13294438471022244	0.891318738149121	addition	ZBTB33_MA0527.1
ISL1_chr5:51398819-51399745_Ledidi_run-7_target-10.88_1	1013	1029	0.3466021974269442	0.0344477485903327	0.051697348999777196	0.3466021974269442	addition	ELK1_HUMAN.H11MO.0.B
ISL1_chr5:51398819-51399745_Ledidi_run-7_target-10.88_1	1079	1093	0.3009947335807026	0.0361169866869865	0.04489478111948891	0.3009947335807026	addition	MAFB_HUMAN.H11MO.0.B
ISL1_chr5:51398819-51399745_Ledidi_run-7_target-10.88_1	1097	1114	0.39568860837113906	0.02632967593639535	0.05901881821309169	0.39568860837113906	addition	TYY1_HUMAN.H11MO.0.A
ISL1_chr5:51398819-51399745_Ledidi_run-7_target-10.88_10	928	952	0.6550886015644188	0.010084621278518544	0.09682507385718996	0.6550886015644188	addition	HNF1B_MA0153.2
ISL1_chr5:51398819-51399745_Ledidi_run-7_target-10.88_10	945	963	0.37392907361321903	0.03855716867753284	0.05526841725453259	0.37392907361321903	addition	CEBPB_HUMAN.H11MO.0.A
ISL1_chr5:51398819-51399745_Ledidi_run-7_target-10.88_10	966	993	0.9238824374362493	0.024609371688258226	0.13655402494639324	0.9238824374362493	addition	ZBTB33_MA0527.1
ISL1_chr5:51398819-51399745_Ledidi_run-7_target-10.88_10	1013	1030	0.44706687133435397	0.020753198729275252	0.06607851629943978	0.44706687133435397	addition	ELK1_HUMAN.H11MO.0.B
ISL1_chr5:51398819-51399745_Ledidi_run-7_target-10.88_10	1079	1093	0.307046180261624	0.04677610953918666	0.04538282151513866	0.307046180261624	addition	MAFB_HUMAN.H11MO.0.B
ISL1_chr5:51398819-51399745_Ledidi_run-7_target-10.88_10	1096	1114	0.3588338468727299	0.04283597838771647	0.05303727410756217	0.3588338468727299	addition	TYY1_HUMAN.H11MO.0.A
ISL1_chr5:51398819-51399745_Ledidi_run-7_target-10.88_2	928	953	0.7547606292029106	0.013780878646173016	0.11116244462854621	0.7547606292029106	addition	HNF1B_MA0153.2
ISL1_chr5:51398819-51399745_Ledidi_run-7_target-10.88_2	945	963	0.465098192414764	0.012500677000792512	0.0685004623462463	0.465098192414764	addition	CEBPB_HUMAN.H11MO.0.A
ISL1_chr5:51398819-51399745_Ledidi_run-7_target-10.88_2	966	992	0.9208592675933822	0.04388076183319217	0.13562573799409597	0.9208592675933822	addition	ZBTB33_MA0527.1
ISL1_chr5:51398819-51399745_Ledidi_run-7_target-10.88_2	1015	1029	0.2308747019756212	0.04494771926570335	0.03400362350855665	0.2308747019756212	addition	ELK1_HUMAN.H11MO.0.B
ISL1_chr5:51398819-51399745_Ledidi_run-7_target-10.88_2	1029	1051	0.5687814283534096	0.04828477727390145	0.08377110780387999	0.5687814283534096	addition	CTCFL_MOUSE.H11MO.0.A
ISL1_chr5:51398819-51399745_Ledidi_run-7_target-10.88_2	1096	1115	0.4517047952140514	0.0316496073352629	0.06652785975264693	0.4517047952140514	addition	TYY1_HUMAN.H11MO.0.A
ISL1_chr5:51398819-51399745_Ledidi_run-7_target-10.88_3	944	963	0.41553275110179827	0.024818565907273674	0.06376357463278436	0.41553275110179827	addition	CEBPB_HUMAN.H11MO.0.A
ISL1_chr5:51398819-51399745_Ledidi_run-7_target-10.88_3	965	992	0.9114619390667398	0.049443578017068834	0.13986399681498632	0.9114619390667398	addition	ZBTB33_MA0527.1
ISL1_chr5:51398819-51399745_Ledidi_run-7_target-10.88_3	1013	1030	0.4409934752672142	0.014918679520086825	0.06767052728867384	0.4409934752672142	addition	ELK1_HUMAN.H11MO.0.B
ISL1_chr5:51398819-51399745_Ledidi_run-7_target-10.88_3	1028	1052	0.6718095292359609	0.049054687562992416	0.10308929186175896	0.6718095292359609	addition	CTCF_MA0139.1
ISL1_chr5:51398819-51399745_Ledidi_run-7_target-10.88_3	1096	1115	0.43659514415250156	0.04752528263549208	0.06699560259609776	0.43659514415250156	addition	TYY1_HUMAN.H11MO.0.A
ISL1_chr5:51398819-51399745_Ledidi_run-7_target-10.88_4	928	952	0.6811956179030025	0.015050384597187667	0.10166712186268151	0.6811956179030025	addition	HNF1B_MA0153.2
ISL1_chr5:51398819-51399745_Ledidi_run-7_target-10.88_4	945	963	0.4012287755242514	0.01904192390803159	0.059882614837735215	0.4012287755242514	addition	CEBPB_HUMAN.H11MO.0.A
ISL1_chr5:51398819-51399745_Ledidi_run-7_target-10.88_4	967	992	0.7352392369553823	0.02721417769153173	0.10973302695615937	0.7352392369553823	addition	ARNTL_bHLH_1
ISL1_chr5:51398819-51399745_Ledidi_run-7_target-10.88_4	1015	1030	0.3411724166283676	0.039189752082230286	0.050919320010189555	0.3411724166283676	addition	ELK1_HUMAN.H11MO.0.B
ISL1_chr5:51398819-51399745_Ledidi_run-7_target-10.88_4	1029	1051	0.566370911592514	0.046405364267671376	0.08452975764232426	0.566370911592514	addition	CTCFL_MOUSE.H11MO.0.A
ISL1_chr5:51398819-51399745_Ledidi_run-7_target-10.88_4	1084	1100	0.3194721762210504	0.03271673434204701	0.04768060131036616	0.3194721762210504	addition	ZBTB33_MA0527.1
ISL1_chr5:51398819-51399745_Ledidi_run-7_target-10.88_4	1097	1116	0.46573191016722193	0.03271673434204701	0.0695095823018824	0.46573191016722193	addition	TYY1_HUMAN.H11MO.0.A
ISL1_chr5:51398819-51399745_Ledidi_run-7_target-10.88_5	928	943	0.389525930060842	0.01716037196523126	0.0581597964774071	0.389525930060842	addition	HNF1B_MA0153.2
ISL1_chr5:51398819-51399745_Ledidi_run-7_target-10.88_5	933	952	0.5995450266311242	0.04494771926570335	0.0895175751777587	0.5995450266311242	addition	HNF1B_MA0153.2
ISL1_chr5:51398819-51399745_Ledidi_run-7_target-10.88_5	945	963	0.37890063425071085	0.027460681264502372	0.0565733422926165	0.37890063425071085	addition	CEBPB_HUMAN.H11MO.0.A
ISL1_chr5:51398819-51399745_Ledidi_run-7_target-10.88_5	967	992	0.8914345485832402	0.006914674365646277	0.13309935980496213	0.8914345485832402	addition	ZBTB33_MA0527.1
ISL1_chr5:51398819-51399745_Ledidi_run-7_target-10.88_5	1013	1030	0.371262001488359	0.02863641482687143	0.055432824312838753	0.371262001488359	addition	ELK1_HUMAN.H11MO.0.B
ISL1_chr5:51398819-51399745_Ledidi_run-7_target-10.88_5	1097	1114	0.39133187352612087	0.03824429893054578	0.05842944041195574	0.39133187352612087	addition	TYY1_HUMAN.H11MO.0.A
ISL1_chr5:51398819-51399745_Ledidi_run-7_target-10.88_6	928	952	0.6570982233964815	0.027460681264502372	0.09877140035128426	0.6570982233964815	addition	HNF1B_MA0153.2
ISL1_chr5:51398819-51399745_Ledidi_run-7_target-10.88_6	945	964	0.3899332726980786	0.019373402383550863	0.058612630527094874	0.3899332726980786	addition	CEBPB_HUMAN.H11MO.0.A
ISL1_chr5:51398819-51399745_Ledidi_run-7_target-10.88_6	965	992	0.9798122605030977	0.04015591287097021	0.1472800041233021	0.9798122605030977	addition	ZBTB33_MA0527.1
ISL1_chr5:51398819-51399745_Ledidi_run-7_target-10.88_6	1014	1029	0.2711712521880929	0.04983510785121179	0.040760975087081035	0.2711712521880929	addition	ELK1_HUMAN.H11MO.0.B
ISL1_chr5:51398819-51399745_Ledidi_run-7_target-10.88_6	1029	1044	0.44172417693620414	0.04015591287097021	0.06639755514706656	0.44172417693620414	addition	SP2_HUMAN.H11MO.0.A
ISL1_chr5:51398819-51399745_Ledidi_run-7_target-10.88_6	1034	1052	0.44310203837524	0.045671497969665825	0.06660466772016127	0.44310203837524	addition	CTCFL_MOUSE.H11MO.0.A
ISL1_chr5:51398819-51399745_Ledidi_run-7_target-10.88_6	1082	1096	0.29678166205251655	0.0435300523578736	0.044610591408982374	0.29678166205251655	addition	HNF6_HUMAN.H11MO.0.B
ISL1_chr5:51398819-51399745_Ledidi_run-7_target-10.88_6	1098	1113	0.30439976296025906	0.039831538863529546	0.0457557025474447	0.30439976296025906	addition	TYY1_HUMAN.H11MO.0.A
ISL1_chr5:51398819-51399745_Ledidi_run-7_target-10.88_7	927	941	0.2951582810446687	0.02524190385292717	0.045637430594607405	0.2951582810446687	addition	ZBTB33_MA0527.1
ISL1_chr5:51398819-51399745_Ledidi_run-7_target-10.88_7	933	953	0.5995240917751302	0.041813055774825705	0.092698531212959	0.5995240917751302	addition	HNF1B_MA0153.2
ISL1_chr5:51398819-51399745_Ledidi_run-7_target-10.88_7	945	962	0.38430900062218154	0.025671920271632388	0.0594219321263883	0.38430900062218154	addition	CEBPB_HUMAN.H11MO.0.A
ISL1_chr5:51398819-51399745_Ledidi_run-7_target-10.88_7	967	992	0.7607525961544284	0.043724108381120785	0.11762771379404681	0.7607525961544284	addition	ZBTB33_MA0527.1
ISL1_chr5:51398819-51399745_Ledidi_run-7_target-10.88_7	1013	1030	0.3932925996712515	0.03381649792652908	0.060810977951701484	0.3932925996712515	addition	ELK1_HUMAN.H11MO.0.B
ISL1_chr5:51398819-51399745_Ledidi_run-7_target-10.88_7	1028	1051	0.6502093737859291	0.030614353732317915	0.10053549933646516	0.6502093737859291	addition	CTCF_MA0139.1
ISL1_chr5:51398819-51399745_Ledidi_run-7_target-10.88_7	1096	1114	0.37876164083863495	0.044233935067865944	0.058564198281995127	0.37876164083863495	addition	TYY1_HUMAN.H11MO.0.A
ISL1_chr5:51398819-51399745_Ledidi_run-7_target-10.88_8	928	953	0.6860392956711397	0.0105485557828179	0.10249221735463292	0.6860392956711397	addition	HNF1B_MA0153.2
ISL1_chr5:51398819-51399745_Ledidi_run-7_target-10.88_8	967	992	0.7395109758403274	0.014689092005594945	0.1104807263231409	0.7395109758403274	addition	ARNTL_bHLH_1
ISL1_chr5:51398819-51399745_Ledidi_run-7_target-10.88_8	1013	1030	0.4275722256779453	0.02260536667748268	0.06387801072840449	0.4275722256779453	addition	ELK1_HUMAN.H11MO.0.B
ISL1_chr5:51398819-51399745_Ledidi_run-7_target-10.88_8	1029	1052	0.6079837497820733	0.03887231578073048	0.09083095243077693	0.6079837497820733	addition	TYY1_HUMAN.H11MO.0.A
ISL1_chr5:51398819-51399745_Ledidi_run-7_target-10.88_8	1096	1115	0.43619814126649814	0.04458958369265344	0.06516669669867357	0.43619814126649814	addition	TYY1_HUMAN.H11MO.0.A
ISL1_chr5:51398819-51399745_Ledidi_run-7_target-10.88_9	928	945	0.509025516787553	0.01776759360316446	0.0787377105063972	0.509025516787553	addition	HNF1B_MA0153.2
ISL1_chr5:51398819-51399745_Ledidi_run-7_target-10.88_9	935	953	0.6177481243453249	0.028397618043095523	0.09555527449299263	0.6177481243453249	addition	HNF1B_MA0153.2
ISL1_chr5:51398819-51399745_Ledidi_run-7_target-10.88_9	945	963	0.3950882108411029	0.027002995560249682	0.06111352013553491	0.3950882108411029	addition	CEBPB_HUMAN.H11MO.0.A
ISL1_chr5:51398819-51399745_Ledidi_run-7_target-10.88_9	965	992	1.014308961132527	0.03437885677453818	0.15689658516476615	1.014308961132527	addition	ZBTB33_MA0527.1
ISL1_chr5:51398819-51399745_Ledidi_run-7_target-10.88_9	1029	1051	0.5243626295131296	0.04677610953918666	0.08111010462410592	0.5243626295131296	addition	CTCFL_MOUSE.H11MO.0.A
ISL1_chr5:51398819-51399745_Ledidi_run-7_target-10.88_9	1098	1112	0.28856142114872574	0.045671497969665825	0.04463561234633672	0.28856142114872574	addition	TYY1_HUMAN.H11MO.0.A
ISL1_chr5:51398819-51399745_Ledidi_run-7_target-7.64_1	1019	1044	1.1097555034950746	0.009904474602072538	0.2262917601598135	1.1097555034950746	addition	NRF1_HUMAN.H11MO.0.A
ISL1_chr5:51398819-51399745_Ledidi_run-7_target-7.64_10	1019	1045	1.0972727083972493	0.04603716432392118	0.22795486499353976	1.0972727083972493	addition	NRF1_HUMAN.H11MO.0.A
ISL1_chr5:51398819-51399745_Ledidi_run-7_target-7.64_2	1019	1044	1.060943118287255	0.04866842459137308	0.22627602358070084	1.060943118287255	addition	NRF1_HUMAN.H11MO.0.A
ISL1_chr5:51398819-51399745_Ledidi_run-7_target-7.64_3	1019	1045	1.1667260307728293	0.02166100651689311	0.23692193176945556	1.1667260307728293	addition	NRF1_HUMAN.H11MO.0.A
ISL1_chr5:51398819-51399745_Ledidi_run-7_target-7.64_4	1019	1044	1.0983390819108332	0.027460681264502372	0.228647787456336	1.0983390819108332	addition	NRF1_HUMAN.H11MO.0.A
ISL1_chr5:51398819-51399745_Ledidi_run-7_target-7.64_5	1019	1045	1.1151486752640765	0.0361169866869865	0.2252716087860789	1.1151486752640765	addition	NRF1_HUMAN.H11MO.0.A
ISL1_chr5:51398819-51399745_Ledidi_run-7_target-7.64_5	1084	1099	0.25407988606464915	0.04283597838771647	0.05132677459390153	0.25407988606464915	addition	ZBTB33_MA0527.1
ISL1_chr5:51398819-51399745_Ledidi_run-7_target-7.64_6	1019	1044	1.152202520700956	0.0288770605581417	0.24519049546550956	1.152202520700956	addition	NRF1_HUMAN.H11MO.0.A
ISL1_chr5:51398819-51399745_Ledidi_run-7_target-7.64_7	1019	1045	1.131682138897066	0.04283597838771647	0.23086161275784897	1.131682138897066	addition	NRF1_HUMAN.H11MO.0.A
ISL1_chr5:51398819-51399745_Ledidi_run-7_target-7.64_8	1020	1044	1.0109985625518598	0.011032479264835412	0.21897885792584074	1.0109985625518598	addition	NRF1_HUMAN.H11MO.0.A
ISL1_chr5:51398819-51399745_Ledidi_run-7_target-7.64_9	1019	1045	1.0813067663376257	0.045671497969665825	0.23143626562854303	1.0813067663376257	addition	NRF1_HUMAN.H11MO.0.A
ISL1_chr5:51398819-51399745_Ledidi_run-8_target-10.88_1	924	952	1.0444162318602848	0.01390316511581489	0.1589465764781862	1.0444162318602848	addition	HNF1B_MA0153.2
ISL1_chr5:51398819-51399745_Ledidi_run-8_target-10.88_1	1003	1023	0.5028525786239282	0.04828477727390145	0.07652762702006093	0.5028525786239282	addition	RFX6_MOUSE.H11MO.0.C
ISL1_chr5:51398819-51399745_Ledidi_run-8_target-10.88_1	1081	1103	0.9177798481785677	0.02655237059304931	0.13967416474255587	0.9177798481785677	addition	ZBTB33_MA0527.1
ISL1_chr5:51398819-51399745_Ledidi_run-8_target-10.88_10	924	951	1.0185895275477652	0.0435300523578736	0.15741938970729136	1.0185895275477652	addition	HNF1B_MA0153.2
ISL1_chr5:51398819-51399745_Ledidi_run-8_target-10.88_10	1004	1023	0.4513202440188633	0.020052364971555936	0.06974993896416597	0.4513202440188633	addition	RFX6_MOUSE.H11MO.0.C
ISL1_chr5:51398819-51399745_Ledidi_run-8_target-10.88_10	1081	1103	0.8296921183789534	0.016717605802894657	0.1282259667783987	0.8296921183789534	addition	ZBTB33_MA0527.1
ISL1_chr5:51398819-51399745_Ledidi_run-8_target-10.88_2	924	952	0.9943341734383314	0.022993656863202924	0.1592255686862232	0.9943341734383314	addition	HNF1B_MA0153.2
ISL1_chr5:51398819-51399745_Ledidi_run-8_target-10.88_2	1003	1023	0.5193563688602785	0.040811680505258276	0.08316601741307696	0.5193563688602785	addition	RFX6_MOUSE.H11MO.0.C
ISL1_chr5:51398819-51399745_Ledidi_run-8_target-10.88_2	1081	1101	0.6512475187625393	0.017461545408191458	0.10428612361967494	0.6512475187625393	addition	ZBTB33_MA0527.1
ISL1_chr5:51398819-51399745_Ledidi_run-8_target-10.88_3	924	952	1.0791195973742223	0.01572532572335591	0.16482615899176353	1.0791195973742223	addition	HNF1B_MA0153.2
ISL1_chr5:51398819-51399745_Ledidi_run-8_target-10.88_3	1003	1024	0.5332513238688719	0.03271673434204701	0.08144951468256845	0.5332513238688719	addition	RFX6_MOUSE.H11MO.0.C
ISL1_chr5:51398819-51399745_Ledidi_run-8_target-10.88_3	1081	1103	0.9498735030069785	0.02936394663315985	0.14508493906481953	0.9498735030069785	addition	ZBTB33_MA0527.1
ISL1_chr5:51398819-51399745_Ledidi_run-8_target-10.88_4	924	952	1.0860857178910703	0.016572382758062634	0.1708343618425904	1.0860857178910703	addition	HNF1B_MA0153.2
ISL1_chr5:51398819-51399745_Ledidi_run-8_target-10.88_4	1004	1024	0.5187501739751916	0.01036062623389908	0.08159609639178851	0.5187501739751916	addition	RFX6_MOUSE.H11MO.0.C
ISL1_chr5:51398819-51399745_Ledidi_run-8_target-10.88_4	1081	1103	0.8788681795269584	0.015588123308218219	0.1382403636471588	0.8788681795269584	addition	ZBTB33_MA0527.1
ISL1_chr5:51398819-51399745_Ledidi_run-8_target-10.88_5	925	952	1.0850319610231305	0.024818565907273674	0.1641691675917598	1.0850319610231305	addition	HNF1B_MA0153.2
ISL1_chr5:51398819-51399745_Ledidi_run-8_target-10.88_5	1003	1023	0.5008361439890565	0.03271673434204701	0.07577827733389449	0.5008361439890565	addition	RFX6_MOUSE.H11MO.0.C
ISL1_chr5:51398819-51399745_Ledidi_run-8_target-10.88_5	1081	1103	0.9460872705756294	0.015183173891586264	0.14314634523125358	0.9460872705756294	addition	ZBTB33_MA0527.1
ISL1_chr5:51398819-51399745_Ledidi_run-8_target-10.88_6	924	952	1.104034311677433	0.024401811540579587	0.168104119436556	1.104034311677433	addition	HNF1B_MA0153.2
ISL1_chr5:51398819-51399745_Ledidi_run-8_target-10.88_6	1003	1023	0.49676863276758	0.027460681264502372	0.07563972667499376	0.49676863276758	addition	RFX6_MOUSE.H11MO.0.C
ISL1_chr5:51398819-51399745_Ledidi_run-8_target-10.88_6	1081	1103	0.957626355436588	0.01586365061454352	0.14581153278227102	0.957626355436588	addition	ZBTB33_MA0527.1
ISL1_chr5:51398819-51399745_Ledidi_run-8_target-10.88_7	924	952	1.1329856534714102	0.018878151526287926	0.1735324329273876	1.1329856534714102	addition	HNF1B_MA0153.2
ISL1_chr5:51398819-51399745_Ledidi_run-8_target-10.88_7	1004	1024	0.5330668960672209	0.006816681930184002	0.08164657257942054	0.5330668960672209	addition	RFX6_MOUSE.H11MO.0.C
ISL1_chr5:51398819-51399745_Ledidi_run-8_target-10.88_7	1081	1103	0.9195518340657585	0.02419587366383798	0.14084208964107517	0.9195518340657585	addition	ZBTB33_MA0527.1
ISL1_chr5:51398819-51399745_Ledidi_run-8_target-10.88_8	924	952	1.185246534696483	0.014918679520086825	0.19835369814380582	1.185246534696483	addition	HNF1B_MA0153.2
ISL1_chr5:51398819-51399745_Ledidi_run-8_target-10.88_8	1003	1023	0.5319115139422483	0.04603716432392118	0.0890165993210295	0.5319115139422483	addition	RFX6_MOUSE.H11MO.0.C
ISL1_chr5:51398819-51399745_Ledidi_run-8_target-10.88_8	1083	1100	0.3301461904489189	0.025456071274262367	0.05525071441816266	0.3301461904489189	addition	ZBTB33_MA0527.1
ISL1_chr5:51398819-51399745_Ledidi_run-8_target-10.88_9	924	952	1.1184015192825512	0.008039370797548774	0.16788452512108512	1.1184015192825512	addition	HNF1B_MA0153.2
ISL1_chr5:51398819-51399745_Ledidi_run-8_target-10.88_9	1003	1023	0.4864580550709481	0.02419587366383798	0.07302277237543713	0.4864580550709481	addition	RFX6_MOUSE.H11MO.0.C
ISL1_chr5:51398819-51399745_Ledidi_run-8_target-10.88_9	1081	1104	0.972917692103596	0.00904829210619742	0.14604578222094575	0.972917692103596	addition	ZBTB33_MA0527.1
ISL1_chr5:51398819-51399745_Ledidi_run-8_target-7.64_1	1019	1044	1.1008170007826727	0.027925523486782466	0.23140042186863316	1.1008170007826727	addition	NRF1_HUMAN.H11MO.0.A
ISL1_chr5:51398819-51399745_Ledidi_run-8_target-7.64_10	1020	1044	1.0680996441703043	0.005307638357312143	0.22802391796569066	1.0680996441703043	addition	NRF1_HUMAN.H11MO.0.A
ISL1_chr5:51398819-51399745_Ledidi_run-8_target-7.64_2	1019	1045	1.1044065920574668	0.029119567187669736	0.223282580160752	1.1044065920574668	addition	NRF1_HUMAN.H11MO.0.A
ISL1_chr5:51398819-51399745_Ledidi_run-8_target-7.64_3	1019	1044	1.0579248819726015	0.03887231578073048	0.22389659912610813	1.0579248819726015	addition	NRF1_HUMAN.H11MO.0.A
ISL1_chr5:51398819-51399745_Ledidi_run-8_target-7.64_4	1019	1044	1.1440630721700955	0.041813055774825705	0.2312927773555819	1.1440630721700955	addition	NRF1_HUMAN.H11MO.0.A
ISL1_chr5:51398819-51399745_Ledidi_run-8_target-7.64_5	1019	1044	1.0384596337884782	0.029119567187669736	0.22842821292987708	1.0384596337884782	addition	NRF1_HUMAN.H11MO.0.A
ISL1_chr5:51398819-51399745_Ledidi_run-8_target-7.64_6	1019	1044	1.1256358538353142	0.016572382758062634	0.22763124878172403	1.1256358538353142	addition	NRF1_HUMAN.H11MO.0.A
ISL1_chr5:51398819-51399745_Ledidi_run-8_target-7.64_7	1019	1044	1.0544839071835996	0.03298858577764942	0.2207389770896888	1.0544839071835996	addition	NRF1_HUMAN.H11MO.0.A
ISL1_chr5:51398819-51399745_Ledidi_run-8_target-7.64_8	1019	1045	1.1255476441260592	0.01823595596320157	0.22787496036352153	1.1255476441260592	addition	NRF1_HUMAN.H11MO.0.A
ISL1_chr5:51398819-51399745_Ledidi_run-8_target-7.64_9	1019	1044	1.1511205686290602	0.03523825988351976	0.23654760067662706	1.1511205686290602	addition	NRF1_HUMAN.H11MO.0.A
ISL1_chr5:51398819-51399745_Ledidi_run-9_target-10.88_1	924	952	1.052023892446569	0.014026468014829818	0.1651747851768089	1.052023892446569	addition	HNF1B_MA0153.2
ISL1_chr5:51398819-51399745_Ledidi_run-9_target-10.88_1	955	973	0.44061946705971367	0.008805370598997277	0.06918020240686176	0.44061946705971367	addition	NFYB_HUMAN.H11MO.0.A
ISL1_chr5:51398819-51399745_Ledidi_run-9_target-10.88_1	964	984	0.7533582601049205	0.029222488432472285	0.11828228395518563	0.7533582601049205	addition	NFYB_HUMAN.H11MO.0.A
ISL1_chr5:51398819-51399745_Ledidi_run-9_target-10.88_1	978	992	0.3021926118431213	0.04458958369265344	0.0474462605855137	0.3021926118431213	addition	ETV6_ETS_1
ISL1_chr5:51398819-51399745_Ledidi_run-9_target-10.88_1	1071	1093	0.8721578481891377	0.03326248890652669	0.13693461360453393	0.8721578481891377	addition	NFYB_HUMAN.H11MO.0.A
ISL1_chr5:51398819-51399745_Ledidi_run-9_target-10.88_10	924	952	1.0632522573113417	0.04388076183319217	0.16774455762626145	1.0632522573113417	addition	HNF1B_MA0153.2
ISL1_chr5:51398819-51399745_Ledidi_run-9_target-10.88_10	955	973	0.40533560369665844	0.00981554066820357	0.06394798700376511	0.40533560369665844	addition	NFYB_HUMAN.H11MO.0.A
ISL1_chr5:51398819-51399745_Ledidi_run-9_target-10.88_10	965	980	0.4761180468761794	0.039189752082230286	0.07511501678170235	0.4761180468761794	addition	FOXA2_HUMAN.H11MO.0.A
ISL1_chr5:51398819-51399745_Ledidi_run-9_target-10.88_10	970	987	0.5944251061288264	0.012612274479355997	0.09377979287969283	0.5944251061288264	addition	NFYB_HUMAN.H11MO.0.A
ISL1_chr5:51398819-51399745_Ledidi_run-9_target-10.88_10	1071	1093	0.8719582765883631	0.022223147964034618	0.1375649610608281	0.8719582765883631	addition	NFYB_HUMAN.H11MO.0.A
ISL1_chr5:51398819-51399745_Ledidi_run-9_target-10.88_2	925	954	1.2130296682887907	0.008805370598997277	0.1823827838510115	1.2130296682887907	addition	HNF1B_MA0153.2
ISL1_chr5:51398819-51399745_Ledidi_run-9_target-10.88_2	955	973	0.4163295413617556	0.01036062623389908	0.06259644156938671	0.4163295413617556	addition	NFYB_HUMAN.H11MO.0.A
ISL1_chr5:51398819-51399745_Ledidi_run-9_target-10.88_2	966	987	0.6350399466306744	0.022974978085611948	0.09548023131741439	0.6350399466306744	addition	NFYB_HUMAN.H11MO.0.A
ISL1_chr5:51398819-51399745_Ledidi_run-9_target-10.88_2	977	992	0.39130052815582794	0.03751234383889474	0.05883325157916955	0.39130052815582794	addition	ETV6_ETS_1
ISL1_chr5:51398819-51399745_Ledidi_run-9_target-10.88_2	1072	1093	0.8297659286134129	0.006045328553208401	0.12475788841893767	0.8297659286134129	addition	NFYB_HUMAN.H11MO.0.A
ISL1_chr5:51398819-51399745_Ledidi_run-9_target-10.88_3	954	973	0.566862285775422	0.029119567187669736	0.09176974201870428	0.566862285775422	addition	NFYB_HUMAN.H11MO.0.A
ISL1_chr5:51398819-51399745_Ledidi_run-9_target-10.88_3	964	987	0.9214925805567249	0.028397618043095523	0.14918109479476557	0.9214925805567249	addition	NFYB_HUMAN.H11MO.0.A
ISL1_chr5:51398819-51399745_Ledidi_run-9_target-10.88_3	978	992	0.3376132086817385	0.04147688533789045	0.054656444502121544	0.3376132086817385	addition	ETV6_ETS_1
ISL1_chr5:51398819-51399745_Ledidi_run-9_target-10.88_3	1065	1080	0.444548216529431	0.03552900589263079	0.07196822962031285	0.444548216529431	addition	ELK1_HUMAN.H11MO.0.B
ISL1_chr5:51398819-51399745_Ledidi_run-9_target-10.88_3	1071	1093	1.0092735640336272	0.01761395594156366	0.1633920211695975	1.0092735640336272	addition	NFYB_HUMAN.H11MO.0.A
ISL1_chr5:51398819-51399745_Ledidi_run-9_target-10.88_4	924	953	1.3038299300931218	0.0404826228448533	0.20797917169205096	1.3038299300931218	addition	HNF1B_MA0153.2
ISL1_chr5:51398819-51399745_Ledidi_run-9_target-10.88_4	956	972	0.313907848705266	0.01716037196523126	0.05007270722546768	0.313907848705266	addition	NFYB_HUMAN.H11MO.0.A
ISL1_chr5:51398819-51399745_Ledidi_run-9_target-10.88_4	967	981	0.36855152796914514	0.04866842459137308	0.05878914093296509	0.36855152796914514	addition	ETV6_MOUSE.H11MO.0.C
ISL1_chr5:51398819-51399745_Ledidi_run-9_target-10.88_4	972	987	0.3850374705636077	0.0411358557508384	0.06141888013914679	0.3850374705636077	addition	NFYB_HUMAN.H11MO.0.A
ISL1_chr5:51398819-51399745_Ledidi_run-9_target-10.88_4	1071	1093	0.8269686886754606	0.0346631972375576	0.13191311145442097	0.8269686886754606	addition	NFYB_HUMAN.H11MO.0.A
ISL1_chr5:51398819-51399745_Ledidi_run-9_target-10.88_5	924	952	0.9828538548341423	0.03582191087346642	0.1519621104054377	0.9828538548341423	addition	HNF1B_MA0153.2
ISL1_chr5:51398819-51399745_Ledidi_run-9_target-10.88_5	955	973	0.4103848952030601	0.03087022075045475	0.06345089297543145	0.4103848952030601	addition	NFYB_HUMAN.H11MO.0.A
ISL1_chr5:51398819-51399745_Ledidi_run-9_target-10.88_5	964	986	0.7738887377689658	0.04015591287097021	0.11965335968511599	0.7738887377689658	addition	NFYB_HUMAN.H11MO.0.A
ISL1_chr5:51398819-51399745_Ledidi_run-9_target-10.88_5	977	992	0.3942003285412494	0.03824429893054578	0.06094854647312132	0.3942003285412494	addition	ETV6_ETS_1
ISL1_chr5:51398819-51399745_Ledidi_run-9_target-10.88_5	1071	1093	0.9071313093158415	0.03326248890652669	0.14025441066387784	0.9071313093158415	addition	NFYB_HUMAN.H11MO.0.A
ISL1_chr5:51398819-51399745_Ledidi_run-9_target-10.88_6	924	951	0.9178841157356746	0.016572382758062634	0.14352419830838745	0.9178841157356746	addition	HNF1B_MA0153.2
ISL1_chr5:51398819-51399745_Ledidi_run-9_target-10.88_6	955	973	0.4525876660725199	0.0032249921950786384	0.07076849988329953	0.4525876660725199	addition	NFYB_HUMAN.H11MO.0.A
ISL1_chr5:51398819-51399745_Ledidi_run-9_target-10.88_6	964	984	0.700914972423669	0.030396151972356168	0.10959799584158193	0.700914972423669	addition	NFYB_HUMAN.H11MO.0.A
ISL1_chr5:51398819-51399745_Ledidi_run-9_target-10.88_6	978	992	0.30201600934625294	0.03950948916979115	0.04722448604852209	0.30201600934625294	addition	ETV6_ETS_1
ISL1_chr5:51398819-51399745_Ledidi_run-9_target-10.88_6	1072	1093	0.9159292585974868	0.003046637979564391	0.14321852867236703	0.9159292585974868	addition	NFYB_HUMAN.H11MO.0.A
ISL1_chr5:51398819-51399745_Ledidi_run-9_target-10.88_7	924	953	0.9627138134269834	0.04983510785121179	0.1634160017764075	0.9627138134269834	addition	HNF1B_MA0153.2
ISL1_chr5:51398819-51399745_Ledidi_run-9_target-10.88_7	954	973	0.5521535533322819	0.03353845565274889	0.09372538836957428	0.5521535533322819	addition	NFYB_HUMAN.H11MO.0.A
ISL1_chr5:51398819-51399745_Ledidi_run-9_target-10.88_7	965	992	0.9393776873062587	0.03087022075045475	0.1594548075207399	0.9393776873062587	addition	CEBPB_HUMAN.H11MO.0.A
ISL1_chr5:51398819-51399745_Ledidi_run-9_target-10.88_8	924	951	0.9232099092120665	0.028397618043095523	0.14471811731948872	0.9232099092120665	addition	HNF1B_MA0153.2
ISL1_chr5:51398819-51399745_Ledidi_run-9_target-10.88_8	955	973	0.43908145312581115	0.008113038142381188	0.06882837869505204	0.43908145312581115	addition	NFYB_HUMAN.H11MO.0.A
ISL1_chr5:51398819-51399745_Ledidi_run-9_target-10.88_8	965	984	0.6158268732734089	0.03641424526122076	0.0965341736538959	0.6158268732734089	addition	NFYB_HUMAN.H11MO.0.A
ISL1_chr5:51398819-51399745_Ledidi_run-9_target-10.88_8	977	992	0.33857788155800295	0.0420898056640559	0.053073903449448165	0.33857788155800295	addition	ETV6_ETS_1
ISL1_chr5:51398819-51399745_Ledidi_run-9_target-10.88_8	1071	1093	0.8762124571672079	0.02655237059304931	0.1373510140086613	0.8762124571672079	addition	NFYB_HUMAN.H11MO.0.A
ISL1_chr5:51398819-51399745_Ledidi_run-9_target-10.88_9	930	944	0.3338879684244051	0.04388076183319217	0.05127519861974854	0.3338879684244051	addition	HNF1B_MA0153.2
ISL1_chr5:51398819-51399745_Ledidi_run-9_target-10.88_9	935	949	0.337438943777449	0.042492590657392686	0.05182052215261007	0.337438943777449	addition	FOXD2_forkhead_1
ISL1_chr5:51398819-51399745_Ledidi_run-9_target-10.88_9	954	973	0.5467278021490138	0.027230949835782517	0.08396102674324514	0.5467278021490138	addition	NFYB_HUMAN.H11MO.0.A
ISL1_chr5:51398819-51399745_Ledidi_run-9_target-10.88_9	964	987	1.018510724910105	0.033915673279106745	0.15641276312696398	1.018510724910105	addition	NFYB_HUMAN.H11MO.0.A
ISL1_chr5:51398819-51399745_Ledidi_run-9_target-10.88_9	977	992	0.4114456763144636	0.020060620703094514	0.06318574123475014	0.4114456763144636	addition	CEBPB_HUMAN.H11MO.0.A
ISL1_chr5:51398819-51399745_Ledidi_run-9_target-10.88_9	1071	1092	0.7924547658690995	0.0205759042053305	0.12169733371600688	0.7924547658690995	addition	NFYB_HUMAN.H11MO.0.A
ISL1_chr5:51398819-51399745_Ledidi_run-9_target-10.88_9	1084	1098	0.2668113373369403	0.03523825988351976	0.04097423570100815	0.2668113373369403	addition	ZBTB33_MA0527.1
ISL1_chr5:51398819-51399745_Ledidi_run-9_target-7.64_1	1046	1062	0.29323409790636906	0.027002995560249682	0.057685054955608724	0.29323409790636906	addition	TYY1_HUMAN.H11MO.0.A
ISL1_chr5:51398819-51399745_Ledidi_run-9_target-7.64_1	1060	1087	0.967031491833742	0.011434539267240883	0.1902345775901053	0.967031491833742	addition	ELK1_HUMAN.H11MO.0.B
ISL1_chr5:51398819-51399745_Ledidi_run-9_target-7.64_10	1045	1061	0.3283515916512978	0.049443578017068834	0.06372851142114373	0.3283515916512978	addition	TYY1_HUMAN.H11MO.0.A
ISL1_chr5:51398819-51399745_Ledidi_run-9_target-7.64_10	1060	1087	0.9508899467825284	0.014402550319352838	0.1845546127217672	0.9508899467825284	addition	ELK1_HUMAN.H11MO.0.B
ISL1_chr5:51398819-51399745_Ledidi_run-9_target-7.64_2	1046	1064	0.396273992271722	0.022223147964034618	0.07847014206528134	0.396273992271722	addition	TYY1_HUMAN.H11MO.0.A
ISL1_chr5:51398819-51399745_Ledidi_run-9_target-7.64_2	1060	1087	0.9936447833625134	0.014150794810581681	0.1967614550374472	0.9936447833625134	addition	ELK1_HUMAN.H11MO.0.B
ISL1_chr5:51398819-51399745_Ledidi_run-9_target-7.64_3	1060	1086	0.8645063119873149	0.03437885677453818	0.17908035068597022	0.8645063119873149	addition	ELK1_HUMAN.H11MO.0.B
ISL1_chr5:51398819-51399745_Ledidi_run-9_target-7.64_4	1046	1064	0.35968426157837724	0.03244692271080364	0.07084432507812242	0.35968426157837724	addition	TYY1_HUMAN.H11MO.0.A
ISL1_chr5:51398819-51399745_Ledidi_run-9_target-7.64_4	1060	1087	1.0328922164367085	0.011131731411665841	0.20344107254178376	1.0328922164367085	addition	ELK1_HUMAN.H11MO.0.B
ISL1_chr5:51398819-51399745_Ledidi_run-9_target-7.64_4	1085	1100	0.20720390397953192	0.026363043180720597	0.040811406833777576	0.20720390397953192	addition	ZBTB33_MA0527.1
ISL1_chr5:51398819-51399745_Ledidi_run-9_target-7.64_5	1060	1087	0.8718960439048953	0.03762534443726804	0.17959313082081757	0.8718960439048953	addition	ELK1_HUMAN.H11MO.0.B
ISL1_chr5:51398819-51399745_Ledidi_run-9_target-7.64_6	1060	1087	0.9259859693380622	0.03271673434204701	0.20015468392575636	0.9259859693380622	addition	ELK1_HUMAN.H11MO.0.B
ISL1_chr5:51398819-51399745_Ledidi_run-9_target-7.64_7	1046	1063	0.3533647258012065	0.020052364971555936	0.06895516458644954	0.3533647258012065	addition	TYY1_HUMAN.H11MO.0.A
ISL1_chr5:51398819-51399745_Ledidi_run-9_target-7.64_7	1060	1087	1.0184641096063638	0.018554493388510455	0.19874185275303113	1.0184641096063638	addition	ELK1_HUMAN.H11MO.0.B
ISL1_chr5:51398819-51399745_Ledidi_run-9_target-7.64_8	1060	1087	0.9417910259997025	0.01600310559674259	0.2001623932409536	0.9417910259997025	addition	ELK1_HUMAN.H11MO.0.B
ISL1_chr5:51398819-51399745_Ledidi_run-9_target-7.64_9	1060	1086	0.9244148599693062	0.023388109749728082	0.19034125682969352	0.9244148599693062	addition	ELK1_HUMAN.H11MO.0.B
