id	pos	ref	alt
ISL1_chr5:51398819-51399745_Ledidi_run-1_target-7.64_1	1142	G	T
ISL1_chr5:51398819-51399745_Ledidi_run-1_target-7.64_1	1144	A	G
ISL1_chr5:51398819-51399745_Ledidi_run-1_target-7.64_1	1147	C	T
ISL1_chr5:51398819-51399745_Ledidi_run-1_target-7.64_1	1151	T	A
ISL1_chr5:51398819-51399745_Ledidi_run-1_target-7.64_2	1142	G	T
ISL1_chr5:51398819-51399745_Ledidi_run-1_target-7.64_2	1144	A	G
ISL1_chr5:51398819-51399745_Ledidi_run-1_target-7.64_2	1147	C	T
ISL1_chr5:51398819-51399745_Ledidi_run-1_target-7.64_2	1151	T	A
ISL1_chr5:51398819-51399745_Ledidi_run-1_target-7.64_3	1142	G	T
ISL1_chr5:51398819-51399745_Ledidi_run-1_target-7.64_3	1144	A	G
ISL1_chr5:51398819-51399745_Ledidi_run-1_target-7.64_3	1147	C	T
ISL1_chr5:51398819-51399745_Ledidi_run-1_target-7.64_3	1151	T	A
ISL1_chr5:51398819-51399745_Ledidi_run-1_target-7.64_4	1142	G	T
ISL1_chr5:51398819-51399745_Ledidi_run-1_target-7.64_4	1144	A	G
ISL1_chr5:51398819-51399745_Ledidi_run-1_target-7.64_4	1147	C	T
ISL1_chr5:51398819-51399745_Ledidi_run-1_target-7.64_4	1151	T	A
ISL1_chr5:51398819-51399745_Ledidi_run-1_target-7.64_5	1142	G	T
ISL1_chr5:51398819-51399745_Ledidi_run-1_target-7.64_5	1144	A	G
ISL1_chr5:51398819-51399745_Ledidi_run-1_target-7.64_5	1147	C	T
ISL1_chr5:51398819-51399745_Ledidi_run-1_target-7.64_5	1151	T	A
ISL1_chr5:51398819-51399745_Ledidi_run-1_target-7.64_6	1142	G	T
ISL1_chr5:51398819-51399745_Ledidi_run-1_target-7.64_6	1144	A	G
ISL1_chr5:51398819-51399745_Ledidi_run-1_target-7.64_6	1147	C	T
ISL1_chr5:51398819-51399745_Ledidi_run-1_target-7.64_6	1151	T	A
ISL1_chr5:51398819-51399745_Ledidi_run-1_target-7.64_7	1142	G	T
ISL1_chr5:51398819-51399745_Ledidi_run-1_target-7.64_7	1144	A	G
ISL1_chr5:51398819-51399745_Ledidi_run-1_target-7.64_7	1147	C	T
ISL1_chr5:51398819-51399745_Ledidi_run-1_target-7.64_7	1151	T	A
ISL1_chr5:51398819-51399745_Ledidi_run-1_target-7.64_8	1142	G	T
ISL1_chr5:51398819-51399745_Ledidi_run-1_target-7.64_8	1144	A	G
ISL1_chr5:51398819-51399745_Ledidi_run-1_target-7.64_8	1147	C	T
ISL1_chr5:51398819-51399745_Ledidi_run-1_target-7.64_8	1151	T	A
ISL1_chr5:51398819-51399745_Ledidi_run-1_target-7.64_9	1142	G	T
ISL1_chr5:51398819-51399745_Ledidi_run-1_target-7.64_9	1144	A	G
ISL1_chr5:51398819-51399745_Ledidi_run-1_target-7.64_9	1147	C	T
ISL1_chr5:51398819-51399745_Ledidi_run-1_target-7.64_9	1151	T	A
ISL1_chr5:51398819-51399745_Ledidi_run-1_target-7.64_10	1142	G	T
ISL1_chr5:51398819-51399745_Ledidi_run-1_target-7.64_10	1144	A	G
ISL1_chr5:51398819-51399745_Ledidi_run-1_target-7.64_10	1147	C	T
ISL1_chr5:51398819-51399745_Ledidi_run-1_target-7.64_10	1151	T	A
ISL1_chr5:51398819-51399745_Ledidi_run-2_target-7.64_1	1031	C	A
ISL1_chr5:51398819-51399745_Ledidi_run-2_target-7.64_1	1136	G	T
ISL1_chr5:51398819-51399745_Ledidi_run-2_target-7.64_1	1142	G	T
ISL1_chr5:51398819-51399745_Ledidi_run-2_target-7.64_1	1151	T	A
ISL1_chr5:51398819-51399745_Ledidi_run-2_target-7.64_2	1133	C	A
ISL1_chr5:51398819-51399745_Ledidi_run-2_target-7.64_2	1136	G	T
ISL1_chr5:51398819-51399745_Ledidi_run-2_target-7.64_2	1142	G	T
ISL1_chr5:51398819-51399745_Ledidi_run-2_target-7.64_2	1151	T	A
ISL1_chr5:51398819-51399745_Ledidi_run-2_target-7.64_3	1136	G	T
ISL1_chr5:51398819-51399745_Ledidi_run-2_target-7.64_3	1142	G	T
ISL1_chr5:51398819-51399745_Ledidi_run-2_target-7.64_3	1151	T	A
ISL1_chr5:51398819-51399745_Ledidi_run-2_target-7.64_4	1136	G	T
ISL1_chr5:51398819-51399745_Ledidi_run-2_target-7.64_4	1142	G	T
ISL1_chr5:51398819-51399745_Ledidi_run-2_target-7.64_4	1151	T	A
ISL1_chr5:51398819-51399745_Ledidi_run-2_target-7.64_5	1136	G	T
ISL1_chr5:51398819-51399745_Ledidi_run-2_target-7.64_5	1142	G	T
ISL1_chr5:51398819-51399745_Ledidi_run-2_target-7.64_5	1151	T	A
ISL1_chr5:51398819-51399745_Ledidi_run-2_target-7.64_6	1136	G	T
ISL1_chr5:51398819-51399745_Ledidi_run-2_target-7.64_6	1142	G	T
ISL1_chr5:51398819-51399745_Ledidi_run-2_target-7.64_6	1151	T	A
ISL1_chr5:51398819-51399745_Ledidi_run-2_target-7.64_7	1133	C	A
ISL1_chr5:51398819-51399745_Ledidi_run-2_target-7.64_7	1136	G	T
ISL1_chr5:51398819-51399745_Ledidi_run-2_target-7.64_7	1142	G	T
ISL1_chr5:51398819-51399745_Ledidi_run-2_target-7.64_7	1151	T	A
ISL1_chr5:51398819-51399745_Ledidi_run-2_target-7.64_8	1136	G	T
ISL1_chr5:51398819-51399745_Ledidi_run-2_target-7.64_8	1142	G	T
ISL1_chr5:51398819-51399745_Ledidi_run-2_target-7.64_8	1151	T	A
ISL1_chr5:51398819-51399745_Ledidi_run-2_target-7.64_9	1031	C	A
ISL1_chr5:51398819-51399745_Ledidi_run-2_target-7.64_9	1136	G	T
ISL1_chr5:51398819-51399745_Ledidi_run-2_target-7.64_9	1142	G	T
ISL1_chr5:51398819-51399745_Ledidi_run-2_target-7.64_9	1151	T	A
ISL1_chr5:51398819-51399745_Ledidi_run-2_target-7.64_10	1136	G	T
ISL1_chr5:51398819-51399745_Ledidi_run-2_target-7.64_10	1142	G	T
ISL1_chr5:51398819-51399745_Ledidi_run-2_target-7.64_10	1151	T	A
ISL1_chr5:51398819-51399745_Ledidi_run-3_target-7.64_1	1052	C	G
ISL1_chr5:51398819-51399745_Ledidi_run-3_target-7.64_1	1136	G	T
ISL1_chr5:51398819-51399745_Ledidi_run-3_target-7.64_1	1142	G	T
ISL1_chr5:51398819-51399745_Ledidi_run-3_target-7.64_1	1147	C	T
ISL1_chr5:51398819-51399745_Ledidi_run-3_target-7.64_2	1136	G	T
ISL1_chr5:51398819-51399745_Ledidi_run-3_target-7.64_2	1142	G	T
ISL1_chr5:51398819-51399745_Ledidi_run-3_target-7.64_2	1147	C	T
ISL1_chr5:51398819-51399745_Ledidi_run-3_target-7.64_3	1052	C	G
ISL1_chr5:51398819-51399745_Ledidi_run-3_target-7.64_3	1136	G	T
ISL1_chr5:51398819-51399745_Ledidi_run-3_target-7.64_3	1142	G	T
ISL1_chr5:51398819-51399745_Ledidi_run-3_target-7.64_3	1147	C	T
ISL1_chr5:51398819-51399745_Ledidi_run-3_target-7.64_4	1052	C	G
ISL1_chr5:51398819-51399745_Ledidi_run-3_target-7.64_4	1136	G	T
ISL1_chr5:51398819-51399745_Ledidi_run-3_target-7.64_4	1142	G	T
ISL1_chr5:51398819-51399745_Ledidi_run-3_target-7.64_4	1147	C	T
ISL1_chr5:51398819-51399745_Ledidi_run-3_target-7.64_5	1136	G	T
ISL1_chr5:51398819-51399745_Ledidi_run-3_target-7.64_5	1142	G	T
ISL1_chr5:51398819-51399745_Ledidi_run-3_target-7.64_5	1147	C	T
ISL1_chr5:51398819-51399745_Ledidi_run-3_target-7.64_6	1052	C	G
ISL1_chr5:51398819-51399745_Ledidi_run-3_target-7.64_6	1136	G	T
ISL1_chr5:51398819-51399745_Ledidi_run-3_target-7.64_6	1142	G	T
ISL1_chr5:51398819-51399745_Ledidi_run-3_target-7.64_6	1147	C	T
ISL1_chr5:51398819-51399745_Ledidi_run-3_target-7.64_7	1052	C	G
ISL1_chr5:51398819-51399745_Ledidi_run-3_target-7.64_7	1136	G	T
ISL1_chr5:51398819-51399745_Ledidi_run-3_target-7.64_7	1142	G	T
ISL1_chr5:51398819-51399745_Ledidi_run-3_target-7.64_7	1147	C	T
ISL1_chr5:51398819-51399745_Ledidi_run-3_target-7.64_8	1052	C	G
ISL1_chr5:51398819-51399745_Ledidi_run-3_target-7.64_8	1136	G	T
ISL1_chr5:51398819-51399745_Ledidi_run-3_target-7.64_8	1142	G	T
ISL1_chr5:51398819-51399745_Ledidi_run-3_target-7.64_8	1147	C	T
ISL1_chr5:51398819-51399745_Ledidi_run-3_target-7.64_9	1052	C	G
ISL1_chr5:51398819-51399745_Ledidi_run-3_target-7.64_9	1136	G	T
ISL1_chr5:51398819-51399745_Ledidi_run-3_target-7.64_9	1142	G	T
ISL1_chr5:51398819-51399745_Ledidi_run-3_target-7.64_9	1147	C	T
ISL1_chr5:51398819-51399745_Ledidi_run-3_target-7.64_10	1052	C	G
ISL1_chr5:51398819-51399745_Ledidi_run-3_target-7.64_10	1136	G	T
ISL1_chr5:51398819-51399745_Ledidi_run-3_target-7.64_10	1142	G	T
ISL1_chr5:51398819-51399745_Ledidi_run-3_target-7.64_10	1147	C	T
ISL1_chr5:51398819-51399745_Ledidi_run-4_target-7.64_1	1136	G	T
ISL1_chr5:51398819-51399745_Ledidi_run-4_target-7.64_1	1142	G	T
ISL1_chr5:51398819-51399745_Ledidi_run-4_target-7.64_1	1147	C	T
ISL1_chr5:51398819-51399745_Ledidi_run-4_target-7.64_2	1136	G	T
ISL1_chr5:51398819-51399745_Ledidi_run-4_target-7.64_2	1142	G	T
ISL1_chr5:51398819-51399745_Ledidi_run-4_target-7.64_2	1147	C	T
ISL1_chr5:51398819-51399745_Ledidi_run-4_target-7.64_3	1142	G	T
ISL1_chr5:51398819-51399745_Ledidi_run-4_target-7.64_3	1147	C	T
ISL1_chr5:51398819-51399745_Ledidi_run-4_target-7.64_3	1164	T	C
ISL1_chr5:51398819-51399745_Ledidi_run-4_target-7.64_4	1136	G	T
ISL1_chr5:51398819-51399745_Ledidi_run-4_target-7.64_4	1142	G	T
ISL1_chr5:51398819-51399745_Ledidi_run-4_target-7.64_4	1147	C	T
ISL1_chr5:51398819-51399745_Ledidi_run-4_target-7.64_5	1136	G	T
ISL1_chr5:51398819-51399745_Ledidi_run-4_target-7.64_5	1142	G	T
ISL1_chr5:51398819-51399745_Ledidi_run-4_target-7.64_5	1147	C	T
ISL1_chr5:51398819-51399745_Ledidi_run-4_target-7.64_6	1136	G	T
ISL1_chr5:51398819-51399745_Ledidi_run-4_target-7.64_6	1142	G	T
ISL1_chr5:51398819-51399745_Ledidi_run-4_target-7.64_6	1147	C	T
ISL1_chr5:51398819-51399745_Ledidi_run-4_target-7.64_7	1136	G	T
ISL1_chr5:51398819-51399745_Ledidi_run-4_target-7.64_7	1142	G	T
ISL1_chr5:51398819-51399745_Ledidi_run-4_target-7.64_7	1147	C	T
ISL1_chr5:51398819-51399745_Ledidi_run-4_target-7.64_8	1136	G	T
ISL1_chr5:51398819-51399745_Ledidi_run-4_target-7.64_8	1142	G	T
ISL1_chr5:51398819-51399745_Ledidi_run-4_target-7.64_8	1147	C	T
ISL1_chr5:51398819-51399745_Ledidi_run-4_target-7.64_9	1136	G	T
ISL1_chr5:51398819-51399745_Ledidi_run-4_target-7.64_9	1142	G	T
ISL1_chr5:51398819-51399745_Ledidi_run-4_target-7.64_9	1147	C	T
ISL1_chr5:51398819-51399745_Ledidi_run-4_target-7.64_10	1136	G	T
ISL1_chr5:51398819-51399745_Ledidi_run-4_target-7.64_10	1142	G	T
ISL1_chr5:51398819-51399745_Ledidi_run-4_target-7.64_10	1147	C	T
ISL1_chr5:51398819-51399745_Ledidi_run-4_target-7.64_10	1164	T	C
ISL1_chr5:51398819-51399745_Ledidi_run-5_target-7.64_1	1052	C	G
ISL1_chr5:51398819-51399745_Ledidi_run-5_target-7.64_1	1085	G	T
ISL1_chr5:51398819-51399745_Ledidi_run-5_target-7.64_1	1095	T	C
ISL1_chr5:51398819-51399745_Ledidi_run-5_target-7.64_1	1133	C	G
ISL1_chr5:51398819-51399745_Ledidi_run-5_target-7.64_2	990	T	C
ISL1_chr5:51398819-51399745_Ledidi_run-5_target-7.64_2	1052	C	G
ISL1_chr5:51398819-51399745_Ledidi_run-5_target-7.64_2	1063	C	T
ISL1_chr5:51398819-51399745_Ledidi_run-5_target-7.64_2	1085	G	T
ISL1_chr5:51398819-51399745_Ledidi_run-5_target-7.64_2	1095	T	C
ISL1_chr5:51398819-51399745_Ledidi_run-5_target-7.64_2	1158	C	G
ISL1_chr5:51398819-51399745_Ledidi_run-5_target-7.64_3	1052	C	G
ISL1_chr5:51398819-51399745_Ledidi_run-5_target-7.64_3	1063	C	T
ISL1_chr5:51398819-51399745_Ledidi_run-5_target-7.64_3	1082	T	G
ISL1_chr5:51398819-51399745_Ledidi_run-5_target-7.64_3	1085	G	T
ISL1_chr5:51398819-51399745_Ledidi_run-5_target-7.64_3	1095	T	C
ISL1_chr5:51398819-51399745_Ledidi_run-5_target-7.64_3	1133	C	G
ISL1_chr5:51398819-51399745_Ledidi_run-5_target-7.64_4	1052	C	G
ISL1_chr5:51398819-51399745_Ledidi_run-5_target-7.64_4	1063	C	T
ISL1_chr5:51398819-51399745_Ledidi_run-5_target-7.64_4	1082	T	G
ISL1_chr5:51398819-51399745_Ledidi_run-5_target-7.64_4	1085	G	T
ISL1_chr5:51398819-51399745_Ledidi_run-5_target-7.64_4	1095	T	C
ISL1_chr5:51398819-51399745_Ledidi_run-5_target-7.64_4	1133	C	G
ISL1_chr5:51398819-51399745_Ledidi_run-5_target-7.64_5	1052	C	G
ISL1_chr5:51398819-51399745_Ledidi_run-5_target-7.64_5	1063	C	T
ISL1_chr5:51398819-51399745_Ledidi_run-5_target-7.64_5	1082	T	G
ISL1_chr5:51398819-51399745_Ledidi_run-5_target-7.64_5	1085	G	T
ISL1_chr5:51398819-51399745_Ledidi_run-5_target-7.64_5	1095	T	C
ISL1_chr5:51398819-51399745_Ledidi_run-5_target-7.64_5	1133	C	G
ISL1_chr5:51398819-51399745_Ledidi_run-5_target-7.64_6	1026	T	C
ISL1_chr5:51398819-51399745_Ledidi_run-5_target-7.64_6	1052	C	G
ISL1_chr5:51398819-51399745_Ledidi_run-5_target-7.64_6	1085	G	T
ISL1_chr5:51398819-51399745_Ledidi_run-5_target-7.64_6	1095	T	C
ISL1_chr5:51398819-51399745_Ledidi_run-5_target-7.64_6	1133	C	T
ISL1_chr5:51398819-51399745_Ledidi_run-5_target-7.64_7	1052	C	G
ISL1_chr5:51398819-51399745_Ledidi_run-5_target-7.64_7	1063	C	T
ISL1_chr5:51398819-51399745_Ledidi_run-5_target-7.64_7	1065	G	C
ISL1_chr5:51398819-51399745_Ledidi_run-5_target-7.64_7	1082	T	G
ISL1_chr5:51398819-51399745_Ledidi_run-5_target-7.64_7	1085	G	T
ISL1_chr5:51398819-51399745_Ledidi_run-5_target-7.64_7	1095	T	C
ISL1_chr5:51398819-51399745_Ledidi_run-5_target-7.64_7	1133	C	G
ISL1_chr5:51398819-51399745_Ledidi_run-5_target-7.64_8	1026	T	C
ISL1_chr5:51398819-51399745_Ledidi_run-5_target-7.64_8	1052	C	G
ISL1_chr5:51398819-51399745_Ledidi_run-5_target-7.64_8	1085	G	T
ISL1_chr5:51398819-51399745_Ledidi_run-5_target-7.64_8	1095	T	C
ISL1_chr5:51398819-51399745_Ledidi_run-5_target-7.64_8	1133	C	G
ISL1_chr5:51398819-51399745_Ledidi_run-5_target-7.64_9	1052	C	G
ISL1_chr5:51398819-51399745_Ledidi_run-5_target-7.64_9	1063	C	T
ISL1_chr5:51398819-51399745_Ledidi_run-5_target-7.64_9	1065	G	C
ISL1_chr5:51398819-51399745_Ledidi_run-5_target-7.64_9	1082	T	G
ISL1_chr5:51398819-51399745_Ledidi_run-5_target-7.64_9	1085	G	T
ISL1_chr5:51398819-51399745_Ledidi_run-5_target-7.64_9	1095	T	C
ISL1_chr5:51398819-51399745_Ledidi_run-5_target-7.64_9	1133	C	G
ISL1_chr5:51398819-51399745_Ledidi_run-5_target-7.64_10	1026	T	C
ISL1_chr5:51398819-51399745_Ledidi_run-5_target-7.64_10	1052	C	G
ISL1_chr5:51398819-51399745_Ledidi_run-5_target-7.64_10	1085	G	T
ISL1_chr5:51398819-51399745_Ledidi_run-5_target-7.64_10	1095	T	C
ISL1_chr5:51398819-51399745_Ledidi_run-5_target-7.64_10	1133	C	G
ISL1_chr5:51398819-51399745_Ledidi_run-6_target-7.64_1	1052	C	G
ISL1_chr5:51398819-51399745_Ledidi_run-6_target-7.64_1	1082	T	A
ISL1_chr5:51398819-51399745_Ledidi_run-6_target-7.64_1	1085	G	T
ISL1_chr5:51398819-51399745_Ledidi_run-6_target-7.64_2	1052	C	G
ISL1_chr5:51398819-51399745_Ledidi_run-6_target-7.64_2	1082	T	A
ISL1_chr5:51398819-51399745_Ledidi_run-6_target-7.64_2	1085	G	T
ISL1_chr5:51398819-51399745_Ledidi_run-6_target-7.64_2	1095	T	A
ISL1_chr5:51398819-51399745_Ledidi_run-6_target-7.64_3	1052	C	G
ISL1_chr5:51398819-51399745_Ledidi_run-6_target-7.64_3	1082	T	A
ISL1_chr5:51398819-51399745_Ledidi_run-6_target-7.64_3	1085	G	T
ISL1_chr5:51398819-51399745_Ledidi_run-6_target-7.64_4	1052	C	G
ISL1_chr5:51398819-51399745_Ledidi_run-6_target-7.64_4	1082	T	A
ISL1_chr5:51398819-51399745_Ledidi_run-6_target-7.64_4	1085	G	T
ISL1_chr5:51398819-51399745_Ledidi_run-6_target-7.64_4	1095	T	G
ISL1_chr5:51398819-51399745_Ledidi_run-6_target-7.64_5	1052	C	G
ISL1_chr5:51398819-51399745_Ledidi_run-6_target-7.64_5	1082	T	A
ISL1_chr5:51398819-51399745_Ledidi_run-6_target-7.64_5	1085	G	T
ISL1_chr5:51398819-51399745_Ledidi_run-6_target-7.64_6	1052	C	G
ISL1_chr5:51398819-51399745_Ledidi_run-6_target-7.64_6	1082	T	A
ISL1_chr5:51398819-51399745_Ledidi_run-6_target-7.64_6	1085	G	T
ISL1_chr5:51398819-51399745_Ledidi_run-6_target-7.64_7	1052	C	G
ISL1_chr5:51398819-51399745_Ledidi_run-6_target-7.64_7	1082	T	A
ISL1_chr5:51398819-51399745_Ledidi_run-6_target-7.64_7	1085	G	T
ISL1_chr5:51398819-51399745_Ledidi_run-6_target-7.64_8	1052	C	G
ISL1_chr5:51398819-51399745_Ledidi_run-6_target-7.64_8	1082	T	A
ISL1_chr5:51398819-51399745_Ledidi_run-6_target-7.64_8	1085	G	T
ISL1_chr5:51398819-51399745_Ledidi_run-6_target-7.64_8	1095	T	G
ISL1_chr5:51398819-51399745_Ledidi_run-6_target-7.64_9	1052	C	G
ISL1_chr5:51398819-51399745_Ledidi_run-6_target-7.64_9	1082	T	A
ISL1_chr5:51398819-51399745_Ledidi_run-6_target-7.64_9	1085	G	T
ISL1_chr5:51398819-51399745_Ledidi_run-6_target-7.64_9	1095	T	G
ISL1_chr5:51398819-51399745_Ledidi_run-6_target-7.64_10	1052	C	G
ISL1_chr5:51398819-51399745_Ledidi_run-6_target-7.64_10	1082	T	A
ISL1_chr5:51398819-51399745_Ledidi_run-6_target-7.64_10	1085	G	T
ISL1_chr5:51398819-51399745_Ledidi_run-6_target-7.64_10	1095	T	A
ISL1_chr5:51398819-51399745_Ledidi_run-7_target-7.64_1	1052	C	G
ISL1_chr5:51398819-51399745_Ledidi_run-7_target-7.64_1	1093	C	A
ISL1_chr5:51398819-51399745_Ledidi_run-7_target-7.64_1	1095	T	A
ISL1_chr5:51398819-51399745_Ledidi_run-7_target-7.64_2	1052	C	G
ISL1_chr5:51398819-51399745_Ledidi_run-7_target-7.64_2	1093	C	A
ISL1_chr5:51398819-51399745_Ledidi_run-7_target-7.64_2	1095	T	A
ISL1_chr5:51398819-51399745_Ledidi_run-7_target-7.64_3	1052	C	G
ISL1_chr5:51398819-51399745_Ledidi_run-7_target-7.64_3	1093	C	A
ISL1_chr5:51398819-51399745_Ledidi_run-7_target-7.64_3	1095	T	A
ISL1_chr5:51398819-51399745_Ledidi_run-7_target-7.64_4	1052	C	G
ISL1_chr5:51398819-51399745_Ledidi_run-7_target-7.64_4	1093	C	A
ISL1_chr5:51398819-51399745_Ledidi_run-7_target-7.64_4	1095	T	A
ISL1_chr5:51398819-51399745_Ledidi_run-7_target-7.64_5	1052	C	G
ISL1_chr5:51398819-51399745_Ledidi_run-7_target-7.64_5	1093	C	A
ISL1_chr5:51398819-51399745_Ledidi_run-7_target-7.64_5	1095	T	A
ISL1_chr5:51398819-51399745_Ledidi_run-7_target-7.64_6	1052	C	G
ISL1_chr5:51398819-51399745_Ledidi_run-7_target-7.64_6	1093	C	A
ISL1_chr5:51398819-51399745_Ledidi_run-7_target-7.64_6	1095	T	A
ISL1_chr5:51398819-51399745_Ledidi_run-7_target-7.64_7	1052	C	G
ISL1_chr5:51398819-51399745_Ledidi_run-7_target-7.64_7	1093	C	A
ISL1_chr5:51398819-51399745_Ledidi_run-7_target-7.64_7	1095	T	A
ISL1_chr5:51398819-51399745_Ledidi_run-7_target-7.64_8	1052	C	G
ISL1_chr5:51398819-51399745_Ledidi_run-7_target-7.64_8	1093	C	A
ISL1_chr5:51398819-51399745_Ledidi_run-7_target-7.64_8	1095	T	A
ISL1_chr5:51398819-51399745_Ledidi_run-7_target-7.64_9	1052	C	G
ISL1_chr5:51398819-51399745_Ledidi_run-7_target-7.64_9	1093	C	A
ISL1_chr5:51398819-51399745_Ledidi_run-7_target-7.64_9	1095	T	A
ISL1_chr5:51398819-51399745_Ledidi_run-7_target-7.64_10	1052	C	G
ISL1_chr5:51398819-51399745_Ledidi_run-7_target-7.64_10	1093	C	A
ISL1_chr5:51398819-51399745_Ledidi_run-7_target-7.64_10	1095	T	A
ISL1_chr5:51398819-51399745_Ledidi_run-8_target-7.64_1	1052	C	G
ISL1_chr5:51398819-51399745_Ledidi_run-8_target-7.64_1	1082	T	A
ISL1_chr5:51398819-51399745_Ledidi_run-8_target-7.64_1	1085	G	T
ISL1_chr5:51398819-51399745_Ledidi_run-8_target-7.64_2	1052	C	G
ISL1_chr5:51398819-51399745_Ledidi_run-8_target-7.64_2	1082	T	A
ISL1_chr5:51398819-51399745_Ledidi_run-8_target-7.64_2	1085	G	T
ISL1_chr5:51398819-51399745_Ledidi_run-8_target-7.64_3	1052	C	G
ISL1_chr5:51398819-51399745_Ledidi_run-8_target-7.64_3	1082	T	A
ISL1_chr5:51398819-51399745_Ledidi_run-8_target-7.64_3	1085	G	T
ISL1_chr5:51398819-51399745_Ledidi_run-8_target-7.64_3	1132	C	G
ISL1_chr5:51398819-51399745_Ledidi_run-8_target-7.64_4	1052	C	G
ISL1_chr5:51398819-51399745_Ledidi_run-8_target-7.64_4	1082	T	A
ISL1_chr5:51398819-51399745_Ledidi_run-8_target-7.64_4	1085	G	T
ISL1_chr5:51398819-51399745_Ledidi_run-8_target-7.64_4	1132	C	G
ISL1_chr5:51398819-51399745_Ledidi_run-8_target-7.64_5	1052	C	G
ISL1_chr5:51398819-51399745_Ledidi_run-8_target-7.64_5	1082	T	A
ISL1_chr5:51398819-51399745_Ledidi_run-8_target-7.64_5	1085	G	T
ISL1_chr5:51398819-51399745_Ledidi_run-8_target-7.64_6	1052	C	G
ISL1_chr5:51398819-51399745_Ledidi_run-8_target-7.64_6	1082	T	A
ISL1_chr5:51398819-51399745_Ledidi_run-8_target-7.64_6	1085	G	T
ISL1_chr5:51398819-51399745_Ledidi_run-8_target-7.64_6	1132	C	G
ISL1_chr5:51398819-51399745_Ledidi_run-8_target-7.64_7	1052	C	G
ISL1_chr5:51398819-51399745_Ledidi_run-8_target-7.64_7	1082	T	A
ISL1_chr5:51398819-51399745_Ledidi_run-8_target-7.64_7	1085	G	T
ISL1_chr5:51398819-51399745_Ledidi_run-8_target-7.64_7	1132	C	G
ISL1_chr5:51398819-51399745_Ledidi_run-8_target-7.64_8	1052	C	G
ISL1_chr5:51398819-51399745_Ledidi_run-8_target-7.64_8	1082	T	A
ISL1_chr5:51398819-51399745_Ledidi_run-8_target-7.64_8	1085	G	T
ISL1_chr5:51398819-51399745_Ledidi_run-8_target-7.64_9	1052	C	G
ISL1_chr5:51398819-51399745_Ledidi_run-8_target-7.64_9	1082	T	A
ISL1_chr5:51398819-51399745_Ledidi_run-8_target-7.64_9	1085	G	T
ISL1_chr5:51398819-51399745_Ledidi_run-8_target-7.64_9	1132	C	G
ISL1_chr5:51398819-51399745_Ledidi_run-8_target-7.64_10	1052	C	G
ISL1_chr5:51398819-51399745_Ledidi_run-8_target-7.64_10	1082	T	A
ISL1_chr5:51398819-51399745_Ledidi_run-8_target-7.64_10	1085	G	T
ISL1_chr5:51398819-51399745_Ledidi_run-8_target-7.64_10	1132	C	G
ISL1_chr5:51398819-51399745_Ledidi_run-9_target-7.64_1	1031	C	A
ISL1_chr5:51398819-51399745_Ledidi_run-9_target-7.64_1	1032	A	T
ISL1_chr5:51398819-51399745_Ledidi_run-9_target-7.64_1	1095	T	A
ISL1_chr5:51398819-51399745_Ledidi_run-9_target-7.64_2	1031	C	A
ISL1_chr5:51398819-51399745_Ledidi_run-9_target-7.64_2	1032	A	T
ISL1_chr5:51398819-51399745_Ledidi_run-9_target-7.64_2	1095	T	A
ISL1_chr5:51398819-51399745_Ledidi_run-9_target-7.64_3	1031	C	A
ISL1_chr5:51398819-51399745_Ledidi_run-9_target-7.64_3	1032	A	T
ISL1_chr5:51398819-51399745_Ledidi_run-9_target-7.64_3	1095	T	A
ISL1_chr5:51398819-51399745_Ledidi_run-9_target-7.64_4	1031	C	A
ISL1_chr5:51398819-51399745_Ledidi_run-9_target-7.64_4	1032	A	T
ISL1_chr5:51398819-51399745_Ledidi_run-9_target-7.64_4	1095	T	A
ISL1_chr5:51398819-51399745_Ledidi_run-9_target-7.64_5	1031	C	A
ISL1_chr5:51398819-51399745_Ledidi_run-9_target-7.64_5	1032	A	T
ISL1_chr5:51398819-51399745_Ledidi_run-9_target-7.64_5	1095	T	A
ISL1_chr5:51398819-51399745_Ledidi_run-9_target-7.64_6	1031	C	A
ISL1_chr5:51398819-51399745_Ledidi_run-9_target-7.64_6	1032	A	T
ISL1_chr5:51398819-51399745_Ledidi_run-9_target-7.64_7	1031	C	A
ISL1_chr5:51398819-51399745_Ledidi_run-9_target-7.64_7	1032	A	T
ISL1_chr5:51398819-51399745_Ledidi_run-9_target-7.64_7	1095	T	A
ISL1_chr5:51398819-51399745_Ledidi_run-9_target-7.64_8	1031	C	A
ISL1_chr5:51398819-51399745_Ledidi_run-9_target-7.64_8	1032	A	T
ISL1_chr5:51398819-51399745_Ledidi_run-9_target-7.64_8	1095	T	A
ISL1_chr5:51398819-51399745_Ledidi_run-9_target-7.64_9	1031	C	A
ISL1_chr5:51398819-51399745_Ledidi_run-9_target-7.64_9	1032	A	T
ISL1_chr5:51398819-51399745_Ledidi_run-9_target-7.64_9	1095	T	A
ISL1_chr5:51398819-51399745_Ledidi_run-9_target-7.64_10	1031	C	A
ISL1_chr5:51398819-51399745_Ledidi_run-9_target-7.64_10	1032	A	T
ISL1_chr5:51398819-51399745_Ledidi_run-9_target-7.64_10	1095	T	A
ISL1_chr5:51398819-51399745_Ledidi_run-10_target-7.64_1	1133	C	A
ISL1_chr5:51398819-51399745_Ledidi_run-10_target-7.64_1	1142	G	T
ISL1_chr5:51398819-51399745_Ledidi_run-10_target-7.64_1	1147	C	T
ISL1_chr5:51398819-51399745_Ledidi_run-10_target-7.64_2	1085	G	C
ISL1_chr5:51398819-51399745_Ledidi_run-10_target-7.64_2	1095	T	C
ISL1_chr5:51398819-51399745_Ledidi_run-10_target-7.64_2	1133	C	A
ISL1_chr5:51398819-51399745_Ledidi_run-10_target-7.64_2	1142	G	T
ISL1_chr5:51398819-51399745_Ledidi_run-10_target-7.64_2	1147	C	T
ISL1_chr5:51398819-51399745_Ledidi_run-10_target-7.64_3	1085	G	C
ISL1_chr5:51398819-51399745_Ledidi_run-10_target-7.64_3	1095	T	C
ISL1_chr5:51398819-51399745_Ledidi_run-10_target-7.64_3	1133	C	A
ISL1_chr5:51398819-51399745_Ledidi_run-10_target-7.64_3	1142	G	T
ISL1_chr5:51398819-51399745_Ledidi_run-10_target-7.64_3	1147	C	T
ISL1_chr5:51398819-51399745_Ledidi_run-10_target-7.64_4	1095	T	C
ISL1_chr5:51398819-51399745_Ledidi_run-10_target-7.64_4	1133	C	A
ISL1_chr5:51398819-51399745_Ledidi_run-10_target-7.64_4	1142	G	T
ISL1_chr5:51398819-51399745_Ledidi_run-10_target-7.64_4	1147	C	T
ISL1_chr5:51398819-51399745_Ledidi_run-10_target-7.64_5	1095	T	C
ISL1_chr5:51398819-51399745_Ledidi_run-10_target-7.64_5	1133	C	A
ISL1_chr5:51398819-51399745_Ledidi_run-10_target-7.64_5	1142	G	T
ISL1_chr5:51398819-51399745_Ledidi_run-10_target-7.64_5	1147	C	T
ISL1_chr5:51398819-51399745_Ledidi_run-10_target-7.64_6	1052	C	A
ISL1_chr5:51398819-51399745_Ledidi_run-10_target-7.64_6	1085	G	T
ISL1_chr5:51398819-51399745_Ledidi_run-10_target-7.64_6	1095	T	C
ISL1_chr5:51398819-51399745_Ledidi_run-10_target-7.64_6	1133	C	A
ISL1_chr5:51398819-51399745_Ledidi_run-10_target-7.64_6	1142	G	T
ISL1_chr5:51398819-51399745_Ledidi_run-10_target-7.64_6	1147	C	T
ISL1_chr5:51398819-51399745_Ledidi_run-10_target-7.64_7	1095	T	C
ISL1_chr5:51398819-51399745_Ledidi_run-10_target-7.64_7	1133	C	A
ISL1_chr5:51398819-51399745_Ledidi_run-10_target-7.64_7	1142	G	T
ISL1_chr5:51398819-51399745_Ledidi_run-10_target-7.64_7	1147	C	T
ISL1_chr5:51398819-51399745_Ledidi_run-10_target-7.64_8	1085	G	C
ISL1_chr5:51398819-51399745_Ledidi_run-10_target-7.64_8	1095	T	C
ISL1_chr5:51398819-51399745_Ledidi_run-10_target-7.64_8	1133	C	A
ISL1_chr5:51398819-51399745_Ledidi_run-10_target-7.64_8	1142	G	T
ISL1_chr5:51398819-51399745_Ledidi_run-10_target-7.64_8	1147	C	T
ISL1_chr5:51398819-51399745_Ledidi_run-10_target-7.64_9	1085	G	C
ISL1_chr5:51398819-51399745_Ledidi_run-10_target-7.64_9	1095	T	C
ISL1_chr5:51398819-51399745_Ledidi_run-10_target-7.64_9	1133	C	A
ISL1_chr5:51398819-51399745_Ledidi_run-10_target-7.64_9	1142	G	T
ISL1_chr5:51398819-51399745_Ledidi_run-10_target-7.64_9	1147	C	T
ISL1_chr5:51398819-51399745_Ledidi_run-10_target-7.64_10	1095	T	C
ISL1_chr5:51398819-51399745_Ledidi_run-10_target-7.64_10	1133	C	A
ISL1_chr5:51398819-51399745_Ledidi_run-10_target-7.64_10	1142	G	T
ISL1_chr5:51398819-51399745_Ledidi_run-10_target-7.64_10	1147	C	T
ISL1_chr5:51398819-51399745_Ledidi_run-1_target-10.88_1	936	T	C
ISL1_chr5:51398819-51399745_Ledidi_run-1_target-10.88_1	937	T	C
ISL1_chr5:51398819-51399745_Ledidi_run-1_target-10.88_1	942	A	T
ISL1_chr5:51398819-51399745_Ledidi_run-1_target-10.88_1	944	T	C
ISL1_chr5:51398819-51399745_Ledidi_run-1_target-10.88_1	966	A	T
ISL1_chr5:51398819-51399745_Ledidi_run-1_target-10.88_1	973	T	C
ISL1_chr5:51398819-51399745_Ledidi_run-1_target-10.88_1	975	C	A
ISL1_chr5:51398819-51399745_Ledidi_run-1_target-10.88_1	989	C	G
ISL1_chr5:51398819-51399745_Ledidi_run-1_target-10.88_1	995	G	C
ISL1_chr5:51398819-51399745_Ledidi_run-1_target-10.88_1	1000	G	A
ISL1_chr5:51398819-51399745_Ledidi_run-1_target-10.88_1	1001	C	A
ISL1_chr5:51398819-51399745_Ledidi_run-1_target-10.88_1	1015	G	T
ISL1_chr5:51398819-51399745_Ledidi_run-1_target-10.88_1	1057	G	T
ISL1_chr5:51398819-51399745_Ledidi_run-1_target-10.88_1	1061	A	G
ISL1_chr5:51398819-51399745_Ledidi_run-1_target-10.88_1	1072	G	A
ISL1_chr5:51398819-51399745_Ledidi_run-1_target-10.88_1	1073	C	A
ISL1_chr5:51398819-51399745_Ledidi_run-1_target-10.88_1	1090	G	T
ISL1_chr5:51398819-51399745_Ledidi_run-1_target-10.88_1	1095	T	A
ISL1_chr5:51398819-51399745_Ledidi_run-1_target-10.88_1	1097	T	A
ISL1_chr5:51398819-51399745_Ledidi_run-1_target-10.88_1	1148	A	G
ISL1_chr5:51398819-51399745_Ledidi_run-1_target-10.88_2	936	T	C
ISL1_chr5:51398819-51399745_Ledidi_run-1_target-10.88_2	937	T	C
ISL1_chr5:51398819-51399745_Ledidi_run-1_target-10.88_2	942	A	T
ISL1_chr5:51398819-51399745_Ledidi_run-1_target-10.88_2	944	T	C
ISL1_chr5:51398819-51399745_Ledidi_run-1_target-10.88_2	966	A	T
ISL1_chr5:51398819-51399745_Ledidi_run-1_target-10.88_2	975	C	A
ISL1_chr5:51398819-51399745_Ledidi_run-1_target-10.88_2	989	C	G
ISL1_chr5:51398819-51399745_Ledidi_run-1_target-10.88_2	1000	G	A
ISL1_chr5:51398819-51399745_Ledidi_run-1_target-10.88_2	1001	C	A
ISL1_chr5:51398819-51399745_Ledidi_run-1_target-10.88_2	1017	G	T
ISL1_chr5:51398819-51399745_Ledidi_run-1_target-10.88_2	1064	A	G
ISL1_chr5:51398819-51399745_Ledidi_run-1_target-10.88_2	1072	G	A
ISL1_chr5:51398819-51399745_Ledidi_run-1_target-10.88_2	1073	C	A
ISL1_chr5:51398819-51399745_Ledidi_run-1_target-10.88_2	1095	T	A
ISL1_chr5:51398819-51399745_Ledidi_run-1_target-10.88_2	1143	T	G
ISL1_chr5:51398819-51399745_Ledidi_run-1_target-10.88_2	1154	A	C
ISL1_chr5:51398819-51399745_Ledidi_run-1_target-10.88_2	1164	T	C
ISL1_chr5:51398819-51399745_Ledidi_run-1_target-10.88_2	1182	G	A
ISL1_chr5:51398819-51399745_Ledidi_run-1_target-10.88_2	1190	G	T
ISL1_chr5:51398819-51399745_Ledidi_run-1_target-10.88_3	922	T	C
ISL1_chr5:51398819-51399745_Ledidi_run-1_target-10.88_3	936	T	C
ISL1_chr5:51398819-51399745_Ledidi_run-1_target-10.88_3	937	T	C
ISL1_chr5:51398819-51399745_Ledidi_run-1_target-10.88_3	942	A	T
ISL1_chr5:51398819-51399745_Ledidi_run-1_target-10.88_3	944	T	C
ISL1_chr5:51398819-51399745_Ledidi_run-1_target-10.88_3	966	A	T
ISL1_chr5:51398819-51399745_Ledidi_run-1_target-10.88_3	975	C	A
ISL1_chr5:51398819-51399745_Ledidi_run-1_target-10.88_3	989	C	G
ISL1_chr5:51398819-51399745_Ledidi_run-1_target-10.88_3	1000	G	A
ISL1_chr5:51398819-51399745_Ledidi_run-1_target-10.88_3	1001	C	A
ISL1_chr5:51398819-51399745_Ledidi_run-1_target-10.88_3	1057	G	T
ISL1_chr5:51398819-51399745_Ledidi_run-1_target-10.88_3	1061	A	G
ISL1_chr5:51398819-51399745_Ledidi_run-1_target-10.88_3	1072	G	A
ISL1_chr5:51398819-51399745_Ledidi_run-1_target-10.88_3	1073	C	A
ISL1_chr5:51398819-51399745_Ledidi_run-1_target-10.88_3	1074	G	C
ISL1_chr5:51398819-51399745_Ledidi_run-1_target-10.88_3	1086	C	A
ISL1_chr5:51398819-51399745_Ledidi_run-1_target-10.88_3	1090	G	T
ISL1_chr5:51398819-51399745_Ledidi_run-1_target-10.88_3	1095	T	A
ISL1_chr5:51398819-51399745_Ledidi_run-1_target-10.88_3	1097	T	A
ISL1_chr5:51398819-51399745_Ledidi_run-1_target-10.88_3	1154	A	C
ISL1_chr5:51398819-51399745_Ledidi_run-1_target-10.88_3	1182	G	A
ISL1_chr5:51398819-51399745_Ledidi_run-1_target-10.88_3	1190	G	T
ISL1_chr5:51398819-51399745_Ledidi_run-1_target-10.88_4	922	T	C
ISL1_chr5:51398819-51399745_Ledidi_run-1_target-10.88_4	936	T	C
ISL1_chr5:51398819-51399745_Ledidi_run-1_target-10.88_4	937	T	C
ISL1_chr5:51398819-51399745_Ledidi_run-1_target-10.88_4	942	A	T
ISL1_chr5:51398819-51399745_Ledidi_run-1_target-10.88_4	944	T	C
ISL1_chr5:51398819-51399745_Ledidi_run-1_target-10.88_4	966	A	T
ISL1_chr5:51398819-51399745_Ledidi_run-1_target-10.88_4	975	C	A
ISL1_chr5:51398819-51399745_Ledidi_run-1_target-10.88_4	989	C	G
ISL1_chr5:51398819-51399745_Ledidi_run-1_target-10.88_4	1000	G	A
ISL1_chr5:51398819-51399745_Ledidi_run-1_target-10.88_4	1001	C	A
ISL1_chr5:51398819-51399745_Ledidi_run-1_target-10.88_4	1057	G	T
ISL1_chr5:51398819-51399745_Ledidi_run-1_target-10.88_4	1061	A	G
ISL1_chr5:51398819-51399745_Ledidi_run-1_target-10.88_4	1072	G	A
ISL1_chr5:51398819-51399745_Ledidi_run-1_target-10.88_4	1073	C	A
ISL1_chr5:51398819-51399745_Ledidi_run-1_target-10.88_4	1074	G	C
ISL1_chr5:51398819-51399745_Ledidi_run-1_target-10.88_4	1086	C	A
ISL1_chr5:51398819-51399745_Ledidi_run-1_target-10.88_4	1090	G	T
ISL1_chr5:51398819-51399745_Ledidi_run-1_target-10.88_4	1095	T	A
ISL1_chr5:51398819-51399745_Ledidi_run-1_target-10.88_4	1097	T	A
ISL1_chr5:51398819-51399745_Ledidi_run-1_target-10.88_5	937	T	C
ISL1_chr5:51398819-51399745_Ledidi_run-1_target-10.88_5	942	A	T
ISL1_chr5:51398819-51399745_Ledidi_run-1_target-10.88_5	944	T	C
ISL1_chr5:51398819-51399745_Ledidi_run-1_target-10.88_5	966	A	T
ISL1_chr5:51398819-51399745_Ledidi_run-1_target-10.88_5	973	T	C
ISL1_chr5:51398819-51399745_Ledidi_run-1_target-10.88_5	975	C	A
ISL1_chr5:51398819-51399745_Ledidi_run-1_target-10.88_5	989	C	G
ISL1_chr5:51398819-51399745_Ledidi_run-1_target-10.88_5	995	G	C
ISL1_chr5:51398819-51399745_Ledidi_run-1_target-10.88_5	1000	G	A
ISL1_chr5:51398819-51399745_Ledidi_run-1_target-10.88_5	1001	C	A
ISL1_chr5:51398819-51399745_Ledidi_run-1_target-10.88_5	1015	G	T
ISL1_chr5:51398819-51399745_Ledidi_run-1_target-10.88_5	1057	G	T
ISL1_chr5:51398819-51399745_Ledidi_run-1_target-10.88_5	1061	A	G
ISL1_chr5:51398819-51399745_Ledidi_run-1_target-10.88_5	1072	G	A
ISL1_chr5:51398819-51399745_Ledidi_run-1_target-10.88_5	1073	C	A
ISL1_chr5:51398819-51399745_Ledidi_run-1_target-10.88_5	1074	G	C
ISL1_chr5:51398819-51399745_Ledidi_run-1_target-10.88_5	1086	C	A
ISL1_chr5:51398819-51399745_Ledidi_run-1_target-10.88_5	1090	G	T
ISL1_chr5:51398819-51399745_Ledidi_run-1_target-10.88_5	1095	T	A
ISL1_chr5:51398819-51399745_Ledidi_run-1_target-10.88_5	1097	T	A
ISL1_chr5:51398819-51399745_Ledidi_run-1_target-10.88_6	922	T	C
ISL1_chr5:51398819-51399745_Ledidi_run-1_target-10.88_6	936	T	C
ISL1_chr5:51398819-51399745_Ledidi_run-1_target-10.88_6	937	T	C
ISL1_chr5:51398819-51399745_Ledidi_run-1_target-10.88_6	942	A	T
ISL1_chr5:51398819-51399745_Ledidi_run-1_target-10.88_6	944	T	C
ISL1_chr5:51398819-51399745_Ledidi_run-1_target-10.88_6	966	A	T
ISL1_chr5:51398819-51399745_Ledidi_run-1_target-10.88_6	975	C	A
ISL1_chr5:51398819-51399745_Ledidi_run-1_target-10.88_6	989	C	G
ISL1_chr5:51398819-51399745_Ledidi_run-1_target-10.88_6	1000	G	A
ISL1_chr5:51398819-51399745_Ledidi_run-1_target-10.88_6	1001	C	A
ISL1_chr5:51398819-51399745_Ledidi_run-1_target-10.88_6	1017	G	T
ISL1_chr5:51398819-51399745_Ledidi_run-1_target-10.88_6	1057	G	T
ISL1_chr5:51398819-51399745_Ledidi_run-1_target-10.88_6	1061	A	G
ISL1_chr5:51398819-51399745_Ledidi_run-1_target-10.88_6	1072	G	A
ISL1_chr5:51398819-51399745_Ledidi_run-1_target-10.88_6	1073	C	A
ISL1_chr5:51398819-51399745_Ledidi_run-1_target-10.88_6	1090	G	T
ISL1_chr5:51398819-51399745_Ledidi_run-1_target-10.88_6	1095	T	A
ISL1_chr5:51398819-51399745_Ledidi_run-1_target-10.88_6	1097	T	A
ISL1_chr5:51398819-51399745_Ledidi_run-1_target-10.88_6	1165	T	C
ISL1_chr5:51398819-51399745_Ledidi_run-1_target-10.88_6	1182	G	A
ISL1_chr5:51398819-51399745_Ledidi_run-1_target-10.88_6	1190	G	T
ISL1_chr5:51398819-51399745_Ledidi_run-1_target-10.88_7	922	T	C
ISL1_chr5:51398819-51399745_Ledidi_run-1_target-10.88_7	936	T	C
ISL1_chr5:51398819-51399745_Ledidi_run-1_target-10.88_7	937	T	C
ISL1_chr5:51398819-51399745_Ledidi_run-1_target-10.88_7	942	A	T
ISL1_chr5:51398819-51399745_Ledidi_run-1_target-10.88_7	944	T	C
ISL1_chr5:51398819-51399745_Ledidi_run-1_target-10.88_7	966	A	T
ISL1_chr5:51398819-51399745_Ledidi_run-1_target-10.88_7	975	C	A
ISL1_chr5:51398819-51399745_Ledidi_run-1_target-10.88_7	989	C	G
ISL1_chr5:51398819-51399745_Ledidi_run-1_target-10.88_7	1000	G	A
ISL1_chr5:51398819-51399745_Ledidi_run-1_target-10.88_7	1001	C	A
ISL1_chr5:51398819-51399745_Ledidi_run-1_target-10.88_7	1057	G	T
ISL1_chr5:51398819-51399745_Ledidi_run-1_target-10.88_7	1061	A	G
ISL1_chr5:51398819-51399745_Ledidi_run-1_target-10.88_7	1072	G	A
ISL1_chr5:51398819-51399745_Ledidi_run-1_target-10.88_7	1073	C	A
ISL1_chr5:51398819-51399745_Ledidi_run-1_target-10.88_7	1074	G	C
ISL1_chr5:51398819-51399745_Ledidi_run-1_target-10.88_7	1086	C	A
ISL1_chr5:51398819-51399745_Ledidi_run-1_target-10.88_7	1090	G	T
ISL1_chr5:51398819-51399745_Ledidi_run-1_target-10.88_7	1097	T	A
ISL1_chr5:51398819-51399745_Ledidi_run-1_target-10.88_7	1114	G	A
ISL1_chr5:51398819-51399745_Ledidi_run-1_target-10.88_7	1143	T	G
ISL1_chr5:51398819-51399745_Ledidi_run-1_target-10.88_7	1165	T	C
ISL1_chr5:51398819-51399745_Ledidi_run-1_target-10.88_7	1182	G	A
ISL1_chr5:51398819-51399745_Ledidi_run-1_target-10.88_7	1190	G	T
ISL1_chr5:51398819-51399745_Ledidi_run-1_target-10.88_8	936	T	C
ISL1_chr5:51398819-51399745_Ledidi_run-1_target-10.88_8	937	T	C
ISL1_chr5:51398819-51399745_Ledidi_run-1_target-10.88_8	942	A	T
ISL1_chr5:51398819-51399745_Ledidi_run-1_target-10.88_8	944	T	C
ISL1_chr5:51398819-51399745_Ledidi_run-1_target-10.88_8	966	A	T
ISL1_chr5:51398819-51399745_Ledidi_run-1_target-10.88_8	973	T	C
ISL1_chr5:51398819-51399745_Ledidi_run-1_target-10.88_8	975	C	A
ISL1_chr5:51398819-51399745_Ledidi_run-1_target-10.88_8	989	C	G
ISL1_chr5:51398819-51399745_Ledidi_run-1_target-10.88_8	995	G	C
ISL1_chr5:51398819-51399745_Ledidi_run-1_target-10.88_8	1000	G	A
ISL1_chr5:51398819-51399745_Ledidi_run-1_target-10.88_8	1001	C	A
ISL1_chr5:51398819-51399745_Ledidi_run-1_target-10.88_8	1072	G	A
ISL1_chr5:51398819-51399745_Ledidi_run-1_target-10.88_8	1073	C	A
ISL1_chr5:51398819-51399745_Ledidi_run-1_target-10.88_8	1086	C	A
ISL1_chr5:51398819-51399745_Ledidi_run-1_target-10.88_8	1095	T	A
ISL1_chr5:51398819-51399745_Ledidi_run-1_target-10.88_8	1154	A	C
ISL1_chr5:51398819-51399745_Ledidi_run-1_target-10.88_8	1165	T	C
ISL1_chr5:51398819-51399745_Ledidi_run-1_target-10.88_8	1182	G	A
ISL1_chr5:51398819-51399745_Ledidi_run-1_target-10.88_8	1190	G	T
ISL1_chr5:51398819-51399745_Ledidi_run-1_target-10.88_9	922	T	C
ISL1_chr5:51398819-51399745_Ledidi_run-1_target-10.88_9	923	A	C
ISL1_chr5:51398819-51399745_Ledidi_run-1_target-10.88_9	935	A	T
ISL1_chr5:51398819-51399745_Ledidi_run-1_target-10.88_9	936	T	C
ISL1_chr5:51398819-51399745_Ledidi_run-1_target-10.88_9	937	T	C
ISL1_chr5:51398819-51399745_Ledidi_run-1_target-10.88_9	942	A	T
ISL1_chr5:51398819-51399745_Ledidi_run-1_target-10.88_9	944	T	C
ISL1_chr5:51398819-51399745_Ledidi_run-1_target-10.88_9	950	A	G
ISL1_chr5:51398819-51399745_Ledidi_run-1_target-10.88_9	966	A	T
ISL1_chr5:51398819-51399745_Ledidi_run-1_target-10.88_9	975	C	A
ISL1_chr5:51398819-51399745_Ledidi_run-1_target-10.88_9	989	C	G
ISL1_chr5:51398819-51399745_Ledidi_run-1_target-10.88_9	1000	G	A
ISL1_chr5:51398819-51399745_Ledidi_run-1_target-10.88_9	1001	C	A
ISL1_chr5:51398819-51399745_Ledidi_run-1_target-10.88_9	1061	A	G
ISL1_chr5:51398819-51399745_Ledidi_run-1_target-10.88_9	1072	G	A
ISL1_chr5:51398819-51399745_Ledidi_run-1_target-10.88_9	1073	C	A
ISL1_chr5:51398819-51399745_Ledidi_run-1_target-10.88_9	1093	C	G
ISL1_chr5:51398819-51399745_Ledidi_run-1_target-10.88_9	1097	T	A
ISL1_chr5:51398819-51399745_Ledidi_run-1_target-10.88_9	1099	A	T
ISL1_chr5:51398819-51399745_Ledidi_run-1_target-10.88_9	1100	G	C
ISL1_chr5:51398819-51399745_Ledidi_run-1_target-10.88_9	1101	C	T
ISL1_chr5:51398819-51399745_Ledidi_run-1_target-10.88_9	1143	T	G
ISL1_chr5:51398819-51399745_Ledidi_run-1_target-10.88_9	1154	A	C
ISL1_chr5:51398819-51399745_Ledidi_run-1_target-10.88_9	1165	T	C
ISL1_chr5:51398819-51399745_Ledidi_run-1_target-10.88_9	1182	G	A
ISL1_chr5:51398819-51399745_Ledidi_run-1_target-10.88_9	1190	G	T
ISL1_chr5:51398819-51399745_Ledidi_run-1_target-10.88_10	936	T	C
ISL1_chr5:51398819-51399745_Ledidi_run-1_target-10.88_10	937	T	C
ISL1_chr5:51398819-51399745_Ledidi_run-1_target-10.88_10	942	A	T
ISL1_chr5:51398819-51399745_Ledidi_run-1_target-10.88_10	944	T	C
ISL1_chr5:51398819-51399745_Ledidi_run-1_target-10.88_10	966	A	T
ISL1_chr5:51398819-51399745_Ledidi_run-1_target-10.88_10	973	T	C
ISL1_chr5:51398819-51399745_Ledidi_run-1_target-10.88_10	975	C	A
ISL1_chr5:51398819-51399745_Ledidi_run-1_target-10.88_10	989	C	G
ISL1_chr5:51398819-51399745_Ledidi_run-1_target-10.88_10	1000	G	A
ISL1_chr5:51398819-51399745_Ledidi_run-1_target-10.88_10	1001	C	A
ISL1_chr5:51398819-51399745_Ledidi_run-1_target-10.88_10	1015	G	T
ISL1_chr5:51398819-51399745_Ledidi_run-1_target-10.88_10	1032	A	G
ISL1_chr5:51398819-51399745_Ledidi_run-1_target-10.88_10	1052	C	G
ISL1_chr5:51398819-51399745_Ledidi_run-1_target-10.88_10	1053	C	G
ISL1_chr5:51398819-51399745_Ledidi_run-1_target-10.88_10	1057	G	T
ISL1_chr5:51398819-51399745_Ledidi_run-1_target-10.88_10	1061	A	G
ISL1_chr5:51398819-51399745_Ledidi_run-1_target-10.88_10	1064	A	G
ISL1_chr5:51398819-51399745_Ledidi_run-1_target-10.88_10	1072	G	A
ISL1_chr5:51398819-51399745_Ledidi_run-1_target-10.88_10	1073	C	A
ISL1_chr5:51398819-51399745_Ledidi_run-1_target-10.88_10	1074	G	C
ISL1_chr5:51398819-51399745_Ledidi_run-1_target-10.88_10	1086	C	A
ISL1_chr5:51398819-51399745_Ledidi_run-1_target-10.88_10	1090	G	T
ISL1_chr5:51398819-51399745_Ledidi_run-1_target-10.88_10	1095	T	A
ISL1_chr5:51398819-51399745_Ledidi_run-1_target-10.88_10	1097	T	A
ISL1_chr5:51398819-51399745_Ledidi_run-2_target-10.88_1	938	G	T
ISL1_chr5:51398819-51399745_Ledidi_run-2_target-10.88_1	939	T	A
ISL1_chr5:51398819-51399745_Ledidi_run-2_target-10.88_1	944	T	C
ISL1_chr5:51398819-51399745_Ledidi_run-2_target-10.88_1	945	G	T
ISL1_chr5:51398819-51399745_Ledidi_run-2_target-10.88_1	946	G	C
ISL1_chr5:51398819-51399745_Ledidi_run-2_target-10.88_1	947	A	G
ISL1_chr5:51398819-51399745_Ledidi_run-2_target-10.88_1	950	A	G
ISL1_chr5:51398819-51399745_Ledidi_run-2_target-10.88_1	955	G	C
ISL1_chr5:51398819-51399745_Ledidi_run-2_target-10.88_1	962	A	C
ISL1_chr5:51398819-51399745_Ledidi_run-2_target-10.88_1	963	T	G
ISL1_chr5:51398819-51399745_Ledidi_run-2_target-10.88_1	990	T	G
ISL1_chr5:51398819-51399745_Ledidi_run-2_target-10.88_1	1000	G	T
ISL1_chr5:51398819-51399745_Ledidi_run-2_target-10.88_1	1001	C	A
ISL1_chr5:51398819-51399745_Ledidi_run-2_target-10.88_1	1015	G	A
ISL1_chr5:51398819-51399745_Ledidi_run-2_target-10.88_1	1016	G	C
ISL1_chr5:51398819-51399745_Ledidi_run-2_target-10.88_1	1022	G	T
ISL1_chr5:51398819-51399745_Ledidi_run-2_target-10.88_1	1030	C	T
ISL1_chr5:51398819-51399745_Ledidi_run-2_target-10.88_1	1043	G	T
ISL1_chr5:51398819-51399745_Ledidi_run-2_target-10.88_1	1047	T	C
ISL1_chr5:51398819-51399745_Ledidi_run-2_target-10.88_1	1056	T	G
ISL1_chr5:51398819-51399745_Ledidi_run-2_target-10.88_1	1086	C	T
ISL1_chr5:51398819-51399745_Ledidi_run-2_target-10.88_1	1093	C	A
ISL1_chr5:51398819-51399745_Ledidi_run-2_target-10.88_1	1095	T	A
ISL1_chr5:51398819-51399745_Ledidi_run-2_target-10.88_1	1163	C	A
ISL1_chr5:51398819-51399745_Ledidi_run-2_target-10.88_1	1165	T	G
ISL1_chr5:51398819-51399745_Ledidi_run-2_target-10.88_2	944	T	C
ISL1_chr5:51398819-51399745_Ledidi_run-2_target-10.88_2	945	G	T
ISL1_chr5:51398819-51399745_Ledidi_run-2_target-10.88_2	946	G	C
ISL1_chr5:51398819-51399745_Ledidi_run-2_target-10.88_2	950	A	G
ISL1_chr5:51398819-51399745_Ledidi_run-2_target-10.88_2	955	G	C
ISL1_chr5:51398819-51399745_Ledidi_run-2_target-10.88_2	967	T	C
ISL1_chr5:51398819-51399745_Ledidi_run-2_target-10.88_2	971	T	C
ISL1_chr5:51398819-51399745_Ledidi_run-2_target-10.88_2	977	T	C
ISL1_chr5:51398819-51399745_Ledidi_run-2_target-10.88_2	990	T	G
ISL1_chr5:51398819-51399745_Ledidi_run-2_target-10.88_2	999	T	A
ISL1_chr5:51398819-51399745_Ledidi_run-2_target-10.88_2	1000	G	T
ISL1_chr5:51398819-51399745_Ledidi_run-2_target-10.88_2	1001	C	A
ISL1_chr5:51398819-51399745_Ledidi_run-2_target-10.88_2	1005	C	G
ISL1_chr5:51398819-51399745_Ledidi_run-2_target-10.88_2	1006	A	T
ISL1_chr5:51398819-51399745_Ledidi_run-2_target-10.88_2	1015	G	A
ISL1_chr5:51398819-51399745_Ledidi_run-2_target-10.88_2	1016	G	C
ISL1_chr5:51398819-51399745_Ledidi_run-2_target-10.88_2	1022	G	T
ISL1_chr5:51398819-51399745_Ledidi_run-2_target-10.88_2	1030	C	T
ISL1_chr5:51398819-51399745_Ledidi_run-2_target-10.88_2	1047	T	C
ISL1_chr5:51398819-51399745_Ledidi_run-2_target-10.88_2	1093	C	A
ISL1_chr5:51398819-51399745_Ledidi_run-2_target-10.88_2	1095	T	A
ISL1_chr5:51398819-51399745_Ledidi_run-2_target-10.88_2	1118	G	T
ISL1_chr5:51398819-51399745_Ledidi_run-2_target-10.88_2	1119	T	A
ISL1_chr5:51398819-51399745_Ledidi_run-2_target-10.88_2	1124	C	G
ISL1_chr5:51398819-51399745_Ledidi_run-2_target-10.88_2	1151	T	C
ISL1_chr5:51398819-51399745_Ledidi_run-2_target-10.88_2	1163	C	A
ISL1_chr5:51398819-51399745_Ledidi_run-2_target-10.88_3	938	G	T
ISL1_chr5:51398819-51399745_Ledidi_run-2_target-10.88_3	939	T	A
ISL1_chr5:51398819-51399745_Ledidi_run-2_target-10.88_3	944	T	C
ISL1_chr5:51398819-51399745_Ledidi_run-2_target-10.88_3	945	G	T
ISL1_chr5:51398819-51399745_Ledidi_run-2_target-10.88_3	946	G	C
ISL1_chr5:51398819-51399745_Ledidi_run-2_target-10.88_3	947	A	G
ISL1_chr5:51398819-51399745_Ledidi_run-2_target-10.88_3	950	A	G
ISL1_chr5:51398819-51399745_Ledidi_run-2_target-10.88_3	959	A	G
ISL1_chr5:51398819-51399745_Ledidi_run-2_target-10.88_3	962	A	C
ISL1_chr5:51398819-51399745_Ledidi_run-2_target-10.88_3	963	T	G
ISL1_chr5:51398819-51399745_Ledidi_run-2_target-10.88_3	967	T	C
ISL1_chr5:51398819-51399745_Ledidi_run-2_target-10.88_3	971	T	C
ISL1_chr5:51398819-51399745_Ledidi_run-2_target-10.88_3	977	T	C
ISL1_chr5:51398819-51399745_Ledidi_run-2_target-10.88_3	990	T	G
ISL1_chr5:51398819-51399745_Ledidi_run-2_target-10.88_3	999	T	A
ISL1_chr5:51398819-51399745_Ledidi_run-2_target-10.88_3	1000	G	T
ISL1_chr5:51398819-51399745_Ledidi_run-2_target-10.88_3	1001	C	A
ISL1_chr5:51398819-51399745_Ledidi_run-2_target-10.88_3	1005	C	G
ISL1_chr5:51398819-51399745_Ledidi_run-2_target-10.88_3	1006	A	T
ISL1_chr5:51398819-51399745_Ledidi_run-2_target-10.88_3	1015	G	A
ISL1_chr5:51398819-51399745_Ledidi_run-2_target-10.88_3	1016	G	C
ISL1_chr5:51398819-51399745_Ledidi_run-2_target-10.88_3	1022	G	T
ISL1_chr5:51398819-51399745_Ledidi_run-2_target-10.88_3	1030	C	T
ISL1_chr5:51398819-51399745_Ledidi_run-2_target-10.88_3	1047	T	C
ISL1_chr5:51398819-51399745_Ledidi_run-2_target-10.88_3	1086	C	T
ISL1_chr5:51398819-51399745_Ledidi_run-2_target-10.88_3	1093	C	A
ISL1_chr5:51398819-51399745_Ledidi_run-2_target-10.88_3	1095	T	A
ISL1_chr5:51398819-51399745_Ledidi_run-2_target-10.88_3	1118	G	T
ISL1_chr5:51398819-51399745_Ledidi_run-2_target-10.88_3	1163	C	A
ISL1_chr5:51398819-51399745_Ledidi_run-2_target-10.88_3	1165	T	G
ISL1_chr5:51398819-51399745_Ledidi_run-2_target-10.88_4	938	G	T
ISL1_chr5:51398819-51399745_Ledidi_run-2_target-10.88_4	939	T	A
ISL1_chr5:51398819-51399745_Ledidi_run-2_target-10.88_4	944	T	C
ISL1_chr5:51398819-51399745_Ledidi_run-2_target-10.88_4	945	G	T
ISL1_chr5:51398819-51399745_Ledidi_run-2_target-10.88_4	946	G	C
ISL1_chr5:51398819-51399745_Ledidi_run-2_target-10.88_4	947	A	G
ISL1_chr5:51398819-51399745_Ledidi_run-2_target-10.88_4	950	A	G
ISL1_chr5:51398819-51399745_Ledidi_run-2_target-10.88_4	955	G	C
ISL1_chr5:51398819-51399745_Ledidi_run-2_target-10.88_4	962	A	C
ISL1_chr5:51398819-51399745_Ledidi_run-2_target-10.88_4	963	T	G
ISL1_chr5:51398819-51399745_Ledidi_run-2_target-10.88_4	967	T	C
ISL1_chr5:51398819-51399745_Ledidi_run-2_target-10.88_4	990	T	G
ISL1_chr5:51398819-51399745_Ledidi_run-2_target-10.88_4	1000	G	T
ISL1_chr5:51398819-51399745_Ledidi_run-2_target-10.88_4	1001	C	A
ISL1_chr5:51398819-51399745_Ledidi_run-2_target-10.88_4	1015	G	A
ISL1_chr5:51398819-51399745_Ledidi_run-2_target-10.88_4	1016	G	C
ISL1_chr5:51398819-51399745_Ledidi_run-2_target-10.88_4	1022	G	T
ISL1_chr5:51398819-51399745_Ledidi_run-2_target-10.88_4	1030	C	T
ISL1_chr5:51398819-51399745_Ledidi_run-2_target-10.88_4	1043	G	T
ISL1_chr5:51398819-51399745_Ledidi_run-2_target-10.88_4	1047	T	C
ISL1_chr5:51398819-51399745_Ledidi_run-2_target-10.88_4	1056	T	G
ISL1_chr5:51398819-51399745_Ledidi_run-2_target-10.88_4	1086	C	T
ISL1_chr5:51398819-51399745_Ledidi_run-2_target-10.88_4	1093	C	A
ISL1_chr5:51398819-51399745_Ledidi_run-2_target-10.88_4	1095	T	A
ISL1_chr5:51398819-51399745_Ledidi_run-2_target-10.88_4	1163	C	A
ISL1_chr5:51398819-51399745_Ledidi_run-2_target-10.88_4	1165	T	G
ISL1_chr5:51398819-51399745_Ledidi_run-2_target-10.88_5	938	G	T
ISL1_chr5:51398819-51399745_Ledidi_run-2_target-10.88_5	939	T	A
ISL1_chr5:51398819-51399745_Ledidi_run-2_target-10.88_5	944	T	C
ISL1_chr5:51398819-51399745_Ledidi_run-2_target-10.88_5	945	G	T
ISL1_chr5:51398819-51399745_Ledidi_run-2_target-10.88_5	946	G	C
ISL1_chr5:51398819-51399745_Ledidi_run-2_target-10.88_5	947	A	G
ISL1_chr5:51398819-51399745_Ledidi_run-2_target-10.88_5	950	A	G
ISL1_chr5:51398819-51399745_Ledidi_run-2_target-10.88_5	959	A	G
ISL1_chr5:51398819-51399745_Ledidi_run-2_target-10.88_5	971	T	C
ISL1_chr5:51398819-51399745_Ledidi_run-2_target-10.88_5	977	T	C
ISL1_chr5:51398819-51399745_Ledidi_run-2_target-10.88_5	1000	G	T
ISL1_chr5:51398819-51399745_Ledidi_run-2_target-10.88_5	1001	C	A
ISL1_chr5:51398819-51399745_Ledidi_run-2_target-10.88_5	1015	G	A
ISL1_chr5:51398819-51399745_Ledidi_run-2_target-10.88_5	1016	G	C
ISL1_chr5:51398819-51399745_Ledidi_run-2_target-10.88_5	1022	G	T
ISL1_chr5:51398819-51399745_Ledidi_run-2_target-10.88_5	1030	C	T
ISL1_chr5:51398819-51399745_Ledidi_run-2_target-10.88_5	1043	G	T
ISL1_chr5:51398819-51399745_Ledidi_run-2_target-10.88_5	1047	T	C
ISL1_chr5:51398819-51399745_Ledidi_run-2_target-10.88_5	1056	T	G
ISL1_chr5:51398819-51399745_Ledidi_run-2_target-10.88_5	1085	G	C
ISL1_chr5:51398819-51399745_Ledidi_run-2_target-10.88_5	1086	C	T
ISL1_chr5:51398819-51399745_Ledidi_run-2_target-10.88_5	1093	C	A
ISL1_chr5:51398819-51399745_Ledidi_run-2_target-10.88_5	1095	T	A
ISL1_chr5:51398819-51399745_Ledidi_run-2_target-10.88_5	1118	G	T
ISL1_chr5:51398819-51399745_Ledidi_run-2_target-10.88_5	1124	C	G
ISL1_chr5:51398819-51399745_Ledidi_run-2_target-10.88_5	1127	C	A
ISL1_chr5:51398819-51399745_Ledidi_run-2_target-10.88_5	1151	T	C
ISL1_chr5:51398819-51399745_Ledidi_run-2_target-10.88_5	1163	C	A
ISL1_chr5:51398819-51399745_Ledidi_run-2_target-10.88_5	1165	T	G
ISL1_chr5:51398819-51399745_Ledidi_run-2_target-10.88_6	938	G	T
ISL1_chr5:51398819-51399745_Ledidi_run-2_target-10.88_6	939	T	A
ISL1_chr5:51398819-51399745_Ledidi_run-2_target-10.88_6	944	T	C
ISL1_chr5:51398819-51399745_Ledidi_run-2_target-10.88_6	945	G	T
ISL1_chr5:51398819-51399745_Ledidi_run-2_target-10.88_6	946	G	C
ISL1_chr5:51398819-51399745_Ledidi_run-2_target-10.88_6	947	A	G
ISL1_chr5:51398819-51399745_Ledidi_run-2_target-10.88_6	950	A	G
ISL1_chr5:51398819-51399745_Ledidi_run-2_target-10.88_6	959	A	G
ISL1_chr5:51398819-51399745_Ledidi_run-2_target-10.88_6	962	A	C
ISL1_chr5:51398819-51399745_Ledidi_run-2_target-10.88_6	963	T	G
ISL1_chr5:51398819-51399745_Ledidi_run-2_target-10.88_6	971	T	G
ISL1_chr5:51398819-51399745_Ledidi_run-2_target-10.88_6	990	T	G
ISL1_chr5:51398819-51399745_Ledidi_run-2_target-10.88_6	999	T	A
ISL1_chr5:51398819-51399745_Ledidi_run-2_target-10.88_6	1000	G	T
ISL1_chr5:51398819-51399745_Ledidi_run-2_target-10.88_6	1001	C	A
ISL1_chr5:51398819-51399745_Ledidi_run-2_target-10.88_6	1005	C	G
ISL1_chr5:51398819-51399745_Ledidi_run-2_target-10.88_6	1006	A	T
ISL1_chr5:51398819-51399745_Ledidi_run-2_target-10.88_6	1015	G	A
ISL1_chr5:51398819-51399745_Ledidi_run-2_target-10.88_6	1016	G	C
ISL1_chr5:51398819-51399745_Ledidi_run-2_target-10.88_6	1022	G	T
ISL1_chr5:51398819-51399745_Ledidi_run-2_target-10.88_6	1030	C	T
ISL1_chr5:51398819-51399745_Ledidi_run-2_target-10.88_6	1043	G	T
ISL1_chr5:51398819-51399745_Ledidi_run-2_target-10.88_6	1056	T	G
ISL1_chr5:51398819-51399745_Ledidi_run-2_target-10.88_6	1086	C	T
ISL1_chr5:51398819-51399745_Ledidi_run-2_target-10.88_6	1093	C	A
ISL1_chr5:51398819-51399745_Ledidi_run-2_target-10.88_6	1095	T	A
ISL1_chr5:51398819-51399745_Ledidi_run-2_target-10.88_6	1118	G	T
ISL1_chr5:51398819-51399745_Ledidi_run-2_target-10.88_6	1119	T	A
ISL1_chr5:51398819-51399745_Ledidi_run-2_target-10.88_6	1124	C	G
ISL1_chr5:51398819-51399745_Ledidi_run-2_target-10.88_6	1127	C	A
ISL1_chr5:51398819-51399745_Ledidi_run-2_target-10.88_6	1151	T	C
ISL1_chr5:51398819-51399745_Ledidi_run-2_target-10.88_6	1163	C	A
ISL1_chr5:51398819-51399745_Ledidi_run-2_target-10.88_6	1165	T	G
ISL1_chr5:51398819-51399745_Ledidi_run-2_target-10.88_6	1188	A	G
ISL1_chr5:51398819-51399745_Ledidi_run-2_target-10.88_7	944	T	C
ISL1_chr5:51398819-51399745_Ledidi_run-2_target-10.88_7	962	A	C
ISL1_chr5:51398819-51399745_Ledidi_run-2_target-10.88_7	971	T	C
ISL1_chr5:51398819-51399745_Ledidi_run-2_target-10.88_7	977	T	C
ISL1_chr5:51398819-51399745_Ledidi_run-2_target-10.88_7	1005	C	G
ISL1_chr5:51398819-51399745_Ledidi_run-2_target-10.88_7	1015	G	A
ISL1_chr5:51398819-51399745_Ledidi_run-2_target-10.88_7	1016	G	C
ISL1_chr5:51398819-51399745_Ledidi_run-2_target-10.88_7	1022	G	T
ISL1_chr5:51398819-51399745_Ledidi_run-2_target-10.88_7	1040	G	C
ISL1_chr5:51398819-51399745_Ledidi_run-2_target-10.88_7	1043	G	T
ISL1_chr5:51398819-51399745_Ledidi_run-2_target-10.88_7	1047	T	C
ISL1_chr5:51398819-51399745_Ledidi_run-2_target-10.88_7	1061	A	G
ISL1_chr5:51398819-51399745_Ledidi_run-2_target-10.88_7	1086	C	T
ISL1_chr5:51398819-51399745_Ledidi_run-2_target-10.88_7	1093	C	A
ISL1_chr5:51398819-51399745_Ledidi_run-2_target-10.88_7	1095	T	A
ISL1_chr5:51398819-51399745_Ledidi_run-2_target-10.88_7	1105	C	G
ISL1_chr5:51398819-51399745_Ledidi_run-2_target-10.88_7	1114	G	A
ISL1_chr5:51398819-51399745_Ledidi_run-2_target-10.88_7	1118	G	T
ISL1_chr5:51398819-51399745_Ledidi_run-2_target-10.88_7	1119	T	A
ISL1_chr5:51398819-51399745_Ledidi_run-2_target-10.88_7	1124	C	G
ISL1_chr5:51398819-51399745_Ledidi_run-2_target-10.88_7	1127	C	A
ISL1_chr5:51398819-51399745_Ledidi_run-2_target-10.88_7	1133	C	T
ISL1_chr5:51398819-51399745_Ledidi_run-2_target-10.88_7	1163	C	A
ISL1_chr5:51398819-51399745_Ledidi_run-2_target-10.88_7	1165	T	G
ISL1_chr5:51398819-51399745_Ledidi_run-2_target-10.88_8	938	G	T
ISL1_chr5:51398819-51399745_Ledidi_run-2_target-10.88_8	939	T	A
ISL1_chr5:51398819-51399745_Ledidi_run-2_target-10.88_8	944	T	C
ISL1_chr5:51398819-51399745_Ledidi_run-2_target-10.88_8	945	G	T
ISL1_chr5:51398819-51399745_Ledidi_run-2_target-10.88_8	946	G	C
ISL1_chr5:51398819-51399745_Ledidi_run-2_target-10.88_8	947	A	G
ISL1_chr5:51398819-51399745_Ledidi_run-2_target-10.88_8	950	A	G
ISL1_chr5:51398819-51399745_Ledidi_run-2_target-10.88_8	959	A	G
ISL1_chr5:51398819-51399745_Ledidi_run-2_target-10.88_8	962	A	C
ISL1_chr5:51398819-51399745_Ledidi_run-2_target-10.88_8	963	T	G
ISL1_chr5:51398819-51399745_Ledidi_run-2_target-10.88_8	971	T	G
ISL1_chr5:51398819-51399745_Ledidi_run-2_target-10.88_8	1000	G	T
ISL1_chr5:51398819-51399745_Ledidi_run-2_target-10.88_8	1001	C	A
ISL1_chr5:51398819-51399745_Ledidi_run-2_target-10.88_8	1015	G	A
ISL1_chr5:51398819-51399745_Ledidi_run-2_target-10.88_8	1022	G	T
ISL1_chr5:51398819-51399745_Ledidi_run-2_target-10.88_8	1040	G	C
ISL1_chr5:51398819-51399745_Ledidi_run-2_target-10.88_8	1043	G	T
ISL1_chr5:51398819-51399745_Ledidi_run-2_target-10.88_8	1086	C	T
ISL1_chr5:51398819-51399745_Ledidi_run-2_target-10.88_8	1093	C	A
ISL1_chr5:51398819-51399745_Ledidi_run-2_target-10.88_8	1095	T	A
ISL1_chr5:51398819-51399745_Ledidi_run-2_target-10.88_8	1118	G	T
ISL1_chr5:51398819-51399745_Ledidi_run-2_target-10.88_8	1119	T	A
ISL1_chr5:51398819-51399745_Ledidi_run-2_target-10.88_8	1124	C	G
ISL1_chr5:51398819-51399745_Ledidi_run-2_target-10.88_8	1127	C	A
ISL1_chr5:51398819-51399745_Ledidi_run-2_target-10.88_8	1133	C	T
ISL1_chr5:51398819-51399745_Ledidi_run-2_target-10.88_8	1151	T	C
ISL1_chr5:51398819-51399745_Ledidi_run-2_target-10.88_8	1163	C	A
ISL1_chr5:51398819-51399745_Ledidi_run-2_target-10.88_8	1165	T	G
ISL1_chr5:51398819-51399745_Ledidi_run-2_target-10.88_9	938	G	T
ISL1_chr5:51398819-51399745_Ledidi_run-2_target-10.88_9	939	T	A
ISL1_chr5:51398819-51399745_Ledidi_run-2_target-10.88_9	944	T	C
ISL1_chr5:51398819-51399745_Ledidi_run-2_target-10.88_9	945	G	T
ISL1_chr5:51398819-51399745_Ledidi_run-2_target-10.88_9	946	G	C
ISL1_chr5:51398819-51399745_Ledidi_run-2_target-10.88_9	947	A	G
ISL1_chr5:51398819-51399745_Ledidi_run-2_target-10.88_9	950	A	G
ISL1_chr5:51398819-51399745_Ledidi_run-2_target-10.88_9	959	A	G
ISL1_chr5:51398819-51399745_Ledidi_run-2_target-10.88_9	962	A	C
ISL1_chr5:51398819-51399745_Ledidi_run-2_target-10.88_9	963	T	G
ISL1_chr5:51398819-51399745_Ledidi_run-2_target-10.88_9	971	T	C
ISL1_chr5:51398819-51399745_Ledidi_run-2_target-10.88_9	990	T	G
ISL1_chr5:51398819-51399745_Ledidi_run-2_target-10.88_9	999	T	A
ISL1_chr5:51398819-51399745_Ledidi_run-2_target-10.88_9	1000	G	T
ISL1_chr5:51398819-51399745_Ledidi_run-2_target-10.88_9	1001	C	A
ISL1_chr5:51398819-51399745_Ledidi_run-2_target-10.88_9	1005	C	G
ISL1_chr5:51398819-51399745_Ledidi_run-2_target-10.88_9	1006	A	T
ISL1_chr5:51398819-51399745_Ledidi_run-2_target-10.88_9	1015	G	A
ISL1_chr5:51398819-51399745_Ledidi_run-2_target-10.88_9	1016	G	C
ISL1_chr5:51398819-51399745_Ledidi_run-2_target-10.88_9	1022	G	T
ISL1_chr5:51398819-51399745_Ledidi_run-2_target-10.88_9	1030	C	T
ISL1_chr5:51398819-51399745_Ledidi_run-2_target-10.88_9	1086	C	T
ISL1_chr5:51398819-51399745_Ledidi_run-2_target-10.88_9	1093	C	A
ISL1_chr5:51398819-51399745_Ledidi_run-2_target-10.88_9	1095	T	A
ISL1_chr5:51398819-51399745_Ledidi_run-2_target-10.88_9	1118	G	T
ISL1_chr5:51398819-51399745_Ledidi_run-2_target-10.88_9	1119	T	A
ISL1_chr5:51398819-51399745_Ledidi_run-2_target-10.88_9	1124	C	G
ISL1_chr5:51398819-51399745_Ledidi_run-2_target-10.88_9	1151	T	C
ISL1_chr5:51398819-51399745_Ledidi_run-2_target-10.88_9	1163	C	A
ISL1_chr5:51398819-51399745_Ledidi_run-2_target-10.88_9	1165	T	G
ISL1_chr5:51398819-51399745_Ledidi_run-2_target-10.88_10	944	T	C
ISL1_chr5:51398819-51399745_Ledidi_run-2_target-10.88_10	945	G	T
ISL1_chr5:51398819-51399745_Ledidi_run-2_target-10.88_10	946	G	C
ISL1_chr5:51398819-51399745_Ledidi_run-2_target-10.88_10	955	G	C
ISL1_chr5:51398819-51399745_Ledidi_run-2_target-10.88_10	962	A	C
ISL1_chr5:51398819-51399745_Ledidi_run-2_target-10.88_10	990	T	G
ISL1_chr5:51398819-51399745_Ledidi_run-2_target-10.88_10	999	T	A
ISL1_chr5:51398819-51399745_Ledidi_run-2_target-10.88_10	1000	G	T
ISL1_chr5:51398819-51399745_Ledidi_run-2_target-10.88_10	1001	C	A
ISL1_chr5:51398819-51399745_Ledidi_run-2_target-10.88_10	1005	C	G
ISL1_chr5:51398819-51399745_Ledidi_run-2_target-10.88_10	1006	A	T
ISL1_chr5:51398819-51399745_Ledidi_run-2_target-10.88_10	1015	G	A
ISL1_chr5:51398819-51399745_Ledidi_run-2_target-10.88_10	1016	G	C
ISL1_chr5:51398819-51399745_Ledidi_run-2_target-10.88_10	1022	G	T
ISL1_chr5:51398819-51399745_Ledidi_run-2_target-10.88_10	1030	C	T
ISL1_chr5:51398819-51399745_Ledidi_run-2_target-10.88_10	1040	G	C
ISL1_chr5:51398819-51399745_Ledidi_run-2_target-10.88_10	1043	G	T
ISL1_chr5:51398819-51399745_Ledidi_run-2_target-10.88_10	1047	T	C
ISL1_chr5:51398819-51399745_Ledidi_run-2_target-10.88_10	1056	T	A
ISL1_chr5:51398819-51399745_Ledidi_run-2_target-10.88_10	1061	A	G
ISL1_chr5:51398819-51399745_Ledidi_run-2_target-10.88_10	1086	C	T
ISL1_chr5:51398819-51399745_Ledidi_run-2_target-10.88_10	1093	C	A
ISL1_chr5:51398819-51399745_Ledidi_run-2_target-10.88_10	1095	T	A
ISL1_chr5:51398819-51399745_Ledidi_run-2_target-10.88_10	1118	G	T
ISL1_chr5:51398819-51399745_Ledidi_run-2_target-10.88_10	1119	T	A
ISL1_chr5:51398819-51399745_Ledidi_run-2_target-10.88_10	1124	C	G
ISL1_chr5:51398819-51399745_Ledidi_run-2_target-10.88_10	1127	C	A
ISL1_chr5:51398819-51399745_Ledidi_run-2_target-10.88_10	1163	C	A
ISL1_chr5:51398819-51399745_Ledidi_run-2_target-10.88_10	1165	T	G
ISL1_chr5:51398819-51399745_Ledidi_run-3_target-10.88_1	931	C	G
ISL1_chr5:51398819-51399745_Ledidi_run-3_target-10.88_1	932	T	G
ISL1_chr5:51398819-51399745_Ledidi_run-3_target-10.88_1	936	T	A
ISL1_chr5:51398819-51399745_Ledidi_run-3_target-10.88_1	938	G	C
ISL1_chr5:51398819-51399745_Ledidi_run-3_target-10.88_1	939	T	A
ISL1_chr5:51398819-51399745_Ledidi_run-3_target-10.88_1	943	A	C
ISL1_chr5:51398819-51399745_Ledidi_run-3_target-10.88_1	949	A	G
ISL1_chr5:51398819-51399745_Ledidi_run-3_target-10.88_1	950	A	C
ISL1_chr5:51398819-51399745_Ledidi_run-3_target-10.88_1	954	G	C
ISL1_chr5:51398819-51399745_Ledidi_run-3_target-10.88_1	956	C	G
ISL1_chr5:51398819-51399745_Ledidi_run-3_target-10.88_1	957	A	G
ISL1_chr5:51398819-51399745_Ledidi_run-3_target-10.88_1	958	T	C
ISL1_chr5:51398819-51399745_Ledidi_run-3_target-10.88_1	962	A	G
ISL1_chr5:51398819-51399745_Ledidi_run-3_target-10.88_1	967	T	G
ISL1_chr5:51398819-51399745_Ledidi_run-3_target-10.88_1	974	T	G
ISL1_chr5:51398819-51399745_Ledidi_run-3_target-10.88_1	1015	G	T
ISL1_chr5:51398819-51399745_Ledidi_run-3_target-10.88_1	1058	T	C
ISL1_chr5:51398819-51399745_Ledidi_run-3_target-10.88_1	1062	G	T
ISL1_chr5:51398819-51399745_Ledidi_run-3_target-10.88_1	1063	C	T
ISL1_chr5:51398819-51399745_Ledidi_run-3_target-10.88_1	1064	A	G
ISL1_chr5:51398819-51399745_Ledidi_run-3_target-10.88_1	1067	G	T
ISL1_chr5:51398819-51399745_Ledidi_run-3_target-10.88_1	1073	C	A
ISL1_chr5:51398819-51399745_Ledidi_run-3_target-10.88_1	1074	G	T
ISL1_chr5:51398819-51399745_Ledidi_run-3_target-10.88_1	1087	A	C
ISL1_chr5:51398819-51399745_Ledidi_run-3_target-10.88_1	1093	C	A
ISL1_chr5:51398819-51399745_Ledidi_run-3_target-10.88_1	1095	T	A
ISL1_chr5:51398819-51399745_Ledidi_run-3_target-10.88_1	1096	G	A
ISL1_chr5:51398819-51399745_Ledidi_run-3_target-10.88_1	1099	A	C
ISL1_chr5:51398819-51399745_Ledidi_run-3_target-10.88_1	1100	G	C
ISL1_chr5:51398819-51399745_Ledidi_run-3_target-10.88_2	924	T	A
ISL1_chr5:51398819-51399745_Ledidi_run-3_target-10.88_2	931	C	G
ISL1_chr5:51398819-51399745_Ledidi_run-3_target-10.88_2	932	T	G
ISL1_chr5:51398819-51399745_Ledidi_run-3_target-10.88_2	936	T	A
ISL1_chr5:51398819-51399745_Ledidi_run-3_target-10.88_2	938	G	C
ISL1_chr5:51398819-51399745_Ledidi_run-3_target-10.88_2	939	T	A
ISL1_chr5:51398819-51399745_Ledidi_run-3_target-10.88_2	943	A	C
ISL1_chr5:51398819-51399745_Ledidi_run-3_target-10.88_2	946	G	T
ISL1_chr5:51398819-51399745_Ledidi_run-3_target-10.88_2	949	A	G
ISL1_chr5:51398819-51399745_Ledidi_run-3_target-10.88_2	950	A	C
ISL1_chr5:51398819-51399745_Ledidi_run-3_target-10.88_2	954	G	C
ISL1_chr5:51398819-51399745_Ledidi_run-3_target-10.88_2	956	C	G
ISL1_chr5:51398819-51399745_Ledidi_run-3_target-10.88_2	957	A	G
ISL1_chr5:51398819-51399745_Ledidi_run-3_target-10.88_2	958	T	C
ISL1_chr5:51398819-51399745_Ledidi_run-3_target-10.88_2	967	T	G
ISL1_chr5:51398819-51399745_Ledidi_run-3_target-10.88_2	974	T	G
ISL1_chr5:51398819-51399745_Ledidi_run-3_target-10.88_2	977	T	G
ISL1_chr5:51398819-51399745_Ledidi_run-3_target-10.88_2	980	T	C
ISL1_chr5:51398819-51399745_Ledidi_run-3_target-10.88_2	988	C	T
ISL1_chr5:51398819-51399745_Ledidi_run-3_target-10.88_2	989	C	A
ISL1_chr5:51398819-51399745_Ledidi_run-3_target-10.88_2	990	T	G
ISL1_chr5:51398819-51399745_Ledidi_run-3_target-10.88_2	1015	G	C
ISL1_chr5:51398819-51399745_Ledidi_run-3_target-10.88_2	1058	T	C
ISL1_chr5:51398819-51399745_Ledidi_run-3_target-10.88_2	1062	G	T
ISL1_chr5:51398819-51399745_Ledidi_run-3_target-10.88_2	1063	C	T
ISL1_chr5:51398819-51399745_Ledidi_run-3_target-10.88_2	1064	A	G
ISL1_chr5:51398819-51399745_Ledidi_run-3_target-10.88_2	1073	C	A
ISL1_chr5:51398819-51399745_Ledidi_run-3_target-10.88_2	1074	G	T
ISL1_chr5:51398819-51399745_Ledidi_run-3_target-10.88_2	1093	C	A
ISL1_chr5:51398819-51399745_Ledidi_run-3_target-10.88_2	1095	T	A
ISL1_chr5:51398819-51399745_Ledidi_run-3_target-10.88_3	924	T	A
ISL1_chr5:51398819-51399745_Ledidi_run-3_target-10.88_3	931	C	G
ISL1_chr5:51398819-51399745_Ledidi_run-3_target-10.88_3	932	T	G
ISL1_chr5:51398819-51399745_Ledidi_run-3_target-10.88_3	936	T	A
ISL1_chr5:51398819-51399745_Ledidi_run-3_target-10.88_3	938	G	C
ISL1_chr5:51398819-51399745_Ledidi_run-3_target-10.88_3	939	T	A
ISL1_chr5:51398819-51399745_Ledidi_run-3_target-10.88_3	943	A	C
ISL1_chr5:51398819-51399745_Ledidi_run-3_target-10.88_3	949	A	G
ISL1_chr5:51398819-51399745_Ledidi_run-3_target-10.88_3	950	A	C
ISL1_chr5:51398819-51399745_Ledidi_run-3_target-10.88_3	954	G	C
ISL1_chr5:51398819-51399745_Ledidi_run-3_target-10.88_3	956	C	G
ISL1_chr5:51398819-51399745_Ledidi_run-3_target-10.88_3	957	A	G
ISL1_chr5:51398819-51399745_Ledidi_run-3_target-10.88_3	958	T	C
ISL1_chr5:51398819-51399745_Ledidi_run-3_target-10.88_3	962	A	G
ISL1_chr5:51398819-51399745_Ledidi_run-3_target-10.88_3	967	T	G
ISL1_chr5:51398819-51399745_Ledidi_run-3_target-10.88_3	974	T	A
ISL1_chr5:51398819-51399745_Ledidi_run-3_target-10.88_3	976	T	A
ISL1_chr5:51398819-51399745_Ledidi_run-3_target-10.88_3	977	T	G
ISL1_chr5:51398819-51399745_Ledidi_run-3_target-10.88_3	980	T	C
ISL1_chr5:51398819-51399745_Ledidi_run-3_target-10.88_3	989	C	A
ISL1_chr5:51398819-51399745_Ledidi_run-3_target-10.88_3	990	T	G
ISL1_chr5:51398819-51399745_Ledidi_run-3_target-10.88_3	1015	G	C
ISL1_chr5:51398819-51399745_Ledidi_run-3_target-10.88_3	1062	G	T
ISL1_chr5:51398819-51399745_Ledidi_run-3_target-10.88_3	1063	C	T
ISL1_chr5:51398819-51399745_Ledidi_run-3_target-10.88_3	1064	A	G
ISL1_chr5:51398819-51399745_Ledidi_run-3_target-10.88_3	1072	G	A
ISL1_chr5:51398819-51399745_Ledidi_run-3_target-10.88_3	1073	C	A
ISL1_chr5:51398819-51399745_Ledidi_run-3_target-10.88_3	1093	C	A
ISL1_chr5:51398819-51399745_Ledidi_run-3_target-10.88_3	1095	T	A
ISL1_chr5:51398819-51399745_Ledidi_run-3_target-10.88_3	1099	A	C
ISL1_chr5:51398819-51399745_Ledidi_run-3_target-10.88_4	924	T	A
ISL1_chr5:51398819-51399745_Ledidi_run-3_target-10.88_4	931	C	G
ISL1_chr5:51398819-51399745_Ledidi_run-3_target-10.88_4	932	T	G
ISL1_chr5:51398819-51399745_Ledidi_run-3_target-10.88_4	936	T	A
ISL1_chr5:51398819-51399745_Ledidi_run-3_target-10.88_4	938	G	C
ISL1_chr5:51398819-51399745_Ledidi_run-3_target-10.88_4	939	T	A
ISL1_chr5:51398819-51399745_Ledidi_run-3_target-10.88_4	943	A	C
ISL1_chr5:51398819-51399745_Ledidi_run-3_target-10.88_4	946	G	T
ISL1_chr5:51398819-51399745_Ledidi_run-3_target-10.88_4	949	A	G
ISL1_chr5:51398819-51399745_Ledidi_run-3_target-10.88_4	950	A	C
ISL1_chr5:51398819-51399745_Ledidi_run-3_target-10.88_4	954	G	C
ISL1_chr5:51398819-51399745_Ledidi_run-3_target-10.88_4	956	C	G
ISL1_chr5:51398819-51399745_Ledidi_run-3_target-10.88_4	957	A	G
ISL1_chr5:51398819-51399745_Ledidi_run-3_target-10.88_4	958	T	C
ISL1_chr5:51398819-51399745_Ledidi_run-3_target-10.88_4	962	A	G
ISL1_chr5:51398819-51399745_Ledidi_run-3_target-10.88_4	967	T	G
ISL1_chr5:51398819-51399745_Ledidi_run-3_target-10.88_4	974	T	G
ISL1_chr5:51398819-51399745_Ledidi_run-3_target-10.88_4	980	T	C
ISL1_chr5:51398819-51399745_Ledidi_run-3_target-10.88_4	1015	G	T
ISL1_chr5:51398819-51399745_Ledidi_run-3_target-10.88_4	1025	G	T
ISL1_chr5:51398819-51399745_Ledidi_run-3_target-10.88_4	1027	G	A
ISL1_chr5:51398819-51399745_Ledidi_run-3_target-10.88_4	1028	C	G
ISL1_chr5:51398819-51399745_Ledidi_run-3_target-10.88_4	1029	G	C
ISL1_chr5:51398819-51399745_Ledidi_run-3_target-10.88_4	1040	G	C
ISL1_chr5:51398819-51399745_Ledidi_run-3_target-10.88_4	1058	T	C
ISL1_chr5:51398819-51399745_Ledidi_run-3_target-10.88_4	1062	G	T
ISL1_chr5:51398819-51399745_Ledidi_run-3_target-10.88_4	1063	C	T
ISL1_chr5:51398819-51399745_Ledidi_run-3_target-10.88_4	1064	A	G
ISL1_chr5:51398819-51399745_Ledidi_run-3_target-10.88_4	1067	G	T
ISL1_chr5:51398819-51399745_Ledidi_run-3_target-10.88_4	1093	C	A
ISL1_chr5:51398819-51399745_Ledidi_run-3_target-10.88_4	1095	T	A
ISL1_chr5:51398819-51399745_Ledidi_run-3_target-10.88_5	924	T	A
ISL1_chr5:51398819-51399745_Ledidi_run-3_target-10.88_5	931	C	G
ISL1_chr5:51398819-51399745_Ledidi_run-3_target-10.88_5	932	T	G
ISL1_chr5:51398819-51399745_Ledidi_run-3_target-10.88_5	936	T	A
ISL1_chr5:51398819-51399745_Ledidi_run-3_target-10.88_5	938	G	C
ISL1_chr5:51398819-51399745_Ledidi_run-3_target-10.88_5	939	T	A
ISL1_chr5:51398819-51399745_Ledidi_run-3_target-10.88_5	943	A	C
ISL1_chr5:51398819-51399745_Ledidi_run-3_target-10.88_5	946	G	T
ISL1_chr5:51398819-51399745_Ledidi_run-3_target-10.88_5	949	A	G
ISL1_chr5:51398819-51399745_Ledidi_run-3_target-10.88_5	950	A	C
ISL1_chr5:51398819-51399745_Ledidi_run-3_target-10.88_5	954	G	C
ISL1_chr5:51398819-51399745_Ledidi_run-3_target-10.88_5	956	C	G
ISL1_chr5:51398819-51399745_Ledidi_run-3_target-10.88_5	957	A	G
ISL1_chr5:51398819-51399745_Ledidi_run-3_target-10.88_5	958	T	C
ISL1_chr5:51398819-51399745_Ledidi_run-3_target-10.88_5	967	T	G
ISL1_chr5:51398819-51399745_Ledidi_run-3_target-10.88_5	974	T	G
ISL1_chr5:51398819-51399745_Ledidi_run-3_target-10.88_5	977	T	G
ISL1_chr5:51398819-51399745_Ledidi_run-3_target-10.88_5	980	T	C
ISL1_chr5:51398819-51399745_Ledidi_run-3_target-10.88_5	988	C	T
ISL1_chr5:51398819-51399745_Ledidi_run-3_target-10.88_5	989	C	A
ISL1_chr5:51398819-51399745_Ledidi_run-3_target-10.88_5	990	T	G
ISL1_chr5:51398819-51399745_Ledidi_run-3_target-10.88_5	1015	G	T
ISL1_chr5:51398819-51399745_Ledidi_run-3_target-10.88_5	1058	T	C
ISL1_chr5:51398819-51399745_Ledidi_run-3_target-10.88_5	1062	G	T
ISL1_chr5:51398819-51399745_Ledidi_run-3_target-10.88_5	1063	C	T
ISL1_chr5:51398819-51399745_Ledidi_run-3_target-10.88_5	1064	A	G
ISL1_chr5:51398819-51399745_Ledidi_run-3_target-10.88_5	1093	C	A
ISL1_chr5:51398819-51399745_Ledidi_run-3_target-10.88_5	1095	T	A
ISL1_chr5:51398819-51399745_Ledidi_run-3_target-10.88_5	1099	A	C
ISL1_chr5:51398819-51399745_Ledidi_run-3_target-10.88_6	936	T	A
ISL1_chr5:51398819-51399745_Ledidi_run-3_target-10.88_6	939	T	A
ISL1_chr5:51398819-51399745_Ledidi_run-3_target-10.88_6	949	A	G
ISL1_chr5:51398819-51399745_Ledidi_run-3_target-10.88_6	950	A	C
ISL1_chr5:51398819-51399745_Ledidi_run-3_target-10.88_6	954	G	C
ISL1_chr5:51398819-51399745_Ledidi_run-3_target-10.88_6	956	C	G
ISL1_chr5:51398819-51399745_Ledidi_run-3_target-10.88_6	957	A	G
ISL1_chr5:51398819-51399745_Ledidi_run-3_target-10.88_6	958	T	C
ISL1_chr5:51398819-51399745_Ledidi_run-3_target-10.88_6	962	A	G
ISL1_chr5:51398819-51399745_Ledidi_run-3_target-10.88_6	967	T	G
ISL1_chr5:51398819-51399745_Ledidi_run-3_target-10.88_6	974	T	G
ISL1_chr5:51398819-51399745_Ledidi_run-3_target-10.88_6	982	C	T
ISL1_chr5:51398819-51399745_Ledidi_run-3_target-10.88_6	1015	G	T
ISL1_chr5:51398819-51399745_Ledidi_run-3_target-10.88_6	1027	G	A
ISL1_chr5:51398819-51399745_Ledidi_run-3_target-10.88_6	1058	T	C
ISL1_chr5:51398819-51399745_Ledidi_run-3_target-10.88_6	1062	G	T
ISL1_chr5:51398819-51399745_Ledidi_run-3_target-10.88_6	1063	C	T
ISL1_chr5:51398819-51399745_Ledidi_run-3_target-10.88_6	1064	A	G
ISL1_chr5:51398819-51399745_Ledidi_run-3_target-10.88_6	1093	C	A
ISL1_chr5:51398819-51399745_Ledidi_run-3_target-10.88_6	1095	T	A
ISL1_chr5:51398819-51399745_Ledidi_run-3_target-10.88_6	1099	A	C
ISL1_chr5:51398819-51399745_Ledidi_run-3_target-10.88_6	1157	C	G
ISL1_chr5:51398819-51399745_Ledidi_run-3_target-10.88_7	936	T	A
ISL1_chr5:51398819-51399745_Ledidi_run-3_target-10.88_7	939	T	A
ISL1_chr5:51398819-51399745_Ledidi_run-3_target-10.88_7	949	A	G
ISL1_chr5:51398819-51399745_Ledidi_run-3_target-10.88_7	950	A	C
ISL1_chr5:51398819-51399745_Ledidi_run-3_target-10.88_7	954	G	C
ISL1_chr5:51398819-51399745_Ledidi_run-3_target-10.88_7	956	C	G
ISL1_chr5:51398819-51399745_Ledidi_run-3_target-10.88_7	957	A	G
ISL1_chr5:51398819-51399745_Ledidi_run-3_target-10.88_7	958	T	C
ISL1_chr5:51398819-51399745_Ledidi_run-3_target-10.88_7	967	T	G
ISL1_chr5:51398819-51399745_Ledidi_run-3_target-10.88_7	974	T	G
ISL1_chr5:51398819-51399745_Ledidi_run-3_target-10.88_7	980	T	C
ISL1_chr5:51398819-51399745_Ledidi_run-3_target-10.88_7	1028	C	G
ISL1_chr5:51398819-51399745_Ledidi_run-3_target-10.88_7	1029	G	C
ISL1_chr5:51398819-51399745_Ledidi_run-3_target-10.88_7	1040	G	C
ISL1_chr5:51398819-51399745_Ledidi_run-3_target-10.88_7	1058	T	C
ISL1_chr5:51398819-51399745_Ledidi_run-3_target-10.88_7	1062	G	T
ISL1_chr5:51398819-51399745_Ledidi_run-3_target-10.88_7	1063	C	T
ISL1_chr5:51398819-51399745_Ledidi_run-3_target-10.88_7	1064	A	G
ISL1_chr5:51398819-51399745_Ledidi_run-3_target-10.88_7	1067	G	T
ISL1_chr5:51398819-51399745_Ledidi_run-3_target-10.88_7	1087	A	C
ISL1_chr5:51398819-51399745_Ledidi_run-3_target-10.88_7	1093	C	A
ISL1_chr5:51398819-51399745_Ledidi_run-3_target-10.88_7	1095	T	A
ISL1_chr5:51398819-51399745_Ledidi_run-3_target-10.88_7	1147	C	G
ISL1_chr5:51398819-51399745_Ledidi_run-3_target-10.88_7	1152	G	C
ISL1_chr5:51398819-51399745_Ledidi_run-3_target-10.88_8	924	T	A
ISL1_chr5:51398819-51399745_Ledidi_run-3_target-10.88_8	931	C	G
ISL1_chr5:51398819-51399745_Ledidi_run-3_target-10.88_8	932	T	G
ISL1_chr5:51398819-51399745_Ledidi_run-3_target-10.88_8	936	T	A
ISL1_chr5:51398819-51399745_Ledidi_run-3_target-10.88_8	939	T	A
ISL1_chr5:51398819-51399745_Ledidi_run-3_target-10.88_8	949	A	G
ISL1_chr5:51398819-51399745_Ledidi_run-3_target-10.88_8	950	A	C
ISL1_chr5:51398819-51399745_Ledidi_run-3_target-10.88_8	954	G	C
ISL1_chr5:51398819-51399745_Ledidi_run-3_target-10.88_8	956	C	G
ISL1_chr5:51398819-51399745_Ledidi_run-3_target-10.88_8	957	A	G
ISL1_chr5:51398819-51399745_Ledidi_run-3_target-10.88_8	958	T	C
ISL1_chr5:51398819-51399745_Ledidi_run-3_target-10.88_8	962	A	G
ISL1_chr5:51398819-51399745_Ledidi_run-3_target-10.88_8	967	T	G
ISL1_chr5:51398819-51399745_Ledidi_run-3_target-10.88_8	974	T	G
ISL1_chr5:51398819-51399745_Ledidi_run-3_target-10.88_8	1087	A	C
ISL1_chr5:51398819-51399745_Ledidi_run-3_target-10.88_8	1093	C	A
ISL1_chr5:51398819-51399745_Ledidi_run-3_target-10.88_8	1095	T	A
ISL1_chr5:51398819-51399745_Ledidi_run-3_target-10.88_8	1096	G	A
ISL1_chr5:51398819-51399745_Ledidi_run-3_target-10.88_8	1099	A	C
ISL1_chr5:51398819-51399745_Ledidi_run-3_target-10.88_8	1100	G	C
ISL1_chr5:51398819-51399745_Ledidi_run-3_target-10.88_9	924	T	A
ISL1_chr5:51398819-51399745_Ledidi_run-3_target-10.88_9	931	C	G
ISL1_chr5:51398819-51399745_Ledidi_run-3_target-10.88_9	932	T	G
ISL1_chr5:51398819-51399745_Ledidi_run-3_target-10.88_9	936	T	A
ISL1_chr5:51398819-51399745_Ledidi_run-3_target-10.88_9	938	G	C
ISL1_chr5:51398819-51399745_Ledidi_run-3_target-10.88_9	939	T	A
ISL1_chr5:51398819-51399745_Ledidi_run-3_target-10.88_9	943	A	C
ISL1_chr5:51398819-51399745_Ledidi_run-3_target-10.88_9	949	A	G
ISL1_chr5:51398819-51399745_Ledidi_run-3_target-10.88_9	950	A	C
ISL1_chr5:51398819-51399745_Ledidi_run-3_target-10.88_9	954	G	C
ISL1_chr5:51398819-51399745_Ledidi_run-3_target-10.88_9	956	C	G
ISL1_chr5:51398819-51399745_Ledidi_run-3_target-10.88_9	957	A	G
ISL1_chr5:51398819-51399745_Ledidi_run-3_target-10.88_9	958	T	C
ISL1_chr5:51398819-51399745_Ledidi_run-3_target-10.88_9	962	A	G
ISL1_chr5:51398819-51399745_Ledidi_run-3_target-10.88_9	967	T	G
ISL1_chr5:51398819-51399745_Ledidi_run-3_target-10.88_9	974	T	A
ISL1_chr5:51398819-51399745_Ledidi_run-3_target-10.88_9	976	T	A
ISL1_chr5:51398819-51399745_Ledidi_run-3_target-10.88_9	977	T	G
ISL1_chr5:51398819-51399745_Ledidi_run-3_target-10.88_9	980	T	C
ISL1_chr5:51398819-51399745_Ledidi_run-3_target-10.88_9	989	C	A
ISL1_chr5:51398819-51399745_Ledidi_run-3_target-10.88_9	990	T	G
ISL1_chr5:51398819-51399745_Ledidi_run-3_target-10.88_9	1015	G	T
ISL1_chr5:51398819-51399745_Ledidi_run-3_target-10.88_9	1058	T	C
ISL1_chr5:51398819-51399745_Ledidi_run-3_target-10.88_9	1062	G	T
ISL1_chr5:51398819-51399745_Ledidi_run-3_target-10.88_9	1063	C	T
ISL1_chr5:51398819-51399745_Ledidi_run-3_target-10.88_9	1064	A	G
ISL1_chr5:51398819-51399745_Ledidi_run-3_target-10.88_9	1093	C	A
ISL1_chr5:51398819-51399745_Ledidi_run-3_target-10.88_9	1095	T	A
ISL1_chr5:51398819-51399745_Ledidi_run-3_target-10.88_9	1099	A	C
ISL1_chr5:51398819-51399745_Ledidi_run-3_target-10.88_9	1157	C	G
ISL1_chr5:51398819-51399745_Ledidi_run-3_target-10.88_10	931	C	G
ISL1_chr5:51398819-51399745_Ledidi_run-3_target-10.88_10	936	T	A
ISL1_chr5:51398819-51399745_Ledidi_run-3_target-10.88_10	939	T	A
ISL1_chr5:51398819-51399745_Ledidi_run-3_target-10.88_10	949	A	G
ISL1_chr5:51398819-51399745_Ledidi_run-3_target-10.88_10	950	A	C
ISL1_chr5:51398819-51399745_Ledidi_run-3_target-10.88_10	954	G	C
ISL1_chr5:51398819-51399745_Ledidi_run-3_target-10.88_10	956	C	G
ISL1_chr5:51398819-51399745_Ledidi_run-3_target-10.88_10	957	A	G
ISL1_chr5:51398819-51399745_Ledidi_run-3_target-10.88_10	958	T	C
ISL1_chr5:51398819-51399745_Ledidi_run-3_target-10.88_10	962	A	G
ISL1_chr5:51398819-51399745_Ledidi_run-3_target-10.88_10	967	T	G
ISL1_chr5:51398819-51399745_Ledidi_run-3_target-10.88_10	974	T	G
ISL1_chr5:51398819-51399745_Ledidi_run-3_target-10.88_10	989	C	A
ISL1_chr5:51398819-51399745_Ledidi_run-3_target-10.88_10	990	T	G
ISL1_chr5:51398819-51399745_Ledidi_run-3_target-10.88_10	1015	G	T
ISL1_chr5:51398819-51399745_Ledidi_run-3_target-10.88_10	1063	C	T
ISL1_chr5:51398819-51399745_Ledidi_run-3_target-10.88_10	1072	G	A
ISL1_chr5:51398819-51399745_Ledidi_run-3_target-10.88_10	1073	C	A
ISL1_chr5:51398819-51399745_Ledidi_run-3_target-10.88_10	1093	C	A
ISL1_chr5:51398819-51399745_Ledidi_run-3_target-10.88_10	1095	T	A
ISL1_chr5:51398819-51399745_Ledidi_run-3_target-10.88_10	1099	A	C
ISL1_chr5:51398819-51399745_Ledidi_run-4_target-10.88_1	931	C	G
ISL1_chr5:51398819-51399745_Ledidi_run-4_target-10.88_1	933	T	G
ISL1_chr5:51398819-51399745_Ledidi_run-4_target-10.88_1	937	T	C
ISL1_chr5:51398819-51399745_Ledidi_run-4_target-10.88_1	939	T	C
ISL1_chr5:51398819-51399745_Ledidi_run-4_target-10.88_1	942	A	T
ISL1_chr5:51398819-51399745_Ledidi_run-4_target-10.88_1	944	T	C
ISL1_chr5:51398819-51399745_Ledidi_run-4_target-10.88_1	958	T	G
ISL1_chr5:51398819-51399745_Ledidi_run-4_target-10.88_1	961	C	A
ISL1_chr5:51398819-51399745_Ledidi_run-4_target-10.88_1	971	T	C
ISL1_chr5:51398819-51399745_Ledidi_run-4_target-10.88_1	1017	G	T
ISL1_chr5:51398819-51399745_Ledidi_run-4_target-10.88_1	1026	T	G
ISL1_chr5:51398819-51399745_Ledidi_run-4_target-10.88_1	1060	G	C
ISL1_chr5:51398819-51399745_Ledidi_run-4_target-10.88_1	1063	C	T
ISL1_chr5:51398819-51399745_Ledidi_run-4_target-10.88_1	1064	A	T
ISL1_chr5:51398819-51399745_Ledidi_run-4_target-10.88_1	1065	G	C
ISL1_chr5:51398819-51399745_Ledidi_run-4_target-10.88_1	1072	G	A
ISL1_chr5:51398819-51399745_Ledidi_run-4_target-10.88_1	1073	C	A
ISL1_chr5:51398819-51399745_Ledidi_run-4_target-10.88_1	1086	C	T
ISL1_chr5:51398819-51399745_Ledidi_run-4_target-10.88_1	1090	G	A
ISL1_chr5:51398819-51399745_Ledidi_run-4_target-10.88_1	1095	T	A
ISL1_chr5:51398819-51399745_Ledidi_run-4_target-10.88_1	1142	G	T
ISL1_chr5:51398819-51399745_Ledidi_run-4_target-10.88_1	1147	C	T
ISL1_chr5:51398819-51399745_Ledidi_run-4_target-10.88_1	1157	C	G
ISL1_chr5:51398819-51399745_Ledidi_run-4_target-10.88_1	1158	C	G
ISL1_chr5:51398819-51399745_Ledidi_run-4_target-10.88_1	1160	T	C
ISL1_chr5:51398819-51399745_Ledidi_run-4_target-10.88_1	1161	T	A
ISL1_chr5:51398819-51399745_Ledidi_run-4_target-10.88_2	937	T	C
ISL1_chr5:51398819-51399745_Ledidi_run-4_target-10.88_2	939	T	C
ISL1_chr5:51398819-51399745_Ledidi_run-4_target-10.88_2	942	A	T
ISL1_chr5:51398819-51399745_Ledidi_run-4_target-10.88_2	944	T	C
ISL1_chr5:51398819-51399745_Ledidi_run-4_target-10.88_2	951	T	A
ISL1_chr5:51398819-51399745_Ledidi_run-4_target-10.88_2	958	T	G
ISL1_chr5:51398819-51399745_Ledidi_run-4_target-10.88_2	961	C	A
ISL1_chr5:51398819-51399745_Ledidi_run-4_target-10.88_2	971	T	C
ISL1_chr5:51398819-51399745_Ledidi_run-4_target-10.88_2	1063	C	T
ISL1_chr5:51398819-51399745_Ledidi_run-4_target-10.88_2	1072	G	A
ISL1_chr5:51398819-51399745_Ledidi_run-4_target-10.88_2	1073	C	A
ISL1_chr5:51398819-51399745_Ledidi_run-4_target-10.88_2	1085	G	A
ISL1_chr5:51398819-51399745_Ledidi_run-4_target-10.88_2	1086	C	T
ISL1_chr5:51398819-51399745_Ledidi_run-4_target-10.88_2	1095	T	A
ISL1_chr5:51398819-51399745_Ledidi_run-4_target-10.88_2	1121	C	A
ISL1_chr5:51398819-51399745_Ledidi_run-4_target-10.88_2	1124	C	T
ISL1_chr5:51398819-51399745_Ledidi_run-4_target-10.88_2	1127	C	A
ISL1_chr5:51398819-51399745_Ledidi_run-4_target-10.88_2	1128	A	G
ISL1_chr5:51398819-51399745_Ledidi_run-4_target-10.88_2	1136	G	T
ISL1_chr5:51398819-51399745_Ledidi_run-4_target-10.88_2	1142	G	T
ISL1_chr5:51398819-51399745_Ledidi_run-4_target-10.88_2	1147	C	T
ISL1_chr5:51398819-51399745_Ledidi_run-4_target-10.88_2	1148	A	G
ISL1_chr5:51398819-51399745_Ledidi_run-4_target-10.88_2	1158	C	G
ISL1_chr5:51398819-51399745_Ledidi_run-4_target-10.88_2	1160	T	C
ISL1_chr5:51398819-51399745_Ledidi_run-4_target-10.88_2	1161	T	A
ISL1_chr5:51398819-51399745_Ledidi_run-4_target-10.88_3	937	T	C
ISL1_chr5:51398819-51399745_Ledidi_run-4_target-10.88_3	942	A	T
ISL1_chr5:51398819-51399745_Ledidi_run-4_target-10.88_3	944	T	C
ISL1_chr5:51398819-51399745_Ledidi_run-4_target-10.88_3	982	C	A
ISL1_chr5:51398819-51399745_Ledidi_run-4_target-10.88_3	1026	T	G
ISL1_chr5:51398819-51399745_Ledidi_run-4_target-10.88_3	1031	C	T
ISL1_chr5:51398819-51399745_Ledidi_run-4_target-10.88_3	1060	G	A
ISL1_chr5:51398819-51399745_Ledidi_run-4_target-10.88_3	1063	C	T
ISL1_chr5:51398819-51399745_Ledidi_run-4_target-10.88_3	1065	G	C
ISL1_chr5:51398819-51399745_Ledidi_run-4_target-10.88_3	1072	G	A
ISL1_chr5:51398819-51399745_Ledidi_run-4_target-10.88_3	1073	C	A
ISL1_chr5:51398819-51399745_Ledidi_run-4_target-10.88_3	1079	G	C
ISL1_chr5:51398819-51399745_Ledidi_run-4_target-10.88_3	1085	G	A
ISL1_chr5:51398819-51399745_Ledidi_run-4_target-10.88_3	1086	C	T
ISL1_chr5:51398819-51399745_Ledidi_run-4_target-10.88_3	1090	G	A
ISL1_chr5:51398819-51399745_Ledidi_run-4_target-10.88_3	1095	T	A
ISL1_chr5:51398819-51399745_Ledidi_run-4_target-10.88_3	1102	G	A
ISL1_chr5:51398819-51399745_Ledidi_run-4_target-10.88_3	1121	C	A
ISL1_chr5:51398819-51399745_Ledidi_run-4_target-10.88_3	1124	C	T
ISL1_chr5:51398819-51399745_Ledidi_run-4_target-10.88_3	1127	C	A
ISL1_chr5:51398819-51399745_Ledidi_run-4_target-10.88_3	1128	A	G
ISL1_chr5:51398819-51399745_Ledidi_run-4_target-10.88_3	1136	G	T
ISL1_chr5:51398819-51399745_Ledidi_run-4_target-10.88_3	1142	G	T
ISL1_chr5:51398819-51399745_Ledidi_run-4_target-10.88_3	1144	A	G
ISL1_chr5:51398819-51399745_Ledidi_run-4_target-10.88_3	1147	C	T
ISL1_chr5:51398819-51399745_Ledidi_run-4_target-10.88_3	1148	A	G
ISL1_chr5:51398819-51399745_Ledidi_run-4_target-10.88_3	1157	C	G
ISL1_chr5:51398819-51399745_Ledidi_run-4_target-10.88_4	937	T	C
ISL1_chr5:51398819-51399745_Ledidi_run-4_target-10.88_4	939	T	C
ISL1_chr5:51398819-51399745_Ledidi_run-4_target-10.88_4	942	A	T
ISL1_chr5:51398819-51399745_Ledidi_run-4_target-10.88_4	944	T	C
ISL1_chr5:51398819-51399745_Ledidi_run-4_target-10.88_4	958	T	G
ISL1_chr5:51398819-51399745_Ledidi_run-4_target-10.88_4	961	C	A
ISL1_chr5:51398819-51399745_Ledidi_run-4_target-10.88_4	971	T	C
ISL1_chr5:51398819-51399745_Ledidi_run-4_target-10.88_4	1060	G	A
ISL1_chr5:51398819-51399745_Ledidi_run-4_target-10.88_4	1063	C	T
ISL1_chr5:51398819-51399745_Ledidi_run-4_target-10.88_4	1065	G	C
ISL1_chr5:51398819-51399745_Ledidi_run-4_target-10.88_4	1072	G	A
ISL1_chr5:51398819-51399745_Ledidi_run-4_target-10.88_4	1073	C	A
ISL1_chr5:51398819-51399745_Ledidi_run-4_target-10.88_4	1085	G	A
ISL1_chr5:51398819-51399745_Ledidi_run-4_target-10.88_4	1086	C	T
ISL1_chr5:51398819-51399745_Ledidi_run-4_target-10.88_4	1090	G	A
ISL1_chr5:51398819-51399745_Ledidi_run-4_target-10.88_4	1095	T	A
ISL1_chr5:51398819-51399745_Ledidi_run-4_target-10.88_4	1121	C	A
ISL1_chr5:51398819-51399745_Ledidi_run-4_target-10.88_4	1124	C	T
ISL1_chr5:51398819-51399745_Ledidi_run-4_target-10.88_4	1127	C	A
ISL1_chr5:51398819-51399745_Ledidi_run-4_target-10.88_4	1128	A	G
ISL1_chr5:51398819-51399745_Ledidi_run-4_target-10.88_4	1136	G	T
ISL1_chr5:51398819-51399745_Ledidi_run-4_target-10.88_4	1142	G	T
ISL1_chr5:51398819-51399745_Ledidi_run-4_target-10.88_4	1147	C	T
ISL1_chr5:51398819-51399745_Ledidi_run-4_target-10.88_4	1148	A	G
ISL1_chr5:51398819-51399745_Ledidi_run-4_target-10.88_4	1157	C	G
ISL1_chr5:51398819-51399745_Ledidi_run-4_target-10.88_4	1158	C	G
ISL1_chr5:51398819-51399745_Ledidi_run-4_target-10.88_4	1160	T	C
ISL1_chr5:51398819-51399745_Ledidi_run-4_target-10.88_4	1161	T	A
ISL1_chr5:51398819-51399745_Ledidi_run-4_target-10.88_5	937	T	C
ISL1_chr5:51398819-51399745_Ledidi_run-4_target-10.88_5	939	T	C
ISL1_chr5:51398819-51399745_Ledidi_run-4_target-10.88_5	942	A	T
ISL1_chr5:51398819-51399745_Ledidi_run-4_target-10.88_5	944	T	C
ISL1_chr5:51398819-51399745_Ledidi_run-4_target-10.88_5	951	T	A
ISL1_chr5:51398819-51399745_Ledidi_run-4_target-10.88_5	958	T	G
ISL1_chr5:51398819-51399745_Ledidi_run-4_target-10.88_5	961	C	A
ISL1_chr5:51398819-51399745_Ledidi_run-4_target-10.88_5	971	T	C
ISL1_chr5:51398819-51399745_Ledidi_run-4_target-10.88_5	1031	C	T
ISL1_chr5:51398819-51399745_Ledidi_run-4_target-10.88_5	1063	C	T
ISL1_chr5:51398819-51399745_Ledidi_run-4_target-10.88_5	1072	G	A
ISL1_chr5:51398819-51399745_Ledidi_run-4_target-10.88_5	1073	C	A
ISL1_chr5:51398819-51399745_Ledidi_run-4_target-10.88_5	1085	G	A
ISL1_chr5:51398819-51399745_Ledidi_run-4_target-10.88_5	1086	C	T
ISL1_chr5:51398819-51399745_Ledidi_run-4_target-10.88_5	1121	C	A
ISL1_chr5:51398819-51399745_Ledidi_run-4_target-10.88_5	1124	C	T
ISL1_chr5:51398819-51399745_Ledidi_run-4_target-10.88_5	1127	C	A
ISL1_chr5:51398819-51399745_Ledidi_run-4_target-10.88_5	1128	A	G
ISL1_chr5:51398819-51399745_Ledidi_run-4_target-10.88_5	1136	G	T
ISL1_chr5:51398819-51399745_Ledidi_run-4_target-10.88_5	1142	G	T
ISL1_chr5:51398819-51399745_Ledidi_run-4_target-10.88_5	1147	C	T
ISL1_chr5:51398819-51399745_Ledidi_run-4_target-10.88_5	1148	A	G
ISL1_chr5:51398819-51399745_Ledidi_run-4_target-10.88_5	1157	C	G
ISL1_chr5:51398819-51399745_Ledidi_run-4_target-10.88_5	1158	C	G
ISL1_chr5:51398819-51399745_Ledidi_run-4_target-10.88_5	1160	T	C
ISL1_chr5:51398819-51399745_Ledidi_run-4_target-10.88_5	1161	T	A
ISL1_chr5:51398819-51399745_Ledidi_run-4_target-10.88_5	1176	C	A
ISL1_chr5:51398819-51399745_Ledidi_run-4_target-10.88_6	937	T	C
ISL1_chr5:51398819-51399745_Ledidi_run-4_target-10.88_6	944	T	C
ISL1_chr5:51398819-51399745_Ledidi_run-4_target-10.88_6	973	T	C
ISL1_chr5:51398819-51399745_Ledidi_run-4_target-10.88_6	982	C	A
ISL1_chr5:51398819-51399745_Ledidi_run-4_target-10.88_6	983	C	A
ISL1_chr5:51398819-51399745_Ledidi_run-4_target-10.88_6	989	C	G
ISL1_chr5:51398819-51399745_Ledidi_run-4_target-10.88_6	990	T	C
ISL1_chr5:51398819-51399745_Ledidi_run-4_target-10.88_6	991	G	C
ISL1_chr5:51398819-51399745_Ledidi_run-4_target-10.88_6	995	G	C
ISL1_chr5:51398819-51399745_Ledidi_run-4_target-10.88_6	1000	G	C
ISL1_chr5:51398819-51399745_Ledidi_run-4_target-10.88_6	1017	G	T
ISL1_chr5:51398819-51399745_Ledidi_run-4_target-10.88_6	1026	T	G
ISL1_chr5:51398819-51399745_Ledidi_run-4_target-10.88_6	1031	C	T
ISL1_chr5:51398819-51399745_Ledidi_run-4_target-10.88_6	1063	C	T
ISL1_chr5:51398819-51399745_Ledidi_run-4_target-10.88_6	1073	C	A
ISL1_chr5:51398819-51399745_Ledidi_run-4_target-10.88_6	1079	G	C
ISL1_chr5:51398819-51399745_Ledidi_run-4_target-10.88_6	1085	G	A
ISL1_chr5:51398819-51399745_Ledidi_run-4_target-10.88_6	1086	C	T
ISL1_chr5:51398819-51399745_Ledidi_run-4_target-10.88_6	1095	T	A
ISL1_chr5:51398819-51399745_Ledidi_run-4_target-10.88_6	1121	C	A
ISL1_chr5:51398819-51399745_Ledidi_run-4_target-10.88_6	1124	C	T
ISL1_chr5:51398819-51399745_Ledidi_run-4_target-10.88_6	1127	C	A
ISL1_chr5:51398819-51399745_Ledidi_run-4_target-10.88_6	1128	A	G
ISL1_chr5:51398819-51399745_Ledidi_run-4_target-10.88_6	1136	G	T
ISL1_chr5:51398819-51399745_Ledidi_run-4_target-10.88_6	1142	G	T
ISL1_chr5:51398819-51399745_Ledidi_run-4_target-10.88_6	1144	A	G
ISL1_chr5:51398819-51399745_Ledidi_run-4_target-10.88_6	1147	C	T
ISL1_chr5:51398819-51399745_Ledidi_run-4_target-10.88_6	1148	A	G
ISL1_chr5:51398819-51399745_Ledidi_run-4_target-10.88_6	1157	C	G
ISL1_chr5:51398819-51399745_Ledidi_run-4_target-10.88_6	1158	C	G
ISL1_chr5:51398819-51399745_Ledidi_run-4_target-10.88_6	1160	T	C
ISL1_chr5:51398819-51399745_Ledidi_run-4_target-10.88_6	1161	T	A
ISL1_chr5:51398819-51399745_Ledidi_run-4_target-10.88_7	937	T	C
ISL1_chr5:51398819-51399745_Ledidi_run-4_target-10.88_7	939	T	C
ISL1_chr5:51398819-51399745_Ledidi_run-4_target-10.88_7	942	A	T
ISL1_chr5:51398819-51399745_Ledidi_run-4_target-10.88_7	944	T	C
ISL1_chr5:51398819-51399745_Ledidi_run-4_target-10.88_7	951	T	A
ISL1_chr5:51398819-51399745_Ledidi_run-4_target-10.88_7	958	T	G
ISL1_chr5:51398819-51399745_Ledidi_run-4_target-10.88_7	961	C	A
ISL1_chr5:51398819-51399745_Ledidi_run-4_target-10.88_7	971	T	C
ISL1_chr5:51398819-51399745_Ledidi_run-4_target-10.88_7	990	T	C
ISL1_chr5:51398819-51399745_Ledidi_run-4_target-10.88_7	1026	T	G
ISL1_chr5:51398819-51399745_Ledidi_run-4_target-10.88_7	1031	C	T
ISL1_chr5:51398819-51399745_Ledidi_run-4_target-10.88_7	1063	C	T
ISL1_chr5:51398819-51399745_Ledidi_run-4_target-10.88_7	1072	G	A
ISL1_chr5:51398819-51399745_Ledidi_run-4_target-10.88_7	1073	C	A
ISL1_chr5:51398819-51399745_Ledidi_run-4_target-10.88_7	1085	G	A
ISL1_chr5:51398819-51399745_Ledidi_run-4_target-10.88_7	1086	C	T
ISL1_chr5:51398819-51399745_Ledidi_run-4_target-10.88_7	1095	T	A
ISL1_chr5:51398819-51399745_Ledidi_run-4_target-10.88_7	1121	C	A
ISL1_chr5:51398819-51399745_Ledidi_run-4_target-10.88_7	1124	C	T
ISL1_chr5:51398819-51399745_Ledidi_run-4_target-10.88_7	1127	C	A
ISL1_chr5:51398819-51399745_Ledidi_run-4_target-10.88_7	1128	A	G
ISL1_chr5:51398819-51399745_Ledidi_run-4_target-10.88_7	1136	G	T
ISL1_chr5:51398819-51399745_Ledidi_run-4_target-10.88_7	1142	G	T
ISL1_chr5:51398819-51399745_Ledidi_run-4_target-10.88_7	1147	C	T
ISL1_chr5:51398819-51399745_Ledidi_run-4_target-10.88_7	1148	A	G
ISL1_chr5:51398819-51399745_Ledidi_run-4_target-10.88_7	1157	C	G
ISL1_chr5:51398819-51399745_Ledidi_run-4_target-10.88_7	1158	C	G
ISL1_chr5:51398819-51399745_Ledidi_run-4_target-10.88_7	1160	T	C
ISL1_chr5:51398819-51399745_Ledidi_run-4_target-10.88_7	1161	T	A
ISL1_chr5:51398819-51399745_Ledidi_run-4_target-10.88_8	937	T	C
ISL1_chr5:51398819-51399745_Ledidi_run-4_target-10.88_8	939	T	C
ISL1_chr5:51398819-51399745_Ledidi_run-4_target-10.88_8	942	A	T
ISL1_chr5:51398819-51399745_Ledidi_run-4_target-10.88_8	944	T	C
ISL1_chr5:51398819-51399745_Ledidi_run-4_target-10.88_8	951	T	A
ISL1_chr5:51398819-51399745_Ledidi_run-4_target-10.88_8	958	T	G
ISL1_chr5:51398819-51399745_Ledidi_run-4_target-10.88_8	961	C	A
ISL1_chr5:51398819-51399745_Ledidi_run-4_target-10.88_8	971	T	C
ISL1_chr5:51398819-51399745_Ledidi_run-4_target-10.88_8	1031	C	T
ISL1_chr5:51398819-51399745_Ledidi_run-4_target-10.88_8	1072	G	A
ISL1_chr5:51398819-51399745_Ledidi_run-4_target-10.88_8	1073	C	A
ISL1_chr5:51398819-51399745_Ledidi_run-4_target-10.88_8	1076	T	C
ISL1_chr5:51398819-51399745_Ledidi_run-4_target-10.88_8	1085	G	A
ISL1_chr5:51398819-51399745_Ledidi_run-4_target-10.88_8	1086	C	T
ISL1_chr5:51398819-51399745_Ledidi_run-4_target-10.88_8	1090	G	A
ISL1_chr5:51398819-51399745_Ledidi_run-4_target-10.88_8	1095	T	A
ISL1_chr5:51398819-51399745_Ledidi_run-4_target-10.88_8	1121	C	A
ISL1_chr5:51398819-51399745_Ledidi_run-4_target-10.88_8	1127	C	A
ISL1_chr5:51398819-51399745_Ledidi_run-4_target-10.88_8	1128	A	G
ISL1_chr5:51398819-51399745_Ledidi_run-4_target-10.88_8	1136	G	T
ISL1_chr5:51398819-51399745_Ledidi_run-4_target-10.88_8	1142	G	T
ISL1_chr5:51398819-51399745_Ledidi_run-4_target-10.88_8	1147	C	T
ISL1_chr5:51398819-51399745_Ledidi_run-4_target-10.88_8	1157	C	G
ISL1_chr5:51398819-51399745_Ledidi_run-4_target-10.88_8	1158	C	G
ISL1_chr5:51398819-51399745_Ledidi_run-4_target-10.88_8	1160	T	C
ISL1_chr5:51398819-51399745_Ledidi_run-4_target-10.88_8	1161	T	A
ISL1_chr5:51398819-51399745_Ledidi_run-4_target-10.88_9	937	T	C
ISL1_chr5:51398819-51399745_Ledidi_run-4_target-10.88_9	944	T	C
ISL1_chr5:51398819-51399745_Ledidi_run-4_target-10.88_9	982	C	A
ISL1_chr5:51398819-51399745_Ledidi_run-4_target-10.88_9	1000	G	C
ISL1_chr5:51398819-51399745_Ledidi_run-4_target-10.88_9	1017	G	T
ISL1_chr5:51398819-51399745_Ledidi_run-4_target-10.88_9	1026	T	G
ISL1_chr5:51398819-51399745_Ledidi_run-4_target-10.88_9	1031	C	T
ISL1_chr5:51398819-51399745_Ledidi_run-4_target-10.88_9	1060	G	A
ISL1_chr5:51398819-51399745_Ledidi_run-4_target-10.88_9	1063	C	T
ISL1_chr5:51398819-51399745_Ledidi_run-4_target-10.88_9	1065	G	C
ISL1_chr5:51398819-51399745_Ledidi_run-4_target-10.88_9	1072	G	A
ISL1_chr5:51398819-51399745_Ledidi_run-4_target-10.88_9	1073	C	A
ISL1_chr5:51398819-51399745_Ledidi_run-4_target-10.88_9	1085	G	A
ISL1_chr5:51398819-51399745_Ledidi_run-4_target-10.88_9	1086	C	T
ISL1_chr5:51398819-51399745_Ledidi_run-4_target-10.88_9	1090	G	A
ISL1_chr5:51398819-51399745_Ledidi_run-4_target-10.88_9	1095	T	A
ISL1_chr5:51398819-51399745_Ledidi_run-4_target-10.88_9	1121	C	A
ISL1_chr5:51398819-51399745_Ledidi_run-4_target-10.88_9	1124	C	T
ISL1_chr5:51398819-51399745_Ledidi_run-4_target-10.88_9	1127	C	A
ISL1_chr5:51398819-51399745_Ledidi_run-4_target-10.88_9	1128	A	G
ISL1_chr5:51398819-51399745_Ledidi_run-4_target-10.88_9	1136	G	T
ISL1_chr5:51398819-51399745_Ledidi_run-4_target-10.88_9	1142	G	T
ISL1_chr5:51398819-51399745_Ledidi_run-4_target-10.88_9	1147	C	T
ISL1_chr5:51398819-51399745_Ledidi_run-4_target-10.88_9	1148	A	G
ISL1_chr5:51398819-51399745_Ledidi_run-4_target-10.88_9	1157	C	G
ISL1_chr5:51398819-51399745_Ledidi_run-4_target-10.88_9	1158	C	G
ISL1_chr5:51398819-51399745_Ledidi_run-4_target-10.88_9	1160	T	C
ISL1_chr5:51398819-51399745_Ledidi_run-4_target-10.88_9	1161	T	A
ISL1_chr5:51398819-51399745_Ledidi_run-4_target-10.88_10	937	T	C
ISL1_chr5:51398819-51399745_Ledidi_run-4_target-10.88_10	939	T	C
ISL1_chr5:51398819-51399745_Ledidi_run-4_target-10.88_10	942	A	T
ISL1_chr5:51398819-51399745_Ledidi_run-4_target-10.88_10	944	T	C
ISL1_chr5:51398819-51399745_Ledidi_run-4_target-10.88_10	951	T	A
ISL1_chr5:51398819-51399745_Ledidi_run-4_target-10.88_10	958	T	G
ISL1_chr5:51398819-51399745_Ledidi_run-4_target-10.88_10	961	C	A
ISL1_chr5:51398819-51399745_Ledidi_run-4_target-10.88_10	971	T	C
ISL1_chr5:51398819-51399745_Ledidi_run-4_target-10.88_10	1063	C	T
ISL1_chr5:51398819-51399745_Ledidi_run-4_target-10.88_10	1072	G	A
ISL1_chr5:51398819-51399745_Ledidi_run-4_target-10.88_10	1073	C	A
ISL1_chr5:51398819-51399745_Ledidi_run-4_target-10.88_10	1085	G	A
ISL1_chr5:51398819-51399745_Ledidi_run-4_target-10.88_10	1086	C	T
ISL1_chr5:51398819-51399745_Ledidi_run-4_target-10.88_10	1095	T	A
ISL1_chr5:51398819-51399745_Ledidi_run-4_target-10.88_10	1121	C	A
ISL1_chr5:51398819-51399745_Ledidi_run-4_target-10.88_10	1124	C	T
ISL1_chr5:51398819-51399745_Ledidi_run-4_target-10.88_10	1127	C	A
ISL1_chr5:51398819-51399745_Ledidi_run-4_target-10.88_10	1128	A	G
ISL1_chr5:51398819-51399745_Ledidi_run-4_target-10.88_10	1136	G	T
ISL1_chr5:51398819-51399745_Ledidi_run-4_target-10.88_10	1142	G	T
ISL1_chr5:51398819-51399745_Ledidi_run-4_target-10.88_10	1147	C	T
ISL1_chr5:51398819-51399745_Ledidi_run-4_target-10.88_10	1148	A	G
ISL1_chr5:51398819-51399745_Ledidi_run-4_target-10.88_10	1158	C	G
ISL1_chr5:51398819-51399745_Ledidi_run-4_target-10.88_10	1160	T	C
ISL1_chr5:51398819-51399745_Ledidi_run-4_target-10.88_10	1161	T	A
ISL1_chr5:51398819-51399745_Ledidi_run-5_target-10.88_1	932	T	G
ISL1_chr5:51398819-51399745_Ledidi_run-5_target-10.88_1	936	T	A
ISL1_chr5:51398819-51399745_Ledidi_run-5_target-10.88_1	950	A	G
ISL1_chr5:51398819-51399745_Ledidi_run-5_target-10.88_1	962	A	C
ISL1_chr5:51398819-51399745_Ledidi_run-5_target-10.88_1	963	T	C
ISL1_chr5:51398819-51399745_Ledidi_run-5_target-10.88_1	971	T	C
ISL1_chr5:51398819-51399745_Ledidi_run-5_target-10.88_1	981	T	C
ISL1_chr5:51398819-51399745_Ledidi_run-5_target-10.88_1	989	C	A
ISL1_chr5:51398819-51399745_Ledidi_run-5_target-10.88_1	990	T	C
ISL1_chr5:51398819-51399745_Ledidi_run-5_target-10.88_1	1032	A	T
ISL1_chr5:51398819-51399745_Ledidi_run-5_target-10.88_1	1039	G	T
ISL1_chr5:51398819-51399745_Ledidi_run-5_target-10.88_1	1041	C	A
ISL1_chr5:51398819-51399745_Ledidi_run-5_target-10.88_1	1050	T	C
ISL1_chr5:51398819-51399745_Ledidi_run-5_target-10.88_1	1062	G	T
ISL1_chr5:51398819-51399745_Ledidi_run-5_target-10.88_1	1063	C	T
ISL1_chr5:51398819-51399745_Ledidi_run-5_target-10.88_1	1064	A	G
ISL1_chr5:51398819-51399745_Ledidi_run-5_target-10.88_1	1086	C	T
ISL1_chr5:51398819-51399745_Ledidi_run-5_target-10.88_1	1095	T	A
ISL1_chr5:51398819-51399745_Ledidi_run-5_target-10.88_1	1114	G	A
ISL1_chr5:51398819-51399745_Ledidi_run-5_target-10.88_1	1118	G	T
ISL1_chr5:51398819-51399745_Ledidi_run-5_target-10.88_1	1119	T	A
ISL1_chr5:51398819-51399745_Ledidi_run-5_target-10.88_1	1124	C	G
ISL1_chr5:51398819-51399745_Ledidi_run-5_target-10.88_1	1147	C	T
ISL1_chr5:51398819-51399745_Ledidi_run-5_target-10.88_1	1152	G	A
ISL1_chr5:51398819-51399745_Ledidi_run-5_target-10.88_1	1174	A	C
ISL1_chr5:51398819-51399745_Ledidi_run-5_target-10.88_1	1176	C	G
ISL1_chr5:51398819-51399745_Ledidi_run-5_target-10.88_2	932	T	G
ISL1_chr5:51398819-51399745_Ledidi_run-5_target-10.88_2	936	T	A
ISL1_chr5:51398819-51399745_Ledidi_run-5_target-10.88_2	944	T	C
ISL1_chr5:51398819-51399745_Ledidi_run-5_target-10.88_2	962	A	C
ISL1_chr5:51398819-51399745_Ledidi_run-5_target-10.88_2	966	A	G
ISL1_chr5:51398819-51399745_Ledidi_run-5_target-10.88_2	990	T	C
ISL1_chr5:51398819-51399745_Ledidi_run-5_target-10.88_2	1017	G	T
ISL1_chr5:51398819-51399745_Ledidi_run-5_target-10.88_2	1032	A	T
ISL1_chr5:51398819-51399745_Ledidi_run-5_target-10.88_2	1039	G	T
ISL1_chr5:51398819-51399745_Ledidi_run-5_target-10.88_2	1041	C	A
ISL1_chr5:51398819-51399745_Ledidi_run-5_target-10.88_2	1050	T	C
ISL1_chr5:51398819-51399745_Ledidi_run-5_target-10.88_2	1062	G	T
ISL1_chr5:51398819-51399745_Ledidi_run-5_target-10.88_2	1063	C	T
ISL1_chr5:51398819-51399745_Ledidi_run-5_target-10.88_2	1064	A	G
ISL1_chr5:51398819-51399745_Ledidi_run-5_target-10.88_2	1086	C	T
ISL1_chr5:51398819-51399745_Ledidi_run-5_target-10.88_2	1095	T	A
ISL1_chr5:51398819-51399745_Ledidi_run-5_target-10.88_2	1098	A	T
ISL1_chr5:51398819-51399745_Ledidi_run-5_target-10.88_2	1118	G	T
ISL1_chr5:51398819-51399745_Ledidi_run-5_target-10.88_2	1119	T	A
ISL1_chr5:51398819-51399745_Ledidi_run-5_target-10.88_2	1124	C	G
ISL1_chr5:51398819-51399745_Ledidi_run-5_target-10.88_2	1147	C	T
ISL1_chr5:51398819-51399745_Ledidi_run-5_target-10.88_2	1159	C	G
ISL1_chr5:51398819-51399745_Ledidi_run-5_target-10.88_3	932	T	G
ISL1_chr5:51398819-51399745_Ledidi_run-5_target-10.88_3	936	T	A
ISL1_chr5:51398819-51399745_Ledidi_run-5_target-10.88_3	950	A	G
ISL1_chr5:51398819-51399745_Ledidi_run-5_target-10.88_3	962	A	C
ISL1_chr5:51398819-51399745_Ledidi_run-5_target-10.88_3	963	T	C
ISL1_chr5:51398819-51399745_Ledidi_run-5_target-10.88_3	971	T	C
ISL1_chr5:51398819-51399745_Ledidi_run-5_target-10.88_3	981	T	C
ISL1_chr5:51398819-51399745_Ledidi_run-5_target-10.88_3	989	C	A
ISL1_chr5:51398819-51399745_Ledidi_run-5_target-10.88_3	990	T	C
ISL1_chr5:51398819-51399745_Ledidi_run-5_target-10.88_3	1006	A	T
ISL1_chr5:51398819-51399745_Ledidi_run-5_target-10.88_3	1017	G	T
ISL1_chr5:51398819-51399745_Ledidi_run-5_target-10.88_3	1032	A	T
ISL1_chr5:51398819-51399745_Ledidi_run-5_target-10.88_3	1039	G	T
ISL1_chr5:51398819-51399745_Ledidi_run-5_target-10.88_3	1041	C	A
ISL1_chr5:51398819-51399745_Ledidi_run-5_target-10.88_3	1050	T	C
ISL1_chr5:51398819-51399745_Ledidi_run-5_target-10.88_3	1062	G	T
ISL1_chr5:51398819-51399745_Ledidi_run-5_target-10.88_3	1063	C	T
ISL1_chr5:51398819-51399745_Ledidi_run-5_target-10.88_3	1064	A	G
ISL1_chr5:51398819-51399745_Ledidi_run-5_target-10.88_3	1086	C	T
ISL1_chr5:51398819-51399745_Ledidi_run-5_target-10.88_3	1095	T	A
ISL1_chr5:51398819-51399745_Ledidi_run-5_target-10.88_3	1118	G	T
ISL1_chr5:51398819-51399745_Ledidi_run-5_target-10.88_3	1119	T	A
ISL1_chr5:51398819-51399745_Ledidi_run-5_target-10.88_3	1124	C	G
ISL1_chr5:51398819-51399745_Ledidi_run-5_target-10.88_3	1156	C	G
ISL1_chr5:51398819-51399745_Ledidi_run-5_target-10.88_4	932	T	G
ISL1_chr5:51398819-51399745_Ledidi_run-5_target-10.88_4	936	T	A
ISL1_chr5:51398819-51399745_Ledidi_run-5_target-10.88_4	950	A	G
ISL1_chr5:51398819-51399745_Ledidi_run-5_target-10.88_4	962	A	C
ISL1_chr5:51398819-51399745_Ledidi_run-5_target-10.88_4	963	T	C
ISL1_chr5:51398819-51399745_Ledidi_run-5_target-10.88_4	971	T	C
ISL1_chr5:51398819-51399745_Ledidi_run-5_target-10.88_4	981	T	C
ISL1_chr5:51398819-51399745_Ledidi_run-5_target-10.88_4	989	C	A
ISL1_chr5:51398819-51399745_Ledidi_run-5_target-10.88_4	990	T	C
ISL1_chr5:51398819-51399745_Ledidi_run-5_target-10.88_4	1006	A	T
ISL1_chr5:51398819-51399745_Ledidi_run-5_target-10.88_4	1017	G	T
ISL1_chr5:51398819-51399745_Ledidi_run-5_target-10.88_4	1032	A	T
ISL1_chr5:51398819-51399745_Ledidi_run-5_target-10.88_4	1039	G	T
ISL1_chr5:51398819-51399745_Ledidi_run-5_target-10.88_4	1041	C	A
ISL1_chr5:51398819-51399745_Ledidi_run-5_target-10.88_4	1050	T	C
ISL1_chr5:51398819-51399745_Ledidi_run-5_target-10.88_4	1062	G	T
ISL1_chr5:51398819-51399745_Ledidi_run-5_target-10.88_4	1063	C	T
ISL1_chr5:51398819-51399745_Ledidi_run-5_target-10.88_4	1064	A	G
ISL1_chr5:51398819-51399745_Ledidi_run-5_target-10.88_4	1086	C	T
ISL1_chr5:51398819-51399745_Ledidi_run-5_target-10.88_4	1095	T	A
ISL1_chr5:51398819-51399745_Ledidi_run-5_target-10.88_4	1118	G	T
ISL1_chr5:51398819-51399745_Ledidi_run-5_target-10.88_4	1119	T	A
ISL1_chr5:51398819-51399745_Ledidi_run-5_target-10.88_4	1124	C	G
ISL1_chr5:51398819-51399745_Ledidi_run-5_target-10.88_4	1156	C	G
ISL1_chr5:51398819-51399745_Ledidi_run-5_target-10.88_4	1165	T	G
ISL1_chr5:51398819-51399745_Ledidi_run-5_target-10.88_5	932	T	G
ISL1_chr5:51398819-51399745_Ledidi_run-5_target-10.88_5	934	T	C
ISL1_chr5:51398819-51399745_Ledidi_run-5_target-10.88_5	936	T	A
ISL1_chr5:51398819-51399745_Ledidi_run-5_target-10.88_5	944	T	C
ISL1_chr5:51398819-51399745_Ledidi_run-5_target-10.88_5	945	G	C
ISL1_chr5:51398819-51399745_Ledidi_run-5_target-10.88_5	962	A	C
ISL1_chr5:51398819-51399745_Ledidi_run-5_target-10.88_5	963	T	C
ISL1_chr5:51398819-51399745_Ledidi_run-5_target-10.88_5	966	A	G
ISL1_chr5:51398819-51399745_Ledidi_run-5_target-10.88_5	971	T	C
ISL1_chr5:51398819-51399745_Ledidi_run-5_target-10.88_5	981	T	C
ISL1_chr5:51398819-51399745_Ledidi_run-5_target-10.88_5	989	C	A
ISL1_chr5:51398819-51399745_Ledidi_run-5_target-10.88_5	990	T	C
ISL1_chr5:51398819-51399745_Ledidi_run-5_target-10.88_5	1006	A	T
ISL1_chr5:51398819-51399745_Ledidi_run-5_target-10.88_5	1017	G	T
ISL1_chr5:51398819-51399745_Ledidi_run-5_target-10.88_5	1032	A	T
ISL1_chr5:51398819-51399745_Ledidi_run-5_target-10.88_5	1039	G	T
ISL1_chr5:51398819-51399745_Ledidi_run-5_target-10.88_5	1041	C	A
ISL1_chr5:51398819-51399745_Ledidi_run-5_target-10.88_5	1050	T	C
ISL1_chr5:51398819-51399745_Ledidi_run-5_target-10.88_5	1062	G	T
ISL1_chr5:51398819-51399745_Ledidi_run-5_target-10.88_5	1063	C	T
ISL1_chr5:51398819-51399745_Ledidi_run-5_target-10.88_5	1064	A	G
ISL1_chr5:51398819-51399745_Ledidi_run-5_target-10.88_5	1086	C	T
ISL1_chr5:51398819-51399745_Ledidi_run-5_target-10.88_5	1095	T	A
ISL1_chr5:51398819-51399745_Ledidi_run-5_target-10.88_5	1118	G	T
ISL1_chr5:51398819-51399745_Ledidi_run-5_target-10.88_5	1119	T	A
ISL1_chr5:51398819-51399745_Ledidi_run-5_target-10.88_5	1124	C	G
ISL1_chr5:51398819-51399745_Ledidi_run-5_target-10.88_5	1159	C	G
ISL1_chr5:51398819-51399745_Ledidi_run-5_target-10.88_6	932	T	G
ISL1_chr5:51398819-51399745_Ledidi_run-5_target-10.88_6	934	T	C
ISL1_chr5:51398819-51399745_Ledidi_run-5_target-10.88_6	936	T	A
ISL1_chr5:51398819-51399745_Ledidi_run-5_target-10.88_6	944	T	C
ISL1_chr5:51398819-51399745_Ledidi_run-5_target-10.88_6	945	G	C
ISL1_chr5:51398819-51399745_Ledidi_run-5_target-10.88_6	963	T	C
ISL1_chr5:51398819-51399745_Ledidi_run-5_target-10.88_6	966	A	G
ISL1_chr5:51398819-51399745_Ledidi_run-5_target-10.88_6	977	T	A
ISL1_chr5:51398819-51399745_Ledidi_run-5_target-10.88_6	981	T	C
ISL1_chr5:51398819-51399745_Ledidi_run-5_target-10.88_6	989	C	A
ISL1_chr5:51398819-51399745_Ledidi_run-5_target-10.88_6	990	T	C
ISL1_chr5:51398819-51399745_Ledidi_run-5_target-10.88_6	1015	G	A
ISL1_chr5:51398819-51399745_Ledidi_run-5_target-10.88_6	1017	G	T
ISL1_chr5:51398819-51399745_Ledidi_run-5_target-10.88_6	1031	C	T
ISL1_chr5:51398819-51399745_Ledidi_run-5_target-10.88_6	1032	A	T
ISL1_chr5:51398819-51399745_Ledidi_run-5_target-10.88_6	1039	G	T
ISL1_chr5:51398819-51399745_Ledidi_run-5_target-10.88_6	1041	C	A
ISL1_chr5:51398819-51399745_Ledidi_run-5_target-10.88_6	1050	T	C
ISL1_chr5:51398819-51399745_Ledidi_run-5_target-10.88_6	1062	G	T
ISL1_chr5:51398819-51399745_Ledidi_run-5_target-10.88_6	1063	C	T
ISL1_chr5:51398819-51399745_Ledidi_run-5_target-10.88_6	1064	A	G
ISL1_chr5:51398819-51399745_Ledidi_run-5_target-10.88_6	1086	C	T
ISL1_chr5:51398819-51399745_Ledidi_run-5_target-10.88_6	1095	T	A
ISL1_chr5:51398819-51399745_Ledidi_run-5_target-10.88_6	1114	G	A
ISL1_chr5:51398819-51399745_Ledidi_run-5_target-10.88_6	1118	G	T
ISL1_chr5:51398819-51399745_Ledidi_run-5_target-10.88_6	1119	T	A
ISL1_chr5:51398819-51399745_Ledidi_run-5_target-10.88_6	1124	C	G
ISL1_chr5:51398819-51399745_Ledidi_run-5_target-10.88_6	1156	C	G
ISL1_chr5:51398819-51399745_Ledidi_run-5_target-10.88_6	1157	C	A
ISL1_chr5:51398819-51399745_Ledidi_run-5_target-10.88_6	1158	C	A
ISL1_chr5:51398819-51399745_Ledidi_run-5_target-10.88_6	1159	C	G
ISL1_chr5:51398819-51399745_Ledidi_run-5_target-10.88_6	1165	T	G
ISL1_chr5:51398819-51399745_Ledidi_run-5_target-10.88_7	932	T	G
ISL1_chr5:51398819-51399745_Ledidi_run-5_target-10.88_7	936	T	A
ISL1_chr5:51398819-51399745_Ledidi_run-5_target-10.88_7	950	A	G
ISL1_chr5:51398819-51399745_Ledidi_run-5_target-10.88_7	962	A	C
ISL1_chr5:51398819-51399745_Ledidi_run-5_target-10.88_7	963	T	C
ISL1_chr5:51398819-51399745_Ledidi_run-5_target-10.88_7	966	A	G
ISL1_chr5:51398819-51399745_Ledidi_run-5_target-10.88_7	971	T	C
ISL1_chr5:51398819-51399745_Ledidi_run-5_target-10.88_7	981	T	C
ISL1_chr5:51398819-51399745_Ledidi_run-5_target-10.88_7	989	C	A
ISL1_chr5:51398819-51399745_Ledidi_run-5_target-10.88_7	990	T	C
ISL1_chr5:51398819-51399745_Ledidi_run-5_target-10.88_7	1006	A	T
ISL1_chr5:51398819-51399745_Ledidi_run-5_target-10.88_7	1017	G	T
ISL1_chr5:51398819-51399745_Ledidi_run-5_target-10.88_7	1032	A	T
ISL1_chr5:51398819-51399745_Ledidi_run-5_target-10.88_7	1039	G	T
ISL1_chr5:51398819-51399745_Ledidi_run-5_target-10.88_7	1041	C	A
ISL1_chr5:51398819-51399745_Ledidi_run-5_target-10.88_7	1050	T	C
ISL1_chr5:51398819-51399745_Ledidi_run-5_target-10.88_7	1062	G	T
ISL1_chr5:51398819-51399745_Ledidi_run-5_target-10.88_7	1063	C	T
ISL1_chr5:51398819-51399745_Ledidi_run-5_target-10.88_7	1064	A	G
ISL1_chr5:51398819-51399745_Ledidi_run-5_target-10.88_7	1095	T	A
ISL1_chr5:51398819-51399745_Ledidi_run-5_target-10.88_7	1118	G	T
ISL1_chr5:51398819-51399745_Ledidi_run-5_target-10.88_7	1119	T	A
ISL1_chr5:51398819-51399745_Ledidi_run-5_target-10.88_7	1124	C	G
ISL1_chr5:51398819-51399745_Ledidi_run-5_target-10.88_7	1156	C	G
ISL1_chr5:51398819-51399745_Ledidi_run-5_target-10.88_8	932	T	G
ISL1_chr5:51398819-51399745_Ledidi_run-5_target-10.88_8	936	T	A
ISL1_chr5:51398819-51399745_Ledidi_run-5_target-10.88_8	950	A	G
ISL1_chr5:51398819-51399745_Ledidi_run-5_target-10.88_8	962	A	C
ISL1_chr5:51398819-51399745_Ledidi_run-5_target-10.88_8	963	T	C
ISL1_chr5:51398819-51399745_Ledidi_run-5_target-10.88_8	971	T	C
ISL1_chr5:51398819-51399745_Ledidi_run-5_target-10.88_8	981	T	C
ISL1_chr5:51398819-51399745_Ledidi_run-5_target-10.88_8	989	C	A
ISL1_chr5:51398819-51399745_Ledidi_run-5_target-10.88_8	990	T	C
ISL1_chr5:51398819-51399745_Ledidi_run-5_target-10.88_8	1006	A	T
ISL1_chr5:51398819-51399745_Ledidi_run-5_target-10.88_8	1015	G	A
ISL1_chr5:51398819-51399745_Ledidi_run-5_target-10.88_8	1025	G	T
ISL1_chr5:51398819-51399745_Ledidi_run-5_target-10.88_8	1031	C	T
ISL1_chr5:51398819-51399745_Ledidi_run-5_target-10.88_8	1032	A	T
ISL1_chr5:51398819-51399745_Ledidi_run-5_target-10.88_8	1039	G	T
ISL1_chr5:51398819-51399745_Ledidi_run-5_target-10.88_8	1041	C	A
ISL1_chr5:51398819-51399745_Ledidi_run-5_target-10.88_8	1050	T	C
ISL1_chr5:51398819-51399745_Ledidi_run-5_target-10.88_8	1062	G	T
ISL1_chr5:51398819-51399745_Ledidi_run-5_target-10.88_8	1063	C	T
ISL1_chr5:51398819-51399745_Ledidi_run-5_target-10.88_8	1064	A	G
ISL1_chr5:51398819-51399745_Ledidi_run-5_target-10.88_8	1095	T	A
ISL1_chr5:51398819-51399745_Ledidi_run-5_target-10.88_8	1118	G	T
ISL1_chr5:51398819-51399745_Ledidi_run-5_target-10.88_8	1124	C	G
ISL1_chr5:51398819-51399745_Ledidi_run-5_target-10.88_8	1156	C	G
ISL1_chr5:51398819-51399745_Ledidi_run-5_target-10.88_8	1165	T	G
ISL1_chr5:51398819-51399745_Ledidi_run-5_target-10.88_9	932	T	G
ISL1_chr5:51398819-51399745_Ledidi_run-5_target-10.88_9	936	T	A
ISL1_chr5:51398819-51399745_Ledidi_run-5_target-10.88_9	944	T	C
ISL1_chr5:51398819-51399745_Ledidi_run-5_target-10.88_9	963	T	C
ISL1_chr5:51398819-51399745_Ledidi_run-5_target-10.88_9	977	T	A
ISL1_chr5:51398819-51399745_Ledidi_run-5_target-10.88_9	990	T	C
ISL1_chr5:51398819-51399745_Ledidi_run-5_target-10.88_9	1032	A	T
ISL1_chr5:51398819-51399745_Ledidi_run-5_target-10.88_9	1039	G	T
ISL1_chr5:51398819-51399745_Ledidi_run-5_target-10.88_9	1041	C	A
ISL1_chr5:51398819-51399745_Ledidi_run-5_target-10.88_9	1050	T	C
ISL1_chr5:51398819-51399745_Ledidi_run-5_target-10.88_9	1062	G	T
ISL1_chr5:51398819-51399745_Ledidi_run-5_target-10.88_9	1063	C	T
ISL1_chr5:51398819-51399745_Ledidi_run-5_target-10.88_9	1064	A	G
ISL1_chr5:51398819-51399745_Ledidi_run-5_target-10.88_9	1086	C	T
ISL1_chr5:51398819-51399745_Ledidi_run-5_target-10.88_9	1095	T	A
ISL1_chr5:51398819-51399745_Ledidi_run-5_target-10.88_9	1114	G	A
ISL1_chr5:51398819-51399745_Ledidi_run-5_target-10.88_9	1118	G	T
ISL1_chr5:51398819-51399745_Ledidi_run-5_target-10.88_9	1119	T	A
ISL1_chr5:51398819-51399745_Ledidi_run-5_target-10.88_9	1124	C	G
ISL1_chr5:51398819-51399745_Ledidi_run-5_target-10.88_9	1152	G	A
ISL1_chr5:51398819-51399745_Ledidi_run-5_target-10.88_9	1156	C	G
ISL1_chr5:51398819-51399745_Ledidi_run-5_target-10.88_9	1157	C	A
ISL1_chr5:51398819-51399745_Ledidi_run-5_target-10.88_9	1158	C	A
ISL1_chr5:51398819-51399745_Ledidi_run-5_target-10.88_9	1159	C	G
ISL1_chr5:51398819-51399745_Ledidi_run-5_target-10.88_9	1165	T	G
ISL1_chr5:51398819-51399745_Ledidi_run-5_target-10.88_9	1182	G	A
ISL1_chr5:51398819-51399745_Ledidi_run-5_target-10.88_10	932	T	G
ISL1_chr5:51398819-51399745_Ledidi_run-5_target-10.88_10	936	T	A
ISL1_chr5:51398819-51399745_Ledidi_run-5_target-10.88_10	950	A	G
ISL1_chr5:51398819-51399745_Ledidi_run-5_target-10.88_10	962	A	C
ISL1_chr5:51398819-51399745_Ledidi_run-5_target-10.88_10	963	T	C
ISL1_chr5:51398819-51399745_Ledidi_run-5_target-10.88_10	971	T	C
ISL1_chr5:51398819-51399745_Ledidi_run-5_target-10.88_10	981	T	C
ISL1_chr5:51398819-51399745_Ledidi_run-5_target-10.88_10	989	C	A
ISL1_chr5:51398819-51399745_Ledidi_run-5_target-10.88_10	990	T	C
ISL1_chr5:51398819-51399745_Ledidi_run-5_target-10.88_10	1006	A	T
ISL1_chr5:51398819-51399745_Ledidi_run-5_target-10.88_10	1017	G	T
ISL1_chr5:51398819-51399745_Ledidi_run-5_target-10.88_10	1032	A	T
ISL1_chr5:51398819-51399745_Ledidi_run-5_target-10.88_10	1039	G	T
ISL1_chr5:51398819-51399745_Ledidi_run-5_target-10.88_10	1041	C	A
ISL1_chr5:51398819-51399745_Ledidi_run-5_target-10.88_10	1050	T	C
ISL1_chr5:51398819-51399745_Ledidi_run-5_target-10.88_10	1062	G	T
ISL1_chr5:51398819-51399745_Ledidi_run-5_target-10.88_10	1063	C	T
ISL1_chr5:51398819-51399745_Ledidi_run-5_target-10.88_10	1064	A	G
ISL1_chr5:51398819-51399745_Ledidi_run-5_target-10.88_10	1086	C	T
ISL1_chr5:51398819-51399745_Ledidi_run-5_target-10.88_10	1095	T	A
ISL1_chr5:51398819-51399745_Ledidi_run-5_target-10.88_10	1118	G	T
ISL1_chr5:51398819-51399745_Ledidi_run-5_target-10.88_10	1119	T	A
ISL1_chr5:51398819-51399745_Ledidi_run-5_target-10.88_10	1124	C	G
ISL1_chr5:51398819-51399745_Ledidi_run-5_target-10.88_10	1156	C	G
ISL1_chr5:51398819-51399745_Ledidi_run-6_target-10.88_1	940	T	C
ISL1_chr5:51398819-51399745_Ledidi_run-6_target-10.88_1	941	T	G
ISL1_chr5:51398819-51399745_Ledidi_run-6_target-10.88_1	951	T	A
ISL1_chr5:51398819-51399745_Ledidi_run-6_target-10.88_1	958	T	G
ISL1_chr5:51398819-51399745_Ledidi_run-6_target-10.88_1	962	A	T
ISL1_chr5:51398819-51399745_Ledidi_run-6_target-10.88_1	969	T	G
ISL1_chr5:51398819-51399745_Ledidi_run-6_target-10.88_1	976	T	G
ISL1_chr5:51398819-51399745_Ledidi_run-6_target-10.88_1	1001	C	G
ISL1_chr5:51398819-51399745_Ledidi_run-6_target-10.88_1	1006	A	T
ISL1_chr5:51398819-51399745_Ledidi_run-6_target-10.88_1	1009	G	T
ISL1_chr5:51398819-51399745_Ledidi_run-6_target-10.88_1	1011	C	G
ISL1_chr5:51398819-51399745_Ledidi_run-6_target-10.88_1	1017	G	C
ISL1_chr5:51398819-51399745_Ledidi_run-6_target-10.88_1	1047	T	C
ISL1_chr5:51398819-51399745_Ledidi_run-6_target-10.88_1	1064	A	C
ISL1_chr5:51398819-51399745_Ledidi_run-6_target-10.88_1	1065	G	C
ISL1_chr5:51398819-51399745_Ledidi_run-6_target-10.88_1	1070	G	C
ISL1_chr5:51398819-51399745_Ledidi_run-6_target-10.88_1	1071	G	T
ISL1_chr5:51398819-51399745_Ledidi_run-6_target-10.88_1	1087	A	C
ISL1_chr5:51398819-51399745_Ledidi_run-6_target-10.88_1	1120	G	T
ISL1_chr5:51398819-51399745_Ledidi_run-6_target-10.88_1	1127	C	G
ISL1_chr5:51398819-51399745_Ledidi_run-6_target-10.88_1	1130	G	C
ISL1_chr5:51398819-51399745_Ledidi_run-6_target-10.88_1	1132	C	T
ISL1_chr5:51398819-51399745_Ledidi_run-6_target-10.88_1	1133	C	A
ISL1_chr5:51398819-51399745_Ledidi_run-6_target-10.88_1	1136	G	T
ISL1_chr5:51398819-51399745_Ledidi_run-6_target-10.88_1	1142	G	T
ISL1_chr5:51398819-51399745_Ledidi_run-6_target-10.88_1	1143	T	A
ISL1_chr5:51398819-51399745_Ledidi_run-6_target-10.88_1	1151	T	A
ISL1_chr5:51398819-51399745_Ledidi_run-6_target-10.88_1	1164	T	C
ISL1_chr5:51398819-51399745_Ledidi_run-6_target-10.88_1	1184	C	G
ISL1_chr5:51398819-51399745_Ledidi_run-6_target-10.88_2	940	T	C
ISL1_chr5:51398819-51399745_Ledidi_run-6_target-10.88_2	941	T	G
ISL1_chr5:51398819-51399745_Ledidi_run-6_target-10.88_2	951	T	A
ISL1_chr5:51398819-51399745_Ledidi_run-6_target-10.88_2	958	T	G
ISL1_chr5:51398819-51399745_Ledidi_run-6_target-10.88_2	962	A	T
ISL1_chr5:51398819-51399745_Ledidi_run-6_target-10.88_2	969	T	G
ISL1_chr5:51398819-51399745_Ledidi_run-6_target-10.88_2	976	T	G
ISL1_chr5:51398819-51399745_Ledidi_run-6_target-10.88_2	1001	C	G
ISL1_chr5:51398819-51399745_Ledidi_run-6_target-10.88_2	1006	A	T
ISL1_chr5:51398819-51399745_Ledidi_run-6_target-10.88_2	1009	G	T
ISL1_chr5:51398819-51399745_Ledidi_run-6_target-10.88_2	1011	C	G
ISL1_chr5:51398819-51399745_Ledidi_run-6_target-10.88_2	1017	G	C
ISL1_chr5:51398819-51399745_Ledidi_run-6_target-10.88_2	1064	A	C
ISL1_chr5:51398819-51399745_Ledidi_run-6_target-10.88_2	1065	G	C
ISL1_chr5:51398819-51399745_Ledidi_run-6_target-10.88_2	1070	G	C
ISL1_chr5:51398819-51399745_Ledidi_run-6_target-10.88_2	1071	G	T
ISL1_chr5:51398819-51399745_Ledidi_run-6_target-10.88_2	1087	A	C
ISL1_chr5:51398819-51399745_Ledidi_run-6_target-10.88_2	1118	G	T
ISL1_chr5:51398819-51399745_Ledidi_run-6_target-10.88_2	1120	G	T
ISL1_chr5:51398819-51399745_Ledidi_run-6_target-10.88_2	1127	C	G
ISL1_chr5:51398819-51399745_Ledidi_run-6_target-10.88_2	1130	G	C
ISL1_chr5:51398819-51399745_Ledidi_run-6_target-10.88_2	1132	C	T
ISL1_chr5:51398819-51399745_Ledidi_run-6_target-10.88_2	1133	C	A
ISL1_chr5:51398819-51399745_Ledidi_run-6_target-10.88_2	1136	G	T
ISL1_chr5:51398819-51399745_Ledidi_run-6_target-10.88_2	1142	G	T
ISL1_chr5:51398819-51399745_Ledidi_run-6_target-10.88_2	1143	T	A
ISL1_chr5:51398819-51399745_Ledidi_run-6_target-10.88_2	1151	T	A
ISL1_chr5:51398819-51399745_Ledidi_run-6_target-10.88_2	1162	T	G
ISL1_chr5:51398819-51399745_Ledidi_run-6_target-10.88_2	1184	C	T
ISL1_chr5:51398819-51399745_Ledidi_run-6_target-10.88_3	940	T	C
ISL1_chr5:51398819-51399745_Ledidi_run-6_target-10.88_3	941	T	G
ISL1_chr5:51398819-51399745_Ledidi_run-6_target-10.88_3	951	T	A
ISL1_chr5:51398819-51399745_Ledidi_run-6_target-10.88_3	958	T	G
ISL1_chr5:51398819-51399745_Ledidi_run-6_target-10.88_3	962	A	T
ISL1_chr5:51398819-51399745_Ledidi_run-6_target-10.88_3	969	T	G
ISL1_chr5:51398819-51399745_Ledidi_run-6_target-10.88_3	976	T	G
ISL1_chr5:51398819-51399745_Ledidi_run-6_target-10.88_3	989	C	G
ISL1_chr5:51398819-51399745_Ledidi_run-6_target-10.88_3	1001	C	G
ISL1_chr5:51398819-51399745_Ledidi_run-6_target-10.88_3	1006	A	T
ISL1_chr5:51398819-51399745_Ledidi_run-6_target-10.88_3	1009	G	T
ISL1_chr5:51398819-51399745_Ledidi_run-6_target-10.88_3	1011	C	G
ISL1_chr5:51398819-51399745_Ledidi_run-6_target-10.88_3	1017	G	C
ISL1_chr5:51398819-51399745_Ledidi_run-6_target-10.88_3	1047	T	C
ISL1_chr5:51398819-51399745_Ledidi_run-6_target-10.88_3	1118	G	T
ISL1_chr5:51398819-51399745_Ledidi_run-6_target-10.88_3	1121	C	G
ISL1_chr5:51398819-51399745_Ledidi_run-6_target-10.88_3	1127	C	G
ISL1_chr5:51398819-51399745_Ledidi_run-6_target-10.88_3	1130	G	C
ISL1_chr5:51398819-51399745_Ledidi_run-6_target-10.88_3	1132	C	T
ISL1_chr5:51398819-51399745_Ledidi_run-6_target-10.88_3	1133	C	A
ISL1_chr5:51398819-51399745_Ledidi_run-6_target-10.88_3	1136	G	T
ISL1_chr5:51398819-51399745_Ledidi_run-6_target-10.88_3	1142	G	T
ISL1_chr5:51398819-51399745_Ledidi_run-6_target-10.88_3	1143	T	A
ISL1_chr5:51398819-51399745_Ledidi_run-6_target-10.88_3	1151	T	A
ISL1_chr5:51398819-51399745_Ledidi_run-6_target-10.88_3	1164	T	C
ISL1_chr5:51398819-51399745_Ledidi_run-6_target-10.88_3	1184	C	T
ISL1_chr5:51398819-51399745_Ledidi_run-6_target-10.88_4	951	T	A
ISL1_chr5:51398819-51399745_Ledidi_run-6_target-10.88_4	958	T	G
ISL1_chr5:51398819-51399745_Ledidi_run-6_target-10.88_4	962	A	T
ISL1_chr5:51398819-51399745_Ledidi_run-6_target-10.88_4	969	T	G
ISL1_chr5:51398819-51399745_Ledidi_run-6_target-10.88_4	976	T	G
ISL1_chr5:51398819-51399745_Ledidi_run-6_target-10.88_4	989	C	G
ISL1_chr5:51398819-51399745_Ledidi_run-6_target-10.88_4	1001	C	G
ISL1_chr5:51398819-51399745_Ledidi_run-6_target-10.88_4	1006	A	T
ISL1_chr5:51398819-51399745_Ledidi_run-6_target-10.88_4	1009	G	T
ISL1_chr5:51398819-51399745_Ledidi_run-6_target-10.88_4	1011	C	G
ISL1_chr5:51398819-51399745_Ledidi_run-6_target-10.88_4	1017	G	C
ISL1_chr5:51398819-51399745_Ledidi_run-6_target-10.88_4	1047	T	C
ISL1_chr5:51398819-51399745_Ledidi_run-6_target-10.88_4	1064	A	C
ISL1_chr5:51398819-51399745_Ledidi_run-6_target-10.88_4	1065	G	C
ISL1_chr5:51398819-51399745_Ledidi_run-6_target-10.88_4	1070	G	C
ISL1_chr5:51398819-51399745_Ledidi_run-6_target-10.88_4	1071	G	T
ISL1_chr5:51398819-51399745_Ledidi_run-6_target-10.88_4	1118	G	T
ISL1_chr5:51398819-51399745_Ledidi_run-6_target-10.88_4	1120	G	T
ISL1_chr5:51398819-51399745_Ledidi_run-6_target-10.88_4	1121	C	G
ISL1_chr5:51398819-51399745_Ledidi_run-6_target-10.88_4	1127	C	G
ISL1_chr5:51398819-51399745_Ledidi_run-6_target-10.88_4	1130	G	C
ISL1_chr5:51398819-51399745_Ledidi_run-6_target-10.88_4	1132	C	T
ISL1_chr5:51398819-51399745_Ledidi_run-6_target-10.88_4	1133	C	A
ISL1_chr5:51398819-51399745_Ledidi_run-6_target-10.88_4	1136	G	T
ISL1_chr5:51398819-51399745_Ledidi_run-6_target-10.88_4	1142	G	T
ISL1_chr5:51398819-51399745_Ledidi_run-6_target-10.88_4	1143	T	A
ISL1_chr5:51398819-51399745_Ledidi_run-6_target-10.88_4	1151	T	A
ISL1_chr5:51398819-51399745_Ledidi_run-6_target-10.88_4	1162	T	G
ISL1_chr5:51398819-51399745_Ledidi_run-6_target-10.88_4	1184	C	T
ISL1_chr5:51398819-51399745_Ledidi_run-6_target-10.88_5	940	T	C
ISL1_chr5:51398819-51399745_Ledidi_run-6_target-10.88_5	941	T	G
ISL1_chr5:51398819-51399745_Ledidi_run-6_target-10.88_5	951	T	A
ISL1_chr5:51398819-51399745_Ledidi_run-6_target-10.88_5	958	T	G
ISL1_chr5:51398819-51399745_Ledidi_run-6_target-10.88_5	962	A	T
ISL1_chr5:51398819-51399745_Ledidi_run-6_target-10.88_5	969	T	G
ISL1_chr5:51398819-51399745_Ledidi_run-6_target-10.88_5	976	T	G
ISL1_chr5:51398819-51399745_Ledidi_run-6_target-10.88_5	1001	C	G
ISL1_chr5:51398819-51399745_Ledidi_run-6_target-10.88_5	1006	A	T
ISL1_chr5:51398819-51399745_Ledidi_run-6_target-10.88_5	1009	G	T
ISL1_chr5:51398819-51399745_Ledidi_run-6_target-10.88_5	1011	C	G
ISL1_chr5:51398819-51399745_Ledidi_run-6_target-10.88_5	1017	G	C
ISL1_chr5:51398819-51399745_Ledidi_run-6_target-10.88_5	1047	T	C
ISL1_chr5:51398819-51399745_Ledidi_run-6_target-10.88_5	1064	A	C
ISL1_chr5:51398819-51399745_Ledidi_run-6_target-10.88_5	1065	G	C
ISL1_chr5:51398819-51399745_Ledidi_run-6_target-10.88_5	1070	G	C
ISL1_chr5:51398819-51399745_Ledidi_run-6_target-10.88_5	1071	G	T
ISL1_chr5:51398819-51399745_Ledidi_run-6_target-10.88_5	1120	G	T
ISL1_chr5:51398819-51399745_Ledidi_run-6_target-10.88_5	1127	C	G
ISL1_chr5:51398819-51399745_Ledidi_run-6_target-10.88_5	1130	G	C
ISL1_chr5:51398819-51399745_Ledidi_run-6_target-10.88_5	1132	C	T
ISL1_chr5:51398819-51399745_Ledidi_run-6_target-10.88_5	1133	C	A
ISL1_chr5:51398819-51399745_Ledidi_run-6_target-10.88_5	1136	G	T
ISL1_chr5:51398819-51399745_Ledidi_run-6_target-10.88_5	1142	G	T
ISL1_chr5:51398819-51399745_Ledidi_run-6_target-10.88_5	1143	T	A
ISL1_chr5:51398819-51399745_Ledidi_run-6_target-10.88_5	1151	T	A
ISL1_chr5:51398819-51399745_Ledidi_run-6_target-10.88_5	1164	T	C
ISL1_chr5:51398819-51399745_Ledidi_run-6_target-10.88_5	1184	C	T
ISL1_chr5:51398819-51399745_Ledidi_run-6_target-10.88_6	951	T	A
ISL1_chr5:51398819-51399745_Ledidi_run-6_target-10.88_6	958	T	G
ISL1_chr5:51398819-51399745_Ledidi_run-6_target-10.88_6	962	A	T
ISL1_chr5:51398819-51399745_Ledidi_run-6_target-10.88_6	969	T	G
ISL1_chr5:51398819-51399745_Ledidi_run-6_target-10.88_6	976	T	G
ISL1_chr5:51398819-51399745_Ledidi_run-6_target-10.88_6	989	C	G
ISL1_chr5:51398819-51399745_Ledidi_run-6_target-10.88_6	1001	C	G
ISL1_chr5:51398819-51399745_Ledidi_run-6_target-10.88_6	1006	A	T
ISL1_chr5:51398819-51399745_Ledidi_run-6_target-10.88_6	1009	G	T
ISL1_chr5:51398819-51399745_Ledidi_run-6_target-10.88_6	1011	C	G
ISL1_chr5:51398819-51399745_Ledidi_run-6_target-10.88_6	1017	G	C
ISL1_chr5:51398819-51399745_Ledidi_run-6_target-10.88_6	1047	T	C
ISL1_chr5:51398819-51399745_Ledidi_run-6_target-10.88_6	1064	A	C
ISL1_chr5:51398819-51399745_Ledidi_run-6_target-10.88_6	1065	G	C
ISL1_chr5:51398819-51399745_Ledidi_run-6_target-10.88_6	1070	G	C
ISL1_chr5:51398819-51399745_Ledidi_run-6_target-10.88_6	1071	G	T
ISL1_chr5:51398819-51399745_Ledidi_run-6_target-10.88_6	1118	G	T
ISL1_chr5:51398819-51399745_Ledidi_run-6_target-10.88_6	1120	G	T
ISL1_chr5:51398819-51399745_Ledidi_run-6_target-10.88_6	1127	C	G
ISL1_chr5:51398819-51399745_Ledidi_run-6_target-10.88_6	1130	G	C
ISL1_chr5:51398819-51399745_Ledidi_run-6_target-10.88_6	1132	C	T
ISL1_chr5:51398819-51399745_Ledidi_run-6_target-10.88_6	1133	C	A
ISL1_chr5:51398819-51399745_Ledidi_run-6_target-10.88_6	1136	G	T
ISL1_chr5:51398819-51399745_Ledidi_run-6_target-10.88_6	1142	G	T
ISL1_chr5:51398819-51399745_Ledidi_run-6_target-10.88_6	1143	T	A
ISL1_chr5:51398819-51399745_Ledidi_run-6_target-10.88_6	1151	T	A
ISL1_chr5:51398819-51399745_Ledidi_run-6_target-10.88_6	1162	T	G
ISL1_chr5:51398819-51399745_Ledidi_run-6_target-10.88_6	1184	C	T
ISL1_chr5:51398819-51399745_Ledidi_run-6_target-10.88_7	940	T	C
ISL1_chr5:51398819-51399745_Ledidi_run-6_target-10.88_7	941	T	G
ISL1_chr5:51398819-51399745_Ledidi_run-6_target-10.88_7	958	T	G
ISL1_chr5:51398819-51399745_Ledidi_run-6_target-10.88_7	962	A	T
ISL1_chr5:51398819-51399745_Ledidi_run-6_target-10.88_7	969	T	G
ISL1_chr5:51398819-51399745_Ledidi_run-6_target-10.88_7	976	T	G
ISL1_chr5:51398819-51399745_Ledidi_run-6_target-10.88_7	1001	C	G
ISL1_chr5:51398819-51399745_Ledidi_run-6_target-10.88_7	1006	A	T
ISL1_chr5:51398819-51399745_Ledidi_run-6_target-10.88_7	1009	G	T
ISL1_chr5:51398819-51399745_Ledidi_run-6_target-10.88_7	1011	C	G
ISL1_chr5:51398819-51399745_Ledidi_run-6_target-10.88_7	1017	G	C
ISL1_chr5:51398819-51399745_Ledidi_run-6_target-10.88_7	1064	A	C
ISL1_chr5:51398819-51399745_Ledidi_run-6_target-10.88_7	1065	G	C
ISL1_chr5:51398819-51399745_Ledidi_run-6_target-10.88_7	1070	G	C
ISL1_chr5:51398819-51399745_Ledidi_run-6_target-10.88_7	1071	G	T
ISL1_chr5:51398819-51399745_Ledidi_run-6_target-10.88_7	1087	A	C
ISL1_chr5:51398819-51399745_Ledidi_run-6_target-10.88_7	1118	G	T
ISL1_chr5:51398819-51399745_Ledidi_run-6_target-10.88_7	1120	G	T
ISL1_chr5:51398819-51399745_Ledidi_run-6_target-10.88_7	1127	C	G
ISL1_chr5:51398819-51399745_Ledidi_run-6_target-10.88_7	1130	G	C
ISL1_chr5:51398819-51399745_Ledidi_run-6_target-10.88_7	1132	C	T
ISL1_chr5:51398819-51399745_Ledidi_run-6_target-10.88_7	1133	C	A
ISL1_chr5:51398819-51399745_Ledidi_run-6_target-10.88_7	1136	G	T
ISL1_chr5:51398819-51399745_Ledidi_run-6_target-10.88_7	1142	G	T
ISL1_chr5:51398819-51399745_Ledidi_run-6_target-10.88_7	1143	T	A
ISL1_chr5:51398819-51399745_Ledidi_run-6_target-10.88_7	1151	T	A
ISL1_chr5:51398819-51399745_Ledidi_run-6_target-10.88_7	1162	T	G
ISL1_chr5:51398819-51399745_Ledidi_run-6_target-10.88_7	1184	C	T
ISL1_chr5:51398819-51399745_Ledidi_run-6_target-10.88_8	951	T	A
ISL1_chr5:51398819-51399745_Ledidi_run-6_target-10.88_8	958	T	G
ISL1_chr5:51398819-51399745_Ledidi_run-6_target-10.88_8	962	A	T
ISL1_chr5:51398819-51399745_Ledidi_run-6_target-10.88_8	969	T	G
ISL1_chr5:51398819-51399745_Ledidi_run-6_target-10.88_8	976	T	G
ISL1_chr5:51398819-51399745_Ledidi_run-6_target-10.88_8	989	C	G
ISL1_chr5:51398819-51399745_Ledidi_run-6_target-10.88_8	1001	C	G
ISL1_chr5:51398819-51399745_Ledidi_run-6_target-10.88_8	1006	A	T
ISL1_chr5:51398819-51399745_Ledidi_run-6_target-10.88_8	1009	G	T
ISL1_chr5:51398819-51399745_Ledidi_run-6_target-10.88_8	1011	C	G
ISL1_chr5:51398819-51399745_Ledidi_run-6_target-10.88_8	1017	G	C
ISL1_chr5:51398819-51399745_Ledidi_run-6_target-10.88_8	1047	T	C
ISL1_chr5:51398819-51399745_Ledidi_run-6_target-10.88_8	1064	A	C
ISL1_chr5:51398819-51399745_Ledidi_run-6_target-10.88_8	1065	G	C
ISL1_chr5:51398819-51399745_Ledidi_run-6_target-10.88_8	1070	G	C
ISL1_chr5:51398819-51399745_Ledidi_run-6_target-10.88_8	1071	G	T
ISL1_chr5:51398819-51399745_Ledidi_run-6_target-10.88_8	1118	G	T
ISL1_chr5:51398819-51399745_Ledidi_run-6_target-10.88_8	1120	G	T
ISL1_chr5:51398819-51399745_Ledidi_run-6_target-10.88_8	1121	C	G
ISL1_chr5:51398819-51399745_Ledidi_run-6_target-10.88_8	1127	C	G
ISL1_chr5:51398819-51399745_Ledidi_run-6_target-10.88_8	1130	G	C
ISL1_chr5:51398819-51399745_Ledidi_run-6_target-10.88_8	1132	C	T
ISL1_chr5:51398819-51399745_Ledidi_run-6_target-10.88_8	1133	C	A
ISL1_chr5:51398819-51399745_Ledidi_run-6_target-10.88_8	1136	G	T
ISL1_chr5:51398819-51399745_Ledidi_run-6_target-10.88_8	1142	G	T
ISL1_chr5:51398819-51399745_Ledidi_run-6_target-10.88_8	1143	T	A
ISL1_chr5:51398819-51399745_Ledidi_run-6_target-10.88_8	1151	T	A
ISL1_chr5:51398819-51399745_Ledidi_run-6_target-10.88_8	1162	T	G
ISL1_chr5:51398819-51399745_Ledidi_run-6_target-10.88_9	951	T	A
ISL1_chr5:51398819-51399745_Ledidi_run-6_target-10.88_9	958	T	G
ISL1_chr5:51398819-51399745_Ledidi_run-6_target-10.88_9	962	A	T
ISL1_chr5:51398819-51399745_Ledidi_run-6_target-10.88_9	969	T	G
ISL1_chr5:51398819-51399745_Ledidi_run-6_target-10.88_9	976	T	G
ISL1_chr5:51398819-51399745_Ledidi_run-6_target-10.88_9	989	C	G
ISL1_chr5:51398819-51399745_Ledidi_run-6_target-10.88_9	1001	C	G
ISL1_chr5:51398819-51399745_Ledidi_run-6_target-10.88_9	1006	A	T
ISL1_chr5:51398819-51399745_Ledidi_run-6_target-10.88_9	1009	G	T
ISL1_chr5:51398819-51399745_Ledidi_run-6_target-10.88_9	1011	C	G
ISL1_chr5:51398819-51399745_Ledidi_run-6_target-10.88_9	1017	G	C
ISL1_chr5:51398819-51399745_Ledidi_run-6_target-10.88_9	1047	T	C
ISL1_chr5:51398819-51399745_Ledidi_run-6_target-10.88_9	1064	A	C
ISL1_chr5:51398819-51399745_Ledidi_run-6_target-10.88_9	1065	G	C
ISL1_chr5:51398819-51399745_Ledidi_run-6_target-10.88_9	1070	G	C
ISL1_chr5:51398819-51399745_Ledidi_run-6_target-10.88_9	1071	G	T
ISL1_chr5:51398819-51399745_Ledidi_run-6_target-10.88_9	1118	G	T
ISL1_chr5:51398819-51399745_Ledidi_run-6_target-10.88_9	1120	G	T
ISL1_chr5:51398819-51399745_Ledidi_run-6_target-10.88_9	1127	C	G
ISL1_chr5:51398819-51399745_Ledidi_run-6_target-10.88_9	1130	G	C
ISL1_chr5:51398819-51399745_Ledidi_run-6_target-10.88_9	1132	C	T
ISL1_chr5:51398819-51399745_Ledidi_run-6_target-10.88_9	1133	C	A
ISL1_chr5:51398819-51399745_Ledidi_run-6_target-10.88_9	1136	G	T
ISL1_chr5:51398819-51399745_Ledidi_run-6_target-10.88_9	1142	G	T
ISL1_chr5:51398819-51399745_Ledidi_run-6_target-10.88_9	1143	T	A
ISL1_chr5:51398819-51399745_Ledidi_run-6_target-10.88_9	1151	T	A
ISL1_chr5:51398819-51399745_Ledidi_run-6_target-10.88_9	1162	T	G
ISL1_chr5:51398819-51399745_Ledidi_run-6_target-10.88_9	1184	C	T
ISL1_chr5:51398819-51399745_Ledidi_run-6_target-10.88_10	940	T	C
ISL1_chr5:51398819-51399745_Ledidi_run-6_target-10.88_10	941	T	G
ISL1_chr5:51398819-51399745_Ledidi_run-6_target-10.88_10	958	T	G
ISL1_chr5:51398819-51399745_Ledidi_run-6_target-10.88_10	962	A	T
ISL1_chr5:51398819-51399745_Ledidi_run-6_target-10.88_10	969	T	G
ISL1_chr5:51398819-51399745_Ledidi_run-6_target-10.88_10	976	T	G
ISL1_chr5:51398819-51399745_Ledidi_run-6_target-10.88_10	1001	C	G
ISL1_chr5:51398819-51399745_Ledidi_run-6_target-10.88_10	1006	A	T
ISL1_chr5:51398819-51399745_Ledidi_run-6_target-10.88_10	1009	G	T
ISL1_chr5:51398819-51399745_Ledidi_run-6_target-10.88_10	1011	C	G
ISL1_chr5:51398819-51399745_Ledidi_run-6_target-10.88_10	1017	G	C
ISL1_chr5:51398819-51399745_Ledidi_run-6_target-10.88_10	1064	A	C
ISL1_chr5:51398819-51399745_Ledidi_run-6_target-10.88_10	1065	G	C
ISL1_chr5:51398819-51399745_Ledidi_run-6_target-10.88_10	1070	G	C
ISL1_chr5:51398819-51399745_Ledidi_run-6_target-10.88_10	1071	G	T
ISL1_chr5:51398819-51399745_Ledidi_run-6_target-10.88_10	1087	A	C
ISL1_chr5:51398819-51399745_Ledidi_run-6_target-10.88_10	1118	G	T
ISL1_chr5:51398819-51399745_Ledidi_run-6_target-10.88_10	1120	G	T
ISL1_chr5:51398819-51399745_Ledidi_run-6_target-10.88_10	1127	C	G
ISL1_chr5:51398819-51399745_Ledidi_run-6_target-10.88_10	1130	G	C
ISL1_chr5:51398819-51399745_Ledidi_run-6_target-10.88_10	1132	C	T
ISL1_chr5:51398819-51399745_Ledidi_run-6_target-10.88_10	1133	C	A
ISL1_chr5:51398819-51399745_Ledidi_run-6_target-10.88_10	1136	G	T
ISL1_chr5:51398819-51399745_Ledidi_run-6_target-10.88_10	1142	G	T
ISL1_chr5:51398819-51399745_Ledidi_run-6_target-10.88_10	1143	T	A
ISL1_chr5:51398819-51399745_Ledidi_run-6_target-10.88_10	1151	T	A
ISL1_chr5:51398819-51399745_Ledidi_run-6_target-10.88_10	1162	T	G
ISL1_chr5:51398819-51399745_Ledidi_run-6_target-10.88_10	1184	C	T
ISL1_chr5:51398819-51399745_Ledidi_run-7_target-10.88_1	1091	C	A
ISL1_chr5:51398819-51399745_Ledidi_run-7_target-10.88_1	1102	G	T
ISL1_chr5:51398819-51399745_Ledidi_run-7_target-10.88_1	1103	C	G
ISL1_chr5:51398819-51399745_Ledidi_run-7_target-10.88_1	1104	G	A
ISL1_chr5:51398819-51399745_Ledidi_run-7_target-10.88_1	1122	G	T
ISL1_chr5:51398819-51399745_Ledidi_run-7_target-10.88_1	1136	G	T
ISL1_chr5:51398819-51399745_Ledidi_run-7_target-10.88_1	1142	G	T
ISL1_chr5:51398819-51399745_Ledidi_run-7_target-10.88_1	1143	T	C
ISL1_chr5:51398819-51399745_Ledidi_run-7_target-10.88_1	1144	A	G
ISL1_chr5:51398819-51399745_Ledidi_run-7_target-10.88_1	1147	C	T
ISL1_chr5:51398819-51399745_Ledidi_run-7_target-10.88_1	1152	G	A
ISL1_chr5:51398819-51399745_Ledidi_run-7_target-10.88_1	1163	C	A
ISL1_chr5:51398819-51399745_Ledidi_run-7_target-10.88_1	1173	A	C
ISL1_chr5:51398819-51399745_Ledidi_run-7_target-10.88_1	1185	G	A
ISL1_chr5:51398819-51399745_Ledidi_run-7_target-10.88_1	1188	A	T
ISL1_chr5:51398819-51399745_Ledidi_run-7_target-10.88_1	1191	G	T
ISL1_chr5:51398819-51399745_Ledidi_run-7_target-10.88_2	922	T	G
ISL1_chr5:51398819-51399745_Ledidi_run-7_target-10.88_2	944	T	C
ISL1_chr5:51398819-51399745_Ledidi_run-7_target-10.88_2	945	G	C
ISL1_chr5:51398819-51399745_Ledidi_run-7_target-10.88_2	953	C	T
ISL1_chr5:51398819-51399745_Ledidi_run-7_target-10.88_2	954	G	T
ISL1_chr5:51398819-51399745_Ledidi_run-7_target-10.88_2	957	A	G
ISL1_chr5:51398819-51399745_Ledidi_run-7_target-10.88_2	1091	C	A
ISL1_chr5:51398819-51399745_Ledidi_run-7_target-10.88_2	1102	G	T
ISL1_chr5:51398819-51399745_Ledidi_run-7_target-10.88_2	1103	C	G
ISL1_chr5:51398819-51399745_Ledidi_run-7_target-10.88_2	1104	G	A
ISL1_chr5:51398819-51399745_Ledidi_run-7_target-10.88_2	1122	G	T
ISL1_chr5:51398819-51399745_Ledidi_run-7_target-10.88_2	1136	G	T
ISL1_chr5:51398819-51399745_Ledidi_run-7_target-10.88_2	1142	G	T
ISL1_chr5:51398819-51399745_Ledidi_run-7_target-10.88_2	1143	T	C
ISL1_chr5:51398819-51399745_Ledidi_run-7_target-10.88_2	1144	A	G
ISL1_chr5:51398819-51399745_Ledidi_run-7_target-10.88_2	1147	C	T
ISL1_chr5:51398819-51399745_Ledidi_run-7_target-10.88_2	1152	G	A
ISL1_chr5:51398819-51399745_Ledidi_run-7_target-10.88_2	1163	C	A
ISL1_chr5:51398819-51399745_Ledidi_run-7_target-10.88_2	1173	A	C
ISL1_chr5:51398819-51399745_Ledidi_run-7_target-10.88_2	1185	G	A
ISL1_chr5:51398819-51399745_Ledidi_run-7_target-10.88_2	1188	A	T
ISL1_chr5:51398819-51399745_Ledidi_run-7_target-10.88_2	1191	G	T
ISL1_chr5:51398819-51399745_Ledidi_run-7_target-10.88_3	1073	C	T
ISL1_chr5:51398819-51399745_Ledidi_run-7_target-10.88_3	1081	T	G
ISL1_chr5:51398819-51399745_Ledidi_run-7_target-10.88_3	1084	G	A
ISL1_chr5:51398819-51399745_Ledidi_run-7_target-10.88_3	1091	C	A
ISL1_chr5:51398819-51399745_Ledidi_run-7_target-10.88_3	1093	C	T
ISL1_chr5:51398819-51399745_Ledidi_run-7_target-10.88_3	1102	G	T
ISL1_chr5:51398819-51399745_Ledidi_run-7_target-10.88_3	1103	C	G
ISL1_chr5:51398819-51399745_Ledidi_run-7_target-10.88_3	1104	G	A
ISL1_chr5:51398819-51399745_Ledidi_run-7_target-10.88_3	1107	C	G
ISL1_chr5:51398819-51399745_Ledidi_run-7_target-10.88_3	1122	G	T
ISL1_chr5:51398819-51399745_Ledidi_run-7_target-10.88_3	1136	G	T
ISL1_chr5:51398819-51399745_Ledidi_run-7_target-10.88_3	1142	G	T
ISL1_chr5:51398819-51399745_Ledidi_run-7_target-10.88_3	1143	T	C
ISL1_chr5:51398819-51399745_Ledidi_run-7_target-10.88_3	1144	A	G
ISL1_chr5:51398819-51399745_Ledidi_run-7_target-10.88_3	1147	C	T
ISL1_chr5:51398819-51399745_Ledidi_run-7_target-10.88_3	1152	G	A
ISL1_chr5:51398819-51399745_Ledidi_run-7_target-10.88_3	1163	C	A
ISL1_chr5:51398819-51399745_Ledidi_run-7_target-10.88_3	1173	A	C
ISL1_chr5:51398819-51399745_Ledidi_run-7_target-10.88_3	1185	G	A
ISL1_chr5:51398819-51399745_Ledidi_run-7_target-10.88_3	1188	A	T
ISL1_chr5:51398819-51399745_Ledidi_run-7_target-10.88_3	1191	G	T
ISL1_chr5:51398819-51399745_Ledidi_run-7_target-10.88_4	1073	C	T
ISL1_chr5:51398819-51399745_Ledidi_run-7_target-10.88_4	1077	C	G
ISL1_chr5:51398819-51399745_Ledidi_run-7_target-10.88_4	1081	T	G
ISL1_chr5:51398819-51399745_Ledidi_run-7_target-10.88_4	1083	C	T
ISL1_chr5:51398819-51399745_Ledidi_run-7_target-10.88_4	1085	G	C
ISL1_chr5:51398819-51399745_Ledidi_run-7_target-10.88_4	1089	C	G
ISL1_chr5:51398819-51399745_Ledidi_run-7_target-10.88_4	1091	C	A
ISL1_chr5:51398819-51399745_Ledidi_run-7_target-10.88_4	1102	G	T
ISL1_chr5:51398819-51399745_Ledidi_run-7_target-10.88_4	1104	G	A
ISL1_chr5:51398819-51399745_Ledidi_run-7_target-10.88_4	1122	G	T
ISL1_chr5:51398819-51399745_Ledidi_run-7_target-10.88_4	1136	G	T
ISL1_chr5:51398819-51399745_Ledidi_run-7_target-10.88_4	1142	G	T
ISL1_chr5:51398819-51399745_Ledidi_run-7_target-10.88_4	1143	T	C
ISL1_chr5:51398819-51399745_Ledidi_run-7_target-10.88_4	1144	A	G
ISL1_chr5:51398819-51399745_Ledidi_run-7_target-10.88_4	1147	C	T
ISL1_chr5:51398819-51399745_Ledidi_run-7_target-10.88_4	1152	G	A
ISL1_chr5:51398819-51399745_Ledidi_run-7_target-10.88_4	1163	C	A
ISL1_chr5:51398819-51399745_Ledidi_run-7_target-10.88_4	1185	G	A
ISL1_chr5:51398819-51399745_Ledidi_run-7_target-10.88_4	1188	A	T
ISL1_chr5:51398819-51399745_Ledidi_run-7_target-10.88_4	1191	G	T
ISL1_chr5:51398819-51399745_Ledidi_run-7_target-10.88_5	922	T	G
ISL1_chr5:51398819-51399745_Ledidi_run-7_target-10.88_5	932	T	A
ISL1_chr5:51398819-51399745_Ledidi_run-7_target-10.88_5	944	T	C
ISL1_chr5:51398819-51399745_Ledidi_run-7_target-10.88_5	945	G	C
ISL1_chr5:51398819-51399745_Ledidi_run-7_target-10.88_5	953	C	T
ISL1_chr5:51398819-51399745_Ledidi_run-7_target-10.88_5	954	G	T
ISL1_chr5:51398819-51399745_Ledidi_run-7_target-10.88_5	957	A	G
ISL1_chr5:51398819-51399745_Ledidi_run-7_target-10.88_5	1102	G	T
ISL1_chr5:51398819-51399745_Ledidi_run-7_target-10.88_5	1122	G	T
ISL1_chr5:51398819-51399745_Ledidi_run-7_target-10.88_5	1136	G	T
ISL1_chr5:51398819-51399745_Ledidi_run-7_target-10.88_5	1142	G	T
ISL1_chr5:51398819-51399745_Ledidi_run-7_target-10.88_5	1152	G	A
ISL1_chr5:51398819-51399745_Ledidi_run-7_target-10.88_5	1163	C	A
ISL1_chr5:51398819-51399745_Ledidi_run-7_target-10.88_5	1173	A	C
ISL1_chr5:51398819-51399745_Ledidi_run-7_target-10.88_5	1185	G	A
ISL1_chr5:51398819-51399745_Ledidi_run-7_target-10.88_5	1188	A	T
ISL1_chr5:51398819-51399745_Ledidi_run-7_target-10.88_5	1191	G	T
ISL1_chr5:51398819-51399745_Ledidi_run-7_target-10.88_6	1073	C	T
ISL1_chr5:51398819-51399745_Ledidi_run-7_target-10.88_6	1091	C	A
ISL1_chr5:51398819-51399745_Ledidi_run-7_target-10.88_6	1093	C	T
ISL1_chr5:51398819-51399745_Ledidi_run-7_target-10.88_6	1102	G	T
ISL1_chr5:51398819-51399745_Ledidi_run-7_target-10.88_6	1103	C	G
ISL1_chr5:51398819-51399745_Ledidi_run-7_target-10.88_6	1104	G	A
ISL1_chr5:51398819-51399745_Ledidi_run-7_target-10.88_6	1107	C	G
ISL1_chr5:51398819-51399745_Ledidi_run-7_target-10.88_6	1122	G	T
ISL1_chr5:51398819-51399745_Ledidi_run-7_target-10.88_6	1136	G	T
ISL1_chr5:51398819-51399745_Ledidi_run-7_target-10.88_6	1142	G	T
ISL1_chr5:51398819-51399745_Ledidi_run-7_target-10.88_6	1143	T	C
ISL1_chr5:51398819-51399745_Ledidi_run-7_target-10.88_6	1144	A	G
ISL1_chr5:51398819-51399745_Ledidi_run-7_target-10.88_6	1147	C	T
ISL1_chr5:51398819-51399745_Ledidi_run-7_target-10.88_6	1152	G	A
ISL1_chr5:51398819-51399745_Ledidi_run-7_target-10.88_6	1163	C	A
ISL1_chr5:51398819-51399745_Ledidi_run-7_target-10.88_6	1173	A	C
ISL1_chr5:51398819-51399745_Ledidi_run-7_target-10.88_6	1185	G	A
ISL1_chr5:51398819-51399745_Ledidi_run-7_target-10.88_6	1188	A	T
ISL1_chr5:51398819-51399745_Ledidi_run-7_target-10.88_6	1191	G	T
ISL1_chr5:51398819-51399745_Ledidi_run-7_target-10.88_7	1056	T	G
ISL1_chr5:51398819-51399745_Ledidi_run-7_target-10.88_7	1058	T	G
ISL1_chr5:51398819-51399745_Ledidi_run-7_target-10.88_7	1060	G	T
ISL1_chr5:51398819-51399745_Ledidi_run-7_target-10.88_7	1073	C	T
ISL1_chr5:51398819-51399745_Ledidi_run-7_target-10.88_7	1077	C	G
ISL1_chr5:51398819-51399745_Ledidi_run-7_target-10.88_7	1083	C	T
ISL1_chr5:51398819-51399745_Ledidi_run-7_target-10.88_7	1087	A	C
ISL1_chr5:51398819-51399745_Ledidi_run-7_target-10.88_7	1089	C	G
ISL1_chr5:51398819-51399745_Ledidi_run-7_target-10.88_7	1091	C	A
ISL1_chr5:51398819-51399745_Ledidi_run-7_target-10.88_7	1102	G	T
ISL1_chr5:51398819-51399745_Ledidi_run-7_target-10.88_7	1103	C	G
ISL1_chr5:51398819-51399745_Ledidi_run-7_target-10.88_7	1104	G	A
ISL1_chr5:51398819-51399745_Ledidi_run-7_target-10.88_7	1122	G	T
ISL1_chr5:51398819-51399745_Ledidi_run-7_target-10.88_7	1136	G	T
ISL1_chr5:51398819-51399745_Ledidi_run-7_target-10.88_7	1142	G	T
ISL1_chr5:51398819-51399745_Ledidi_run-7_target-10.88_7	1143	T	C
ISL1_chr5:51398819-51399745_Ledidi_run-7_target-10.88_7	1144	A	G
ISL1_chr5:51398819-51399745_Ledidi_run-7_target-10.88_7	1147	C	T
ISL1_chr5:51398819-51399745_Ledidi_run-7_target-10.88_7	1152	G	A
ISL1_chr5:51398819-51399745_Ledidi_run-7_target-10.88_7	1163	C	A
ISL1_chr5:51398819-51399745_Ledidi_run-7_target-10.88_7	1185	G	A
ISL1_chr5:51398819-51399745_Ledidi_run-7_target-10.88_7	1188	A	T
ISL1_chr5:51398819-51399745_Ledidi_run-7_target-10.88_7	1191	G	T
ISL1_chr5:51398819-51399745_Ledidi_run-7_target-10.88_8	1091	C	A
ISL1_chr5:51398819-51399745_Ledidi_run-7_target-10.88_8	1093	C	T
ISL1_chr5:51398819-51399745_Ledidi_run-7_target-10.88_8	1102	G	T
ISL1_chr5:51398819-51399745_Ledidi_run-7_target-10.88_8	1103	C	G
ISL1_chr5:51398819-51399745_Ledidi_run-7_target-10.88_8	1104	G	A
ISL1_chr5:51398819-51399745_Ledidi_run-7_target-10.88_8	1107	C	G
ISL1_chr5:51398819-51399745_Ledidi_run-7_target-10.88_8	1122	G	T
ISL1_chr5:51398819-51399745_Ledidi_run-7_target-10.88_8	1136	G	T
ISL1_chr5:51398819-51399745_Ledidi_run-7_target-10.88_8	1142	G	T
ISL1_chr5:51398819-51399745_Ledidi_run-7_target-10.88_8	1143	T	C
ISL1_chr5:51398819-51399745_Ledidi_run-7_target-10.88_8	1144	A	G
ISL1_chr5:51398819-51399745_Ledidi_run-7_target-10.88_8	1147	C	T
ISL1_chr5:51398819-51399745_Ledidi_run-7_target-10.88_8	1152	G	A
ISL1_chr5:51398819-51399745_Ledidi_run-7_target-10.88_8	1163	C	A
ISL1_chr5:51398819-51399745_Ledidi_run-7_target-10.88_8	1173	A	C
ISL1_chr5:51398819-51399745_Ledidi_run-7_target-10.88_8	1185	G	A
ISL1_chr5:51398819-51399745_Ledidi_run-7_target-10.88_8	1188	A	T
ISL1_chr5:51398819-51399745_Ledidi_run-7_target-10.88_8	1191	G	T
ISL1_chr5:51398819-51399745_Ledidi_run-7_target-10.88_9	1081	T	G
ISL1_chr5:51398819-51399745_Ledidi_run-7_target-10.88_9	1083	C	T
ISL1_chr5:51398819-51399745_Ledidi_run-7_target-10.88_9	1085	G	C
ISL1_chr5:51398819-51399745_Ledidi_run-7_target-10.88_9	1089	C	G
ISL1_chr5:51398819-51399745_Ledidi_run-7_target-10.88_9	1091	C	A
ISL1_chr5:51398819-51399745_Ledidi_run-7_target-10.88_9	1102	G	T
ISL1_chr5:51398819-51399745_Ledidi_run-7_target-10.88_9	1122	G	T
ISL1_chr5:51398819-51399745_Ledidi_run-7_target-10.88_9	1136	G	T
ISL1_chr5:51398819-51399745_Ledidi_run-7_target-10.88_9	1142	G	T
ISL1_chr5:51398819-51399745_Ledidi_run-7_target-10.88_9	1143	T	C
ISL1_chr5:51398819-51399745_Ledidi_run-7_target-10.88_9	1144	A	G
ISL1_chr5:51398819-51399745_Ledidi_run-7_target-10.88_9	1147	C	T
ISL1_chr5:51398819-51399745_Ledidi_run-7_target-10.88_9	1152	G	A
ISL1_chr5:51398819-51399745_Ledidi_run-7_target-10.88_9	1163	C	A
ISL1_chr5:51398819-51399745_Ledidi_run-7_target-10.88_9	1173	A	C
ISL1_chr5:51398819-51399745_Ledidi_run-7_target-10.88_9	1185	G	A
ISL1_chr5:51398819-51399745_Ledidi_run-7_target-10.88_9	1188	A	T
ISL1_chr5:51398819-51399745_Ledidi_run-7_target-10.88_9	1191	G	T
ISL1_chr5:51398819-51399745_Ledidi_run-7_target-10.88_10	1073	C	T
ISL1_chr5:51398819-51399745_Ledidi_run-7_target-10.88_10	1091	C	A
ISL1_chr5:51398819-51399745_Ledidi_run-7_target-10.88_10	1102	G	T
ISL1_chr5:51398819-51399745_Ledidi_run-7_target-10.88_10	1103	C	G
ISL1_chr5:51398819-51399745_Ledidi_run-7_target-10.88_10	1104	G	A
ISL1_chr5:51398819-51399745_Ledidi_run-7_target-10.88_10	1122	G	T
ISL1_chr5:51398819-51399745_Ledidi_run-7_target-10.88_10	1136	G	T
ISL1_chr5:51398819-51399745_Ledidi_run-7_target-10.88_10	1142	G	T
ISL1_chr5:51398819-51399745_Ledidi_run-7_target-10.88_10	1143	T	C
ISL1_chr5:51398819-51399745_Ledidi_run-7_target-10.88_10	1144	A	G
ISL1_chr5:51398819-51399745_Ledidi_run-7_target-10.88_10	1147	C	T
ISL1_chr5:51398819-51399745_Ledidi_run-7_target-10.88_10	1152	G	A
ISL1_chr5:51398819-51399745_Ledidi_run-7_target-10.88_10	1163	C	A
ISL1_chr5:51398819-51399745_Ledidi_run-7_target-10.88_10	1173	A	C
ISL1_chr5:51398819-51399745_Ledidi_run-7_target-10.88_10	1185	G	A
ISL1_chr5:51398819-51399745_Ledidi_run-7_target-10.88_10	1188	A	T
ISL1_chr5:51398819-51399745_Ledidi_run-7_target-10.88_10	1191	G	T
ISL1_chr5:51398819-51399745_Ledidi_run-8_target-10.88_1	932	T	G
ISL1_chr5:51398819-51399745_Ledidi_run-8_target-10.88_1	938	G	C
ISL1_chr5:51398819-51399745_Ledidi_run-8_target-10.88_1	944	T	C
ISL1_chr5:51398819-51399745_Ledidi_run-8_target-10.88_1	945	G	C
ISL1_chr5:51398819-51399745_Ledidi_run-8_target-10.88_1	946	G	C
ISL1_chr5:51398819-51399745_Ledidi_run-8_target-10.88_1	949	A	G
ISL1_chr5:51398819-51399745_Ledidi_run-8_target-10.88_1	953	C	T
ISL1_chr5:51398819-51399745_Ledidi_run-8_target-10.88_1	962	A	C
ISL1_chr5:51398819-51399745_Ledidi_run-8_target-10.88_1	969	T	G
ISL1_chr5:51398819-51399745_Ledidi_run-8_target-10.88_1	973	T	G
ISL1_chr5:51398819-51399745_Ledidi_run-8_target-10.88_1	977	T	C
ISL1_chr5:51398819-51399745_Ledidi_run-8_target-10.88_1	1000	G	C
ISL1_chr5:51398819-51399745_Ledidi_run-8_target-10.88_1	1007	C	A
ISL1_chr5:51398819-51399745_Ledidi_run-8_target-10.88_1	1008	A	T
ISL1_chr5:51398819-51399745_Ledidi_run-8_target-10.88_1	1012	G	T
ISL1_chr5:51398819-51399745_Ledidi_run-8_target-10.88_1	1026	T	G
ISL1_chr5:51398819-51399745_Ledidi_run-8_target-10.88_1	1045	T	C
ISL1_chr5:51398819-51399745_Ledidi_run-8_target-10.88_1	1048	G	T
ISL1_chr5:51398819-51399745_Ledidi_run-8_target-10.88_1	1049	G	T
ISL1_chr5:51398819-51399745_Ledidi_run-8_target-10.88_1	1052	C	G
ISL1_chr5:51398819-51399745_Ledidi_run-8_target-10.88_1	1072	G	A
ISL1_chr5:51398819-51399745_Ledidi_run-8_target-10.88_1	1073	C	A
ISL1_chr5:51398819-51399745_Ledidi_run-8_target-10.88_1	1074	G	C
ISL1_chr5:51398819-51399745_Ledidi_run-8_target-10.88_1	1080	C	G
ISL1_chr5:51398819-51399745_Ledidi_run-8_target-10.88_1	1086	C	A
ISL1_chr5:51398819-51399745_Ledidi_run-8_target-10.88_1	1119	T	G
ISL1_chr5:51398819-51399745_Ledidi_run-8_target-10.88_1	1122	G	T
ISL1_chr5:51398819-51399745_Ledidi_run-8_target-10.88_1	1124	C	A
ISL1_chr5:51398819-51399745_Ledidi_run-8_target-10.88_1	1127	C	A
ISL1_chr5:51398819-51399745_Ledidi_run-8_target-10.88_1	1128	A	T
ISL1_chr5:51398819-51399745_Ledidi_run-8_target-10.88_1	1133	C	G
ISL1_chr5:51398819-51399745_Ledidi_run-8_target-10.88_2	931	C	G
ISL1_chr5:51398819-51399745_Ledidi_run-8_target-10.88_2	932	T	G
ISL1_chr5:51398819-51399745_Ledidi_run-8_target-10.88_2	938	G	C
ISL1_chr5:51398819-51399745_Ledidi_run-8_target-10.88_2	944	T	C
ISL1_chr5:51398819-51399745_Ledidi_run-8_target-10.88_2	945	G	C
ISL1_chr5:51398819-51399745_Ledidi_run-8_target-10.88_2	946	G	C
ISL1_chr5:51398819-51399745_Ledidi_run-8_target-10.88_2	949	A	G
ISL1_chr5:51398819-51399745_Ledidi_run-8_target-10.88_2	953	C	T
ISL1_chr5:51398819-51399745_Ledidi_run-8_target-10.88_2	957	A	T
ISL1_chr5:51398819-51399745_Ledidi_run-8_target-10.88_2	962	A	C
ISL1_chr5:51398819-51399745_Ledidi_run-8_target-10.88_2	969	T	G
ISL1_chr5:51398819-51399745_Ledidi_run-8_target-10.88_2	973	T	G
ISL1_chr5:51398819-51399745_Ledidi_run-8_target-10.88_2	982	C	A
ISL1_chr5:51398819-51399745_Ledidi_run-8_target-10.88_2	1000	G	C
ISL1_chr5:51398819-51399745_Ledidi_run-8_target-10.88_2	1007	C	A
ISL1_chr5:51398819-51399745_Ledidi_run-8_target-10.88_2	1008	A	G
ISL1_chr5:51398819-51399745_Ledidi_run-8_target-10.88_2	1011	C	T
ISL1_chr5:51398819-51399745_Ledidi_run-8_target-10.88_2	1052	C	G
ISL1_chr5:51398819-51399745_Ledidi_run-8_target-10.88_2	1072	G	A
ISL1_chr5:51398819-51399745_Ledidi_run-8_target-10.88_2	1073	C	A
ISL1_chr5:51398819-51399745_Ledidi_run-8_target-10.88_2	1074	G	C
ISL1_chr5:51398819-51399745_Ledidi_run-8_target-10.88_2	1080	C	G
ISL1_chr5:51398819-51399745_Ledidi_run-8_target-10.88_2	1095	T	A
ISL1_chr5:51398819-51399745_Ledidi_run-8_target-10.88_2	1106	A	G
ISL1_chr5:51398819-51399745_Ledidi_run-8_target-10.88_2	1119	T	G
ISL1_chr5:51398819-51399745_Ledidi_run-8_target-10.88_2	1127	C	A
ISL1_chr5:51398819-51399745_Ledidi_run-8_target-10.88_2	1128	A	T
ISL1_chr5:51398819-51399745_Ledidi_run-8_target-10.88_3	931	C	G
ISL1_chr5:51398819-51399745_Ledidi_run-8_target-10.88_3	932	T	G
ISL1_chr5:51398819-51399745_Ledidi_run-8_target-10.88_3	938	G	C
ISL1_chr5:51398819-51399745_Ledidi_run-8_target-10.88_3	944	T	C
ISL1_chr5:51398819-51399745_Ledidi_run-8_target-10.88_3	945	G	C
ISL1_chr5:51398819-51399745_Ledidi_run-8_target-10.88_3	946	G	C
ISL1_chr5:51398819-51399745_Ledidi_run-8_target-10.88_3	949	A	G
ISL1_chr5:51398819-51399745_Ledidi_run-8_target-10.88_3	957	A	T
ISL1_chr5:51398819-51399745_Ledidi_run-8_target-10.88_3	962	A	C
ISL1_chr5:51398819-51399745_Ledidi_run-8_target-10.88_3	969	T	G
ISL1_chr5:51398819-51399745_Ledidi_run-8_target-10.88_3	973	T	G
ISL1_chr5:51398819-51399745_Ledidi_run-8_target-10.88_3	982	C	A
ISL1_chr5:51398819-51399745_Ledidi_run-8_target-10.88_3	1000	G	C
ISL1_chr5:51398819-51399745_Ledidi_run-8_target-10.88_3	1007	C	A
ISL1_chr5:51398819-51399745_Ledidi_run-8_target-10.88_3	1008	A	G
ISL1_chr5:51398819-51399745_Ledidi_run-8_target-10.88_3	1011	C	T
ISL1_chr5:51398819-51399745_Ledidi_run-8_target-10.88_3	1012	G	T
ISL1_chr5:51398819-51399745_Ledidi_run-8_target-10.88_3	1026	T	G
ISL1_chr5:51398819-51399745_Ledidi_run-8_target-10.88_3	1048	G	T
ISL1_chr5:51398819-51399745_Ledidi_run-8_target-10.88_3	1049	G	T
ISL1_chr5:51398819-51399745_Ledidi_run-8_target-10.88_3	1050	T	C
ISL1_chr5:51398819-51399745_Ledidi_run-8_target-10.88_3	1052	C	G
ISL1_chr5:51398819-51399745_Ledidi_run-8_target-10.88_3	1072	G	A
ISL1_chr5:51398819-51399745_Ledidi_run-8_target-10.88_3	1073	C	A
ISL1_chr5:51398819-51399745_Ledidi_run-8_target-10.88_3	1074	G	C
ISL1_chr5:51398819-51399745_Ledidi_run-8_target-10.88_3	1080	C	G
ISL1_chr5:51398819-51399745_Ledidi_run-8_target-10.88_3	1095	T	A
ISL1_chr5:51398819-51399745_Ledidi_run-8_target-10.88_3	1106	A	G
ISL1_chr5:51398819-51399745_Ledidi_run-8_target-10.88_3	1119	T	G
ISL1_chr5:51398819-51399745_Ledidi_run-8_target-10.88_3	1127	C	A
ISL1_chr5:51398819-51399745_Ledidi_run-8_target-10.88_3	1128	A	T
ISL1_chr5:51398819-51399745_Ledidi_run-8_target-10.88_4	931	C	G
ISL1_chr5:51398819-51399745_Ledidi_run-8_target-10.88_4	932	T	G
ISL1_chr5:51398819-51399745_Ledidi_run-8_target-10.88_4	938	G	C
ISL1_chr5:51398819-51399745_Ledidi_run-8_target-10.88_4	944	T	C
ISL1_chr5:51398819-51399745_Ledidi_run-8_target-10.88_4	945	G	C
ISL1_chr5:51398819-51399745_Ledidi_run-8_target-10.88_4	946	G	C
ISL1_chr5:51398819-51399745_Ledidi_run-8_target-10.88_4	949	A	G
ISL1_chr5:51398819-51399745_Ledidi_run-8_target-10.88_4	953	C	T
ISL1_chr5:51398819-51399745_Ledidi_run-8_target-10.88_4	957	A	T
ISL1_chr5:51398819-51399745_Ledidi_run-8_target-10.88_4	962	A	C
ISL1_chr5:51398819-51399745_Ledidi_run-8_target-10.88_4	969	T	G
ISL1_chr5:51398819-51399745_Ledidi_run-8_target-10.88_4	977	T	C
ISL1_chr5:51398819-51399745_Ledidi_run-8_target-10.88_4	1007	C	A
ISL1_chr5:51398819-51399745_Ledidi_run-8_target-10.88_4	1008	A	G
ISL1_chr5:51398819-51399745_Ledidi_run-8_target-10.88_4	1011	C	T
ISL1_chr5:51398819-51399745_Ledidi_run-8_target-10.88_4	1045	T	C
ISL1_chr5:51398819-51399745_Ledidi_run-8_target-10.88_4	1048	G	T
ISL1_chr5:51398819-51399745_Ledidi_run-8_target-10.88_4	1049	G	T
ISL1_chr5:51398819-51399745_Ledidi_run-8_target-10.88_4	1050	T	C
ISL1_chr5:51398819-51399745_Ledidi_run-8_target-10.88_4	1052	C	G
ISL1_chr5:51398819-51399745_Ledidi_run-8_target-10.88_4	1060	G	A
ISL1_chr5:51398819-51399745_Ledidi_run-8_target-10.88_4	1072	G	A
ISL1_chr5:51398819-51399745_Ledidi_run-8_target-10.88_4	1073	C	A
ISL1_chr5:51398819-51399745_Ledidi_run-8_target-10.88_4	1074	G	C
ISL1_chr5:51398819-51399745_Ledidi_run-8_target-10.88_4	1080	C	G
ISL1_chr5:51398819-51399745_Ledidi_run-8_target-10.88_4	1086	C	A
ISL1_chr5:51398819-51399745_Ledidi_run-8_target-10.88_4	1106	A	G
ISL1_chr5:51398819-51399745_Ledidi_run-8_target-10.88_4	1119	T	G
ISL1_chr5:51398819-51399745_Ledidi_run-8_target-10.88_4	1122	G	T
ISL1_chr5:51398819-51399745_Ledidi_run-8_target-10.88_4	1124	C	A
ISL1_chr5:51398819-51399745_Ledidi_run-8_target-10.88_4	1127	C	A
ISL1_chr5:51398819-51399745_Ledidi_run-8_target-10.88_4	1128	A	T
ISL1_chr5:51398819-51399745_Ledidi_run-8_target-10.88_4	1133	C	G
ISL1_chr5:51398819-51399745_Ledidi_run-8_target-10.88_5	931	C	G
ISL1_chr5:51398819-51399745_Ledidi_run-8_target-10.88_5	932	T	G
ISL1_chr5:51398819-51399745_Ledidi_run-8_target-10.88_5	938	G	C
ISL1_chr5:51398819-51399745_Ledidi_run-8_target-10.88_5	944	T	C
ISL1_chr5:51398819-51399745_Ledidi_run-8_target-10.88_5	945	G	C
ISL1_chr5:51398819-51399745_Ledidi_run-8_target-10.88_5	946	G	C
ISL1_chr5:51398819-51399745_Ledidi_run-8_target-10.88_5	949	A	G
ISL1_chr5:51398819-51399745_Ledidi_run-8_target-10.88_5	953	C	T
ISL1_chr5:51398819-51399745_Ledidi_run-8_target-10.88_5	957	A	T
ISL1_chr5:51398819-51399745_Ledidi_run-8_target-10.88_5	962	A	C
ISL1_chr5:51398819-51399745_Ledidi_run-8_target-10.88_5	969	T	G
ISL1_chr5:51398819-51399745_Ledidi_run-8_target-10.88_5	982	C	A
ISL1_chr5:51398819-51399745_Ledidi_run-8_target-10.88_5	1000	G	C
ISL1_chr5:51398819-51399745_Ledidi_run-8_target-10.88_5	1007	C	A
ISL1_chr5:51398819-51399745_Ledidi_run-8_target-10.88_5	1008	A	G
ISL1_chr5:51398819-51399745_Ledidi_run-8_target-10.88_5	1011	C	T
ISL1_chr5:51398819-51399745_Ledidi_run-8_target-10.88_5	1052	C	G
ISL1_chr5:51398819-51399745_Ledidi_run-8_target-10.88_5	1072	G	A
ISL1_chr5:51398819-51399745_Ledidi_run-8_target-10.88_5	1073	C	A
ISL1_chr5:51398819-51399745_Ledidi_run-8_target-10.88_5	1074	G	C
ISL1_chr5:51398819-51399745_Ledidi_run-8_target-10.88_5	1080	C	G
ISL1_chr5:51398819-51399745_Ledidi_run-8_target-10.88_5	1119	T	G
ISL1_chr5:51398819-51399745_Ledidi_run-8_target-10.88_5	1124	C	A
ISL1_chr5:51398819-51399745_Ledidi_run-8_target-10.88_5	1127	C	A
ISL1_chr5:51398819-51399745_Ledidi_run-8_target-10.88_5	1128	A	T
ISL1_chr5:51398819-51399745_Ledidi_run-8_target-10.88_5	1133	C	G
ISL1_chr5:51398819-51399745_Ledidi_run-8_target-10.88_6	932	T	G
ISL1_chr5:51398819-51399745_Ledidi_run-8_target-10.88_6	938	G	C
ISL1_chr5:51398819-51399745_Ledidi_run-8_target-10.88_6	944	T	C
ISL1_chr5:51398819-51399745_Ledidi_run-8_target-10.88_6	945	G	C
ISL1_chr5:51398819-51399745_Ledidi_run-8_target-10.88_6	946	G	C
ISL1_chr5:51398819-51399745_Ledidi_run-8_target-10.88_6	949	A	G
ISL1_chr5:51398819-51399745_Ledidi_run-8_target-10.88_6	953	C	T
ISL1_chr5:51398819-51399745_Ledidi_run-8_target-10.88_6	962	A	C
ISL1_chr5:51398819-51399745_Ledidi_run-8_target-10.88_6	969	T	G
ISL1_chr5:51398819-51399745_Ledidi_run-8_target-10.88_6	973	T	G
ISL1_chr5:51398819-51399745_Ledidi_run-8_target-10.88_6	977	T	C
ISL1_chr5:51398819-51399745_Ledidi_run-8_target-10.88_6	1000	G	C
ISL1_chr5:51398819-51399745_Ledidi_run-8_target-10.88_6	1007	C	A
ISL1_chr5:51398819-51399745_Ledidi_run-8_target-10.88_6	1008	A	G
ISL1_chr5:51398819-51399745_Ledidi_run-8_target-10.88_6	1011	C	T
ISL1_chr5:51398819-51399745_Ledidi_run-8_target-10.88_6	1052	C	G
ISL1_chr5:51398819-51399745_Ledidi_run-8_target-10.88_6	1072	G	A
ISL1_chr5:51398819-51399745_Ledidi_run-8_target-10.88_6	1073	C	A
ISL1_chr5:51398819-51399745_Ledidi_run-8_target-10.88_6	1074	G	C
ISL1_chr5:51398819-51399745_Ledidi_run-8_target-10.88_6	1080	C	G
ISL1_chr5:51398819-51399745_Ledidi_run-8_target-10.88_6	1095	T	A
ISL1_chr5:51398819-51399745_Ledidi_run-8_target-10.88_6	1106	A	G
ISL1_chr5:51398819-51399745_Ledidi_run-8_target-10.88_6	1119	T	G
ISL1_chr5:51398819-51399745_Ledidi_run-8_target-10.88_6	1122	G	T
ISL1_chr5:51398819-51399745_Ledidi_run-8_target-10.88_6	1124	C	A
ISL1_chr5:51398819-51399745_Ledidi_run-8_target-10.88_6	1127	C	A
ISL1_chr5:51398819-51399745_Ledidi_run-8_target-10.88_6	1128	A	T
ISL1_chr5:51398819-51399745_Ledidi_run-8_target-10.88_6	1133	C	G
ISL1_chr5:51398819-51399745_Ledidi_run-8_target-10.88_7	931	C	G
ISL1_chr5:51398819-51399745_Ledidi_run-8_target-10.88_7	932	T	G
ISL1_chr5:51398819-51399745_Ledidi_run-8_target-10.88_7	938	G	C
ISL1_chr5:51398819-51399745_Ledidi_run-8_target-10.88_7	944	T	C
ISL1_chr5:51398819-51399745_Ledidi_run-8_target-10.88_7	945	G	C
ISL1_chr5:51398819-51399745_Ledidi_run-8_target-10.88_7	946	G	C
ISL1_chr5:51398819-51399745_Ledidi_run-8_target-10.88_7	949	A	G
ISL1_chr5:51398819-51399745_Ledidi_run-8_target-10.88_7	953	C	T
ISL1_chr5:51398819-51399745_Ledidi_run-8_target-10.88_7	957	A	T
ISL1_chr5:51398819-51399745_Ledidi_run-8_target-10.88_7	962	A	C
ISL1_chr5:51398819-51399745_Ledidi_run-8_target-10.88_7	969	T	G
ISL1_chr5:51398819-51399745_Ledidi_run-8_target-10.88_7	982	C	A
ISL1_chr5:51398819-51399745_Ledidi_run-8_target-10.88_7	1000	G	C
ISL1_chr5:51398819-51399745_Ledidi_run-8_target-10.88_7	1007	C	A
ISL1_chr5:51398819-51399745_Ledidi_run-8_target-10.88_7	1008	A	G
ISL1_chr5:51398819-51399745_Ledidi_run-8_target-10.88_7	1011	C	T
ISL1_chr5:51398819-51399745_Ledidi_run-8_target-10.88_7	1012	G	T
ISL1_chr5:51398819-51399745_Ledidi_run-8_target-10.88_7	1026	T	G
ISL1_chr5:51398819-51399745_Ledidi_run-8_target-10.88_7	1045	T	C
ISL1_chr5:51398819-51399745_Ledidi_run-8_target-10.88_7	1052	C	G
ISL1_chr5:51398819-51399745_Ledidi_run-8_target-10.88_7	1072	G	A
ISL1_chr5:51398819-51399745_Ledidi_run-8_target-10.88_7	1073	C	A
ISL1_chr5:51398819-51399745_Ledidi_run-8_target-10.88_7	1074	G	C
ISL1_chr5:51398819-51399745_Ledidi_run-8_target-10.88_7	1080	C	G
ISL1_chr5:51398819-51399745_Ledidi_run-8_target-10.88_7	1095	T	A
ISL1_chr5:51398819-51399745_Ledidi_run-8_target-10.88_7	1119	T	G
ISL1_chr5:51398819-51399745_Ledidi_run-8_target-10.88_7	1122	G	T
ISL1_chr5:51398819-51399745_Ledidi_run-8_target-10.88_7	1124	C	A
ISL1_chr5:51398819-51399745_Ledidi_run-8_target-10.88_7	1127	C	A
ISL1_chr5:51398819-51399745_Ledidi_run-8_target-10.88_7	1128	A	T
ISL1_chr5:51398819-51399745_Ledidi_run-8_target-10.88_7	1133	C	G
ISL1_chr5:51398819-51399745_Ledidi_run-8_target-10.88_8	931	C	G
ISL1_chr5:51398819-51399745_Ledidi_run-8_target-10.88_8	932	T	G
ISL1_chr5:51398819-51399745_Ledidi_run-8_target-10.88_8	938	G	C
ISL1_chr5:51398819-51399745_Ledidi_run-8_target-10.88_8	944	T	C
ISL1_chr5:51398819-51399745_Ledidi_run-8_target-10.88_8	945	G	C
ISL1_chr5:51398819-51399745_Ledidi_run-8_target-10.88_8	946	G	C
ISL1_chr5:51398819-51399745_Ledidi_run-8_target-10.88_8	949	A	G
ISL1_chr5:51398819-51399745_Ledidi_run-8_target-10.88_8	957	A	T
ISL1_chr5:51398819-51399745_Ledidi_run-8_target-10.88_8	962	A	C
ISL1_chr5:51398819-51399745_Ledidi_run-8_target-10.88_8	969	T	G
ISL1_chr5:51398819-51399745_Ledidi_run-8_target-10.88_8	973	T	G
ISL1_chr5:51398819-51399745_Ledidi_run-8_target-10.88_8	982	C	A
ISL1_chr5:51398819-51399745_Ledidi_run-8_target-10.88_8	1000	G	C
ISL1_chr5:51398819-51399745_Ledidi_run-8_target-10.88_8	1007	C	A
ISL1_chr5:51398819-51399745_Ledidi_run-8_target-10.88_8	1008	A	G
ISL1_chr5:51398819-51399745_Ledidi_run-8_target-10.88_8	1012	G	T
ISL1_chr5:51398819-51399745_Ledidi_run-8_target-10.88_8	1052	C	G
ISL1_chr5:51398819-51399745_Ledidi_run-8_target-10.88_8	1072	G	A
ISL1_chr5:51398819-51399745_Ledidi_run-8_target-10.88_8	1073	C	A
ISL1_chr5:51398819-51399745_Ledidi_run-8_target-10.88_8	1074	G	C
ISL1_chr5:51398819-51399745_Ledidi_run-8_target-10.88_8	1080	C	G
ISL1_chr5:51398819-51399745_Ledidi_run-8_target-10.88_8	1095	T	A
ISL1_chr5:51398819-51399745_Ledidi_run-8_target-10.88_8	1119	T	G
ISL1_chr5:51398819-51399745_Ledidi_run-8_target-10.88_8	1122	G	T
ISL1_chr5:51398819-51399745_Ledidi_run-8_target-10.88_8	1124	C	A
ISL1_chr5:51398819-51399745_Ledidi_run-8_target-10.88_8	1127	C	A
ISL1_chr5:51398819-51399745_Ledidi_run-8_target-10.88_8	1128	A	T
ISL1_chr5:51398819-51399745_Ledidi_run-8_target-10.88_8	1133	C	G
ISL1_chr5:51398819-51399745_Ledidi_run-8_target-10.88_9	931	C	G
ISL1_chr5:51398819-51399745_Ledidi_run-8_target-10.88_9	932	T	G
ISL1_chr5:51398819-51399745_Ledidi_run-8_target-10.88_9	938	G	C
ISL1_chr5:51398819-51399745_Ledidi_run-8_target-10.88_9	944	T	C
ISL1_chr5:51398819-51399745_Ledidi_run-8_target-10.88_9	945	G	C
ISL1_chr5:51398819-51399745_Ledidi_run-8_target-10.88_9	946	G	C
ISL1_chr5:51398819-51399745_Ledidi_run-8_target-10.88_9	949	A	G
ISL1_chr5:51398819-51399745_Ledidi_run-8_target-10.88_9	953	C	T
ISL1_chr5:51398819-51399745_Ledidi_run-8_target-10.88_9	957	A	T
ISL1_chr5:51398819-51399745_Ledidi_run-8_target-10.88_9	962	A	C
ISL1_chr5:51398819-51399745_Ledidi_run-8_target-10.88_9	969	T	G
ISL1_chr5:51398819-51399745_Ledidi_run-8_target-10.88_9	973	T	G
ISL1_chr5:51398819-51399745_Ledidi_run-8_target-10.88_9	977	T	C
ISL1_chr5:51398819-51399745_Ledidi_run-8_target-10.88_9	982	C	A
ISL1_chr5:51398819-51399745_Ledidi_run-8_target-10.88_9	1000	G	C
ISL1_chr5:51398819-51399745_Ledidi_run-8_target-10.88_9	1007	C	A
ISL1_chr5:51398819-51399745_Ledidi_run-8_target-10.88_9	1008	A	G
ISL1_chr5:51398819-51399745_Ledidi_run-8_target-10.88_9	1011	C	T
ISL1_chr5:51398819-51399745_Ledidi_run-8_target-10.88_9	1052	C	G
ISL1_chr5:51398819-51399745_Ledidi_run-8_target-10.88_9	1072	G	A
ISL1_chr5:51398819-51399745_Ledidi_run-8_target-10.88_9	1073	C	A
ISL1_chr5:51398819-51399745_Ledidi_run-8_target-10.88_9	1074	G	C
ISL1_chr5:51398819-51399745_Ledidi_run-8_target-10.88_9	1080	C	G
ISL1_chr5:51398819-51399745_Ledidi_run-8_target-10.88_9	1119	T	G
ISL1_chr5:51398819-51399745_Ledidi_run-8_target-10.88_9	1124	C	A
ISL1_chr5:51398819-51399745_Ledidi_run-8_target-10.88_9	1127	C	A
ISL1_chr5:51398819-51399745_Ledidi_run-8_target-10.88_9	1128	A	T
ISL1_chr5:51398819-51399745_Ledidi_run-8_target-10.88_9	1133	C	G
ISL1_chr5:51398819-51399745_Ledidi_run-8_target-10.88_9	1188	A	G
ISL1_chr5:51398819-51399745_Ledidi_run-8_target-10.88_10	931	C	G
ISL1_chr5:51398819-51399745_Ledidi_run-8_target-10.88_10	932	T	G
ISL1_chr5:51398819-51399745_Ledidi_run-8_target-10.88_10	938	G	C
ISL1_chr5:51398819-51399745_Ledidi_run-8_target-10.88_10	944	T	C
ISL1_chr5:51398819-51399745_Ledidi_run-8_target-10.88_10	945	G	C
ISL1_chr5:51398819-51399745_Ledidi_run-8_target-10.88_10	946	G	C
ISL1_chr5:51398819-51399745_Ledidi_run-8_target-10.88_10	949	A	G
ISL1_chr5:51398819-51399745_Ledidi_run-8_target-10.88_10	953	C	T
ISL1_chr5:51398819-51399745_Ledidi_run-8_target-10.88_10	957	A	T
ISL1_chr5:51398819-51399745_Ledidi_run-8_target-10.88_10	962	A	C
ISL1_chr5:51398819-51399745_Ledidi_run-8_target-10.88_10	969	T	G
ISL1_chr5:51398819-51399745_Ledidi_run-8_target-10.88_10	982	C	A
ISL1_chr5:51398819-51399745_Ledidi_run-8_target-10.88_10	1000	G	C
ISL1_chr5:51398819-51399745_Ledidi_run-8_target-10.88_10	1007	C	A
ISL1_chr5:51398819-51399745_Ledidi_run-8_target-10.88_10	1008	A	G
ISL1_chr5:51398819-51399745_Ledidi_run-8_target-10.88_10	1011	C	T
ISL1_chr5:51398819-51399745_Ledidi_run-8_target-10.88_10	1012	G	T
ISL1_chr5:51398819-51399745_Ledidi_run-8_target-10.88_10	1026	T	G
ISL1_chr5:51398819-51399745_Ledidi_run-8_target-10.88_10	1045	T	C
ISL1_chr5:51398819-51399745_Ledidi_run-8_target-10.88_10	1052	C	G
ISL1_chr5:51398819-51399745_Ledidi_run-8_target-10.88_10	1072	G	A
ISL1_chr5:51398819-51399745_Ledidi_run-8_target-10.88_10	1073	C	A
ISL1_chr5:51398819-51399745_Ledidi_run-8_target-10.88_10	1074	G	C
ISL1_chr5:51398819-51399745_Ledidi_run-8_target-10.88_10	1080	C	G
ISL1_chr5:51398819-51399745_Ledidi_run-8_target-10.88_10	1095	T	A
ISL1_chr5:51398819-51399745_Ledidi_run-8_target-10.88_10	1119	T	G
ISL1_chr5:51398819-51399745_Ledidi_run-8_target-10.88_10	1122	G	T
ISL1_chr5:51398819-51399745_Ledidi_run-8_target-10.88_10	1124	C	A
ISL1_chr5:51398819-51399745_Ledidi_run-8_target-10.88_10	1127	C	A
ISL1_chr5:51398819-51399745_Ledidi_run-8_target-10.88_10	1128	A	T
ISL1_chr5:51398819-51399745_Ledidi_run-8_target-10.88_10	1133	C	G
ISL1_chr5:51398819-51399745_Ledidi_run-9_target-10.88_1	938	G	C
ISL1_chr5:51398819-51399745_Ledidi_run-9_target-10.88_1	944	T	C
ISL1_chr5:51398819-51399745_Ledidi_run-9_target-10.88_1	945	G	C
ISL1_chr5:51398819-51399745_Ledidi_run-9_target-10.88_1	946	G	A
ISL1_chr5:51398819-51399745_Ledidi_run-9_target-10.88_1	949	A	G
ISL1_chr5:51398819-51399745_Ledidi_run-9_target-10.88_1	950	A	C
ISL1_chr5:51398819-51399745_Ledidi_run-9_target-10.88_1	977	T	C
ISL1_chr5:51398819-51399745_Ledidi_run-9_target-10.88_1	988	C	T
ISL1_chr5:51398819-51399745_Ledidi_run-9_target-10.88_1	989	C	A
ISL1_chr5:51398819-51399745_Ledidi_run-9_target-10.88_1	990	T	G
ISL1_chr5:51398819-51399745_Ledidi_run-9_target-10.88_1	1015	G	C
ISL1_chr5:51398819-51399745_Ledidi_run-9_target-10.88_1	1022	G	T
ISL1_chr5:51398819-51399745_Ledidi_run-9_target-10.88_1	1023	G	C
ISL1_chr5:51398819-51399745_Ledidi_run-9_target-10.88_1	1024	C	A
ISL1_chr5:51398819-51399745_Ledidi_run-9_target-10.88_1	1025	G	T
ISL1_chr5:51398819-51399745_Ledidi_run-9_target-10.88_1	1031	C	T
ISL1_chr5:51398819-51399745_Ledidi_run-9_target-10.88_1	1039	G	T
ISL1_chr5:51398819-51399745_Ledidi_run-9_target-10.88_1	1041	C	A
ISL1_chr5:51398819-51399745_Ledidi_run-9_target-10.88_1	1047	T	C
ISL1_chr5:51398819-51399745_Ledidi_run-9_target-10.88_1	1048	G	T
ISL1_chr5:51398819-51399745_Ledidi_run-9_target-10.88_1	1049	G	T
ISL1_chr5:51398819-51399745_Ledidi_run-9_target-10.88_1	1050	T	C
ISL1_chr5:51398819-51399745_Ledidi_run-9_target-10.88_1	1052	C	G
ISL1_chr5:51398819-51399745_Ledidi_run-9_target-10.88_1	1053	C	G
ISL1_chr5:51398819-51399745_Ledidi_run-9_target-10.88_1	1054	C	T
ISL1_chr5:51398819-51399745_Ledidi_run-9_target-10.88_1	1056	T	G
ISL1_chr5:51398819-51399745_Ledidi_run-9_target-10.88_1	1057	G	A
ISL1_chr5:51398819-51399745_Ledidi_run-9_target-10.88_1	1062	G	C
ISL1_chr5:51398819-51399745_Ledidi_run-9_target-10.88_1	1095	T	A
ISL1_chr5:51398819-51399745_Ledidi_run-9_target-10.88_1	1142	G	T
ISL1_chr5:51398819-51399745_Ledidi_run-9_target-10.88_1	1147	C	T
ISL1_chr5:51398819-51399745_Ledidi_run-9_target-10.88_1	1163	C	A
ISL1_chr5:51398819-51399745_Ledidi_run-9_target-10.88_1	1165	T	G
ISL1_chr5:51398819-51399745_Ledidi_run-9_target-10.88_1	1170	C	A
ISL1_chr5:51398819-51399745_Ledidi_run-9_target-10.88_2	932	T	G
ISL1_chr5:51398819-51399745_Ledidi_run-9_target-10.88_2	938	G	C
ISL1_chr5:51398819-51399745_Ledidi_run-9_target-10.88_2	944	T	C
ISL1_chr5:51398819-51399745_Ledidi_run-9_target-10.88_2	945	G	C
ISL1_chr5:51398819-51399745_Ledidi_run-9_target-10.88_2	946	G	A
ISL1_chr5:51398819-51399745_Ledidi_run-9_target-10.88_2	950	A	C
ISL1_chr5:51398819-51399745_Ledidi_run-9_target-10.88_2	962	A	C
ISL1_chr5:51398819-51399745_Ledidi_run-9_target-10.88_2	975	C	T
ISL1_chr5:51398819-51399745_Ledidi_run-9_target-10.88_2	977	T	C
ISL1_chr5:51398819-51399745_Ledidi_run-9_target-10.88_2	988	C	T
ISL1_chr5:51398819-51399745_Ledidi_run-9_target-10.88_2	989	C	A
ISL1_chr5:51398819-51399745_Ledidi_run-9_target-10.88_2	990	T	G
ISL1_chr5:51398819-51399745_Ledidi_run-9_target-10.88_2	1005	C	G
ISL1_chr5:51398819-51399745_Ledidi_run-9_target-10.88_2	1013	C	G
ISL1_chr5:51398819-51399745_Ledidi_run-9_target-10.88_2	1015	G	C
ISL1_chr5:51398819-51399745_Ledidi_run-9_target-10.88_2	1022	G	T
ISL1_chr5:51398819-51399745_Ledidi_run-9_target-10.88_2	1023	G	C
ISL1_chr5:51398819-51399745_Ledidi_run-9_target-10.88_2	1024	C	A
ISL1_chr5:51398819-51399745_Ledidi_run-9_target-10.88_2	1025	G	T
ISL1_chr5:51398819-51399745_Ledidi_run-9_target-10.88_2	1048	G	T
ISL1_chr5:51398819-51399745_Ledidi_run-9_target-10.88_2	1049	G	T
ISL1_chr5:51398819-51399745_Ledidi_run-9_target-10.88_2	1050	T	C
ISL1_chr5:51398819-51399745_Ledidi_run-9_target-10.88_2	1052	C	G
ISL1_chr5:51398819-51399745_Ledidi_run-9_target-10.88_2	1053	C	G
ISL1_chr5:51398819-51399745_Ledidi_run-9_target-10.88_2	1063	C	T
ISL1_chr5:51398819-51399745_Ledidi_run-9_target-10.88_2	1086	C	T
ISL1_chr5:51398819-51399745_Ledidi_run-9_target-10.88_2	1095	T	A
ISL1_chr5:51398819-51399745_Ledidi_run-9_target-10.88_2	1096	G	T
ISL1_chr5:51398819-51399745_Ledidi_run-9_target-10.88_2	1098	A	T
ISL1_chr5:51398819-51399745_Ledidi_run-9_target-10.88_2	1142	G	T
ISL1_chr5:51398819-51399745_Ledidi_run-9_target-10.88_2	1147	C	T
ISL1_chr5:51398819-51399745_Ledidi_run-9_target-10.88_2	1163	C	A
ISL1_chr5:51398819-51399745_Ledidi_run-9_target-10.88_2	1164	T	A
ISL1_chr5:51398819-51399745_Ledidi_run-9_target-10.88_2	1170	C	A
ISL1_chr5:51398819-51399745_Ledidi_run-9_target-10.88_2	1184	C	G
ISL1_chr5:51398819-51399745_Ledidi_run-9_target-10.88_3	932	T	G
ISL1_chr5:51398819-51399745_Ledidi_run-9_target-10.88_3	944	T	C
ISL1_chr5:51398819-51399745_Ledidi_run-9_target-10.88_3	945	G	C
ISL1_chr5:51398819-51399745_Ledidi_run-9_target-10.88_3	955	G	C
ISL1_chr5:51398819-51399745_Ledidi_run-9_target-10.88_3	960	A	G
ISL1_chr5:51398819-51399745_Ledidi_run-9_target-10.88_3	966	A	G
ISL1_chr5:51398819-51399745_Ledidi_run-9_target-10.88_3	977	T	C
ISL1_chr5:51398819-51399745_Ledidi_run-9_target-10.88_3	988	C	T
ISL1_chr5:51398819-51399745_Ledidi_run-9_target-10.88_3	989	C	A
ISL1_chr5:51398819-51399745_Ledidi_run-9_target-10.88_3	990	T	G
ISL1_chr5:51398819-51399745_Ledidi_run-9_target-10.88_3	1015	G	C
ISL1_chr5:51398819-51399745_Ledidi_run-9_target-10.88_3	1022	G	T
ISL1_chr5:51398819-51399745_Ledidi_run-9_target-10.88_3	1023	G	C
ISL1_chr5:51398819-51399745_Ledidi_run-9_target-10.88_3	1024	C	A
ISL1_chr5:51398819-51399745_Ledidi_run-9_target-10.88_3	1025	G	T
ISL1_chr5:51398819-51399745_Ledidi_run-9_target-10.88_3	1031	C	T
ISL1_chr5:51398819-51399745_Ledidi_run-9_target-10.88_3	1039	G	T
ISL1_chr5:51398819-51399745_Ledidi_run-9_target-10.88_3	1040	G	A
ISL1_chr5:51398819-51399745_Ledidi_run-9_target-10.88_3	1041	C	A
ISL1_chr5:51398819-51399745_Ledidi_run-9_target-10.88_3	1047	T	C
ISL1_chr5:51398819-51399745_Ledidi_run-9_target-10.88_3	1048	G	T
ISL1_chr5:51398819-51399745_Ledidi_run-9_target-10.88_3	1049	G	T
ISL1_chr5:51398819-51399745_Ledidi_run-9_target-10.88_3	1050	T	C
ISL1_chr5:51398819-51399745_Ledidi_run-9_target-10.88_3	1052	C	G
ISL1_chr5:51398819-51399745_Ledidi_run-9_target-10.88_3	1053	C	G
ISL1_chr5:51398819-51399745_Ledidi_run-9_target-10.88_3	1054	C	T
ISL1_chr5:51398819-51399745_Ledidi_run-9_target-10.88_3	1056	T	G
ISL1_chr5:51398819-51399745_Ledidi_run-9_target-10.88_3	1057	G	A
ISL1_chr5:51398819-51399745_Ledidi_run-9_target-10.88_3	1062	G	C
ISL1_chr5:51398819-51399745_Ledidi_run-9_target-10.88_3	1086	C	T
ISL1_chr5:51398819-51399745_Ledidi_run-9_target-10.88_3	1095	T	A
ISL1_chr5:51398819-51399745_Ledidi_run-9_target-10.88_3	1096	G	T
ISL1_chr5:51398819-51399745_Ledidi_run-9_target-10.88_3	1163	C	A
ISL1_chr5:51398819-51399745_Ledidi_run-9_target-10.88_3	1164	T	A
ISL1_chr5:51398819-51399745_Ledidi_run-9_target-10.88_3	1165	T	G
ISL1_chr5:51398819-51399745_Ledidi_run-9_target-10.88_3	1184	C	G
ISL1_chr5:51398819-51399745_Ledidi_run-9_target-10.88_4	932	T	G
ISL1_chr5:51398819-51399745_Ledidi_run-9_target-10.88_4	944	T	C
ISL1_chr5:51398819-51399745_Ledidi_run-9_target-10.88_4	962	A	C
ISL1_chr5:51398819-51399745_Ledidi_run-9_target-10.88_4	977	T	C
ISL1_chr5:51398819-51399745_Ledidi_run-9_target-10.88_4	1013	C	G
ISL1_chr5:51398819-51399745_Ledidi_run-9_target-10.88_4	1015	G	C
ISL1_chr5:51398819-51399745_Ledidi_run-9_target-10.88_4	1022	G	T
ISL1_chr5:51398819-51399745_Ledidi_run-9_target-10.88_4	1023	G	C
ISL1_chr5:51398819-51399745_Ledidi_run-9_target-10.88_4	1024	C	A
ISL1_chr5:51398819-51399745_Ledidi_run-9_target-10.88_4	1039	G	T
ISL1_chr5:51398819-51399745_Ledidi_run-9_target-10.88_4	1040	G	A
ISL1_chr5:51398819-51399745_Ledidi_run-9_target-10.88_4	1041	C	A
ISL1_chr5:51398819-51399745_Ledidi_run-9_target-10.88_4	1047	T	C
ISL1_chr5:51398819-51399745_Ledidi_run-9_target-10.88_4	1048	G	T
ISL1_chr5:51398819-51399745_Ledidi_run-9_target-10.88_4	1049	G	T
ISL1_chr5:51398819-51399745_Ledidi_run-9_target-10.88_4	1050	T	C
ISL1_chr5:51398819-51399745_Ledidi_run-9_target-10.88_4	1052	C	G
ISL1_chr5:51398819-51399745_Ledidi_run-9_target-10.88_4	1053	C	G
ISL1_chr5:51398819-51399745_Ledidi_run-9_target-10.88_4	1054	C	T
ISL1_chr5:51398819-51399745_Ledidi_run-9_target-10.88_4	1056	T	G
ISL1_chr5:51398819-51399745_Ledidi_run-9_target-10.88_4	1057	G	A
ISL1_chr5:51398819-51399745_Ledidi_run-9_target-10.88_4	1062	G	C
ISL1_chr5:51398819-51399745_Ledidi_run-9_target-10.88_4	1086	C	T
ISL1_chr5:51398819-51399745_Ledidi_run-9_target-10.88_4	1095	T	A
ISL1_chr5:51398819-51399745_Ledidi_run-9_target-10.88_4	1098	A	T
ISL1_chr5:51398819-51399745_Ledidi_run-9_target-10.88_4	1142	G	T
ISL1_chr5:51398819-51399745_Ledidi_run-9_target-10.88_4	1147	C	T
ISL1_chr5:51398819-51399745_Ledidi_run-9_target-10.88_4	1163	C	A
ISL1_chr5:51398819-51399745_Ledidi_run-9_target-10.88_5	931	C	T
ISL1_chr5:51398819-51399745_Ledidi_run-9_target-10.88_5	932	T	G
ISL1_chr5:51398819-51399745_Ledidi_run-9_target-10.88_5	938	G	C
ISL1_chr5:51398819-51399745_Ledidi_run-9_target-10.88_5	944	T	C
ISL1_chr5:51398819-51399745_Ledidi_run-9_target-10.88_5	945	G	C
ISL1_chr5:51398819-51399745_Ledidi_run-9_target-10.88_5	950	A	C
ISL1_chr5:51398819-51399745_Ledidi_run-9_target-10.88_5	955	G	C
ISL1_chr5:51398819-51399745_Ledidi_run-9_target-10.88_5	962	A	C
ISL1_chr5:51398819-51399745_Ledidi_run-9_target-10.88_5	975	C	T
ISL1_chr5:51398819-51399745_Ledidi_run-9_target-10.88_5	977	T	C
ISL1_chr5:51398819-51399745_Ledidi_run-9_target-10.88_5	988	C	T
ISL1_chr5:51398819-51399745_Ledidi_run-9_target-10.88_5	989	C	A
ISL1_chr5:51398819-51399745_Ledidi_run-9_target-10.88_5	990	T	G
ISL1_chr5:51398819-51399745_Ledidi_run-9_target-10.88_5	1005	C	G
ISL1_chr5:51398819-51399745_Ledidi_run-9_target-10.88_5	1013	C	G
ISL1_chr5:51398819-51399745_Ledidi_run-9_target-10.88_5	1015	G	C
ISL1_chr5:51398819-51399745_Ledidi_run-9_target-10.88_5	1022	G	T
ISL1_chr5:51398819-51399745_Ledidi_run-9_target-10.88_5	1023	G	C
ISL1_chr5:51398819-51399745_Ledidi_run-9_target-10.88_5	1024	C	A
ISL1_chr5:51398819-51399745_Ledidi_run-9_target-10.88_5	1039	G	T
ISL1_chr5:51398819-51399745_Ledidi_run-9_target-10.88_5	1040	G	A
ISL1_chr5:51398819-51399745_Ledidi_run-9_target-10.88_5	1041	C	A
ISL1_chr5:51398819-51399745_Ledidi_run-9_target-10.88_5	1047	T	C
ISL1_chr5:51398819-51399745_Ledidi_run-9_target-10.88_5	1048	G	T
ISL1_chr5:51398819-51399745_Ledidi_run-9_target-10.88_5	1049	G	T
ISL1_chr5:51398819-51399745_Ledidi_run-9_target-10.88_5	1050	T	C
ISL1_chr5:51398819-51399745_Ledidi_run-9_target-10.88_5	1052	C	G
ISL1_chr5:51398819-51399745_Ledidi_run-9_target-10.88_5	1053	C	G
ISL1_chr5:51398819-51399745_Ledidi_run-9_target-10.88_5	1054	C	T
ISL1_chr5:51398819-51399745_Ledidi_run-9_target-10.88_5	1056	T	G
ISL1_chr5:51398819-51399745_Ledidi_run-9_target-10.88_5	1057	G	A
ISL1_chr5:51398819-51399745_Ledidi_run-9_target-10.88_5	1062	G	C
ISL1_chr5:51398819-51399745_Ledidi_run-9_target-10.88_5	1086	C	T
ISL1_chr5:51398819-51399745_Ledidi_run-9_target-10.88_5	1095	T	A
ISL1_chr5:51398819-51399745_Ledidi_run-9_target-10.88_5	1098	A	T
ISL1_chr5:51398819-51399745_Ledidi_run-9_target-10.88_5	1142	G	T
ISL1_chr5:51398819-51399745_Ledidi_run-9_target-10.88_5	1147	C	T
ISL1_chr5:51398819-51399745_Ledidi_run-9_target-10.88_5	1163	C	A
ISL1_chr5:51398819-51399745_Ledidi_run-9_target-10.88_5	1164	T	A
ISL1_chr5:51398819-51399745_Ledidi_run-9_target-10.88_5	1170	C	A
ISL1_chr5:51398819-51399745_Ledidi_run-9_target-10.88_6	931	C	A
ISL1_chr5:51398819-51399745_Ledidi_run-9_target-10.88_6	932	T	G
ISL1_chr5:51398819-51399745_Ledidi_run-9_target-10.88_6	944	T	C
ISL1_chr5:51398819-51399745_Ledidi_run-9_target-10.88_6	946	G	A
ISL1_chr5:51398819-51399745_Ledidi_run-9_target-10.88_6	950	A	C
ISL1_chr5:51398819-51399745_Ledidi_run-9_target-10.88_6	952	G	C
ISL1_chr5:51398819-51399745_Ledidi_run-9_target-10.88_6	962	A	C
ISL1_chr5:51398819-51399745_Ledidi_run-9_target-10.88_6	975	C	T
ISL1_chr5:51398819-51399745_Ledidi_run-9_target-10.88_6	977	T	C
ISL1_chr5:51398819-51399745_Ledidi_run-9_target-10.88_6	988	C	T
ISL1_chr5:51398819-51399745_Ledidi_run-9_target-10.88_6	989	C	A
ISL1_chr5:51398819-51399745_Ledidi_run-9_target-10.88_6	990	T	G
ISL1_chr5:51398819-51399745_Ledidi_run-9_target-10.88_6	1015	G	C
ISL1_chr5:51398819-51399745_Ledidi_run-9_target-10.88_6	1022	G	T
ISL1_chr5:51398819-51399745_Ledidi_run-9_target-10.88_6	1023	G	C
ISL1_chr5:51398819-51399745_Ledidi_run-9_target-10.88_6	1024	C	A
ISL1_chr5:51398819-51399745_Ledidi_run-9_target-10.88_6	1025	G	T
ISL1_chr5:51398819-51399745_Ledidi_run-9_target-10.88_6	1031	C	T
ISL1_chr5:51398819-51399745_Ledidi_run-9_target-10.88_6	1039	G	T
ISL1_chr5:51398819-51399745_Ledidi_run-9_target-10.88_6	1041	C	A
ISL1_chr5:51398819-51399745_Ledidi_run-9_target-10.88_6	1047	T	C
ISL1_chr5:51398819-51399745_Ledidi_run-9_target-10.88_6	1048	G	T
ISL1_chr5:51398819-51399745_Ledidi_run-9_target-10.88_6	1049	G	T
ISL1_chr5:51398819-51399745_Ledidi_run-9_target-10.88_6	1050	T	C
ISL1_chr5:51398819-51399745_Ledidi_run-9_target-10.88_6	1052	C	G
ISL1_chr5:51398819-51399745_Ledidi_run-9_target-10.88_6	1053	C	G
ISL1_chr5:51398819-51399745_Ledidi_run-9_target-10.88_6	1054	C	T
ISL1_chr5:51398819-51399745_Ledidi_run-9_target-10.88_6	1056	T	G
ISL1_chr5:51398819-51399745_Ledidi_run-9_target-10.88_6	1057	G	A
ISL1_chr5:51398819-51399745_Ledidi_run-9_target-10.88_6	1062	G	C
ISL1_chr5:51398819-51399745_Ledidi_run-9_target-10.88_6	1095	T	A
ISL1_chr5:51398819-51399745_Ledidi_run-9_target-10.88_6	1118	G	T
ISL1_chr5:51398819-51399745_Ledidi_run-9_target-10.88_6	1142	G	T
ISL1_chr5:51398819-51399745_Ledidi_run-9_target-10.88_6	1147	C	T
ISL1_chr5:51398819-51399745_Ledidi_run-9_target-10.88_6	1163	C	A
ISL1_chr5:51398819-51399745_Ledidi_run-9_target-10.88_7	931	C	T
ISL1_chr5:51398819-51399745_Ledidi_run-9_target-10.88_7	932	T	G
ISL1_chr5:51398819-51399745_Ledidi_run-9_target-10.88_7	938	G	C
ISL1_chr5:51398819-51399745_Ledidi_run-9_target-10.88_7	944	T	C
ISL1_chr5:51398819-51399745_Ledidi_run-9_target-10.88_7	950	A	C
ISL1_chr5:51398819-51399745_Ledidi_run-9_target-10.88_7	952	G	C
ISL1_chr5:51398819-51399745_Ledidi_run-9_target-10.88_7	962	A	C
ISL1_chr5:51398819-51399745_Ledidi_run-9_target-10.88_7	966	A	G
ISL1_chr5:51398819-51399745_Ledidi_run-9_target-10.88_7	975	C	T
ISL1_chr5:51398819-51399745_Ledidi_run-9_target-10.88_7	977	T	C
ISL1_chr5:51398819-51399745_Ledidi_run-9_target-10.88_7	988	C	T
ISL1_chr5:51398819-51399745_Ledidi_run-9_target-10.88_7	989	C	A
ISL1_chr5:51398819-51399745_Ledidi_run-9_target-10.88_7	990	T	G
ISL1_chr5:51398819-51399745_Ledidi_run-9_target-10.88_7	1005	C	G
ISL1_chr5:51398819-51399745_Ledidi_run-9_target-10.88_7	1013	C	G
ISL1_chr5:51398819-51399745_Ledidi_run-9_target-10.88_7	1015	G	C
ISL1_chr5:51398819-51399745_Ledidi_run-9_target-10.88_7	1022	G	T
ISL1_chr5:51398819-51399745_Ledidi_run-9_target-10.88_7	1023	G	C
ISL1_chr5:51398819-51399745_Ledidi_run-9_target-10.88_7	1024	C	A
ISL1_chr5:51398819-51399745_Ledidi_run-9_target-10.88_7	1039	G	T
ISL1_chr5:51398819-51399745_Ledidi_run-9_target-10.88_7	1040	G	A
ISL1_chr5:51398819-51399745_Ledidi_run-9_target-10.88_7	1041	C	A
ISL1_chr5:51398819-51399745_Ledidi_run-9_target-10.88_7	1047	T	C
ISL1_chr5:51398819-51399745_Ledidi_run-9_target-10.88_7	1048	G	T
ISL1_chr5:51398819-51399745_Ledidi_run-9_target-10.88_7	1049	G	T
ISL1_chr5:51398819-51399745_Ledidi_run-9_target-10.88_7	1050	T	C
ISL1_chr5:51398819-51399745_Ledidi_run-9_target-10.88_7	1052	C	G
ISL1_chr5:51398819-51399745_Ledidi_run-9_target-10.88_7	1053	C	G
ISL1_chr5:51398819-51399745_Ledidi_run-9_target-10.88_7	1054	C	T
ISL1_chr5:51398819-51399745_Ledidi_run-9_target-10.88_7	1056	T	G
ISL1_chr5:51398819-51399745_Ledidi_run-9_target-10.88_7	1057	G	A
ISL1_chr5:51398819-51399745_Ledidi_run-9_target-10.88_7	1062	G	C
ISL1_chr5:51398819-51399745_Ledidi_run-9_target-10.88_7	1086	C	T
ISL1_chr5:51398819-51399745_Ledidi_run-9_target-10.88_7	1095	T	A
ISL1_chr5:51398819-51399745_Ledidi_run-9_target-10.88_7	1096	G	T
ISL1_chr5:51398819-51399745_Ledidi_run-9_target-10.88_7	1163	C	A
ISL1_chr5:51398819-51399745_Ledidi_run-9_target-10.88_7	1164	T	A
ISL1_chr5:51398819-51399745_Ledidi_run-9_target-10.88_8	938	G	C
ISL1_chr5:51398819-51399745_Ledidi_run-9_target-10.88_8	944	T	C
ISL1_chr5:51398819-51399745_Ledidi_run-9_target-10.88_8	945	G	C
ISL1_chr5:51398819-51399745_Ledidi_run-9_target-10.88_8	946	G	A
ISL1_chr5:51398819-51399745_Ledidi_run-9_target-10.88_8	949	A	G
ISL1_chr5:51398819-51399745_Ledidi_run-9_target-10.88_8	950	A	C
ISL1_chr5:51398819-51399745_Ledidi_run-9_target-10.88_8	952	G	C
ISL1_chr5:51398819-51399745_Ledidi_run-9_target-10.88_8	962	A	C
ISL1_chr5:51398819-51399745_Ledidi_run-9_target-10.88_8	975	C	T
ISL1_chr5:51398819-51399745_Ledidi_run-9_target-10.88_8	977	T	C
ISL1_chr5:51398819-51399745_Ledidi_run-9_target-10.88_8	990	T	G
ISL1_chr5:51398819-51399745_Ledidi_run-9_target-10.88_8	1013	C	G
ISL1_chr5:51398819-51399745_Ledidi_run-9_target-10.88_8	1015	G	C
ISL1_chr5:51398819-51399745_Ledidi_run-9_target-10.88_8	1022	G	T
ISL1_chr5:51398819-51399745_Ledidi_run-9_target-10.88_8	1023	G	C
ISL1_chr5:51398819-51399745_Ledidi_run-9_target-10.88_8	1024	C	A
ISL1_chr5:51398819-51399745_Ledidi_run-9_target-10.88_8	1041	C	A
ISL1_chr5:51398819-51399745_Ledidi_run-9_target-10.88_8	1048	G	T
ISL1_chr5:51398819-51399745_Ledidi_run-9_target-10.88_8	1049	G	T
ISL1_chr5:51398819-51399745_Ledidi_run-9_target-10.88_8	1050	T	C
ISL1_chr5:51398819-51399745_Ledidi_run-9_target-10.88_8	1052	C	G
ISL1_chr5:51398819-51399745_Ledidi_run-9_target-10.88_8	1053	C	G
ISL1_chr5:51398819-51399745_Ledidi_run-9_target-10.88_8	1054	C	T
ISL1_chr5:51398819-51399745_Ledidi_run-9_target-10.88_8	1086	C	T
ISL1_chr5:51398819-51399745_Ledidi_run-9_target-10.88_8	1095	T	A
ISL1_chr5:51398819-51399745_Ledidi_run-9_target-10.88_8	1096	G	T
ISL1_chr5:51398819-51399745_Ledidi_run-9_target-10.88_8	1098	A	T
ISL1_chr5:51398819-51399745_Ledidi_run-9_target-10.88_8	1142	G	T
ISL1_chr5:51398819-51399745_Ledidi_run-9_target-10.88_8	1147	C	T
ISL1_chr5:51398819-51399745_Ledidi_run-9_target-10.88_8	1163	C	A
ISL1_chr5:51398819-51399745_Ledidi_run-9_target-10.88_8	1164	T	A
ISL1_chr5:51398819-51399745_Ledidi_run-9_target-10.88_8	1170	C	A
ISL1_chr5:51398819-51399745_Ledidi_run-9_target-10.88_8	1184	C	G
ISL1_chr5:51398819-51399745_Ledidi_run-9_target-10.88_9	931	C	A
ISL1_chr5:51398819-51399745_Ledidi_run-9_target-10.88_9	932	T	G
ISL1_chr5:51398819-51399745_Ledidi_run-9_target-10.88_9	944	T	C
ISL1_chr5:51398819-51399745_Ledidi_run-9_target-10.88_9	950	A	C
ISL1_chr5:51398819-51399745_Ledidi_run-9_target-10.88_9	952	G	C
ISL1_chr5:51398819-51399745_Ledidi_run-9_target-10.88_9	962	A	C
ISL1_chr5:51398819-51399745_Ledidi_run-9_target-10.88_9	966	A	G
ISL1_chr5:51398819-51399745_Ledidi_run-9_target-10.88_9	975	C	T
ISL1_chr5:51398819-51399745_Ledidi_run-9_target-10.88_9	977	T	C
ISL1_chr5:51398819-51399745_Ledidi_run-9_target-10.88_9	988	C	T
ISL1_chr5:51398819-51399745_Ledidi_run-9_target-10.88_9	989	C	A
ISL1_chr5:51398819-51399745_Ledidi_run-9_target-10.88_9	990	T	G
ISL1_chr5:51398819-51399745_Ledidi_run-9_target-10.88_9	1005	C	G
ISL1_chr5:51398819-51399745_Ledidi_run-9_target-10.88_9	1013	C	G
ISL1_chr5:51398819-51399745_Ledidi_run-9_target-10.88_9	1015	G	C
ISL1_chr5:51398819-51399745_Ledidi_run-9_target-10.88_9	1022	G	T
ISL1_chr5:51398819-51399745_Ledidi_run-9_target-10.88_9	1023	G	C
ISL1_chr5:51398819-51399745_Ledidi_run-9_target-10.88_9	1024	C	A
ISL1_chr5:51398819-51399745_Ledidi_run-9_target-10.88_9	1039	G	T
ISL1_chr5:51398819-51399745_Ledidi_run-9_target-10.88_9	1040	G	A
ISL1_chr5:51398819-51399745_Ledidi_run-9_target-10.88_9	1041	C	A
ISL1_chr5:51398819-51399745_Ledidi_run-9_target-10.88_9	1047	T	C
ISL1_chr5:51398819-51399745_Ledidi_run-9_target-10.88_9	1048	G	T
ISL1_chr5:51398819-51399745_Ledidi_run-9_target-10.88_9	1049	G	T
ISL1_chr5:51398819-51399745_Ledidi_run-9_target-10.88_9	1050	T	C
ISL1_chr5:51398819-51399745_Ledidi_run-9_target-10.88_9	1052	C	G
ISL1_chr5:51398819-51399745_Ledidi_run-9_target-10.88_9	1053	C	G
ISL1_chr5:51398819-51399745_Ledidi_run-9_target-10.88_9	1054	C	T
ISL1_chr5:51398819-51399745_Ledidi_run-9_target-10.88_9	1056	T	G
ISL1_chr5:51398819-51399745_Ledidi_run-9_target-10.88_9	1057	G	A
ISL1_chr5:51398819-51399745_Ledidi_run-9_target-10.88_9	1062	G	C
ISL1_chr5:51398819-51399745_Ledidi_run-9_target-10.88_9	1086	C	T
ISL1_chr5:51398819-51399745_Ledidi_run-9_target-10.88_9	1095	T	A
ISL1_chr5:51398819-51399745_Ledidi_run-9_target-10.88_9	1096	G	T
ISL1_chr5:51398819-51399745_Ledidi_run-9_target-10.88_9	1098	A	T
ISL1_chr5:51398819-51399745_Ledidi_run-9_target-10.88_9	1163	C	A
ISL1_chr5:51398819-51399745_Ledidi_run-9_target-10.88_9	1165	T	G
ISL1_chr5:51398819-51399745_Ledidi_run-9_target-10.88_10	922	T	G
ISL1_chr5:51398819-51399745_Ledidi_run-9_target-10.88_10	931	C	T
ISL1_chr5:51398819-51399745_Ledidi_run-9_target-10.88_10	932	T	G
ISL1_chr5:51398819-51399745_Ledidi_run-9_target-10.88_10	938	G	C
ISL1_chr5:51398819-51399745_Ledidi_run-9_target-10.88_10	944	T	C
ISL1_chr5:51398819-51399745_Ledidi_run-9_target-10.88_10	945	G	C
ISL1_chr5:51398819-51399745_Ledidi_run-9_target-10.88_10	946	G	A
ISL1_chr5:51398819-51399745_Ledidi_run-9_target-10.88_10	950	A	C
ISL1_chr5:51398819-51399745_Ledidi_run-9_target-10.88_10	952	G	C
ISL1_chr5:51398819-51399745_Ledidi_run-9_target-10.88_10	962	A	C
ISL1_chr5:51398819-51399745_Ledidi_run-9_target-10.88_10	1013	C	G
ISL1_chr5:51398819-51399745_Ledidi_run-9_target-10.88_10	1015	G	C
ISL1_chr5:51398819-51399745_Ledidi_run-9_target-10.88_10	1022	G	T
ISL1_chr5:51398819-51399745_Ledidi_run-9_target-10.88_10	1023	G	C
ISL1_chr5:51398819-51399745_Ledidi_run-9_target-10.88_10	1024	C	A
ISL1_chr5:51398819-51399745_Ledidi_run-9_target-10.88_10	1039	G	T
ISL1_chr5:51398819-51399745_Ledidi_run-9_target-10.88_10	1040	G	A
ISL1_chr5:51398819-51399745_Ledidi_run-9_target-10.88_10	1041	C	A
ISL1_chr5:51398819-51399745_Ledidi_run-9_target-10.88_10	1047	T	C
ISL1_chr5:51398819-51399745_Ledidi_run-9_target-10.88_10	1048	G	T
ISL1_chr5:51398819-51399745_Ledidi_run-9_target-10.88_10	1049	G	T
ISL1_chr5:51398819-51399745_Ledidi_run-9_target-10.88_10	1050	T	C
ISL1_chr5:51398819-51399745_Ledidi_run-9_target-10.88_10	1052	C	G
ISL1_chr5:51398819-51399745_Ledidi_run-9_target-10.88_10	1053	C	G
ISL1_chr5:51398819-51399745_Ledidi_run-9_target-10.88_10	1054	C	T
ISL1_chr5:51398819-51399745_Ledidi_run-9_target-10.88_10	1056	T	G
ISL1_chr5:51398819-51399745_Ledidi_run-9_target-10.88_10	1057	G	A
ISL1_chr5:51398819-51399745_Ledidi_run-9_target-10.88_10	1062	G	C
ISL1_chr5:51398819-51399745_Ledidi_run-9_target-10.88_10	1086	C	T
ISL1_chr5:51398819-51399745_Ledidi_run-9_target-10.88_10	1095	T	A
ISL1_chr5:51398819-51399745_Ledidi_run-9_target-10.88_10	1096	G	T
ISL1_chr5:51398819-51399745_Ledidi_run-9_target-10.88_10	1098	A	T
ISL1_chr5:51398819-51399745_Ledidi_run-9_target-10.88_10	1142	G	T
ISL1_chr5:51398819-51399745_Ledidi_run-9_target-10.88_10	1147	C	T
ISL1_chr5:51398819-51399745_Ledidi_run-9_target-10.88_10	1163	C	A
ISL1_chr5:51398819-51399745_Ledidi_run-9_target-10.88_10	1164	T	A
ISL1_chr5:51398819-51399745_Ledidi_run-9_target-10.88_10	1170	C	A
ISL1_chr5:51398819-51399745_Ledidi_run-10_target-10.88_1	937	T	G
ISL1_chr5:51398819-51399745_Ledidi_run-10_target-10.88_1	944	T	C
ISL1_chr5:51398819-51399745_Ledidi_run-10_target-10.88_1	964	T	C
ISL1_chr5:51398819-51399745_Ledidi_run-10_target-10.88_1	969	T	C
ISL1_chr5:51398819-51399745_Ledidi_run-10_target-10.88_1	977	T	G
ISL1_chr5:51398819-51399745_Ledidi_run-10_target-10.88_1	990	T	C
ISL1_chr5:51398819-51399745_Ledidi_run-10_target-10.88_1	1000	G	A
ISL1_chr5:51398819-51399745_Ledidi_run-10_target-10.88_1	1001	C	A
ISL1_chr5:51398819-51399745_Ledidi_run-10_target-10.88_1	1015	G	A
ISL1_chr5:51398819-51399745_Ledidi_run-10_target-10.88_1	1016	G	C
ISL1_chr5:51398819-51399745_Ledidi_run-10_target-10.88_1	1047	T	G
ISL1_chr5:51398819-51399745_Ledidi_run-10_target-10.88_1	1062	G	A
ISL1_chr5:51398819-51399745_Ledidi_run-10_target-10.88_1	1063	C	A
ISL1_chr5:51398819-51399745_Ledidi_run-10_target-10.88_1	1072	G	A
ISL1_chr5:51398819-51399745_Ledidi_run-10_target-10.88_1	1073	C	A
ISL1_chr5:51398819-51399745_Ledidi_run-10_target-10.88_1	1077	C	G
ISL1_chr5:51398819-51399745_Ledidi_run-10_target-10.88_1	1086	C	T
ISL1_chr5:51398819-51399745_Ledidi_run-10_target-10.88_1	1095	T	A
ISL1_chr5:51398819-51399745_Ledidi_run-10_target-10.88_1	1118	G	C
ISL1_chr5:51398819-51399745_Ledidi_run-10_target-10.88_1	1127	C	G
ISL1_chr5:51398819-51399745_Ledidi_run-10_target-10.88_1	1128	A	C
ISL1_chr5:51398819-51399745_Ledidi_run-10_target-10.88_1	1133	C	G
ISL1_chr5:51398819-51399745_Ledidi_run-10_target-10.88_2	937	T	G
ISL1_chr5:51398819-51399745_Ledidi_run-10_target-10.88_2	944	T	G
ISL1_chr5:51398819-51399745_Ledidi_run-10_target-10.88_2	962	A	C
ISL1_chr5:51398819-51399745_Ledidi_run-10_target-10.88_2	969	T	C
ISL1_chr5:51398819-51399745_Ledidi_run-10_target-10.88_2	971	T	A
ISL1_chr5:51398819-51399745_Ledidi_run-10_target-10.88_2	976	T	C
ISL1_chr5:51398819-51399745_Ledidi_run-10_target-10.88_2	977	T	G
ISL1_chr5:51398819-51399745_Ledidi_run-10_target-10.88_2	990	T	C
ISL1_chr5:51398819-51399745_Ledidi_run-10_target-10.88_2	1000	G	A
ISL1_chr5:51398819-51399745_Ledidi_run-10_target-10.88_2	1001	C	A
ISL1_chr5:51398819-51399745_Ledidi_run-10_target-10.88_2	1063	C	A
ISL1_chr5:51398819-51399745_Ledidi_run-10_target-10.88_2	1072	G	A
ISL1_chr5:51398819-51399745_Ledidi_run-10_target-10.88_2	1073	C	A
ISL1_chr5:51398819-51399745_Ledidi_run-10_target-10.88_2	1077	C	G
ISL1_chr5:51398819-51399745_Ledidi_run-10_target-10.88_2	1086	C	T
ISL1_chr5:51398819-51399745_Ledidi_run-10_target-10.88_2	1095	T	A
ISL1_chr5:51398819-51399745_Ledidi_run-10_target-10.88_2	1118	G	C
ISL1_chr5:51398819-51399745_Ledidi_run-10_target-10.88_2	1127	C	G
ISL1_chr5:51398819-51399745_Ledidi_run-10_target-10.88_2	1128	A	C
ISL1_chr5:51398819-51399745_Ledidi_run-10_target-10.88_2	1133	C	G
ISL1_chr5:51398819-51399745_Ledidi_run-10_target-10.88_3	937	T	G
ISL1_chr5:51398819-51399745_Ledidi_run-10_target-10.88_3	944	T	C
ISL1_chr5:51398819-51399745_Ledidi_run-10_target-10.88_3	962	A	C
ISL1_chr5:51398819-51399745_Ledidi_run-10_target-10.88_3	966	A	C
ISL1_chr5:51398819-51399745_Ledidi_run-10_target-10.88_3	971	T	A
ISL1_chr5:51398819-51399745_Ledidi_run-10_target-10.88_3	976	T	C
ISL1_chr5:51398819-51399745_Ledidi_run-10_target-10.88_3	977	T	G
ISL1_chr5:51398819-51399745_Ledidi_run-10_target-10.88_3	989	C	G
ISL1_chr5:51398819-51399745_Ledidi_run-10_target-10.88_3	990	T	C
ISL1_chr5:51398819-51399745_Ledidi_run-10_target-10.88_3	1000	G	A
ISL1_chr5:51398819-51399745_Ledidi_run-10_target-10.88_3	1001	C	A
ISL1_chr5:51398819-51399745_Ledidi_run-10_target-10.88_3	1062	G	A
ISL1_chr5:51398819-51399745_Ledidi_run-10_target-10.88_3	1072	G	A
ISL1_chr5:51398819-51399745_Ledidi_run-10_target-10.88_3	1073	C	A
ISL1_chr5:51398819-51399745_Ledidi_run-10_target-10.88_3	1077	C	G
ISL1_chr5:51398819-51399745_Ledidi_run-10_target-10.88_3	1086	C	T
ISL1_chr5:51398819-51399745_Ledidi_run-10_target-10.88_3	1095	T	A
ISL1_chr5:51398819-51399745_Ledidi_run-10_target-10.88_3	1118	G	C
ISL1_chr5:51398819-51399745_Ledidi_run-10_target-10.88_3	1127	C	G
ISL1_chr5:51398819-51399745_Ledidi_run-10_target-10.88_3	1128	A	C
ISL1_chr5:51398819-51399745_Ledidi_run-10_target-10.88_3	1133	C	G
ISL1_chr5:51398819-51399745_Ledidi_run-10_target-10.88_3	1148	A	T
ISL1_chr5:51398819-51399745_Ledidi_run-10_target-10.88_3	1188	A	C
ISL1_chr5:51398819-51399745_Ledidi_run-10_target-10.88_3	1191	G	C
ISL1_chr5:51398819-51399745_Ledidi_run-10_target-10.88_4	944	T	C
ISL1_chr5:51398819-51399745_Ledidi_run-10_target-10.88_4	962	A	C
ISL1_chr5:51398819-51399745_Ledidi_run-10_target-10.88_4	963	T	C
ISL1_chr5:51398819-51399745_Ledidi_run-10_target-10.88_4	964	T	C
ISL1_chr5:51398819-51399745_Ledidi_run-10_target-10.88_4	966	A	C
ISL1_chr5:51398819-51399745_Ledidi_run-10_target-10.88_4	969	T	C
ISL1_chr5:51398819-51399745_Ledidi_run-10_target-10.88_4	971	T	A
ISL1_chr5:51398819-51399745_Ledidi_run-10_target-10.88_4	976	T	C
ISL1_chr5:51398819-51399745_Ledidi_run-10_target-10.88_4	977	T	G
ISL1_chr5:51398819-51399745_Ledidi_run-10_target-10.88_4	989	C	G
ISL1_chr5:51398819-51399745_Ledidi_run-10_target-10.88_4	990	T	C
ISL1_chr5:51398819-51399745_Ledidi_run-10_target-10.88_4	1000	G	A
ISL1_chr5:51398819-51399745_Ledidi_run-10_target-10.88_4	1001	C	A
ISL1_chr5:51398819-51399745_Ledidi_run-10_target-10.88_4	1062	G	A
ISL1_chr5:51398819-51399745_Ledidi_run-10_target-10.88_4	1072	G	A
ISL1_chr5:51398819-51399745_Ledidi_run-10_target-10.88_4	1073	C	A
ISL1_chr5:51398819-51399745_Ledidi_run-10_target-10.88_4	1077	C	G
ISL1_chr5:51398819-51399745_Ledidi_run-10_target-10.88_4	1086	C	T
ISL1_chr5:51398819-51399745_Ledidi_run-10_target-10.88_4	1095	T	A
ISL1_chr5:51398819-51399745_Ledidi_run-10_target-10.88_4	1118	G	C
ISL1_chr5:51398819-51399745_Ledidi_run-10_target-10.88_4	1128	A	C
ISL1_chr5:51398819-51399745_Ledidi_run-10_target-10.88_4	1133	C	G
ISL1_chr5:51398819-51399745_Ledidi_run-10_target-10.88_5	944	T	C
ISL1_chr5:51398819-51399745_Ledidi_run-10_target-10.88_5	969	T	C
ISL1_chr5:51398819-51399745_Ledidi_run-10_target-10.88_5	971	T	A
ISL1_chr5:51398819-51399745_Ledidi_run-10_target-10.88_5	976	T	C
ISL1_chr5:51398819-51399745_Ledidi_run-10_target-10.88_5	977	T	G
ISL1_chr5:51398819-51399745_Ledidi_run-10_target-10.88_5	990	T	C
ISL1_chr5:51398819-51399745_Ledidi_run-10_target-10.88_5	1000	G	A
ISL1_chr5:51398819-51399745_Ledidi_run-10_target-10.88_5	1001	C	A
ISL1_chr5:51398819-51399745_Ledidi_run-10_target-10.88_5	1063	C	A
ISL1_chr5:51398819-51399745_Ledidi_run-10_target-10.88_5	1072	G	A
ISL1_chr5:51398819-51399745_Ledidi_run-10_target-10.88_5	1073	C	A
ISL1_chr5:51398819-51399745_Ledidi_run-10_target-10.88_5	1077	C	G
ISL1_chr5:51398819-51399745_Ledidi_run-10_target-10.88_5	1086	C	T
ISL1_chr5:51398819-51399745_Ledidi_run-10_target-10.88_5	1094	G	T
ISL1_chr5:51398819-51399745_Ledidi_run-10_target-10.88_5	1095	T	A
ISL1_chr5:51398819-51399745_Ledidi_run-10_target-10.88_5	1118	G	C
ISL1_chr5:51398819-51399745_Ledidi_run-10_target-10.88_5	1127	C	G
ISL1_chr5:51398819-51399745_Ledidi_run-10_target-10.88_5	1128	A	C
ISL1_chr5:51398819-51399745_Ledidi_run-10_target-10.88_5	1133	C	G
ISL1_chr5:51398819-51399745_Ledidi_run-10_target-10.88_6	937	T	G
ISL1_chr5:51398819-51399745_Ledidi_run-10_target-10.88_6	971	T	A
ISL1_chr5:51398819-51399745_Ledidi_run-10_target-10.88_6	976	T	C
ISL1_chr5:51398819-51399745_Ledidi_run-10_target-10.88_6	977	T	G
ISL1_chr5:51398819-51399745_Ledidi_run-10_target-10.88_6	989	C	G
ISL1_chr5:51398819-51399745_Ledidi_run-10_target-10.88_6	990	T	C
ISL1_chr5:51398819-51399745_Ledidi_run-10_target-10.88_6	1000	G	A
ISL1_chr5:51398819-51399745_Ledidi_run-10_target-10.88_6	1001	C	A
ISL1_chr5:51398819-51399745_Ledidi_run-10_target-10.88_6	1015	G	A
ISL1_chr5:51398819-51399745_Ledidi_run-10_target-10.88_6	1016	G	C
ISL1_chr5:51398819-51399745_Ledidi_run-10_target-10.88_6	1062	G	A
ISL1_chr5:51398819-51399745_Ledidi_run-10_target-10.88_6	1072	G	A
ISL1_chr5:51398819-51399745_Ledidi_run-10_target-10.88_6	1073	C	A
ISL1_chr5:51398819-51399745_Ledidi_run-10_target-10.88_6	1077	C	G
ISL1_chr5:51398819-51399745_Ledidi_run-10_target-10.88_6	1086	C	T
ISL1_chr5:51398819-51399745_Ledidi_run-10_target-10.88_6	1094	G	T
ISL1_chr5:51398819-51399745_Ledidi_run-10_target-10.88_6	1095	T	A
ISL1_chr5:51398819-51399745_Ledidi_run-10_target-10.88_6	1118	G	C
ISL1_chr5:51398819-51399745_Ledidi_run-10_target-10.88_6	1127	C	G
ISL1_chr5:51398819-51399745_Ledidi_run-10_target-10.88_6	1128	A	C
ISL1_chr5:51398819-51399745_Ledidi_run-10_target-10.88_6	1133	C	G
ISL1_chr5:51398819-51399745_Ledidi_run-10_target-10.88_7	944	T	C
ISL1_chr5:51398819-51399745_Ledidi_run-10_target-10.88_7	969	T	C
ISL1_chr5:51398819-51399745_Ledidi_run-10_target-10.88_7	971	T	A
ISL1_chr5:51398819-51399745_Ledidi_run-10_target-10.88_7	976	T	C
ISL1_chr5:51398819-51399745_Ledidi_run-10_target-10.88_7	977	T	G
ISL1_chr5:51398819-51399745_Ledidi_run-10_target-10.88_7	990	T	C
ISL1_chr5:51398819-51399745_Ledidi_run-10_target-10.88_7	1000	G	A
ISL1_chr5:51398819-51399745_Ledidi_run-10_target-10.88_7	1001	C	A
ISL1_chr5:51398819-51399745_Ledidi_run-10_target-10.88_7	1015	G	A
ISL1_chr5:51398819-51399745_Ledidi_run-10_target-10.88_7	1016	G	C
ISL1_chr5:51398819-51399745_Ledidi_run-10_target-10.88_7	1062	G	A
ISL1_chr5:51398819-51399745_Ledidi_run-10_target-10.88_7	1072	G	A
ISL1_chr5:51398819-51399745_Ledidi_run-10_target-10.88_7	1073	C	A
ISL1_chr5:51398819-51399745_Ledidi_run-10_target-10.88_7	1077	C	G
ISL1_chr5:51398819-51399745_Ledidi_run-10_target-10.88_7	1095	T	A
ISL1_chr5:51398819-51399745_Ledidi_run-10_target-10.88_7	1118	G	C
ISL1_chr5:51398819-51399745_Ledidi_run-10_target-10.88_7	1127	C	G
ISL1_chr5:51398819-51399745_Ledidi_run-10_target-10.88_7	1128	A	C
ISL1_chr5:51398819-51399745_Ledidi_run-10_target-10.88_7	1133	C	G
ISL1_chr5:51398819-51399745_Ledidi_run-10_target-10.88_8	944	T	C
ISL1_chr5:51398819-51399745_Ledidi_run-10_target-10.88_8	962	A	C
ISL1_chr5:51398819-51399745_Ledidi_run-10_target-10.88_8	969	T	C
ISL1_chr5:51398819-51399745_Ledidi_run-10_target-10.88_8	976	T	C
ISL1_chr5:51398819-51399745_Ledidi_run-10_target-10.88_8	977	T	G
ISL1_chr5:51398819-51399745_Ledidi_run-10_target-10.88_8	990	T	C
ISL1_chr5:51398819-51399745_Ledidi_run-10_target-10.88_8	1000	G	A
ISL1_chr5:51398819-51399745_Ledidi_run-10_target-10.88_8	1001	C	A
ISL1_chr5:51398819-51399745_Ledidi_run-10_target-10.88_8	1015	G	A
ISL1_chr5:51398819-51399745_Ledidi_run-10_target-10.88_8	1016	G	C
ISL1_chr5:51398819-51399745_Ledidi_run-10_target-10.88_8	1063	C	A
ISL1_chr5:51398819-51399745_Ledidi_run-10_target-10.88_8	1072	G	A
ISL1_chr5:51398819-51399745_Ledidi_run-10_target-10.88_8	1073	C	A
ISL1_chr5:51398819-51399745_Ledidi_run-10_target-10.88_8	1077	C	G
ISL1_chr5:51398819-51399745_Ledidi_run-10_target-10.88_8	1086	C	T
ISL1_chr5:51398819-51399745_Ledidi_run-10_target-10.88_8	1095	T	A
ISL1_chr5:51398819-51399745_Ledidi_run-10_target-10.88_8	1118	G	C
ISL1_chr5:51398819-51399745_Ledidi_run-10_target-10.88_8	1127	C	G
ISL1_chr5:51398819-51399745_Ledidi_run-10_target-10.88_8	1128	A	C
ISL1_chr5:51398819-51399745_Ledidi_run-10_target-10.88_8	1133	C	G
ISL1_chr5:51398819-51399745_Ledidi_run-10_target-10.88_9	944	T	C
ISL1_chr5:51398819-51399745_Ledidi_run-10_target-10.88_9	962	A	C
ISL1_chr5:51398819-51399745_Ledidi_run-10_target-10.88_9	963	T	C
ISL1_chr5:51398819-51399745_Ledidi_run-10_target-10.88_9	964	T	C
ISL1_chr5:51398819-51399745_Ledidi_run-10_target-10.88_9	966	A	C
ISL1_chr5:51398819-51399745_Ledidi_run-10_target-10.88_9	969	T	C
ISL1_chr5:51398819-51399745_Ledidi_run-10_target-10.88_9	971	T	A
ISL1_chr5:51398819-51399745_Ledidi_run-10_target-10.88_9	976	T	C
ISL1_chr5:51398819-51399745_Ledidi_run-10_target-10.88_9	977	T	G
ISL1_chr5:51398819-51399745_Ledidi_run-10_target-10.88_9	989	C	G
ISL1_chr5:51398819-51399745_Ledidi_run-10_target-10.88_9	990	T	C
ISL1_chr5:51398819-51399745_Ledidi_run-10_target-10.88_9	1000	G	A
ISL1_chr5:51398819-51399745_Ledidi_run-10_target-10.88_9	1001	C	A
ISL1_chr5:51398819-51399745_Ledidi_run-10_target-10.88_9	1025	G	A
ISL1_chr5:51398819-51399745_Ledidi_run-10_target-10.88_9	1062	G	A
ISL1_chr5:51398819-51399745_Ledidi_run-10_target-10.88_9	1072	G	A
ISL1_chr5:51398819-51399745_Ledidi_run-10_target-10.88_9	1073	C	A
ISL1_chr5:51398819-51399745_Ledidi_run-10_target-10.88_9	1077	C	G
ISL1_chr5:51398819-51399745_Ledidi_run-10_target-10.88_9	1086	C	T
ISL1_chr5:51398819-51399745_Ledidi_run-10_target-10.88_9	1095	T	A
ISL1_chr5:51398819-51399745_Ledidi_run-10_target-10.88_9	1133	C	G
ISL1_chr5:51398819-51399745_Ledidi_run-10_target-10.88_10	937	T	G
ISL1_chr5:51398819-51399745_Ledidi_run-10_target-10.88_10	944	T	G
ISL1_chr5:51398819-51399745_Ledidi_run-10_target-10.88_10	962	A	C
ISL1_chr5:51398819-51399745_Ledidi_run-10_target-10.88_10	963	T	C
ISL1_chr5:51398819-51399745_Ledidi_run-10_target-10.88_10	964	T	C
ISL1_chr5:51398819-51399745_Ledidi_run-10_target-10.88_10	966	A	C
ISL1_chr5:51398819-51399745_Ledidi_run-10_target-10.88_10	969	T	C
ISL1_chr5:51398819-51399745_Ledidi_run-10_target-10.88_10	971	T	A
ISL1_chr5:51398819-51399745_Ledidi_run-10_target-10.88_10	976	T	C
ISL1_chr5:51398819-51399745_Ledidi_run-10_target-10.88_10	977	T	G
ISL1_chr5:51398819-51399745_Ledidi_run-10_target-10.88_10	989	C	G
ISL1_chr5:51398819-51399745_Ledidi_run-10_target-10.88_10	990	T	C
ISL1_chr5:51398819-51399745_Ledidi_run-10_target-10.88_10	1000	G	A
ISL1_chr5:51398819-51399745_Ledidi_run-10_target-10.88_10	1001	C	A
ISL1_chr5:51398819-51399745_Ledidi_run-10_target-10.88_10	1015	G	A
ISL1_chr5:51398819-51399745_Ledidi_run-10_target-10.88_10	1063	C	A
ISL1_chr5:51398819-51399745_Ledidi_run-10_target-10.88_10	1072	G	A
ISL1_chr5:51398819-51399745_Ledidi_run-10_target-10.88_10	1073	C	A
ISL1_chr5:51398819-51399745_Ledidi_run-10_target-10.88_10	1086	C	T
ISL1_chr5:51398819-51399745_Ledidi_run-10_target-10.88_10	1095	T	A
ISL1_chr5:51398819-51399745_Ledidi_run-10_target-10.88_10	1163	C	A
ISL1_chr5:51398819-51399745_Ledidi_run-10_target-10.88_10	1165	T	C
