id	pos	ref	alt
ISL1_chr5:51392398-51392614_Ledidi_run-4_target-5.87_8	1019	T	C
ISL1_chr5:51392398-51392614_Ledidi_run-1_target-6.42_1	1011	T	A
ISL1_chr5:51392398-51392614_Ledidi_run-1_target-6.42_2	1011	T	A
ISL1_chr5:51392398-51392614_Ledidi_run-1_target-6.42_3	1011	T	A
ISL1_chr5:51392398-51392614_Ledidi_run-1_target-6.42_4	1011	T	A
ISL1_chr5:51392398-51392614_Ledidi_run-1_target-6.42_5	1011	T	A
ISL1_chr5:51392398-51392614_Ledidi_run-1_target-6.42_6	1011	T	A
ISL1_chr5:51392398-51392614_Ledidi_run-1_target-6.42_7	1011	T	A
ISL1_chr5:51392398-51392614_Ledidi_run-1_target-6.42_8	1011	T	A
ISL1_chr5:51392398-51392614_Ledidi_run-1_target-6.42_9	1011	T	A
ISL1_chr5:51392398-51392614_Ledidi_run-1_target-6.42_10	1011	T	A
ISL1_chr5:51392398-51392614_Ledidi_run-2_target-6.42_1	945	T	G
ISL1_chr5:51392398-51392614_Ledidi_run-2_target-6.42_1	1011	T	A
ISL1_chr5:51392398-51392614_Ledidi_run-2_target-6.42_2	1011	T	A
ISL1_chr5:51392398-51392614_Ledidi_run-2_target-6.42_3	945	T	G
ISL1_chr5:51392398-51392614_Ledidi_run-2_target-6.42_3	1011	T	A
ISL1_chr5:51392398-51392614_Ledidi_run-2_target-6.42_4	945	T	G
ISL1_chr5:51392398-51392614_Ledidi_run-2_target-6.42_4	1011	T	A
ISL1_chr5:51392398-51392614_Ledidi_run-2_target-6.42_5	945	T	G
ISL1_chr5:51392398-51392614_Ledidi_run-2_target-6.42_5	1011	T	A
ISL1_chr5:51392398-51392614_Ledidi_run-2_target-6.42_6	945	T	G
ISL1_chr5:51392398-51392614_Ledidi_run-2_target-6.42_6	1011	T	A
ISL1_chr5:51392398-51392614_Ledidi_run-2_target-6.42_7	945	T	G
ISL1_chr5:51392398-51392614_Ledidi_run-2_target-6.42_7	1011	T	A
ISL1_chr5:51392398-51392614_Ledidi_run-2_target-6.42_8	945	T	G
ISL1_chr5:51392398-51392614_Ledidi_run-2_target-6.42_8	1011	T	A
ISL1_chr5:51392398-51392614_Ledidi_run-2_target-6.42_9	945	T	G
ISL1_chr5:51392398-51392614_Ledidi_run-2_target-6.42_9	1011	T	A
ISL1_chr5:51392398-51392614_Ledidi_run-2_target-6.42_10	945	T	G
ISL1_chr5:51392398-51392614_Ledidi_run-2_target-6.42_10	1011	T	A
ISL1_chr5:51392398-51392614_Ledidi_run-3_target-6.42_1	1036	G	A
ISL1_chr5:51392398-51392614_Ledidi_run-3_target-6.42_2	1036	G	A
ISL1_chr5:51392398-51392614_Ledidi_run-3_target-6.42_3	945	T	G
ISL1_chr5:51392398-51392614_Ledidi_run-3_target-6.42_3	1036	G	A
ISL1_chr5:51392398-51392614_Ledidi_run-3_target-6.42_4	945	T	A
ISL1_chr5:51392398-51392614_Ledidi_run-3_target-6.42_5	1036	G	A
ISL1_chr5:51392398-51392614_Ledidi_run-3_target-6.42_6	945	T	G
ISL1_chr5:51392398-51392614_Ledidi_run-3_target-6.42_6	1001	G	T
ISL1_chr5:51392398-51392614_Ledidi_run-3_target-6.42_7	945	T	G
ISL1_chr5:51392398-51392614_Ledidi_run-3_target-6.42_7	1001	G	T
ISL1_chr5:51392398-51392614_Ledidi_run-3_target-6.42_8	945	T	A
ISL1_chr5:51392398-51392614_Ledidi_run-3_target-6.42_9	945	T	G
ISL1_chr5:51392398-51392614_Ledidi_run-3_target-6.42_9	1036	G	A
ISL1_chr5:51392398-51392614_Ledidi_run-3_target-6.42_10	945	T	A
ISL1_chr5:51392398-51392614_Ledidi_run-3_target-6.42_10	1036	G	A
ISL1_chr5:51392398-51392614_Ledidi_run-4_target-6.42_1	945	T	A
ISL1_chr5:51392398-51392614_Ledidi_run-4_target-6.42_1	1001	G	T
ISL1_chr5:51392398-51392614_Ledidi_run-4_target-6.42_2	945	T	G
ISL1_chr5:51392398-51392614_Ledidi_run-4_target-6.42_2	1001	G	T
ISL1_chr5:51392398-51392614_Ledidi_run-4_target-6.42_3	945	T	A
ISL1_chr5:51392398-51392614_Ledidi_run-4_target-6.42_3	1001	G	T
ISL1_chr5:51392398-51392614_Ledidi_run-4_target-6.42_4	945	T	A
ISL1_chr5:51392398-51392614_Ledidi_run-4_target-6.42_4	1001	G	T
ISL1_chr5:51392398-51392614_Ledidi_run-4_target-6.42_5	945	T	A
ISL1_chr5:51392398-51392614_Ledidi_run-4_target-6.42_5	1001	G	T
ISL1_chr5:51392398-51392614_Ledidi_run-4_target-6.42_6	945	T	G
ISL1_chr5:51392398-51392614_Ledidi_run-4_target-6.42_6	1001	G	T
ISL1_chr5:51392398-51392614_Ledidi_run-4_target-6.42_7	945	T	A
ISL1_chr5:51392398-51392614_Ledidi_run-4_target-6.42_7	1001	G	T
ISL1_chr5:51392398-51392614_Ledidi_run-4_target-6.42_8	1001	G	T
ISL1_chr5:51392398-51392614_Ledidi_run-4_target-6.42_9	945	T	A
ISL1_chr5:51392398-51392614_Ledidi_run-4_target-6.42_9	1001	G	T
ISL1_chr5:51392398-51392614_Ledidi_run-4_target-6.42_10	945	T	A
ISL1_chr5:51392398-51392614_Ledidi_run-5_target-6.42_1	945	T	A
ISL1_chr5:51392398-51392614_Ledidi_run-5_target-6.42_1	1027	T	C
ISL1_chr5:51392398-51392614_Ledidi_run-5_target-6.42_3	945	T	A
ISL1_chr5:51392398-51392614_Ledidi_run-5_target-6.42_3	1096	G	T
ISL1_chr5:51392398-51392614_Ledidi_run-5_target-6.42_4	945	T	G
ISL1_chr5:51392398-51392614_Ledidi_run-5_target-6.42_5	1096	G	T
ISL1_chr5:51392398-51392614_Ledidi_run-5_target-6.42_6	945	T	A
ISL1_chr5:51392398-51392614_Ledidi_run-5_target-6.42_6	1027	T	C
ISL1_chr5:51392398-51392614_Ledidi_run-5_target-6.42_7	945	T	A
ISL1_chr5:51392398-51392614_Ledidi_run-5_target-6.42_7	1027	T	C
ISL1_chr5:51392398-51392614_Ledidi_run-5_target-6.42_8	945	T	A
ISL1_chr5:51392398-51392614_Ledidi_run-5_target-6.42_8	1027	T	C
ISL1_chr5:51392398-51392614_Ledidi_run-5_target-6.42_9	945	T	A
ISL1_chr5:51392398-51392614_Ledidi_run-5_target-6.42_9	1096	G	T
ISL1_chr5:51392398-51392614_Ledidi_run-5_target-6.42_10	945	T	A
ISL1_chr5:51392398-51392614_Ledidi_run-5_target-6.42_10	1027	T	C
ISL1_chr5:51392398-51392614_Ledidi_run-6_target-6.42_1	1001	G	T
ISL1_chr5:51392398-51392614_Ledidi_run-6_target-6.42_2	945	T	A
ISL1_chr5:51392398-51392614_Ledidi_run-6_target-6.42_2	1001	G	T
ISL1_chr5:51392398-51392614_Ledidi_run-6_target-6.42_3	945	T	G
ISL1_chr5:51392398-51392614_Ledidi_run-6_target-6.42_3	1001	G	T
ISL1_chr5:51392398-51392614_Ledidi_run-6_target-6.42_4	945	T	A
ISL1_chr5:51392398-51392614_Ledidi_run-6_target-6.42_5	945	T	G
ISL1_chr5:51392398-51392614_Ledidi_run-6_target-6.42_5	1001	G	T
ISL1_chr5:51392398-51392614_Ledidi_run-6_target-6.42_6	945	T	A
ISL1_chr5:51392398-51392614_Ledidi_run-6_target-6.42_6	1001	G	T
ISL1_chr5:51392398-51392614_Ledidi_run-6_target-6.42_7	945	T	A
ISL1_chr5:51392398-51392614_Ledidi_run-6_target-6.42_7	1001	G	T
ISL1_chr5:51392398-51392614_Ledidi_run-6_target-6.42_8	945	T	A
ISL1_chr5:51392398-51392614_Ledidi_run-6_target-6.42_8	1001	G	T
ISL1_chr5:51392398-51392614_Ledidi_run-6_target-6.42_8	1096	G	A
ISL1_chr5:51392398-51392614_Ledidi_run-6_target-6.42_9	945	T	A
ISL1_chr5:51392398-51392614_Ledidi_run-6_target-6.42_9	1001	G	T
ISL1_chr5:51392398-51392614_Ledidi_run-6_target-6.42_10	945	T	A
ISL1_chr5:51392398-51392614_Ledidi_run-6_target-6.42_10	1001	G	T
ISL1_chr5:51392398-51392614_Ledidi_run-7_target-6.42_1	945	T	G
ISL1_chr5:51392398-51392614_Ledidi_run-7_target-6.42_1	1002	C	T
ISL1_chr5:51392398-51392614_Ledidi_run-7_target-6.42_2	945	T	G
ISL1_chr5:51392398-51392614_Ledidi_run-7_target-6.42_2	1002	C	T
ISL1_chr5:51392398-51392614_Ledidi_run-7_target-6.42_3	945	T	G
ISL1_chr5:51392398-51392614_Ledidi_run-7_target-6.42_3	1002	C	T
ISL1_chr5:51392398-51392614_Ledidi_run-7_target-6.42_4	945	T	G
ISL1_chr5:51392398-51392614_Ledidi_run-7_target-6.42_4	1002	C	T
ISL1_chr5:51392398-51392614_Ledidi_run-7_target-6.42_5	945	T	G
ISL1_chr5:51392398-51392614_Ledidi_run-7_target-6.42_5	1002	C	T
ISL1_chr5:51392398-51392614_Ledidi_run-7_target-6.42_6	1002	C	T
ISL1_chr5:51392398-51392614_Ledidi_run-7_target-6.42_7	945	T	G
ISL1_chr5:51392398-51392614_Ledidi_run-7_target-6.42_7	1002	C	T
ISL1_chr5:51392398-51392614_Ledidi_run-7_target-6.42_8	945	T	G
ISL1_chr5:51392398-51392614_Ledidi_run-7_target-6.42_8	1002	C	T
ISL1_chr5:51392398-51392614_Ledidi_run-7_target-6.42_9	945	T	G
ISL1_chr5:51392398-51392614_Ledidi_run-7_target-6.42_9	1002	C	T
ISL1_chr5:51392398-51392614_Ledidi_run-7_target-6.42_10	945	T	G
ISL1_chr5:51392398-51392614_Ledidi_run-7_target-6.42_10	1002	C	T
ISL1_chr5:51392398-51392614_Ledidi_run-8_target-6.42_1	1027	T	C
ISL1_chr5:51392398-51392614_Ledidi_run-8_target-6.42_2	1027	T	C
ISL1_chr5:51392398-51392614_Ledidi_run-8_target-6.42_3	1027	T	C
ISL1_chr5:51392398-51392614_Ledidi_run-8_target-6.42_4	945	T	A
ISL1_chr5:51392398-51392614_Ledidi_run-8_target-6.42_4	1027	T	C
ISL1_chr5:51392398-51392614_Ledidi_run-8_target-6.42_5	1027	T	C
ISL1_chr5:51392398-51392614_Ledidi_run-8_target-6.42_6	945	T	A
ISL1_chr5:51392398-51392614_Ledidi_run-8_target-6.42_6	1027	T	C
ISL1_chr5:51392398-51392614_Ledidi_run-8_target-6.42_7	1027	T	C
ISL1_chr5:51392398-51392614_Ledidi_run-8_target-6.42_8	945	T	A
ISL1_chr5:51392398-51392614_Ledidi_run-8_target-6.42_8	1027	T	C
ISL1_chr5:51392398-51392614_Ledidi_run-8_target-6.42_9	1027	T	C
ISL1_chr5:51392398-51392614_Ledidi_run-8_target-6.42_10	945	T	A
ISL1_chr5:51392398-51392614_Ledidi_run-8_target-6.42_10	1027	T	C
ISL1_chr5:51392398-51392614_Ledidi_run-9_target-6.42_1	1029	G	A
ISL1_chr5:51392398-51392614_Ledidi_run-9_target-6.42_1	1035	T	C
ISL1_chr5:51392398-51392614_Ledidi_run-9_target-6.42_2	1029	G	A
ISL1_chr5:51392398-51392614_Ledidi_run-9_target-6.42_2	1035	T	C
ISL1_chr5:51392398-51392614_Ledidi_run-9_target-6.42_3	1029	G	A
ISL1_chr5:51392398-51392614_Ledidi_run-9_target-6.42_3	1035	T	C
ISL1_chr5:51392398-51392614_Ledidi_run-9_target-6.42_4	1029	G	A
ISL1_chr5:51392398-51392614_Ledidi_run-9_target-6.42_4	1035	T	C
ISL1_chr5:51392398-51392614_Ledidi_run-9_target-6.42_5	1029	G	A
ISL1_chr5:51392398-51392614_Ledidi_run-9_target-6.42_5	1035	T	C
ISL1_chr5:51392398-51392614_Ledidi_run-9_target-6.42_6	1029	G	A
ISL1_chr5:51392398-51392614_Ledidi_run-9_target-6.42_6	1035	T	C
ISL1_chr5:51392398-51392614_Ledidi_run-9_target-6.42_7	1029	G	A
ISL1_chr5:51392398-51392614_Ledidi_run-9_target-6.42_7	1035	T	C
ISL1_chr5:51392398-51392614_Ledidi_run-9_target-6.42_8	1029	G	A
ISL1_chr5:51392398-51392614_Ledidi_run-9_target-6.42_8	1035	T	C
ISL1_chr5:51392398-51392614_Ledidi_run-9_target-6.42_9	1029	G	A
ISL1_chr5:51392398-51392614_Ledidi_run-9_target-6.42_9	1035	T	C
ISL1_chr5:51392398-51392614_Ledidi_run-10_target-6.42_1	945	T	G
ISL1_chr5:51392398-51392614_Ledidi_run-10_target-6.42_1	1096	G	A
ISL1_chr5:51392398-51392614_Ledidi_run-10_target-6.42_2	945	T	G
ISL1_chr5:51392398-51392614_Ledidi_run-10_target-6.42_2	1096	G	A
ISL1_chr5:51392398-51392614_Ledidi_run-10_target-6.42_3	945	T	A
ISL1_chr5:51392398-51392614_Ledidi_run-10_target-6.42_3	1096	G	T
ISL1_chr5:51392398-51392614_Ledidi_run-10_target-6.42_4	982	C	G
ISL1_chr5:51392398-51392614_Ledidi_run-10_target-6.42_4	1096	G	T
ISL1_chr5:51392398-51392614_Ledidi_run-10_target-6.42_5	945	T	C
ISL1_chr5:51392398-51392614_Ledidi_run-10_target-6.42_5	982	C	G
ISL1_chr5:51392398-51392614_Ledidi_run-10_target-6.42_6	1096	G	T
ISL1_chr5:51392398-51392614_Ledidi_run-10_target-6.42_7	945	T	G
ISL1_chr5:51392398-51392614_Ledidi_run-10_target-6.42_7	1096	G	T
ISL1_chr5:51392398-51392614_Ledidi_run-10_target-6.42_8	945	T	G
ISL1_chr5:51392398-51392614_Ledidi_run-10_target-6.42_8	1096	G	T
ISL1_chr5:51392398-51392614_Ledidi_run-10_target-6.42_9	945	T	G
ISL1_chr5:51392398-51392614_Ledidi_run-10_target-6.42_9	1096	G	T
ISL1_chr5:51392398-51392614_Ledidi_run-10_target-6.42_10	945	T	C
ISL1_chr5:51392398-51392614_Ledidi_run-10_target-6.42_10	982	C	G
ISL1_chr5:51392398-51392614_Ledidi_run-1_target-7.64_1	945	T	A
ISL1_chr5:51392398-51392614_Ledidi_run-1_target-7.64_1	998	A	C
ISL1_chr5:51392398-51392614_Ledidi_run-1_target-7.64_1	1002	C	T
ISL1_chr5:51392398-51392614_Ledidi_run-1_target-7.64_1	1027	T	G
ISL1_chr5:51392398-51392614_Ledidi_run-1_target-7.64_2	945	T	A
ISL1_chr5:51392398-51392614_Ledidi_run-1_target-7.64_2	998	A	C
ISL1_chr5:51392398-51392614_Ledidi_run-1_target-7.64_2	1002	C	T
ISL1_chr5:51392398-51392614_Ledidi_run-1_target-7.64_2	1027	T	G
ISL1_chr5:51392398-51392614_Ledidi_run-1_target-7.64_3	945	T	A
ISL1_chr5:51392398-51392614_Ledidi_run-1_target-7.64_3	998	A	C
ISL1_chr5:51392398-51392614_Ledidi_run-1_target-7.64_3	1002	C	T
ISL1_chr5:51392398-51392614_Ledidi_run-1_target-7.64_3	1027	T	G
ISL1_chr5:51392398-51392614_Ledidi_run-1_target-7.64_4	945	T	A
ISL1_chr5:51392398-51392614_Ledidi_run-1_target-7.64_4	998	A	C
ISL1_chr5:51392398-51392614_Ledidi_run-1_target-7.64_4	1002	C	T
ISL1_chr5:51392398-51392614_Ledidi_run-1_target-7.64_4	1027	T	G
ISL1_chr5:51392398-51392614_Ledidi_run-1_target-7.64_5	945	T	A
ISL1_chr5:51392398-51392614_Ledidi_run-1_target-7.64_5	998	A	C
ISL1_chr5:51392398-51392614_Ledidi_run-1_target-7.64_5	1002	C	T
ISL1_chr5:51392398-51392614_Ledidi_run-1_target-7.64_5	1027	T	G
ISL1_chr5:51392398-51392614_Ledidi_run-1_target-7.64_6	945	T	A
ISL1_chr5:51392398-51392614_Ledidi_run-1_target-7.64_6	998	A	C
ISL1_chr5:51392398-51392614_Ledidi_run-1_target-7.64_6	1002	C	T
ISL1_chr5:51392398-51392614_Ledidi_run-1_target-7.64_6	1027	T	G
ISL1_chr5:51392398-51392614_Ledidi_run-1_target-7.64_7	945	T	A
ISL1_chr5:51392398-51392614_Ledidi_run-1_target-7.64_7	998	A	C
ISL1_chr5:51392398-51392614_Ledidi_run-1_target-7.64_7	1002	C	T
ISL1_chr5:51392398-51392614_Ledidi_run-1_target-7.64_7	1027	T	G
ISL1_chr5:51392398-51392614_Ledidi_run-1_target-7.64_8	945	T	A
ISL1_chr5:51392398-51392614_Ledidi_run-1_target-7.64_8	998	A	C
ISL1_chr5:51392398-51392614_Ledidi_run-1_target-7.64_8	1002	C	T
ISL1_chr5:51392398-51392614_Ledidi_run-1_target-7.64_8	1027	T	G
ISL1_chr5:51392398-51392614_Ledidi_run-1_target-7.64_9	945	T	A
ISL1_chr5:51392398-51392614_Ledidi_run-1_target-7.64_9	998	A	C
ISL1_chr5:51392398-51392614_Ledidi_run-1_target-7.64_9	1002	C	T
ISL1_chr5:51392398-51392614_Ledidi_run-1_target-7.64_9	1027	T	G
ISL1_chr5:51392398-51392614_Ledidi_run-1_target-7.64_10	945	T	A
ISL1_chr5:51392398-51392614_Ledidi_run-1_target-7.64_10	998	A	C
ISL1_chr5:51392398-51392614_Ledidi_run-1_target-7.64_10	1002	C	T
ISL1_chr5:51392398-51392614_Ledidi_run-1_target-7.64_10	1027	T	G
ISL1_chr5:51392398-51392614_Ledidi_run-2_target-7.64_1	945	T	A
ISL1_chr5:51392398-51392614_Ledidi_run-2_target-7.64_1	976	T	A
ISL1_chr5:51392398-51392614_Ledidi_run-2_target-7.64_1	1011	T	A
ISL1_chr5:51392398-51392614_Ledidi_run-2_target-7.64_1	1027	T	G
ISL1_chr5:51392398-51392614_Ledidi_run-2_target-7.64_2	945	T	G
ISL1_chr5:51392398-51392614_Ledidi_run-2_target-7.64_2	976	T	G
ISL1_chr5:51392398-51392614_Ledidi_run-2_target-7.64_2	1001	G	T
ISL1_chr5:51392398-51392614_Ledidi_run-2_target-7.64_2	1011	T	A
ISL1_chr5:51392398-51392614_Ledidi_run-2_target-7.64_2	1027	T	G
ISL1_chr5:51392398-51392614_Ledidi_run-2_target-7.64_3	945	T	G
ISL1_chr5:51392398-51392614_Ledidi_run-2_target-7.64_3	976	T	A
ISL1_chr5:51392398-51392614_Ledidi_run-2_target-7.64_3	1011	T	A
ISL1_chr5:51392398-51392614_Ledidi_run-2_target-7.64_3	1027	T	G
ISL1_chr5:51392398-51392614_Ledidi_run-2_target-7.64_4	945	T	G
ISL1_chr5:51392398-51392614_Ledidi_run-2_target-7.64_4	976	T	G
ISL1_chr5:51392398-51392614_Ledidi_run-2_target-7.64_4	1001	G	T
ISL1_chr5:51392398-51392614_Ledidi_run-2_target-7.64_4	1011	T	A
ISL1_chr5:51392398-51392614_Ledidi_run-2_target-7.64_4	1027	T	G
ISL1_chr5:51392398-51392614_Ledidi_run-2_target-7.64_5	945	T	G
ISL1_chr5:51392398-51392614_Ledidi_run-2_target-7.64_5	976	T	A
ISL1_chr5:51392398-51392614_Ledidi_run-2_target-7.64_5	1011	T	A
ISL1_chr5:51392398-51392614_Ledidi_run-2_target-7.64_5	1027	T	G
ISL1_chr5:51392398-51392614_Ledidi_run-2_target-7.64_6	945	T	G
ISL1_chr5:51392398-51392614_Ledidi_run-2_target-7.64_6	976	T	G
ISL1_chr5:51392398-51392614_Ledidi_run-2_target-7.64_6	1001	G	T
ISL1_chr5:51392398-51392614_Ledidi_run-2_target-7.64_6	1011	T	A
ISL1_chr5:51392398-51392614_Ledidi_run-2_target-7.64_7	945	T	A
ISL1_chr5:51392398-51392614_Ledidi_run-2_target-7.64_7	976	T	G
ISL1_chr5:51392398-51392614_Ledidi_run-2_target-7.64_7	1001	G	T
ISL1_chr5:51392398-51392614_Ledidi_run-2_target-7.64_7	1011	T	A
ISL1_chr5:51392398-51392614_Ledidi_run-2_target-7.64_8	945	T	A
ISL1_chr5:51392398-51392614_Ledidi_run-2_target-7.64_8	976	T	A
ISL1_chr5:51392398-51392614_Ledidi_run-2_target-7.64_8	1001	G	T
ISL1_chr5:51392398-51392614_Ledidi_run-2_target-7.64_8	1011	T	A
ISL1_chr5:51392398-51392614_Ledidi_run-2_target-7.64_8	1027	T	G
ISL1_chr5:51392398-51392614_Ledidi_run-2_target-7.64_9	945	T	G
ISL1_chr5:51392398-51392614_Ledidi_run-2_target-7.64_9	976	T	G
ISL1_chr5:51392398-51392614_Ledidi_run-2_target-7.64_9	1001	G	T
ISL1_chr5:51392398-51392614_Ledidi_run-2_target-7.64_9	1011	T	A
ISL1_chr5:51392398-51392614_Ledidi_run-2_target-7.64_10	945	T	A
ISL1_chr5:51392398-51392614_Ledidi_run-2_target-7.64_10	976	T	G
ISL1_chr5:51392398-51392614_Ledidi_run-2_target-7.64_10	1001	G	T
ISL1_chr5:51392398-51392614_Ledidi_run-2_target-7.64_10	1011	T	A
ISL1_chr5:51392398-51392614_Ledidi_run-2_target-7.64_10	1027	T	G
ISL1_chr5:51392398-51392614_Ledidi_run-3_target-7.64_1	945	T	G
ISL1_chr5:51392398-51392614_Ledidi_run-3_target-7.64_1	976	T	G
ISL1_chr5:51392398-51392614_Ledidi_run-3_target-7.64_1	1011	T	A
ISL1_chr5:51392398-51392614_Ledidi_run-3_target-7.64_1	1013	T	G
ISL1_chr5:51392398-51392614_Ledidi_run-3_target-7.64_1	1027	T	G
ISL1_chr5:51392398-51392614_Ledidi_run-3_target-7.64_2	945	T	G
ISL1_chr5:51392398-51392614_Ledidi_run-3_target-7.64_2	976	T	G
ISL1_chr5:51392398-51392614_Ledidi_run-3_target-7.64_2	1011	T	A
ISL1_chr5:51392398-51392614_Ledidi_run-3_target-7.64_2	1013	T	G
ISL1_chr5:51392398-51392614_Ledidi_run-3_target-7.64_2	1027	T	G
ISL1_chr5:51392398-51392614_Ledidi_run-3_target-7.64_3	945	T	G
ISL1_chr5:51392398-51392614_Ledidi_run-3_target-7.64_3	976	T	G
ISL1_chr5:51392398-51392614_Ledidi_run-3_target-7.64_3	1011	T	A
ISL1_chr5:51392398-51392614_Ledidi_run-3_target-7.64_3	1013	T	G
ISL1_chr5:51392398-51392614_Ledidi_run-3_target-7.64_3	1027	T	G
ISL1_chr5:51392398-51392614_Ledidi_run-3_target-7.64_4	945	T	G
ISL1_chr5:51392398-51392614_Ledidi_run-3_target-7.64_4	976	T	G
ISL1_chr5:51392398-51392614_Ledidi_run-3_target-7.64_4	1011	T	A
ISL1_chr5:51392398-51392614_Ledidi_run-3_target-7.64_4	1013	T	G
ISL1_chr5:51392398-51392614_Ledidi_run-3_target-7.64_4	1027	T	G
ISL1_chr5:51392398-51392614_Ledidi_run-3_target-7.64_5	945	T	G
ISL1_chr5:51392398-51392614_Ledidi_run-3_target-7.64_5	976	T	G
ISL1_chr5:51392398-51392614_Ledidi_run-3_target-7.64_5	1011	T	A
ISL1_chr5:51392398-51392614_Ledidi_run-3_target-7.64_5	1013	T	G
ISL1_chr5:51392398-51392614_Ledidi_run-3_target-7.64_5	1027	T	G
ISL1_chr5:51392398-51392614_Ledidi_run-3_target-7.64_6	976	T	G
ISL1_chr5:51392398-51392614_Ledidi_run-3_target-7.64_6	1011	T	A
ISL1_chr5:51392398-51392614_Ledidi_run-3_target-7.64_6	1013	T	G
ISL1_chr5:51392398-51392614_Ledidi_run-3_target-7.64_6	1027	T	G
ISL1_chr5:51392398-51392614_Ledidi_run-3_target-7.64_7	945	T	G
ISL1_chr5:51392398-51392614_Ledidi_run-3_target-7.64_7	976	T	G
ISL1_chr5:51392398-51392614_Ledidi_run-3_target-7.64_7	1011	T	A
ISL1_chr5:51392398-51392614_Ledidi_run-3_target-7.64_7	1013	T	G
ISL1_chr5:51392398-51392614_Ledidi_run-3_target-7.64_7	1027	T	G
ISL1_chr5:51392398-51392614_Ledidi_run-3_target-7.64_8	945	T	G
ISL1_chr5:51392398-51392614_Ledidi_run-3_target-7.64_8	976	T	G
ISL1_chr5:51392398-51392614_Ledidi_run-3_target-7.64_8	1011	T	A
ISL1_chr5:51392398-51392614_Ledidi_run-3_target-7.64_8	1013	T	G
ISL1_chr5:51392398-51392614_Ledidi_run-3_target-7.64_8	1027	T	G
ISL1_chr5:51392398-51392614_Ledidi_run-3_target-7.64_9	945	T	G
ISL1_chr5:51392398-51392614_Ledidi_run-3_target-7.64_9	976	T	G
ISL1_chr5:51392398-51392614_Ledidi_run-3_target-7.64_9	1011	T	A
ISL1_chr5:51392398-51392614_Ledidi_run-3_target-7.64_9	1013	T	G
ISL1_chr5:51392398-51392614_Ledidi_run-3_target-7.64_9	1027	T	G
ISL1_chr5:51392398-51392614_Ledidi_run-3_target-7.64_10	945	T	C
ISL1_chr5:51392398-51392614_Ledidi_run-3_target-7.64_10	976	T	G
ISL1_chr5:51392398-51392614_Ledidi_run-3_target-7.64_10	1011	T	A
ISL1_chr5:51392398-51392614_Ledidi_run-3_target-7.64_10	1013	T	G
ISL1_chr5:51392398-51392614_Ledidi_run-3_target-7.64_10	1027	T	G
ISL1_chr5:51392398-51392614_Ledidi_run-4_target-7.64_1	945	T	G
ISL1_chr5:51392398-51392614_Ledidi_run-4_target-7.64_1	950	A	T
ISL1_chr5:51392398-51392614_Ledidi_run-4_target-7.64_1	976	T	G
ISL1_chr5:51392398-51392614_Ledidi_run-4_target-7.64_1	1004	T	A
ISL1_chr5:51392398-51392614_Ledidi_run-4_target-7.64_1	1027	T	C
ISL1_chr5:51392398-51392614_Ledidi_run-4_target-7.64_2	945	T	A
ISL1_chr5:51392398-51392614_Ledidi_run-4_target-7.64_2	976	T	G
ISL1_chr5:51392398-51392614_Ledidi_run-4_target-7.64_2	1004	T	A
ISL1_chr5:51392398-51392614_Ledidi_run-4_target-7.64_2	1027	T	C
ISL1_chr5:51392398-51392614_Ledidi_run-4_target-7.64_2	1096	G	T
ISL1_chr5:51392398-51392614_Ledidi_run-4_target-7.64_3	945	T	G
ISL1_chr5:51392398-51392614_Ledidi_run-4_target-7.64_3	976	T	G
ISL1_chr5:51392398-51392614_Ledidi_run-4_target-7.64_3	1004	T	A
ISL1_chr5:51392398-51392614_Ledidi_run-4_target-7.64_3	1027	T	C
ISL1_chr5:51392398-51392614_Ledidi_run-4_target-7.64_4	945	T	A
ISL1_chr5:51392398-51392614_Ledidi_run-4_target-7.64_4	976	T	G
ISL1_chr5:51392398-51392614_Ledidi_run-4_target-7.64_4	1004	T	A
ISL1_chr5:51392398-51392614_Ledidi_run-4_target-7.64_4	1027	T	C
ISL1_chr5:51392398-51392614_Ledidi_run-4_target-7.64_5	945	T	C
ISL1_chr5:51392398-51392614_Ledidi_run-4_target-7.64_5	976	T	G
ISL1_chr5:51392398-51392614_Ledidi_run-4_target-7.64_5	1004	T	A
ISL1_chr5:51392398-51392614_Ledidi_run-4_target-7.64_5	1027	T	C
ISL1_chr5:51392398-51392614_Ledidi_run-4_target-7.64_6	945	T	G
ISL1_chr5:51392398-51392614_Ledidi_run-4_target-7.64_6	976	T	G
ISL1_chr5:51392398-51392614_Ledidi_run-4_target-7.64_6	1004	T	A
ISL1_chr5:51392398-51392614_Ledidi_run-4_target-7.64_6	1027	T	C
ISL1_chr5:51392398-51392614_Ledidi_run-4_target-7.64_7	945	T	G
ISL1_chr5:51392398-51392614_Ledidi_run-4_target-7.64_7	950	A	T
ISL1_chr5:51392398-51392614_Ledidi_run-4_target-7.64_7	976	T	G
ISL1_chr5:51392398-51392614_Ledidi_run-4_target-7.64_7	1004	T	A
ISL1_chr5:51392398-51392614_Ledidi_run-4_target-7.64_7	1027	T	C
ISL1_chr5:51392398-51392614_Ledidi_run-4_target-7.64_8	945	T	G
ISL1_chr5:51392398-51392614_Ledidi_run-4_target-7.64_8	976	T	G
ISL1_chr5:51392398-51392614_Ledidi_run-4_target-7.64_8	1004	T	A
ISL1_chr5:51392398-51392614_Ledidi_run-4_target-7.64_8	1027	T	C
ISL1_chr5:51392398-51392614_Ledidi_run-4_target-7.64_9	945	T	G
ISL1_chr5:51392398-51392614_Ledidi_run-4_target-7.64_9	950	A	T
ISL1_chr5:51392398-51392614_Ledidi_run-4_target-7.64_9	976	T	G
ISL1_chr5:51392398-51392614_Ledidi_run-4_target-7.64_9	1004	T	A
ISL1_chr5:51392398-51392614_Ledidi_run-4_target-7.64_9	1027	T	C
ISL1_chr5:51392398-51392614_Ledidi_run-4_target-7.64_10	945	T	A
ISL1_chr5:51392398-51392614_Ledidi_run-4_target-7.64_10	976	T	A
ISL1_chr5:51392398-51392614_Ledidi_run-4_target-7.64_10	1004	T	A
ISL1_chr5:51392398-51392614_Ledidi_run-4_target-7.64_10	1027	T	C
ISL1_chr5:51392398-51392614_Ledidi_run-4_target-7.64_10	1096	G	C
ISL1_chr5:51392398-51392614_Ledidi_run-5_target-7.64_1	945	T	A
ISL1_chr5:51392398-51392614_Ledidi_run-5_target-7.64_1	998	A	C
ISL1_chr5:51392398-51392614_Ledidi_run-5_target-7.64_1	1002	C	T
ISL1_chr5:51392398-51392614_Ledidi_run-5_target-7.64_1	1027	T	G
ISL1_chr5:51392398-51392614_Ledidi_run-5_target-7.64_2	945	T	G
ISL1_chr5:51392398-51392614_Ledidi_run-5_target-7.64_2	976	T	G
ISL1_chr5:51392398-51392614_Ledidi_run-5_target-7.64_2	998	A	C
ISL1_chr5:51392398-51392614_Ledidi_run-5_target-7.64_2	1002	C	T
ISL1_chr5:51392398-51392614_Ledidi_run-5_target-7.64_3	945	T	C
ISL1_chr5:51392398-51392614_Ledidi_run-5_target-7.64_3	976	T	A
ISL1_chr5:51392398-51392614_Ledidi_run-5_target-7.64_3	998	A	C
ISL1_chr5:51392398-51392614_Ledidi_run-5_target-7.64_3	1002	C	T
ISL1_chr5:51392398-51392614_Ledidi_run-5_target-7.64_3	1027	T	G
ISL1_chr5:51392398-51392614_Ledidi_run-5_target-7.64_4	945	T	A
ISL1_chr5:51392398-51392614_Ledidi_run-5_target-7.64_4	998	A	C
ISL1_chr5:51392398-51392614_Ledidi_run-5_target-7.64_4	1002	C	T
ISL1_chr5:51392398-51392614_Ledidi_run-5_target-7.64_4	1027	T	G
ISL1_chr5:51392398-51392614_Ledidi_run-5_target-7.64_5	945	T	G
ISL1_chr5:51392398-51392614_Ledidi_run-5_target-7.64_5	976	T	G
ISL1_chr5:51392398-51392614_Ledidi_run-5_target-7.64_5	998	A	C
ISL1_chr5:51392398-51392614_Ledidi_run-5_target-7.64_5	1002	C	T
ISL1_chr5:51392398-51392614_Ledidi_run-5_target-7.64_6	945	T	G
ISL1_chr5:51392398-51392614_Ledidi_run-5_target-7.64_6	998	A	C
ISL1_chr5:51392398-51392614_Ledidi_run-5_target-7.64_6	1002	C	T
ISL1_chr5:51392398-51392614_Ledidi_run-5_target-7.64_6	1027	T	G
ISL1_chr5:51392398-51392614_Ledidi_run-5_target-7.64_7	945	T	C
ISL1_chr5:51392398-51392614_Ledidi_run-5_target-7.64_7	998	A	C
ISL1_chr5:51392398-51392614_Ledidi_run-5_target-7.64_7	1002	C	T
ISL1_chr5:51392398-51392614_Ledidi_run-5_target-7.64_7	1027	T	G
ISL1_chr5:51392398-51392614_Ledidi_run-5_target-7.64_8	945	T	G
ISL1_chr5:51392398-51392614_Ledidi_run-5_target-7.64_8	976	T	G
ISL1_chr5:51392398-51392614_Ledidi_run-5_target-7.64_8	998	A	C
ISL1_chr5:51392398-51392614_Ledidi_run-5_target-7.64_8	1002	C	T
ISL1_chr5:51392398-51392614_Ledidi_run-5_target-7.64_9	945	T	G
ISL1_chr5:51392398-51392614_Ledidi_run-5_target-7.64_9	998	A	C
ISL1_chr5:51392398-51392614_Ledidi_run-5_target-7.64_9	1002	C	T
ISL1_chr5:51392398-51392614_Ledidi_run-5_target-7.64_9	1027	T	G
ISL1_chr5:51392398-51392614_Ledidi_run-5_target-7.64_10	945	T	G
ISL1_chr5:51392398-51392614_Ledidi_run-5_target-7.64_10	976	T	G
ISL1_chr5:51392398-51392614_Ledidi_run-5_target-7.64_10	998	A	C
ISL1_chr5:51392398-51392614_Ledidi_run-5_target-7.64_10	1002	C	T
ISL1_chr5:51392398-51392614_Ledidi_run-6_target-7.64_1	945	T	A
ISL1_chr5:51392398-51392614_Ledidi_run-6_target-7.64_1	1008	C	T
ISL1_chr5:51392398-51392614_Ledidi_run-6_target-7.64_1	1011	T	G
ISL1_chr5:51392398-51392614_Ledidi_run-6_target-7.64_1	1028	A	C
ISL1_chr5:51392398-51392614_Ledidi_run-6_target-7.64_2	945	T	A
ISL1_chr5:51392398-51392614_Ledidi_run-6_target-7.64_2	1008	C	T
ISL1_chr5:51392398-51392614_Ledidi_run-6_target-7.64_2	1011	T	G
ISL1_chr5:51392398-51392614_Ledidi_run-6_target-7.64_2	1028	A	C
ISL1_chr5:51392398-51392614_Ledidi_run-6_target-7.64_3	945	T	A
ISL1_chr5:51392398-51392614_Ledidi_run-6_target-7.64_3	1008	C	T
ISL1_chr5:51392398-51392614_Ledidi_run-6_target-7.64_3	1011	T	G
ISL1_chr5:51392398-51392614_Ledidi_run-6_target-7.64_3	1028	A	C
ISL1_chr5:51392398-51392614_Ledidi_run-6_target-7.64_4	945	T	A
ISL1_chr5:51392398-51392614_Ledidi_run-6_target-7.64_4	1008	C	T
ISL1_chr5:51392398-51392614_Ledidi_run-6_target-7.64_4	1011	T	G
ISL1_chr5:51392398-51392614_Ledidi_run-6_target-7.64_4	1028	A	C
ISL1_chr5:51392398-51392614_Ledidi_run-6_target-7.64_5	945	T	A
ISL1_chr5:51392398-51392614_Ledidi_run-6_target-7.64_5	1008	C	T
ISL1_chr5:51392398-51392614_Ledidi_run-6_target-7.64_5	1011	T	G
ISL1_chr5:51392398-51392614_Ledidi_run-6_target-7.64_5	1028	A	C
ISL1_chr5:51392398-51392614_Ledidi_run-6_target-7.64_5	1036	G	A
ISL1_chr5:51392398-51392614_Ledidi_run-6_target-7.64_6	1008	C	T
ISL1_chr5:51392398-51392614_Ledidi_run-6_target-7.64_6	1011	T	G
ISL1_chr5:51392398-51392614_Ledidi_run-6_target-7.64_6	1028	A	C
ISL1_chr5:51392398-51392614_Ledidi_run-6_target-7.64_7	945	T	A
ISL1_chr5:51392398-51392614_Ledidi_run-6_target-7.64_7	1008	C	T
ISL1_chr5:51392398-51392614_Ledidi_run-6_target-7.64_7	1011	T	G
ISL1_chr5:51392398-51392614_Ledidi_run-6_target-7.64_7	1028	A	C
ISL1_chr5:51392398-51392614_Ledidi_run-6_target-7.64_8	945	T	A
ISL1_chr5:51392398-51392614_Ledidi_run-6_target-7.64_8	1008	C	T
ISL1_chr5:51392398-51392614_Ledidi_run-6_target-7.64_8	1011	T	G
ISL1_chr5:51392398-51392614_Ledidi_run-6_target-7.64_8	1028	A	C
ISL1_chr5:51392398-51392614_Ledidi_run-6_target-7.64_9	945	T	A
ISL1_chr5:51392398-51392614_Ledidi_run-6_target-7.64_9	1008	C	T
ISL1_chr5:51392398-51392614_Ledidi_run-6_target-7.64_9	1011	T	G
ISL1_chr5:51392398-51392614_Ledidi_run-6_target-7.64_9	1028	A	C
ISL1_chr5:51392398-51392614_Ledidi_run-6_target-7.64_9	1036	G	A
ISL1_chr5:51392398-51392614_Ledidi_run-6_target-7.64_10	945	T	A
ISL1_chr5:51392398-51392614_Ledidi_run-6_target-7.64_10	1008	C	T
ISL1_chr5:51392398-51392614_Ledidi_run-6_target-7.64_10	1011	T	G
ISL1_chr5:51392398-51392614_Ledidi_run-6_target-7.64_10	1028	A	C
ISL1_chr5:51392398-51392614_Ledidi_run-7_target-7.64_1	944	T	A
ISL1_chr5:51392398-51392614_Ledidi_run-7_target-7.64_1	964	T	C
ISL1_chr5:51392398-51392614_Ledidi_run-7_target-7.64_1	976	T	G
ISL1_chr5:51392398-51392614_Ledidi_run-7_target-7.64_1	985	C	A
ISL1_chr5:51392398-51392614_Ledidi_run-7_target-7.64_1	996	G	T
ISL1_chr5:51392398-51392614_Ledidi_run-7_target-7.64_2	944	T	A
ISL1_chr5:51392398-51392614_Ledidi_run-7_target-7.64_2	964	T	C
ISL1_chr5:51392398-51392614_Ledidi_run-7_target-7.64_2	976	T	G
ISL1_chr5:51392398-51392614_Ledidi_run-7_target-7.64_2	985	C	A
ISL1_chr5:51392398-51392614_Ledidi_run-7_target-7.64_2	996	G	T
ISL1_chr5:51392398-51392614_Ledidi_run-7_target-7.64_3	944	T	A
ISL1_chr5:51392398-51392614_Ledidi_run-7_target-7.64_3	976	T	G
ISL1_chr5:51392398-51392614_Ledidi_run-7_target-7.64_4	944	T	A
ISL1_chr5:51392398-51392614_Ledidi_run-7_target-7.64_4	964	T	C
ISL1_chr5:51392398-51392614_Ledidi_run-7_target-7.64_4	976	T	G
ISL1_chr5:51392398-51392614_Ledidi_run-7_target-7.64_4	996	G	A
ISL1_chr5:51392398-51392614_Ledidi_run-7_target-7.64_5	944	T	A
ISL1_chr5:51392398-51392614_Ledidi_run-7_target-7.64_5	964	T	C
ISL1_chr5:51392398-51392614_Ledidi_run-7_target-7.64_5	976	T	G
ISL1_chr5:51392398-51392614_Ledidi_run-7_target-7.64_5	996	G	A
ISL1_chr5:51392398-51392614_Ledidi_run-7_target-7.64_6	944	T	A
ISL1_chr5:51392398-51392614_Ledidi_run-7_target-7.64_6	964	T	C
ISL1_chr5:51392398-51392614_Ledidi_run-7_target-7.64_6	976	T	G
ISL1_chr5:51392398-51392614_Ledidi_run-7_target-7.64_6	985	C	A
ISL1_chr5:51392398-51392614_Ledidi_run-7_target-7.64_6	996	G	T
ISL1_chr5:51392398-51392614_Ledidi_run-7_target-7.64_7	944	T	A
ISL1_chr5:51392398-51392614_Ledidi_run-7_target-7.64_7	964	T	C
ISL1_chr5:51392398-51392614_Ledidi_run-7_target-7.64_7	976	T	G
ISL1_chr5:51392398-51392614_Ledidi_run-7_target-7.64_7	985	C	A
ISL1_chr5:51392398-51392614_Ledidi_run-7_target-7.64_8	944	T	A
ISL1_chr5:51392398-51392614_Ledidi_run-7_target-7.64_8	964	T	C
ISL1_chr5:51392398-51392614_Ledidi_run-7_target-7.64_8	976	T	G
ISL1_chr5:51392398-51392614_Ledidi_run-7_target-7.64_8	985	C	A
ISL1_chr5:51392398-51392614_Ledidi_run-7_target-7.64_8	996	G	T
ISL1_chr5:51392398-51392614_Ledidi_run-7_target-7.64_9	944	T	A
ISL1_chr5:51392398-51392614_Ledidi_run-7_target-7.64_9	964	T	C
ISL1_chr5:51392398-51392614_Ledidi_run-7_target-7.64_9	976	T	G
ISL1_chr5:51392398-51392614_Ledidi_run-7_target-7.64_9	985	C	A
ISL1_chr5:51392398-51392614_Ledidi_run-7_target-7.64_10	944	T	A
ISL1_chr5:51392398-51392614_Ledidi_run-7_target-7.64_10	964	T	C
ISL1_chr5:51392398-51392614_Ledidi_run-7_target-7.64_10	976	T	G
ISL1_chr5:51392398-51392614_Ledidi_run-7_target-7.64_10	996	G	A
ISL1_chr5:51392398-51392614_Ledidi_run-8_target-7.64_1	945	T	G
ISL1_chr5:51392398-51392614_Ledidi_run-8_target-7.64_1	976	T	A
ISL1_chr5:51392398-51392614_Ledidi_run-8_target-7.64_1	996	G	T
ISL1_chr5:51392398-51392614_Ledidi_run-8_target-7.64_1	1001	G	T
ISL1_chr5:51392398-51392614_Ledidi_run-8_target-7.64_1	1011	T	A
ISL1_chr5:51392398-51392614_Ledidi_run-8_target-7.64_2	945	T	G
ISL1_chr5:51392398-51392614_Ledidi_run-8_target-7.64_2	976	T	A
ISL1_chr5:51392398-51392614_Ledidi_run-8_target-7.64_2	996	G	T
ISL1_chr5:51392398-51392614_Ledidi_run-8_target-7.64_2	1001	G	T
ISL1_chr5:51392398-51392614_Ledidi_run-8_target-7.64_2	1011	T	A
ISL1_chr5:51392398-51392614_Ledidi_run-8_target-7.64_3	945	T	G
ISL1_chr5:51392398-51392614_Ledidi_run-8_target-7.64_3	996	G	T
ISL1_chr5:51392398-51392614_Ledidi_run-8_target-7.64_3	1001	G	T
ISL1_chr5:51392398-51392614_Ledidi_run-8_target-7.64_3	1011	T	A
ISL1_chr5:51392398-51392614_Ledidi_run-8_target-7.64_4	945	T	G
ISL1_chr5:51392398-51392614_Ledidi_run-8_target-7.64_4	1001	G	T
ISL1_chr5:51392398-51392614_Ledidi_run-8_target-7.64_4	1011	T	A
ISL1_chr5:51392398-51392614_Ledidi_run-8_target-7.64_5	945	T	G
ISL1_chr5:51392398-51392614_Ledidi_run-8_target-7.64_5	1001	G	T
ISL1_chr5:51392398-51392614_Ledidi_run-8_target-7.64_5	1011	T	A
ISL1_chr5:51392398-51392614_Ledidi_run-8_target-7.64_5	1013	T	C
ISL1_chr5:51392398-51392614_Ledidi_run-8_target-7.64_6	945	T	G
ISL1_chr5:51392398-51392614_Ledidi_run-8_target-7.64_6	976	T	A
ISL1_chr5:51392398-51392614_Ledidi_run-8_target-7.64_6	996	G	T
ISL1_chr5:51392398-51392614_Ledidi_run-8_target-7.64_6	1001	G	T
ISL1_chr5:51392398-51392614_Ledidi_run-8_target-7.64_6	1011	T	A
ISL1_chr5:51392398-51392614_Ledidi_run-8_target-7.64_7	945	T	G
ISL1_chr5:51392398-51392614_Ledidi_run-8_target-7.64_7	1001	G	T
ISL1_chr5:51392398-51392614_Ledidi_run-8_target-7.64_7	1011	T	A
ISL1_chr5:51392398-51392614_Ledidi_run-8_target-7.64_7	1013	T	C
ISL1_chr5:51392398-51392614_Ledidi_run-8_target-7.64_8	945	T	G
ISL1_chr5:51392398-51392614_Ledidi_run-8_target-7.64_8	996	G	T
ISL1_chr5:51392398-51392614_Ledidi_run-8_target-7.64_8	1001	G	T
ISL1_chr5:51392398-51392614_Ledidi_run-8_target-7.64_8	1011	T	A
ISL1_chr5:51392398-51392614_Ledidi_run-8_target-7.64_8	1096	G	A
ISL1_chr5:51392398-51392614_Ledidi_run-8_target-7.64_9	945	T	G
ISL1_chr5:51392398-51392614_Ledidi_run-8_target-7.64_9	976	T	A
ISL1_chr5:51392398-51392614_Ledidi_run-8_target-7.64_9	1001	G	T
ISL1_chr5:51392398-51392614_Ledidi_run-8_target-7.64_9	1011	T	A
ISL1_chr5:51392398-51392614_Ledidi_run-8_target-7.64_9	1013	T	C
ISL1_chr5:51392398-51392614_Ledidi_run-8_target-7.64_10	945	T	G
ISL1_chr5:51392398-51392614_Ledidi_run-8_target-7.64_10	1001	G	T
ISL1_chr5:51392398-51392614_Ledidi_run-8_target-7.64_10	1011	T	A
ISL1_chr5:51392398-51392614_Ledidi_run-8_target-7.64_10	1013	T	C
ISL1_chr5:51392398-51392614_Ledidi_run-9_target-7.64_1	946	T	C
ISL1_chr5:51392398-51392614_Ledidi_run-9_target-7.64_1	947	T	C
ISL1_chr5:51392398-51392614_Ledidi_run-9_target-7.64_1	1027	T	G
ISL1_chr5:51392398-51392614_Ledidi_run-9_target-7.64_1	1036	G	A
ISL1_chr5:51392398-51392614_Ledidi_run-9_target-7.64_2	945	T	G
ISL1_chr5:51392398-51392614_Ledidi_run-9_target-7.64_2	947	T	C
ISL1_chr5:51392398-51392614_Ledidi_run-9_target-7.64_2	1001	G	T
ISL1_chr5:51392398-51392614_Ledidi_run-9_target-7.64_2	1027	T	G
ISL1_chr5:51392398-51392614_Ledidi_run-9_target-7.64_2	1036	G	A
ISL1_chr5:51392398-51392614_Ledidi_run-9_target-7.64_3	945	T	G
ISL1_chr5:51392398-51392614_Ledidi_run-9_target-7.64_3	947	T	C
ISL1_chr5:51392398-51392614_Ledidi_run-9_target-7.64_3	1001	G	T
ISL1_chr5:51392398-51392614_Ledidi_run-9_target-7.64_3	1027	T	G
ISL1_chr5:51392398-51392614_Ledidi_run-9_target-7.64_3	1036	G	A
ISL1_chr5:51392398-51392614_Ledidi_run-9_target-7.64_4	945	T	G
ISL1_chr5:51392398-51392614_Ledidi_run-9_target-7.64_4	947	T	C
ISL1_chr5:51392398-51392614_Ledidi_run-9_target-7.64_4	1001	G	T
ISL1_chr5:51392398-51392614_Ledidi_run-9_target-7.64_4	1027	T	G
ISL1_chr5:51392398-51392614_Ledidi_run-9_target-7.64_4	1036	G	A
ISL1_chr5:51392398-51392614_Ledidi_run-9_target-7.64_5	945	T	G
ISL1_chr5:51392398-51392614_Ledidi_run-9_target-7.64_5	947	T	C
ISL1_chr5:51392398-51392614_Ledidi_run-9_target-7.64_5	1001	G	T
ISL1_chr5:51392398-51392614_Ledidi_run-9_target-7.64_5	1036	G	A
ISL1_chr5:51392398-51392614_Ledidi_run-9_target-7.64_6	945	T	G
ISL1_chr5:51392398-51392614_Ledidi_run-9_target-7.64_6	947	T	C
ISL1_chr5:51392398-51392614_Ledidi_run-9_target-7.64_6	981	C	G
ISL1_chr5:51392398-51392614_Ledidi_run-9_target-7.64_6	1001	G	T
ISL1_chr5:51392398-51392614_Ledidi_run-9_target-7.64_6	1036	G	A
ISL1_chr5:51392398-51392614_Ledidi_run-9_target-7.64_7	945	T	G
ISL1_chr5:51392398-51392614_Ledidi_run-9_target-7.64_7	947	T	C
ISL1_chr5:51392398-51392614_Ledidi_run-9_target-7.64_7	981	C	A
ISL1_chr5:51392398-51392614_Ledidi_run-9_target-7.64_7	1001	G	T
ISL1_chr5:51392398-51392614_Ledidi_run-9_target-7.64_7	1036	G	A
ISL1_chr5:51392398-51392614_Ledidi_run-9_target-7.64_8	945	T	G
ISL1_chr5:51392398-51392614_Ledidi_run-9_target-7.64_8	947	T	C
ISL1_chr5:51392398-51392614_Ledidi_run-9_target-7.64_8	981	C	G
ISL1_chr5:51392398-51392614_Ledidi_run-9_target-7.64_8	1001	G	T
ISL1_chr5:51392398-51392614_Ledidi_run-9_target-7.64_8	1036	G	A
ISL1_chr5:51392398-51392614_Ledidi_run-9_target-7.64_9	946	T	A
ISL1_chr5:51392398-51392614_Ledidi_run-9_target-7.64_9	947	T	C
ISL1_chr5:51392398-51392614_Ledidi_run-9_target-7.64_9	1001	G	T
ISL1_chr5:51392398-51392614_Ledidi_run-9_target-7.64_9	1027	T	G
ISL1_chr5:51392398-51392614_Ledidi_run-9_target-7.64_9	1036	G	A
ISL1_chr5:51392398-51392614_Ledidi_run-9_target-7.64_10	945	T	G
ISL1_chr5:51392398-51392614_Ledidi_run-9_target-7.64_10	947	T	C
ISL1_chr5:51392398-51392614_Ledidi_run-9_target-7.64_10	981	C	A
ISL1_chr5:51392398-51392614_Ledidi_run-9_target-7.64_10	1027	T	G
ISL1_chr5:51392398-51392614_Ledidi_run-9_target-7.64_10	1036	G	A
ISL1_chr5:51392398-51392614_Ledidi_run-10_target-7.64_1	946	T	C
ISL1_chr5:51392398-51392614_Ledidi_run-10_target-7.64_1	947	T	C
ISL1_chr5:51392398-51392614_Ledidi_run-10_target-7.64_1	998	A	C
ISL1_chr5:51392398-51392614_Ledidi_run-10_target-7.64_1	1001	G	C
ISL1_chr5:51392398-51392614_Ledidi_run-10_target-7.64_1	1027	T	G
ISL1_chr5:51392398-51392614_Ledidi_run-10_target-7.64_2	946	T	C
ISL1_chr5:51392398-51392614_Ledidi_run-10_target-7.64_2	947	T	C
ISL1_chr5:51392398-51392614_Ledidi_run-10_target-7.64_2	1001	G	C
ISL1_chr5:51392398-51392614_Ledidi_run-10_target-7.64_3	946	T	C
ISL1_chr5:51392398-51392614_Ledidi_run-10_target-7.64_3	947	T	C
ISL1_chr5:51392398-51392614_Ledidi_run-10_target-7.64_3	998	A	C
ISL1_chr5:51392398-51392614_Ledidi_run-10_target-7.64_3	1001	G	C
ISL1_chr5:51392398-51392614_Ledidi_run-10_target-7.64_3	1027	T	G
ISL1_chr5:51392398-51392614_Ledidi_run-10_target-7.64_4	946	T	C
ISL1_chr5:51392398-51392614_Ledidi_run-10_target-7.64_4	947	T	C
ISL1_chr5:51392398-51392614_Ledidi_run-10_target-7.64_4	998	A	C
ISL1_chr5:51392398-51392614_Ledidi_run-10_target-7.64_4	1001	G	C
ISL1_chr5:51392398-51392614_Ledidi_run-10_target-7.64_5	946	T	C
ISL1_chr5:51392398-51392614_Ledidi_run-10_target-7.64_5	947	T	C
ISL1_chr5:51392398-51392614_Ledidi_run-10_target-7.64_5	998	A	C
ISL1_chr5:51392398-51392614_Ledidi_run-10_target-7.64_5	1001	G	C
ISL1_chr5:51392398-51392614_Ledidi_run-10_target-7.64_5	1027	T	G
ISL1_chr5:51392398-51392614_Ledidi_run-10_target-7.64_6	946	T	C
ISL1_chr5:51392398-51392614_Ledidi_run-10_target-7.64_6	947	T	C
ISL1_chr5:51392398-51392614_Ledidi_run-10_target-7.64_6	998	A	C
ISL1_chr5:51392398-51392614_Ledidi_run-10_target-7.64_6	1001	G	C
ISL1_chr5:51392398-51392614_Ledidi_run-10_target-7.64_7	946	T	C
ISL1_chr5:51392398-51392614_Ledidi_run-10_target-7.64_7	947	T	C
ISL1_chr5:51392398-51392614_Ledidi_run-10_target-7.64_7	1001	G	C
ISL1_chr5:51392398-51392614_Ledidi_run-10_target-7.64_7	1027	T	G
ISL1_chr5:51392398-51392614_Ledidi_run-10_target-7.64_8	946	T	C
ISL1_chr5:51392398-51392614_Ledidi_run-10_target-7.64_8	947	T	C
ISL1_chr5:51392398-51392614_Ledidi_run-10_target-7.64_8	1001	G	C
ISL1_chr5:51392398-51392614_Ledidi_run-10_target-7.64_8	1096	G	T
ISL1_chr5:51392398-51392614_Ledidi_run-10_target-7.64_9	946	T	C
ISL1_chr5:51392398-51392614_Ledidi_run-10_target-7.64_9	947	T	C
ISL1_chr5:51392398-51392614_Ledidi_run-10_target-7.64_9	998	A	C
ISL1_chr5:51392398-51392614_Ledidi_run-10_target-7.64_9	1001	G	C
ISL1_chr5:51392398-51392614_Ledidi_run-10_target-7.64_9	1027	T	G
ISL1_chr5:51392398-51392614_Ledidi_run-10_target-7.64_10	946	T	C
ISL1_chr5:51392398-51392614_Ledidi_run-10_target-7.64_10	947	T	C
ISL1_chr5:51392398-51392614_Ledidi_run-10_target-7.64_10	1001	G	C
ISL1_chr5:51392398-51392614_Ledidi_run-10_target-7.64_10	1096	G	T
ISL1_chr5:51392398-51392614_Ledidi_run-1_target-10.88_1	934	T	A
ISL1_chr5:51392398-51392614_Ledidi_run-1_target-10.88_1	946	T	C
ISL1_chr5:51392398-51392614_Ledidi_run-1_target-10.88_1	947	T	A
ISL1_chr5:51392398-51392614_Ledidi_run-1_target-10.88_1	962	A	G
ISL1_chr5:51392398-51392614_Ledidi_run-1_target-10.88_1	975	T	C
ISL1_chr5:51392398-51392614_Ledidi_run-1_target-10.88_1	979	T	G
ISL1_chr5:51392398-51392614_Ledidi_run-1_target-10.88_1	991	T	A
ISL1_chr5:51392398-51392614_Ledidi_run-1_target-10.88_1	992	A	C
ISL1_chr5:51392398-51392614_Ledidi_run-1_target-10.88_1	1001	G	A
ISL1_chr5:51392398-51392614_Ledidi_run-1_target-10.88_1	1002	C	T
ISL1_chr5:51392398-51392614_Ledidi_run-1_target-10.88_1	1018	G	A
ISL1_chr5:51392398-51392614_Ledidi_run-1_target-10.88_1	1019	T	G
ISL1_chr5:51392398-51392614_Ledidi_run-1_target-10.88_1	1026	T	C
ISL1_chr5:51392398-51392614_Ledidi_run-1_target-10.88_1	1037	G	C
ISL1_chr5:51392398-51392614_Ledidi_run-1_target-10.88_1	1039	C	T
ISL1_chr5:51392398-51392614_Ledidi_run-1_target-10.88_1	1089	C	G
ISL1_chr5:51392398-51392614_Ledidi_run-1_target-10.88_1	1093	G	A
ISL1_chr5:51392398-51392614_Ledidi_run-1_target-10.88_1	1095	G	A
ISL1_chr5:51392398-51392614_Ledidi_run-1_target-10.88_2	934	T	A
ISL1_chr5:51392398-51392614_Ledidi_run-1_target-10.88_2	946	T	C
ISL1_chr5:51392398-51392614_Ledidi_run-1_target-10.88_2	947	T	A
ISL1_chr5:51392398-51392614_Ledidi_run-1_target-10.88_2	962	A	G
ISL1_chr5:51392398-51392614_Ledidi_run-1_target-10.88_2	975	T	C
ISL1_chr5:51392398-51392614_Ledidi_run-1_target-10.88_2	979	T	G
ISL1_chr5:51392398-51392614_Ledidi_run-1_target-10.88_2	986	A	T
ISL1_chr5:51392398-51392614_Ledidi_run-1_target-10.88_2	991	T	A
ISL1_chr5:51392398-51392614_Ledidi_run-1_target-10.88_2	992	A	C
ISL1_chr5:51392398-51392614_Ledidi_run-1_target-10.88_2	1001	G	A
ISL1_chr5:51392398-51392614_Ledidi_run-1_target-10.88_2	1002	C	T
ISL1_chr5:51392398-51392614_Ledidi_run-1_target-10.88_2	1018	G	A
ISL1_chr5:51392398-51392614_Ledidi_run-1_target-10.88_2	1019	T	G
ISL1_chr5:51392398-51392614_Ledidi_run-1_target-10.88_2	1026	T	C
ISL1_chr5:51392398-51392614_Ledidi_run-1_target-10.88_2	1037	G	C
ISL1_chr5:51392398-51392614_Ledidi_run-1_target-10.88_2	1039	C	T
ISL1_chr5:51392398-51392614_Ledidi_run-1_target-10.88_2	1089	C	G
ISL1_chr5:51392398-51392614_Ledidi_run-1_target-10.88_2	1093	G	A
ISL1_chr5:51392398-51392614_Ledidi_run-1_target-10.88_2	1095	G	A
ISL1_chr5:51392398-51392614_Ledidi_run-1_target-10.88_3	934	T	A
ISL1_chr5:51392398-51392614_Ledidi_run-1_target-10.88_3	946	T	C
ISL1_chr5:51392398-51392614_Ledidi_run-1_target-10.88_3	947	T	A
ISL1_chr5:51392398-51392614_Ledidi_run-1_target-10.88_3	962	A	G
ISL1_chr5:51392398-51392614_Ledidi_run-1_target-10.88_3	975	T	C
ISL1_chr5:51392398-51392614_Ledidi_run-1_target-10.88_3	979	T	G
ISL1_chr5:51392398-51392614_Ledidi_run-1_target-10.88_3	986	A	T
ISL1_chr5:51392398-51392614_Ledidi_run-1_target-10.88_3	991	T	A
ISL1_chr5:51392398-51392614_Ledidi_run-1_target-10.88_3	992	A	C
ISL1_chr5:51392398-51392614_Ledidi_run-1_target-10.88_3	1001	G	A
ISL1_chr5:51392398-51392614_Ledidi_run-1_target-10.88_3	1002	C	T
ISL1_chr5:51392398-51392614_Ledidi_run-1_target-10.88_3	1018	G	A
ISL1_chr5:51392398-51392614_Ledidi_run-1_target-10.88_3	1019	T	G
ISL1_chr5:51392398-51392614_Ledidi_run-1_target-10.88_3	1026	T	C
ISL1_chr5:51392398-51392614_Ledidi_run-1_target-10.88_3	1037	G	C
ISL1_chr5:51392398-51392614_Ledidi_run-1_target-10.88_3	1039	C	T
ISL1_chr5:51392398-51392614_Ledidi_run-1_target-10.88_3	1089	C	G
ISL1_chr5:51392398-51392614_Ledidi_run-1_target-10.88_3	1093	G	A
ISL1_chr5:51392398-51392614_Ledidi_run-1_target-10.88_3	1095	G	A
ISL1_chr5:51392398-51392614_Ledidi_run-1_target-10.88_4	934	T	A
ISL1_chr5:51392398-51392614_Ledidi_run-1_target-10.88_4	946	T	C
ISL1_chr5:51392398-51392614_Ledidi_run-1_target-10.88_4	947	T	A
ISL1_chr5:51392398-51392614_Ledidi_run-1_target-10.88_4	962	A	G
ISL1_chr5:51392398-51392614_Ledidi_run-1_target-10.88_4	975	T	C
ISL1_chr5:51392398-51392614_Ledidi_run-1_target-10.88_4	979	T	G
ISL1_chr5:51392398-51392614_Ledidi_run-1_target-10.88_4	986	A	T
ISL1_chr5:51392398-51392614_Ledidi_run-1_target-10.88_4	991	T	A
ISL1_chr5:51392398-51392614_Ledidi_run-1_target-10.88_4	992	A	C
ISL1_chr5:51392398-51392614_Ledidi_run-1_target-10.88_4	1001	G	A
ISL1_chr5:51392398-51392614_Ledidi_run-1_target-10.88_4	1002	C	T
ISL1_chr5:51392398-51392614_Ledidi_run-1_target-10.88_4	1018	G	A
ISL1_chr5:51392398-51392614_Ledidi_run-1_target-10.88_4	1019	T	G
ISL1_chr5:51392398-51392614_Ledidi_run-1_target-10.88_4	1026	T	C
ISL1_chr5:51392398-51392614_Ledidi_run-1_target-10.88_4	1037	G	C
ISL1_chr5:51392398-51392614_Ledidi_run-1_target-10.88_4	1039	C	T
ISL1_chr5:51392398-51392614_Ledidi_run-1_target-10.88_4	1089	C	G
ISL1_chr5:51392398-51392614_Ledidi_run-1_target-10.88_4	1093	G	A
ISL1_chr5:51392398-51392614_Ledidi_run-1_target-10.88_4	1095	G	A
ISL1_chr5:51392398-51392614_Ledidi_run-1_target-10.88_5	934	T	A
ISL1_chr5:51392398-51392614_Ledidi_run-1_target-10.88_5	946	T	C
ISL1_chr5:51392398-51392614_Ledidi_run-1_target-10.88_5	947	T	A
ISL1_chr5:51392398-51392614_Ledidi_run-1_target-10.88_5	962	A	G
ISL1_chr5:51392398-51392614_Ledidi_run-1_target-10.88_5	975	T	C
ISL1_chr5:51392398-51392614_Ledidi_run-1_target-10.88_5	979	T	G
ISL1_chr5:51392398-51392614_Ledidi_run-1_target-10.88_5	991	T	A
ISL1_chr5:51392398-51392614_Ledidi_run-1_target-10.88_5	992	A	C
ISL1_chr5:51392398-51392614_Ledidi_run-1_target-10.88_5	1001	G	A
ISL1_chr5:51392398-51392614_Ledidi_run-1_target-10.88_5	1002	C	T
ISL1_chr5:51392398-51392614_Ledidi_run-1_target-10.88_5	1018	G	A
ISL1_chr5:51392398-51392614_Ledidi_run-1_target-10.88_5	1019	T	G
ISL1_chr5:51392398-51392614_Ledidi_run-1_target-10.88_5	1026	T	C
ISL1_chr5:51392398-51392614_Ledidi_run-1_target-10.88_5	1037	G	C
ISL1_chr5:51392398-51392614_Ledidi_run-1_target-10.88_5	1039	C	T
ISL1_chr5:51392398-51392614_Ledidi_run-1_target-10.88_5	1087	T	A
ISL1_chr5:51392398-51392614_Ledidi_run-1_target-10.88_5	1089	C	G
ISL1_chr5:51392398-51392614_Ledidi_run-1_target-10.88_5	1093	G	A
ISL1_chr5:51392398-51392614_Ledidi_run-1_target-10.88_5	1095	G	A
ISL1_chr5:51392398-51392614_Ledidi_run-1_target-10.88_5	1123	T	A
ISL1_chr5:51392398-51392614_Ledidi_run-1_target-10.88_6	934	T	A
ISL1_chr5:51392398-51392614_Ledidi_run-1_target-10.88_6	946	T	C
ISL1_chr5:51392398-51392614_Ledidi_run-1_target-10.88_6	947	T	A
ISL1_chr5:51392398-51392614_Ledidi_run-1_target-10.88_6	962	A	G
ISL1_chr5:51392398-51392614_Ledidi_run-1_target-10.88_6	975	T	C
ISL1_chr5:51392398-51392614_Ledidi_run-1_target-10.88_6	979	T	G
ISL1_chr5:51392398-51392614_Ledidi_run-1_target-10.88_6	986	A	T
ISL1_chr5:51392398-51392614_Ledidi_run-1_target-10.88_6	991	T	A
ISL1_chr5:51392398-51392614_Ledidi_run-1_target-10.88_6	992	A	C
ISL1_chr5:51392398-51392614_Ledidi_run-1_target-10.88_6	1001	G	A
ISL1_chr5:51392398-51392614_Ledidi_run-1_target-10.88_6	1002	C	T
ISL1_chr5:51392398-51392614_Ledidi_run-1_target-10.88_6	1018	G	A
ISL1_chr5:51392398-51392614_Ledidi_run-1_target-10.88_6	1019	T	G
ISL1_chr5:51392398-51392614_Ledidi_run-1_target-10.88_6	1026	T	C
ISL1_chr5:51392398-51392614_Ledidi_run-1_target-10.88_6	1037	G	C
ISL1_chr5:51392398-51392614_Ledidi_run-1_target-10.88_6	1039	C	T
ISL1_chr5:51392398-51392614_Ledidi_run-1_target-10.88_6	1089	C	G
ISL1_chr5:51392398-51392614_Ledidi_run-1_target-10.88_6	1093	G	A
ISL1_chr5:51392398-51392614_Ledidi_run-1_target-10.88_6	1095	G	A
ISL1_chr5:51392398-51392614_Ledidi_run-1_target-10.88_7	934	T	A
ISL1_chr5:51392398-51392614_Ledidi_run-1_target-10.88_7	946	T	C
ISL1_chr5:51392398-51392614_Ledidi_run-1_target-10.88_7	947	T	A
ISL1_chr5:51392398-51392614_Ledidi_run-1_target-10.88_7	962	A	G
ISL1_chr5:51392398-51392614_Ledidi_run-1_target-10.88_7	975	T	C
ISL1_chr5:51392398-51392614_Ledidi_run-1_target-10.88_7	979	T	G
ISL1_chr5:51392398-51392614_Ledidi_run-1_target-10.88_7	986	A	T
ISL1_chr5:51392398-51392614_Ledidi_run-1_target-10.88_7	991	T	A
ISL1_chr5:51392398-51392614_Ledidi_run-1_target-10.88_7	992	A	C
ISL1_chr5:51392398-51392614_Ledidi_run-1_target-10.88_7	1001	G	A
ISL1_chr5:51392398-51392614_Ledidi_run-1_target-10.88_7	1002	C	T
ISL1_chr5:51392398-51392614_Ledidi_run-1_target-10.88_7	1018	G	A
ISL1_chr5:51392398-51392614_Ledidi_run-1_target-10.88_7	1019	T	G
ISL1_chr5:51392398-51392614_Ledidi_run-1_target-10.88_7	1026	T	C
ISL1_chr5:51392398-51392614_Ledidi_run-1_target-10.88_7	1037	G	C
ISL1_chr5:51392398-51392614_Ledidi_run-1_target-10.88_7	1039	C	T
ISL1_chr5:51392398-51392614_Ledidi_run-1_target-10.88_7	1089	C	G
ISL1_chr5:51392398-51392614_Ledidi_run-1_target-10.88_7	1093	G	A
ISL1_chr5:51392398-51392614_Ledidi_run-1_target-10.88_7	1095	G	A
ISL1_chr5:51392398-51392614_Ledidi_run-1_target-10.88_8	934	T	A
ISL1_chr5:51392398-51392614_Ledidi_run-1_target-10.88_8	946	T	C
ISL1_chr5:51392398-51392614_Ledidi_run-1_target-10.88_8	947	T	A
ISL1_chr5:51392398-51392614_Ledidi_run-1_target-10.88_8	962	A	G
ISL1_chr5:51392398-51392614_Ledidi_run-1_target-10.88_8	975	T	C
ISL1_chr5:51392398-51392614_Ledidi_run-1_target-10.88_8	979	T	G
ISL1_chr5:51392398-51392614_Ledidi_run-1_target-10.88_8	986	A	T
ISL1_chr5:51392398-51392614_Ledidi_run-1_target-10.88_8	991	T	A
ISL1_chr5:51392398-51392614_Ledidi_run-1_target-10.88_8	992	A	C
ISL1_chr5:51392398-51392614_Ledidi_run-1_target-10.88_8	1001	G	A
ISL1_chr5:51392398-51392614_Ledidi_run-1_target-10.88_8	1002	C	T
ISL1_chr5:51392398-51392614_Ledidi_run-1_target-10.88_8	1018	G	A
ISL1_chr5:51392398-51392614_Ledidi_run-1_target-10.88_8	1019	T	G
ISL1_chr5:51392398-51392614_Ledidi_run-1_target-10.88_8	1026	T	C
ISL1_chr5:51392398-51392614_Ledidi_run-1_target-10.88_8	1037	G	C
ISL1_chr5:51392398-51392614_Ledidi_run-1_target-10.88_8	1039	C	T
ISL1_chr5:51392398-51392614_Ledidi_run-1_target-10.88_8	1089	C	G
ISL1_chr5:51392398-51392614_Ledidi_run-1_target-10.88_8	1093	G	A
ISL1_chr5:51392398-51392614_Ledidi_run-1_target-10.88_8	1095	G	A
ISL1_chr5:51392398-51392614_Ledidi_run-1_target-10.88_9	934	T	A
ISL1_chr5:51392398-51392614_Ledidi_run-1_target-10.88_9	946	T	C
ISL1_chr5:51392398-51392614_Ledidi_run-1_target-10.88_9	947	T	A
ISL1_chr5:51392398-51392614_Ledidi_run-1_target-10.88_9	962	A	G
ISL1_chr5:51392398-51392614_Ledidi_run-1_target-10.88_9	975	T	C
ISL1_chr5:51392398-51392614_Ledidi_run-1_target-10.88_9	979	T	G
ISL1_chr5:51392398-51392614_Ledidi_run-1_target-10.88_9	991	T	A
ISL1_chr5:51392398-51392614_Ledidi_run-1_target-10.88_9	992	A	C
ISL1_chr5:51392398-51392614_Ledidi_run-1_target-10.88_9	1001	G	A
ISL1_chr5:51392398-51392614_Ledidi_run-1_target-10.88_9	1002	C	T
ISL1_chr5:51392398-51392614_Ledidi_run-1_target-10.88_9	1018	G	A
ISL1_chr5:51392398-51392614_Ledidi_run-1_target-10.88_9	1019	T	G
ISL1_chr5:51392398-51392614_Ledidi_run-1_target-10.88_9	1026	T	C
ISL1_chr5:51392398-51392614_Ledidi_run-1_target-10.88_9	1037	G	C
ISL1_chr5:51392398-51392614_Ledidi_run-1_target-10.88_9	1039	C	T
ISL1_chr5:51392398-51392614_Ledidi_run-1_target-10.88_9	1089	C	G
ISL1_chr5:51392398-51392614_Ledidi_run-1_target-10.88_9	1093	G	A
ISL1_chr5:51392398-51392614_Ledidi_run-1_target-10.88_9	1095	G	A
ISL1_chr5:51392398-51392614_Ledidi_run-1_target-10.88_10	934	T	A
ISL1_chr5:51392398-51392614_Ledidi_run-1_target-10.88_10	946	T	C
ISL1_chr5:51392398-51392614_Ledidi_run-1_target-10.88_10	947	T	A
ISL1_chr5:51392398-51392614_Ledidi_run-1_target-10.88_10	962	A	G
ISL1_chr5:51392398-51392614_Ledidi_run-1_target-10.88_10	975	T	C
ISL1_chr5:51392398-51392614_Ledidi_run-1_target-10.88_10	979	T	G
ISL1_chr5:51392398-51392614_Ledidi_run-1_target-10.88_10	986	A	T
ISL1_chr5:51392398-51392614_Ledidi_run-1_target-10.88_10	991	T	A
ISL1_chr5:51392398-51392614_Ledidi_run-1_target-10.88_10	992	A	C
ISL1_chr5:51392398-51392614_Ledidi_run-1_target-10.88_10	1001	G	A
ISL1_chr5:51392398-51392614_Ledidi_run-1_target-10.88_10	1002	C	T
ISL1_chr5:51392398-51392614_Ledidi_run-1_target-10.88_10	1018	G	A
ISL1_chr5:51392398-51392614_Ledidi_run-1_target-10.88_10	1019	T	G
ISL1_chr5:51392398-51392614_Ledidi_run-1_target-10.88_10	1026	T	C
ISL1_chr5:51392398-51392614_Ledidi_run-1_target-10.88_10	1037	G	C
ISL1_chr5:51392398-51392614_Ledidi_run-1_target-10.88_10	1039	C	T
ISL1_chr5:51392398-51392614_Ledidi_run-1_target-10.88_10	1089	C	G
ISL1_chr5:51392398-51392614_Ledidi_run-1_target-10.88_10	1093	G	A
ISL1_chr5:51392398-51392614_Ledidi_run-1_target-10.88_10	1095	G	A
ISL1_chr5:51392398-51392614_Ledidi_run-2_target-10.88_1	945	T	G
ISL1_chr5:51392398-51392614_Ledidi_run-2_target-10.88_1	964	T	C
ISL1_chr5:51392398-51392614_Ledidi_run-2_target-10.88_1	976	T	C
ISL1_chr5:51392398-51392614_Ledidi_run-2_target-10.88_1	991	T	G
ISL1_chr5:51392398-51392614_Ledidi_run-2_target-10.88_1	1000	G	T
ISL1_chr5:51392398-51392614_Ledidi_run-2_target-10.88_1	1002	C	T
ISL1_chr5:51392398-51392614_Ledidi_run-2_target-10.88_1	1054	A	G
ISL1_chr5:51392398-51392614_Ledidi_run-2_target-10.88_1	1055	A	C
ISL1_chr5:51392398-51392614_Ledidi_run-2_target-10.88_1	1056	A	C
ISL1_chr5:51392398-51392614_Ledidi_run-2_target-10.88_1	1073	C	G
ISL1_chr5:51392398-51392614_Ledidi_run-2_target-10.88_1	1096	G	T
ISL1_chr5:51392398-51392614_Ledidi_run-2_target-10.88_2	949	G	T
ISL1_chr5:51392398-51392614_Ledidi_run-2_target-10.88_2	964	T	C
ISL1_chr5:51392398-51392614_Ledidi_run-2_target-10.88_2	976	T	C
ISL1_chr5:51392398-51392614_Ledidi_run-2_target-10.88_2	991	T	G
ISL1_chr5:51392398-51392614_Ledidi_run-2_target-10.88_2	1000	G	T
ISL1_chr5:51392398-51392614_Ledidi_run-2_target-10.88_2	1002	C	T
ISL1_chr5:51392398-51392614_Ledidi_run-2_target-10.88_2	1027	T	G
ISL1_chr5:51392398-51392614_Ledidi_run-2_target-10.88_2	1036	G	A
ISL1_chr5:51392398-51392614_Ledidi_run-2_target-10.88_2	1054	A	G
ISL1_chr5:51392398-51392614_Ledidi_run-2_target-10.88_2	1055	A	C
ISL1_chr5:51392398-51392614_Ledidi_run-2_target-10.88_2	1056	A	C
ISL1_chr5:51392398-51392614_Ledidi_run-2_target-10.88_2	1062	T	C
ISL1_chr5:51392398-51392614_Ledidi_run-2_target-10.88_2	1063	T	A
ISL1_chr5:51392398-51392614_Ledidi_run-2_target-10.88_2	1073	C	G
ISL1_chr5:51392398-51392614_Ledidi_run-2_target-10.88_3	945	T	C
ISL1_chr5:51392398-51392614_Ledidi_run-2_target-10.88_3	960	T	G
ISL1_chr5:51392398-51392614_Ledidi_run-2_target-10.88_3	964	T	C
ISL1_chr5:51392398-51392614_Ledidi_run-2_target-10.88_3	967	A	G
ISL1_chr5:51392398-51392614_Ledidi_run-2_target-10.88_3	976	T	C
ISL1_chr5:51392398-51392614_Ledidi_run-2_target-10.88_3	979	T	G
ISL1_chr5:51392398-51392614_Ledidi_run-2_target-10.88_3	991	T	G
ISL1_chr5:51392398-51392614_Ledidi_run-2_target-10.88_3	996	G	T
ISL1_chr5:51392398-51392614_Ledidi_run-2_target-10.88_3	1000	G	T
ISL1_chr5:51392398-51392614_Ledidi_run-2_target-10.88_3	1002	C	T
ISL1_chr5:51392398-51392614_Ledidi_run-2_target-10.88_3	1027	T	G
ISL1_chr5:51392398-51392614_Ledidi_run-2_target-10.88_3	1036	G	A
ISL1_chr5:51392398-51392614_Ledidi_run-2_target-10.88_3	1042	A	G
ISL1_chr5:51392398-51392614_Ledidi_run-2_target-10.88_3	1054	A	G
ISL1_chr5:51392398-51392614_Ledidi_run-2_target-10.88_3	1055	A	C
ISL1_chr5:51392398-51392614_Ledidi_run-2_target-10.88_3	1056	A	C
ISL1_chr5:51392398-51392614_Ledidi_run-2_target-10.88_3	1062	T	C
ISL1_chr5:51392398-51392614_Ledidi_run-2_target-10.88_3	1063	T	A
ISL1_chr5:51392398-51392614_Ledidi_run-2_target-10.88_3	1073	C	G
ISL1_chr5:51392398-51392614_Ledidi_run-2_target-10.88_4	949	G	T
ISL1_chr5:51392398-51392614_Ledidi_run-2_target-10.88_4	964	T	C
ISL1_chr5:51392398-51392614_Ledidi_run-2_target-10.88_4	976	T	C
ISL1_chr5:51392398-51392614_Ledidi_run-2_target-10.88_4	991	T	G
ISL1_chr5:51392398-51392614_Ledidi_run-2_target-10.88_4	998	A	C
ISL1_chr5:51392398-51392614_Ledidi_run-2_target-10.88_4	1002	C	T
ISL1_chr5:51392398-51392614_Ledidi_run-2_target-10.88_4	1027	T	G
ISL1_chr5:51392398-51392614_Ledidi_run-2_target-10.88_4	1036	G	A
ISL1_chr5:51392398-51392614_Ledidi_run-2_target-10.88_4	1042	A	G
ISL1_chr5:51392398-51392614_Ledidi_run-2_target-10.88_4	1054	A	G
ISL1_chr5:51392398-51392614_Ledidi_run-2_target-10.88_4	1055	A	C
ISL1_chr5:51392398-51392614_Ledidi_run-2_target-10.88_4	1056	A	C
ISL1_chr5:51392398-51392614_Ledidi_run-2_target-10.88_4	1062	T	C
ISL1_chr5:51392398-51392614_Ledidi_run-2_target-10.88_4	1063	T	A
ISL1_chr5:51392398-51392614_Ledidi_run-2_target-10.88_4	1073	C	G
ISL1_chr5:51392398-51392614_Ledidi_run-2_target-10.88_5	944	T	G
ISL1_chr5:51392398-51392614_Ledidi_run-2_target-10.88_5	964	T	C
ISL1_chr5:51392398-51392614_Ledidi_run-2_target-10.88_5	976	T	C
ISL1_chr5:51392398-51392614_Ledidi_run-2_target-10.88_5	991	T	G
ISL1_chr5:51392398-51392614_Ledidi_run-2_target-10.88_5	998	A	C
ISL1_chr5:51392398-51392614_Ledidi_run-2_target-10.88_5	1002	C	T
ISL1_chr5:51392398-51392614_Ledidi_run-2_target-10.88_5	1027	T	G
ISL1_chr5:51392398-51392614_Ledidi_run-2_target-10.88_5	1036	G	A
ISL1_chr5:51392398-51392614_Ledidi_run-2_target-10.88_5	1042	A	G
ISL1_chr5:51392398-51392614_Ledidi_run-2_target-10.88_5	1054	A	G
ISL1_chr5:51392398-51392614_Ledidi_run-2_target-10.88_5	1055	A	C
ISL1_chr5:51392398-51392614_Ledidi_run-2_target-10.88_5	1056	A	C
ISL1_chr5:51392398-51392614_Ledidi_run-2_target-10.88_5	1062	T	C
ISL1_chr5:51392398-51392614_Ledidi_run-2_target-10.88_5	1063	T	A
ISL1_chr5:51392398-51392614_Ledidi_run-2_target-10.88_5	1073	C	G
ISL1_chr5:51392398-51392614_Ledidi_run-2_target-10.88_5	1085	A	G
ISL1_chr5:51392398-51392614_Ledidi_run-2_target-10.88_5	1096	G	C
ISL1_chr5:51392398-51392614_Ledidi_run-2_target-10.88_6	930	A	C
ISL1_chr5:51392398-51392614_Ledidi_run-2_target-10.88_6	943	T	G
ISL1_chr5:51392398-51392614_Ledidi_run-2_target-10.88_6	949	G	T
ISL1_chr5:51392398-51392614_Ledidi_run-2_target-10.88_6	960	T	G
ISL1_chr5:51392398-51392614_Ledidi_run-2_target-10.88_6	964	T	C
ISL1_chr5:51392398-51392614_Ledidi_run-2_target-10.88_6	967	A	G
ISL1_chr5:51392398-51392614_Ledidi_run-2_target-10.88_6	979	T	G
ISL1_chr5:51392398-51392614_Ledidi_run-2_target-10.88_6	996	G	T
ISL1_chr5:51392398-51392614_Ledidi_run-2_target-10.88_6	1000	G	T
ISL1_chr5:51392398-51392614_Ledidi_run-2_target-10.88_6	1002	C	T
ISL1_chr5:51392398-51392614_Ledidi_run-2_target-10.88_6	1027	T	G
ISL1_chr5:51392398-51392614_Ledidi_run-2_target-10.88_6	1036	G	A
ISL1_chr5:51392398-51392614_Ledidi_run-2_target-10.88_6	1042	A	G
ISL1_chr5:51392398-51392614_Ledidi_run-2_target-10.88_6	1054	A	G
ISL1_chr5:51392398-51392614_Ledidi_run-2_target-10.88_6	1055	A	C
ISL1_chr5:51392398-51392614_Ledidi_run-2_target-10.88_6	1056	A	C
ISL1_chr5:51392398-51392614_Ledidi_run-2_target-10.88_6	1062	T	C
ISL1_chr5:51392398-51392614_Ledidi_run-2_target-10.88_6	1063	T	A
ISL1_chr5:51392398-51392614_Ledidi_run-2_target-10.88_6	1073	C	G
ISL1_chr5:51392398-51392614_Ledidi_run-2_target-10.88_7	945	T	C
ISL1_chr5:51392398-51392614_Ledidi_run-2_target-10.88_7	964	T	C
ISL1_chr5:51392398-51392614_Ledidi_run-2_target-10.88_7	976	T	C
ISL1_chr5:51392398-51392614_Ledidi_run-2_target-10.88_7	996	G	T
ISL1_chr5:51392398-51392614_Ledidi_run-2_target-10.88_7	1000	G	T
ISL1_chr5:51392398-51392614_Ledidi_run-2_target-10.88_7	1002	C	T
ISL1_chr5:51392398-51392614_Ledidi_run-2_target-10.88_7	1027	T	G
ISL1_chr5:51392398-51392614_Ledidi_run-2_target-10.88_7	1036	G	A
ISL1_chr5:51392398-51392614_Ledidi_run-2_target-10.88_7	1042	A	G
ISL1_chr5:51392398-51392614_Ledidi_run-2_target-10.88_7	1054	A	G
ISL1_chr5:51392398-51392614_Ledidi_run-2_target-10.88_7	1055	A	C
ISL1_chr5:51392398-51392614_Ledidi_run-2_target-10.88_7	1056	A	C
ISL1_chr5:51392398-51392614_Ledidi_run-2_target-10.88_7	1062	T	C
ISL1_chr5:51392398-51392614_Ledidi_run-2_target-10.88_7	1063	T	A
ISL1_chr5:51392398-51392614_Ledidi_run-2_target-10.88_8	930	A	C
ISL1_chr5:51392398-51392614_Ledidi_run-2_target-10.88_8	944	T	G
ISL1_chr5:51392398-51392614_Ledidi_run-2_target-10.88_8	964	T	C
ISL1_chr5:51392398-51392614_Ledidi_run-2_target-10.88_8	979	T	G
ISL1_chr5:51392398-51392614_Ledidi_run-2_target-10.88_8	991	T	G
ISL1_chr5:51392398-51392614_Ledidi_run-2_target-10.88_8	1000	G	T
ISL1_chr5:51392398-51392614_Ledidi_run-2_target-10.88_8	1002	C	T
ISL1_chr5:51392398-51392614_Ledidi_run-2_target-10.88_8	1027	T	G
ISL1_chr5:51392398-51392614_Ledidi_run-2_target-10.88_8	1036	G	A
ISL1_chr5:51392398-51392614_Ledidi_run-2_target-10.88_8	1042	A	G
ISL1_chr5:51392398-51392614_Ledidi_run-2_target-10.88_8	1054	A	G
ISL1_chr5:51392398-51392614_Ledidi_run-2_target-10.88_8	1055	A	C
ISL1_chr5:51392398-51392614_Ledidi_run-2_target-10.88_8	1056	A	C
ISL1_chr5:51392398-51392614_Ledidi_run-2_target-10.88_8	1062	T	C
ISL1_chr5:51392398-51392614_Ledidi_run-2_target-10.88_8	1063	T	A
ISL1_chr5:51392398-51392614_Ledidi_run-2_target-10.88_8	1073	C	G
ISL1_chr5:51392398-51392614_Ledidi_run-2_target-10.88_9	946	T	A
ISL1_chr5:51392398-51392614_Ledidi_run-2_target-10.88_9	964	T	C
ISL1_chr5:51392398-51392614_Ledidi_run-2_target-10.88_9	976	T	C
ISL1_chr5:51392398-51392614_Ledidi_run-2_target-10.88_9	991	T	G
ISL1_chr5:51392398-51392614_Ledidi_run-2_target-10.88_9	1000	G	T
ISL1_chr5:51392398-51392614_Ledidi_run-2_target-10.88_9	1002	C	T
ISL1_chr5:51392398-51392614_Ledidi_run-2_target-10.88_9	1027	T	G
ISL1_chr5:51392398-51392614_Ledidi_run-2_target-10.88_9	1036	G	A
ISL1_chr5:51392398-51392614_Ledidi_run-2_target-10.88_9	1054	A	G
ISL1_chr5:51392398-51392614_Ledidi_run-2_target-10.88_9	1055	A	C
ISL1_chr5:51392398-51392614_Ledidi_run-2_target-10.88_9	1056	A	C
ISL1_chr5:51392398-51392614_Ledidi_run-2_target-10.88_9	1062	T	C
ISL1_chr5:51392398-51392614_Ledidi_run-2_target-10.88_9	1063	T	A
ISL1_chr5:51392398-51392614_Ledidi_run-2_target-10.88_9	1073	C	G
ISL1_chr5:51392398-51392614_Ledidi_run-2_target-10.88_10	944	T	G
ISL1_chr5:51392398-51392614_Ledidi_run-2_target-10.88_10	964	T	C
ISL1_chr5:51392398-51392614_Ledidi_run-2_target-10.88_10	976	T	C
ISL1_chr5:51392398-51392614_Ledidi_run-2_target-10.88_10	996	G	T
ISL1_chr5:51392398-51392614_Ledidi_run-2_target-10.88_10	1000	G	A
ISL1_chr5:51392398-51392614_Ledidi_run-2_target-10.88_10	1002	C	T
ISL1_chr5:51392398-51392614_Ledidi_run-2_target-10.88_10	1027	T	G
ISL1_chr5:51392398-51392614_Ledidi_run-2_target-10.88_10	1036	G	A
ISL1_chr5:51392398-51392614_Ledidi_run-2_target-10.88_10	1042	A	G
ISL1_chr5:51392398-51392614_Ledidi_run-2_target-10.88_10	1054	A	G
ISL1_chr5:51392398-51392614_Ledidi_run-2_target-10.88_10	1055	A	C
ISL1_chr5:51392398-51392614_Ledidi_run-2_target-10.88_10	1056	A	C
ISL1_chr5:51392398-51392614_Ledidi_run-2_target-10.88_10	1062	T	C
ISL1_chr5:51392398-51392614_Ledidi_run-2_target-10.88_10	1063	T	A
ISL1_chr5:51392398-51392614_Ledidi_run-3_target-10.88_1	945	T	A
ISL1_chr5:51392398-51392614_Ledidi_run-3_target-10.88_1	986	A	C
ISL1_chr5:51392398-51392614_Ledidi_run-3_target-10.88_1	1000	G	T
ISL1_chr5:51392398-51392614_Ledidi_run-3_target-10.88_1	1013	T	C
ISL1_chr5:51392398-51392614_Ledidi_run-3_target-10.88_1	1014	C	T
ISL1_chr5:51392398-51392614_Ledidi_run-3_target-10.88_1	1027	T	G
ISL1_chr5:51392398-51392614_Ledidi_run-3_target-10.88_1	1036	G	A
ISL1_chr5:51392398-51392614_Ledidi_run-3_target-10.88_1	1057	A	G
ISL1_chr5:51392398-51392614_Ledidi_run-3_target-10.88_1	1060	G	C
ISL1_chr5:51392398-51392614_Ledidi_run-3_target-10.88_1	1075	T	G
ISL1_chr5:51392398-51392614_Ledidi_run-3_target-10.88_1	1094	T	C
ISL1_chr5:51392398-51392614_Ledidi_run-3_target-10.88_1	1095	G	A
ISL1_chr5:51392398-51392614_Ledidi_run-3_target-10.88_1	1096	G	A
ISL1_chr5:51392398-51392614_Ledidi_run-3_target-10.88_1	1097	G	C
ISL1_chr5:51392398-51392614_Ledidi_run-3_target-10.88_1	1098	T	C
ISL1_chr5:51392398-51392614_Ledidi_run-3_target-10.88_1	1135	A	T
ISL1_chr5:51392398-51392614_Ledidi_run-3_target-10.88_2	945	T	A
ISL1_chr5:51392398-51392614_Ledidi_run-3_target-10.88_2	971	T	C
ISL1_chr5:51392398-51392614_Ledidi_run-3_target-10.88_2	991	T	G
ISL1_chr5:51392398-51392614_Ledidi_run-3_target-10.88_2	1000	G	T
ISL1_chr5:51392398-51392614_Ledidi_run-3_target-10.88_2	1013	T	C
ISL1_chr5:51392398-51392614_Ledidi_run-3_target-10.88_2	1014	C	T
ISL1_chr5:51392398-51392614_Ledidi_run-3_target-10.88_2	1027	T	G
ISL1_chr5:51392398-51392614_Ledidi_run-3_target-10.88_2	1036	G	A
ISL1_chr5:51392398-51392614_Ledidi_run-3_target-10.88_2	1057	A	G
ISL1_chr5:51392398-51392614_Ledidi_run-3_target-10.88_2	1060	G	C
ISL1_chr5:51392398-51392614_Ledidi_run-3_target-10.88_2	1075	T	G
ISL1_chr5:51392398-51392614_Ledidi_run-3_target-10.88_2	1094	T	C
ISL1_chr5:51392398-51392614_Ledidi_run-3_target-10.88_2	1095	G	A
ISL1_chr5:51392398-51392614_Ledidi_run-3_target-10.88_2	1096	G	A
ISL1_chr5:51392398-51392614_Ledidi_run-3_target-10.88_2	1097	G	C
ISL1_chr5:51392398-51392614_Ledidi_run-3_target-10.88_2	1098	T	C
ISL1_chr5:51392398-51392614_Ledidi_run-3_target-10.88_2	1135	A	T
ISL1_chr5:51392398-51392614_Ledidi_run-3_target-10.88_3	945	T	G
ISL1_chr5:51392398-51392614_Ledidi_run-3_target-10.88_3	991	T	G
ISL1_chr5:51392398-51392614_Ledidi_run-3_target-10.88_3	1000	G	T
ISL1_chr5:51392398-51392614_Ledidi_run-3_target-10.88_3	1003	A	G
ISL1_chr5:51392398-51392614_Ledidi_run-3_target-10.88_3	1013	T	C
ISL1_chr5:51392398-51392614_Ledidi_run-3_target-10.88_3	1014	C	T
ISL1_chr5:51392398-51392614_Ledidi_run-3_target-10.88_3	1027	T	G
ISL1_chr5:51392398-51392614_Ledidi_run-3_target-10.88_3	1036	G	A
ISL1_chr5:51392398-51392614_Ledidi_run-3_target-10.88_3	1057	A	G
ISL1_chr5:51392398-51392614_Ledidi_run-3_target-10.88_3	1060	G	C
ISL1_chr5:51392398-51392614_Ledidi_run-3_target-10.88_3	1075	T	G
ISL1_chr5:51392398-51392614_Ledidi_run-3_target-10.88_3	1094	T	C
ISL1_chr5:51392398-51392614_Ledidi_run-3_target-10.88_3	1095	G	A
ISL1_chr5:51392398-51392614_Ledidi_run-3_target-10.88_3	1096	G	A
ISL1_chr5:51392398-51392614_Ledidi_run-3_target-10.88_3	1097	G	C
ISL1_chr5:51392398-51392614_Ledidi_run-3_target-10.88_3	1098	T	C
ISL1_chr5:51392398-51392614_Ledidi_run-3_target-10.88_3	1135	A	T
ISL1_chr5:51392398-51392614_Ledidi_run-3_target-10.88_4	945	T	A
ISL1_chr5:51392398-51392614_Ledidi_run-3_target-10.88_4	991	T	G
ISL1_chr5:51392398-51392614_Ledidi_run-3_target-10.88_4	1000	G	T
ISL1_chr5:51392398-51392614_Ledidi_run-3_target-10.88_4	1013	T	C
ISL1_chr5:51392398-51392614_Ledidi_run-3_target-10.88_4	1014	C	T
ISL1_chr5:51392398-51392614_Ledidi_run-3_target-10.88_4	1027	T	G
ISL1_chr5:51392398-51392614_Ledidi_run-3_target-10.88_4	1036	G	A
ISL1_chr5:51392398-51392614_Ledidi_run-3_target-10.88_4	1057	A	G
ISL1_chr5:51392398-51392614_Ledidi_run-3_target-10.88_4	1060	G	C
ISL1_chr5:51392398-51392614_Ledidi_run-3_target-10.88_4	1075	T	G
ISL1_chr5:51392398-51392614_Ledidi_run-3_target-10.88_4	1094	T	C
ISL1_chr5:51392398-51392614_Ledidi_run-3_target-10.88_4	1095	G	A
ISL1_chr5:51392398-51392614_Ledidi_run-3_target-10.88_4	1096	G	A
ISL1_chr5:51392398-51392614_Ledidi_run-3_target-10.88_4	1097	G	C
ISL1_chr5:51392398-51392614_Ledidi_run-3_target-10.88_4	1098	T	C
ISL1_chr5:51392398-51392614_Ledidi_run-3_target-10.88_4	1135	A	T
ISL1_chr5:51392398-51392614_Ledidi_run-3_target-10.88_5	945	T	A
ISL1_chr5:51392398-51392614_Ledidi_run-3_target-10.88_5	964	T	C
ISL1_chr5:51392398-51392614_Ledidi_run-3_target-10.88_5	991	T	G
ISL1_chr5:51392398-51392614_Ledidi_run-3_target-10.88_5	1000	G	T
ISL1_chr5:51392398-51392614_Ledidi_run-3_target-10.88_5	1013	T	C
ISL1_chr5:51392398-51392614_Ledidi_run-3_target-10.88_5	1014	C	T
ISL1_chr5:51392398-51392614_Ledidi_run-3_target-10.88_5	1027	T	G
ISL1_chr5:51392398-51392614_Ledidi_run-3_target-10.88_5	1036	G	A
ISL1_chr5:51392398-51392614_Ledidi_run-3_target-10.88_5	1057	A	G
ISL1_chr5:51392398-51392614_Ledidi_run-3_target-10.88_5	1060	G	C
ISL1_chr5:51392398-51392614_Ledidi_run-3_target-10.88_5	1075	T	G
ISL1_chr5:51392398-51392614_Ledidi_run-3_target-10.88_5	1094	T	C
ISL1_chr5:51392398-51392614_Ledidi_run-3_target-10.88_5	1095	G	A
ISL1_chr5:51392398-51392614_Ledidi_run-3_target-10.88_5	1096	G	A
ISL1_chr5:51392398-51392614_Ledidi_run-3_target-10.88_5	1097	G	C
ISL1_chr5:51392398-51392614_Ledidi_run-3_target-10.88_5	1098	T	C
ISL1_chr5:51392398-51392614_Ledidi_run-3_target-10.88_5	1135	A	T
ISL1_chr5:51392398-51392614_Ledidi_run-3_target-10.88_6	945	T	A
ISL1_chr5:51392398-51392614_Ledidi_run-3_target-10.88_6	991	T	G
ISL1_chr5:51392398-51392614_Ledidi_run-3_target-10.88_6	1000	G	T
ISL1_chr5:51392398-51392614_Ledidi_run-3_target-10.88_6	1003	A	G
ISL1_chr5:51392398-51392614_Ledidi_run-3_target-10.88_6	1013	T	C
ISL1_chr5:51392398-51392614_Ledidi_run-3_target-10.88_6	1014	C	T
ISL1_chr5:51392398-51392614_Ledidi_run-3_target-10.88_6	1027	T	G
ISL1_chr5:51392398-51392614_Ledidi_run-3_target-10.88_6	1036	G	A
ISL1_chr5:51392398-51392614_Ledidi_run-3_target-10.88_6	1057	A	G
ISL1_chr5:51392398-51392614_Ledidi_run-3_target-10.88_6	1060	G	C
ISL1_chr5:51392398-51392614_Ledidi_run-3_target-10.88_6	1075	T	G
ISL1_chr5:51392398-51392614_Ledidi_run-3_target-10.88_6	1094	T	C
ISL1_chr5:51392398-51392614_Ledidi_run-3_target-10.88_6	1095	G	A
ISL1_chr5:51392398-51392614_Ledidi_run-3_target-10.88_6	1096	G	A
ISL1_chr5:51392398-51392614_Ledidi_run-3_target-10.88_6	1097	G	C
ISL1_chr5:51392398-51392614_Ledidi_run-3_target-10.88_6	1098	T	C
ISL1_chr5:51392398-51392614_Ledidi_run-3_target-10.88_6	1135	A	T
ISL1_chr5:51392398-51392614_Ledidi_run-3_target-10.88_7	945	T	A
ISL1_chr5:51392398-51392614_Ledidi_run-3_target-10.88_7	1000	G	T
ISL1_chr5:51392398-51392614_Ledidi_run-3_target-10.88_7	1013	T	C
ISL1_chr5:51392398-51392614_Ledidi_run-3_target-10.88_7	1014	C	T
ISL1_chr5:51392398-51392614_Ledidi_run-3_target-10.88_7	1027	T	G
ISL1_chr5:51392398-51392614_Ledidi_run-3_target-10.88_7	1036	G	A
ISL1_chr5:51392398-51392614_Ledidi_run-3_target-10.88_7	1057	A	G
ISL1_chr5:51392398-51392614_Ledidi_run-3_target-10.88_7	1060	G	C
ISL1_chr5:51392398-51392614_Ledidi_run-3_target-10.88_7	1075	T	G
ISL1_chr5:51392398-51392614_Ledidi_run-3_target-10.88_7	1094	T	C
ISL1_chr5:51392398-51392614_Ledidi_run-3_target-10.88_7	1095	G	A
ISL1_chr5:51392398-51392614_Ledidi_run-3_target-10.88_7	1096	G	A
ISL1_chr5:51392398-51392614_Ledidi_run-3_target-10.88_7	1097	G	C
ISL1_chr5:51392398-51392614_Ledidi_run-3_target-10.88_7	1098	T	C
ISL1_chr5:51392398-51392614_Ledidi_run-3_target-10.88_7	1135	A	T
ISL1_chr5:51392398-51392614_Ledidi_run-3_target-10.88_8	944	T	G
ISL1_chr5:51392398-51392614_Ledidi_run-3_target-10.88_8	986	A	C
ISL1_chr5:51392398-51392614_Ledidi_run-3_target-10.88_8	991	T	G
ISL1_chr5:51392398-51392614_Ledidi_run-3_target-10.88_8	1000	G	T
ISL1_chr5:51392398-51392614_Ledidi_run-3_target-10.88_8	1003	A	G
ISL1_chr5:51392398-51392614_Ledidi_run-3_target-10.88_8	1013	T	C
ISL1_chr5:51392398-51392614_Ledidi_run-3_target-10.88_8	1014	C	T
ISL1_chr5:51392398-51392614_Ledidi_run-3_target-10.88_8	1027	T	G
ISL1_chr5:51392398-51392614_Ledidi_run-3_target-10.88_8	1036	G	A
ISL1_chr5:51392398-51392614_Ledidi_run-3_target-10.88_8	1057	A	G
ISL1_chr5:51392398-51392614_Ledidi_run-3_target-10.88_8	1060	G	C
ISL1_chr5:51392398-51392614_Ledidi_run-3_target-10.88_8	1075	T	G
ISL1_chr5:51392398-51392614_Ledidi_run-3_target-10.88_8	1094	T	C
ISL1_chr5:51392398-51392614_Ledidi_run-3_target-10.88_8	1095	G	A
ISL1_chr5:51392398-51392614_Ledidi_run-3_target-10.88_8	1096	G	A
ISL1_chr5:51392398-51392614_Ledidi_run-3_target-10.88_8	1097	G	C
ISL1_chr5:51392398-51392614_Ledidi_run-3_target-10.88_8	1098	T	C
ISL1_chr5:51392398-51392614_Ledidi_run-3_target-10.88_8	1135	A	T
ISL1_chr5:51392398-51392614_Ledidi_run-3_target-10.88_9	945	T	A
ISL1_chr5:51392398-51392614_Ledidi_run-3_target-10.88_9	964	T	C
ISL1_chr5:51392398-51392614_Ledidi_run-3_target-10.88_9	991	T	G
ISL1_chr5:51392398-51392614_Ledidi_run-3_target-10.88_9	1000	G	T
ISL1_chr5:51392398-51392614_Ledidi_run-3_target-10.88_9	1013	T	C
ISL1_chr5:51392398-51392614_Ledidi_run-3_target-10.88_9	1014	C	T
ISL1_chr5:51392398-51392614_Ledidi_run-3_target-10.88_9	1027	T	G
ISL1_chr5:51392398-51392614_Ledidi_run-3_target-10.88_9	1036	G	A
ISL1_chr5:51392398-51392614_Ledidi_run-3_target-10.88_9	1057	A	G
ISL1_chr5:51392398-51392614_Ledidi_run-3_target-10.88_9	1060	G	C
ISL1_chr5:51392398-51392614_Ledidi_run-3_target-10.88_9	1075	T	G
ISL1_chr5:51392398-51392614_Ledidi_run-3_target-10.88_9	1094	T	C
ISL1_chr5:51392398-51392614_Ledidi_run-3_target-10.88_9	1095	G	A
ISL1_chr5:51392398-51392614_Ledidi_run-3_target-10.88_9	1096	G	A
ISL1_chr5:51392398-51392614_Ledidi_run-3_target-10.88_9	1097	G	C
ISL1_chr5:51392398-51392614_Ledidi_run-3_target-10.88_9	1098	T	C
ISL1_chr5:51392398-51392614_Ledidi_run-3_target-10.88_9	1116	C	A
ISL1_chr5:51392398-51392614_Ledidi_run-3_target-10.88_9	1135	A	T
ISL1_chr5:51392398-51392614_Ledidi_run-3_target-10.88_10	945	T	G
ISL1_chr5:51392398-51392614_Ledidi_run-3_target-10.88_10	947	T	G
ISL1_chr5:51392398-51392614_Ledidi_run-3_target-10.88_10	991	T	G
ISL1_chr5:51392398-51392614_Ledidi_run-3_target-10.88_10	1000	G	T
ISL1_chr5:51392398-51392614_Ledidi_run-3_target-10.88_10	1003	A	G
ISL1_chr5:51392398-51392614_Ledidi_run-3_target-10.88_10	1027	T	G
ISL1_chr5:51392398-51392614_Ledidi_run-3_target-10.88_10	1036	G	A
ISL1_chr5:51392398-51392614_Ledidi_run-3_target-10.88_10	1057	A	G
ISL1_chr5:51392398-51392614_Ledidi_run-3_target-10.88_10	1060	G	C
ISL1_chr5:51392398-51392614_Ledidi_run-3_target-10.88_10	1075	T	G
ISL1_chr5:51392398-51392614_Ledidi_run-3_target-10.88_10	1094	T	C
ISL1_chr5:51392398-51392614_Ledidi_run-3_target-10.88_10	1095	G	A
ISL1_chr5:51392398-51392614_Ledidi_run-3_target-10.88_10	1096	G	A
ISL1_chr5:51392398-51392614_Ledidi_run-3_target-10.88_10	1097	G	C
ISL1_chr5:51392398-51392614_Ledidi_run-3_target-10.88_10	1098	T	C
ISL1_chr5:51392398-51392614_Ledidi_run-3_target-10.88_10	1135	A	T
ISL1_chr5:51392398-51392614_Ledidi_run-4_target-10.88_1	964	T	C
ISL1_chr5:51392398-51392614_Ledidi_run-4_target-10.88_1	1002	C	T
ISL1_chr5:51392398-51392614_Ledidi_run-4_target-10.88_1	1003	A	G
ISL1_chr5:51392398-51392614_Ledidi_run-4_target-10.88_1	1027	T	G
ISL1_chr5:51392398-51392614_Ledidi_run-4_target-10.88_1	1036	G	A
ISL1_chr5:51392398-51392614_Ledidi_run-4_target-10.88_1	1042	A	G
ISL1_chr5:51392398-51392614_Ledidi_run-4_target-10.88_1	1055	A	C
ISL1_chr5:51392398-51392614_Ledidi_run-4_target-10.88_1	1056	A	C
ISL1_chr5:51392398-51392614_Ledidi_run-4_target-10.88_1	1064	G	C
ISL1_chr5:51392398-51392614_Ledidi_run-4_target-10.88_1	1085	A	G
ISL1_chr5:51392398-51392614_Ledidi_run-4_target-10.88_1	1094	T	C
ISL1_chr5:51392398-51392614_Ledidi_run-4_target-10.88_1	1095	G	A
ISL1_chr5:51392398-51392614_Ledidi_run-4_target-10.88_1	1096	G	A
ISL1_chr5:51392398-51392614_Ledidi_run-4_target-10.88_1	1097	G	C
ISL1_chr5:51392398-51392614_Ledidi_run-4_target-10.88_1	1098	T	C
ISL1_chr5:51392398-51392614_Ledidi_run-4_target-10.88_1	1110	A	C
ISL1_chr5:51392398-51392614_Ledidi_run-4_target-10.88_1	1128	T	G
ISL1_chr5:51392398-51392614_Ledidi_run-4_target-10.88_1	1151	A	C
ISL1_chr5:51392398-51392614_Ledidi_run-4_target-10.88_2	945	T	G
ISL1_chr5:51392398-51392614_Ledidi_run-4_target-10.88_2	1000	G	T
ISL1_chr5:51392398-51392614_Ledidi_run-4_target-10.88_2	1002	C	T
ISL1_chr5:51392398-51392614_Ledidi_run-4_target-10.88_2	1027	T	G
ISL1_chr5:51392398-51392614_Ledidi_run-4_target-10.88_2	1036	G	A
ISL1_chr5:51392398-51392614_Ledidi_run-4_target-10.88_2	1042	A	G
ISL1_chr5:51392398-51392614_Ledidi_run-4_target-10.88_2	1055	A	C
ISL1_chr5:51392398-51392614_Ledidi_run-4_target-10.88_2	1056	A	C
ISL1_chr5:51392398-51392614_Ledidi_run-4_target-10.88_2	1094	T	C
ISL1_chr5:51392398-51392614_Ledidi_run-4_target-10.88_2	1095	G	A
ISL1_chr5:51392398-51392614_Ledidi_run-4_target-10.88_2	1096	G	A
ISL1_chr5:51392398-51392614_Ledidi_run-4_target-10.88_2	1097	G	C
ISL1_chr5:51392398-51392614_Ledidi_run-4_target-10.88_2	1098	T	C
ISL1_chr5:51392398-51392614_Ledidi_run-4_target-10.88_2	1110	A	C
ISL1_chr5:51392398-51392614_Ledidi_run-4_target-10.88_2	1125	A	C
ISL1_chr5:51392398-51392614_Ledidi_run-4_target-10.88_2	1150	G	T
ISL1_chr5:51392398-51392614_Ledidi_run-4_target-10.88_2	1151	A	C
ISL1_chr5:51392398-51392614_Ledidi_run-4_target-10.88_3	945	T	C
ISL1_chr5:51392398-51392614_Ledidi_run-4_target-10.88_3	947	T	C
ISL1_chr5:51392398-51392614_Ledidi_run-4_target-10.88_3	964	T	C
ISL1_chr5:51392398-51392614_Ledidi_run-4_target-10.88_3	976	T	C
ISL1_chr5:51392398-51392614_Ledidi_run-4_target-10.88_3	1002	C	T
ISL1_chr5:51392398-51392614_Ledidi_run-4_target-10.88_3	1003	A	G
ISL1_chr5:51392398-51392614_Ledidi_run-4_target-10.88_3	1027	T	G
ISL1_chr5:51392398-51392614_Ledidi_run-4_target-10.88_3	1036	G	A
ISL1_chr5:51392398-51392614_Ledidi_run-4_target-10.88_3	1042	A	G
ISL1_chr5:51392398-51392614_Ledidi_run-4_target-10.88_3	1055	A	C
ISL1_chr5:51392398-51392614_Ledidi_run-4_target-10.88_3	1056	A	C
ISL1_chr5:51392398-51392614_Ledidi_run-4_target-10.88_3	1064	G	C
ISL1_chr5:51392398-51392614_Ledidi_run-4_target-10.88_3	1094	T	C
ISL1_chr5:51392398-51392614_Ledidi_run-4_target-10.88_3	1095	G	A
ISL1_chr5:51392398-51392614_Ledidi_run-4_target-10.88_3	1096	G	A
ISL1_chr5:51392398-51392614_Ledidi_run-4_target-10.88_3	1097	G	A
ISL1_chr5:51392398-51392614_Ledidi_run-4_target-10.88_3	1098	T	C
ISL1_chr5:51392398-51392614_Ledidi_run-4_target-10.88_3	1151	A	C
ISL1_chr5:51392398-51392614_Ledidi_run-4_target-10.88_4	944	T	G
ISL1_chr5:51392398-51392614_Ledidi_run-4_target-10.88_4	976	T	G
ISL1_chr5:51392398-51392614_Ledidi_run-4_target-10.88_4	1003	A	G
ISL1_chr5:51392398-51392614_Ledidi_run-4_target-10.88_4	1027	T	G
ISL1_chr5:51392398-51392614_Ledidi_run-4_target-10.88_4	1036	G	A
ISL1_chr5:51392398-51392614_Ledidi_run-4_target-10.88_4	1055	A	C
ISL1_chr5:51392398-51392614_Ledidi_run-4_target-10.88_4	1056	A	C
ISL1_chr5:51392398-51392614_Ledidi_run-4_target-10.88_4	1062	T	C
ISL1_chr5:51392398-51392614_Ledidi_run-4_target-10.88_4	1064	G	C
ISL1_chr5:51392398-51392614_Ledidi_run-4_target-10.88_4	1094	T	C
ISL1_chr5:51392398-51392614_Ledidi_run-4_target-10.88_4	1095	G	A
ISL1_chr5:51392398-51392614_Ledidi_run-4_target-10.88_4	1096	G	A
ISL1_chr5:51392398-51392614_Ledidi_run-4_target-10.88_4	1097	G	C
ISL1_chr5:51392398-51392614_Ledidi_run-4_target-10.88_4	1098	T	C
ISL1_chr5:51392398-51392614_Ledidi_run-4_target-10.88_4	1110	A	C
ISL1_chr5:51392398-51392614_Ledidi_run-4_target-10.88_4	1128	T	G
ISL1_chr5:51392398-51392614_Ledidi_run-4_target-10.88_4	1151	A	C
ISL1_chr5:51392398-51392614_Ledidi_run-4_target-10.88_5	945	T	G
ISL1_chr5:51392398-51392614_Ledidi_run-4_target-10.88_5	947	T	A
ISL1_chr5:51392398-51392614_Ledidi_run-4_target-10.88_5	1002	C	T
ISL1_chr5:51392398-51392614_Ledidi_run-4_target-10.88_5	1003	A	G
ISL1_chr5:51392398-51392614_Ledidi_run-4_target-10.88_5	1027	T	G
ISL1_chr5:51392398-51392614_Ledidi_run-4_target-10.88_5	1036	G	A
ISL1_chr5:51392398-51392614_Ledidi_run-4_target-10.88_5	1042	A	G
ISL1_chr5:51392398-51392614_Ledidi_run-4_target-10.88_5	1055	A	C
ISL1_chr5:51392398-51392614_Ledidi_run-4_target-10.88_5	1056	A	C
ISL1_chr5:51392398-51392614_Ledidi_run-4_target-10.88_5	1064	G	C
ISL1_chr5:51392398-51392614_Ledidi_run-4_target-10.88_5	1094	T	C
ISL1_chr5:51392398-51392614_Ledidi_run-4_target-10.88_5	1095	G	A
ISL1_chr5:51392398-51392614_Ledidi_run-4_target-10.88_5	1096	G	A
ISL1_chr5:51392398-51392614_Ledidi_run-4_target-10.88_5	1097	G	C
ISL1_chr5:51392398-51392614_Ledidi_run-4_target-10.88_5	1098	T	C
ISL1_chr5:51392398-51392614_Ledidi_run-4_target-10.88_5	1110	A	C
ISL1_chr5:51392398-51392614_Ledidi_run-4_target-10.88_5	1125	A	C
ISL1_chr5:51392398-51392614_Ledidi_run-4_target-10.88_5	1150	G	T
ISL1_chr5:51392398-51392614_Ledidi_run-4_target-10.88_5	1151	A	C
ISL1_chr5:51392398-51392614_Ledidi_run-4_target-10.88_6	945	T	G
ISL1_chr5:51392398-51392614_Ledidi_run-4_target-10.88_6	976	T	G
ISL1_chr5:51392398-51392614_Ledidi_run-4_target-10.88_6	980	A	G
ISL1_chr5:51392398-51392614_Ledidi_run-4_target-10.88_6	1000	G	T
ISL1_chr5:51392398-51392614_Ledidi_run-4_target-10.88_6	1002	C	T
ISL1_chr5:51392398-51392614_Ledidi_run-4_target-10.88_6	1027	T	G
ISL1_chr5:51392398-51392614_Ledidi_run-4_target-10.88_6	1036	G	A
ISL1_chr5:51392398-51392614_Ledidi_run-4_target-10.88_6	1042	A	G
ISL1_chr5:51392398-51392614_Ledidi_run-4_target-10.88_6	1055	A	C
ISL1_chr5:51392398-51392614_Ledidi_run-4_target-10.88_6	1056	A	C
ISL1_chr5:51392398-51392614_Ledidi_run-4_target-10.88_6	1094	T	C
ISL1_chr5:51392398-51392614_Ledidi_run-4_target-10.88_6	1095	G	A
ISL1_chr5:51392398-51392614_Ledidi_run-4_target-10.88_6	1096	G	A
ISL1_chr5:51392398-51392614_Ledidi_run-4_target-10.88_6	1097	G	C
ISL1_chr5:51392398-51392614_Ledidi_run-4_target-10.88_6	1098	T	C
ISL1_chr5:51392398-51392614_Ledidi_run-4_target-10.88_6	1110	A	C
ISL1_chr5:51392398-51392614_Ledidi_run-4_target-10.88_6	1151	A	C
ISL1_chr5:51392398-51392614_Ledidi_run-4_target-10.88_7	946	T	A
ISL1_chr5:51392398-51392614_Ledidi_run-4_target-10.88_7	949	G	T
ISL1_chr5:51392398-51392614_Ledidi_run-4_target-10.88_7	964	T	C
ISL1_chr5:51392398-51392614_Ledidi_run-4_target-10.88_7	976	T	C
ISL1_chr5:51392398-51392614_Ledidi_run-4_target-10.88_7	1027	T	G
ISL1_chr5:51392398-51392614_Ledidi_run-4_target-10.88_7	1036	G	A
ISL1_chr5:51392398-51392614_Ledidi_run-4_target-10.88_7	1042	A	G
ISL1_chr5:51392398-51392614_Ledidi_run-4_target-10.88_7	1055	A	C
ISL1_chr5:51392398-51392614_Ledidi_run-4_target-10.88_7	1056	A	C
ISL1_chr5:51392398-51392614_Ledidi_run-4_target-10.88_7	1064	G	C
ISL1_chr5:51392398-51392614_Ledidi_run-4_target-10.88_7	1094	T	C
ISL1_chr5:51392398-51392614_Ledidi_run-4_target-10.88_7	1095	G	A
ISL1_chr5:51392398-51392614_Ledidi_run-4_target-10.88_8	949	G	T
ISL1_chr5:51392398-51392614_Ledidi_run-4_target-10.88_8	1000	G	T
ISL1_chr5:51392398-51392614_Ledidi_run-4_target-10.88_8	1002	C	T
ISL1_chr5:51392398-51392614_Ledidi_run-4_target-10.88_8	1027	T	G
ISL1_chr5:51392398-51392614_Ledidi_run-4_target-10.88_8	1036	G	A
ISL1_chr5:51392398-51392614_Ledidi_run-4_target-10.88_8	1042	A	G
ISL1_chr5:51392398-51392614_Ledidi_run-4_target-10.88_8	1055	A	C
ISL1_chr5:51392398-51392614_Ledidi_run-4_target-10.88_8	1056	A	C
ISL1_chr5:51392398-51392614_Ledidi_run-4_target-10.88_8	1094	T	C
ISL1_chr5:51392398-51392614_Ledidi_run-4_target-10.88_8	1095	G	A
ISL1_chr5:51392398-51392614_Ledidi_run-4_target-10.88_8	1096	G	A
ISL1_chr5:51392398-51392614_Ledidi_run-4_target-10.88_8	1097	G	C
ISL1_chr5:51392398-51392614_Ledidi_run-4_target-10.88_8	1098	T	C
ISL1_chr5:51392398-51392614_Ledidi_run-4_target-10.88_8	1110	A	C
ISL1_chr5:51392398-51392614_Ledidi_run-4_target-10.88_8	1135	A	C
ISL1_chr5:51392398-51392614_Ledidi_run-4_target-10.88_8	1151	A	C
ISL1_chr5:51392398-51392614_Ledidi_run-4_target-10.88_9	944	T	G
ISL1_chr5:51392398-51392614_Ledidi_run-4_target-10.88_9	949	G	C
ISL1_chr5:51392398-51392614_Ledidi_run-4_target-10.88_9	976	T	G
ISL1_chr5:51392398-51392614_Ledidi_run-4_target-10.88_9	1000	G	T
ISL1_chr5:51392398-51392614_Ledidi_run-4_target-10.88_9	1027	T	G
ISL1_chr5:51392398-51392614_Ledidi_run-4_target-10.88_9	1036	G	A
ISL1_chr5:51392398-51392614_Ledidi_run-4_target-10.88_9	1042	A	G
ISL1_chr5:51392398-51392614_Ledidi_run-4_target-10.88_9	1055	A	C
ISL1_chr5:51392398-51392614_Ledidi_run-4_target-10.88_9	1056	A	C
ISL1_chr5:51392398-51392614_Ledidi_run-4_target-10.88_9	1062	T	C
ISL1_chr5:51392398-51392614_Ledidi_run-4_target-10.88_9	1064	G	C
ISL1_chr5:51392398-51392614_Ledidi_run-4_target-10.88_9	1094	T	C
ISL1_chr5:51392398-51392614_Ledidi_run-4_target-10.88_9	1095	G	A
ISL1_chr5:51392398-51392614_Ledidi_run-4_target-10.88_9	1096	G	A
ISL1_chr5:51392398-51392614_Ledidi_run-4_target-10.88_9	1097	G	C
ISL1_chr5:51392398-51392614_Ledidi_run-4_target-10.88_9	1098	T	C
ISL1_chr5:51392398-51392614_Ledidi_run-4_target-10.88_9	1110	A	C
ISL1_chr5:51392398-51392614_Ledidi_run-4_target-10.88_9	1151	A	C
ISL1_chr5:51392398-51392614_Ledidi_run-4_target-10.88_10	949	G	C
ISL1_chr5:51392398-51392614_Ledidi_run-4_target-10.88_10	964	T	C
ISL1_chr5:51392398-51392614_Ledidi_run-4_target-10.88_10	1000	G	T
ISL1_chr5:51392398-51392614_Ledidi_run-4_target-10.88_10	1002	C	T
ISL1_chr5:51392398-51392614_Ledidi_run-4_target-10.88_10	1027	T	G
ISL1_chr5:51392398-51392614_Ledidi_run-4_target-10.88_10	1036	G	A
ISL1_chr5:51392398-51392614_Ledidi_run-4_target-10.88_10	1042	A	G
ISL1_chr5:51392398-51392614_Ledidi_run-4_target-10.88_10	1055	A	C
ISL1_chr5:51392398-51392614_Ledidi_run-4_target-10.88_10	1056	A	C
ISL1_chr5:51392398-51392614_Ledidi_run-4_target-10.88_10	1094	T	C
ISL1_chr5:51392398-51392614_Ledidi_run-4_target-10.88_10	1095	G	A
ISL1_chr5:51392398-51392614_Ledidi_run-4_target-10.88_10	1096	G	A
ISL1_chr5:51392398-51392614_Ledidi_run-4_target-10.88_10	1097	G	C
ISL1_chr5:51392398-51392614_Ledidi_run-4_target-10.88_10	1098	T	C
ISL1_chr5:51392398-51392614_Ledidi_run-4_target-10.88_10	1110	A	C
ISL1_chr5:51392398-51392614_Ledidi_run-4_target-10.88_10	1151	A	C
ISL1_chr5:51392398-51392614_Ledidi_run-5_target-10.88_1	944	T	A
ISL1_chr5:51392398-51392614_Ledidi_run-5_target-10.88_1	975	T	C
ISL1_chr5:51392398-51392614_Ledidi_run-5_target-10.88_1	979	T	G
ISL1_chr5:51392398-51392614_Ledidi_run-5_target-10.88_1	1000	G	T
ISL1_chr5:51392398-51392614_Ledidi_run-5_target-10.88_1	1002	C	T
ISL1_chr5:51392398-51392614_Ledidi_run-5_target-10.88_1	1027	T	C
ISL1_chr5:51392398-51392614_Ledidi_run-5_target-10.88_1	1028	A	G
ISL1_chr5:51392398-51392614_Ledidi_run-5_target-10.88_1	1036	G	A
ISL1_chr5:51392398-51392614_Ledidi_run-5_target-10.88_1	1042	A	G
ISL1_chr5:51392398-51392614_Ledidi_run-5_target-10.88_1	1085	A	G
ISL1_chr5:51392398-51392614_Ledidi_run-5_target-10.88_1	1086	A	T
ISL1_chr5:51392398-51392614_Ledidi_run-5_target-10.88_1	1096	G	A
ISL1_chr5:51392398-51392614_Ledidi_run-5_target-10.88_1	1097	G	T
ISL1_chr5:51392398-51392614_Ledidi_run-5_target-10.88_1	1135	A	T
ISL1_chr5:51392398-51392614_Ledidi_run-5_target-10.88_1	1143	G	T
ISL1_chr5:51392398-51392614_Ledidi_run-5_target-10.88_2	944	T	A
ISL1_chr5:51392398-51392614_Ledidi_run-5_target-10.88_2	946	T	C
ISL1_chr5:51392398-51392614_Ledidi_run-5_target-10.88_2	998	A	C
ISL1_chr5:51392398-51392614_Ledidi_run-5_target-10.88_2	1002	C	T
ISL1_chr5:51392398-51392614_Ledidi_run-5_target-10.88_2	1027	T	C
ISL1_chr5:51392398-51392614_Ledidi_run-5_target-10.88_2	1028	A	G
ISL1_chr5:51392398-51392614_Ledidi_run-5_target-10.88_2	1076	G	C
ISL1_chr5:51392398-51392614_Ledidi_run-5_target-10.88_2	1084	A	T
ISL1_chr5:51392398-51392614_Ledidi_run-5_target-10.88_2	1085	A	G
ISL1_chr5:51392398-51392614_Ledidi_run-5_target-10.88_2	1086	A	T
ISL1_chr5:51392398-51392614_Ledidi_run-5_target-10.88_2	1096	G	A
ISL1_chr5:51392398-51392614_Ledidi_run-5_target-10.88_2	1135	A	T
ISL1_chr5:51392398-51392614_Ledidi_run-5_target-10.88_2	1143	G	T
ISL1_chr5:51392398-51392614_Ledidi_run-5_target-10.88_3	944	T	A
ISL1_chr5:51392398-51392614_Ledidi_run-5_target-10.88_3	946	T	C
ISL1_chr5:51392398-51392614_Ledidi_run-5_target-10.88_3	991	T	G
ISL1_chr5:51392398-51392614_Ledidi_run-5_target-10.88_3	998	A	C
ISL1_chr5:51392398-51392614_Ledidi_run-5_target-10.88_3	1002	C	T
ISL1_chr5:51392398-51392614_Ledidi_run-5_target-10.88_3	1027	T	C
ISL1_chr5:51392398-51392614_Ledidi_run-5_target-10.88_3	1028	A	G
ISL1_chr5:51392398-51392614_Ledidi_run-5_target-10.88_3	1036	G	A
ISL1_chr5:51392398-51392614_Ledidi_run-5_target-10.88_3	1042	A	G
ISL1_chr5:51392398-51392614_Ledidi_run-5_target-10.88_3	1085	A	G
ISL1_chr5:51392398-51392614_Ledidi_run-5_target-10.88_3	1086	A	T
ISL1_chr5:51392398-51392614_Ledidi_run-5_target-10.88_3	1096	G	A
ISL1_chr5:51392398-51392614_Ledidi_run-5_target-10.88_3	1097	G	T
ISL1_chr5:51392398-51392614_Ledidi_run-5_target-10.88_3	1135	A	T
ISL1_chr5:51392398-51392614_Ledidi_run-5_target-10.88_3	1143	G	T
ISL1_chr5:51392398-51392614_Ledidi_run-5_target-10.88_4	946	T	C
ISL1_chr5:51392398-51392614_Ledidi_run-5_target-10.88_4	947	T	A
ISL1_chr5:51392398-51392614_Ledidi_run-5_target-10.88_4	978	T	G
ISL1_chr5:51392398-51392614_Ledidi_run-5_target-10.88_4	996	G	T
ISL1_chr5:51392398-51392614_Ledidi_run-5_target-10.88_4	1000	G	A
ISL1_chr5:51392398-51392614_Ledidi_run-5_target-10.88_4	1002	C	T
ISL1_chr5:51392398-51392614_Ledidi_run-5_target-10.88_4	1027	T	C
ISL1_chr5:51392398-51392614_Ledidi_run-5_target-10.88_4	1032	A	C
ISL1_chr5:51392398-51392614_Ledidi_run-5_target-10.88_4	1036	G	A
ISL1_chr5:51392398-51392614_Ledidi_run-5_target-10.88_4	1042	A	G
ISL1_chr5:51392398-51392614_Ledidi_run-5_target-10.88_4	1076	G	C
ISL1_chr5:51392398-51392614_Ledidi_run-5_target-10.88_4	1085	A	G
ISL1_chr5:51392398-51392614_Ledidi_run-5_target-10.88_4	1086	A	T
ISL1_chr5:51392398-51392614_Ledidi_run-5_target-10.88_4	1096	G	A
ISL1_chr5:51392398-51392614_Ledidi_run-5_target-10.88_4	1135	A	T
ISL1_chr5:51392398-51392614_Ledidi_run-5_target-10.88_5	944	T	A
ISL1_chr5:51392398-51392614_Ledidi_run-5_target-10.88_5	960	T	G
ISL1_chr5:51392398-51392614_Ledidi_run-5_target-10.88_5	963	G	C
ISL1_chr5:51392398-51392614_Ledidi_run-5_target-10.88_5	975	T	C
ISL1_chr5:51392398-51392614_Ledidi_run-5_target-10.88_5	978	T	G
ISL1_chr5:51392398-51392614_Ledidi_run-5_target-10.88_5	979	T	G
ISL1_chr5:51392398-51392614_Ledidi_run-5_target-10.88_5	984	T	G
ISL1_chr5:51392398-51392614_Ledidi_run-5_target-10.88_5	1000	G	A
ISL1_chr5:51392398-51392614_Ledidi_run-5_target-10.88_5	1002	C	T
ISL1_chr5:51392398-51392614_Ledidi_run-5_target-10.88_5	1028	A	G
ISL1_chr5:51392398-51392614_Ledidi_run-5_target-10.88_5	1036	G	A
ISL1_chr5:51392398-51392614_Ledidi_run-5_target-10.88_5	1042	A	G
ISL1_chr5:51392398-51392614_Ledidi_run-5_target-10.88_5	1076	G	C
ISL1_chr5:51392398-51392614_Ledidi_run-5_target-10.88_5	1085	A	G
ISL1_chr5:51392398-51392614_Ledidi_run-5_target-10.88_5	1086	A	T
ISL1_chr5:51392398-51392614_Ledidi_run-5_target-10.88_5	1096	G	A
ISL1_chr5:51392398-51392614_Ledidi_run-5_target-10.88_5	1135	A	T
ISL1_chr5:51392398-51392614_Ledidi_run-5_target-10.88_5	1143	G	T
ISL1_chr5:51392398-51392614_Ledidi_run-5_target-10.88_6	944	T	A
ISL1_chr5:51392398-51392614_Ledidi_run-5_target-10.88_6	996	G	T
ISL1_chr5:51392398-51392614_Ledidi_run-5_target-10.88_6	1002	C	T
ISL1_chr5:51392398-51392614_Ledidi_run-5_target-10.88_6	1028	A	G
ISL1_chr5:51392398-51392614_Ledidi_run-5_target-10.88_6	1036	G	A
ISL1_chr5:51392398-51392614_Ledidi_run-5_target-10.88_6	1042	A	G
ISL1_chr5:51392398-51392614_Ledidi_run-5_target-10.88_6	1085	A	G
ISL1_chr5:51392398-51392614_Ledidi_run-5_target-10.88_6	1086	A	T
ISL1_chr5:51392398-51392614_Ledidi_run-5_target-10.88_6	1096	G	A
ISL1_chr5:51392398-51392614_Ledidi_run-5_target-10.88_6	1097	G	T
ISL1_chr5:51392398-51392614_Ledidi_run-5_target-10.88_6	1135	A	T
ISL1_chr5:51392398-51392614_Ledidi_run-5_target-10.88_6	1143	G	T
ISL1_chr5:51392398-51392614_Ledidi_run-5_target-10.88_7	944	T	A
ISL1_chr5:51392398-51392614_Ledidi_run-5_target-10.88_7	946	T	C
ISL1_chr5:51392398-51392614_Ledidi_run-5_target-10.88_7	996	G	T
ISL1_chr5:51392398-51392614_Ledidi_run-5_target-10.88_7	1000	G	A
ISL1_chr5:51392398-51392614_Ledidi_run-5_target-10.88_7	1002	C	T
ISL1_chr5:51392398-51392614_Ledidi_run-5_target-10.88_7	1027	T	C
ISL1_chr5:51392398-51392614_Ledidi_run-5_target-10.88_7	1032	A	C
ISL1_chr5:51392398-51392614_Ledidi_run-5_target-10.88_7	1036	G	A
ISL1_chr5:51392398-51392614_Ledidi_run-5_target-10.88_7	1042	A	G
ISL1_chr5:51392398-51392614_Ledidi_run-5_target-10.88_7	1076	G	C
ISL1_chr5:51392398-51392614_Ledidi_run-5_target-10.88_7	1084	A	T
ISL1_chr5:51392398-51392614_Ledidi_run-5_target-10.88_7	1085	A	G
ISL1_chr5:51392398-51392614_Ledidi_run-5_target-10.88_7	1086	A	T
ISL1_chr5:51392398-51392614_Ledidi_run-5_target-10.88_7	1097	G	T
ISL1_chr5:51392398-51392614_Ledidi_run-5_target-10.88_7	1116	C	A
ISL1_chr5:51392398-51392614_Ledidi_run-5_target-10.88_7	1135	A	T
ISL1_chr5:51392398-51392614_Ledidi_run-5_target-10.88_7	1143	G	T
ISL1_chr5:51392398-51392614_Ledidi_run-5_target-10.88_8	944	T	A
ISL1_chr5:51392398-51392614_Ledidi_run-5_target-10.88_8	975	T	C
ISL1_chr5:51392398-51392614_Ledidi_run-5_target-10.88_8	979	T	G
ISL1_chr5:51392398-51392614_Ledidi_run-5_target-10.88_8	996	G	T
ISL1_chr5:51392398-51392614_Ledidi_run-5_target-10.88_8	1002	C	T
ISL1_chr5:51392398-51392614_Ledidi_run-5_target-10.88_8	1027	T	C
ISL1_chr5:51392398-51392614_Ledidi_run-5_target-10.88_8	1028	A	G
ISL1_chr5:51392398-51392614_Ledidi_run-5_target-10.88_8	1036	G	A
ISL1_chr5:51392398-51392614_Ledidi_run-5_target-10.88_8	1042	A	G
ISL1_chr5:51392398-51392614_Ledidi_run-5_target-10.88_8	1085	A	G
ISL1_chr5:51392398-51392614_Ledidi_run-5_target-10.88_8	1086	A	T
ISL1_chr5:51392398-51392614_Ledidi_run-5_target-10.88_8	1096	G	A
ISL1_chr5:51392398-51392614_Ledidi_run-5_target-10.88_8	1097	G	T
ISL1_chr5:51392398-51392614_Ledidi_run-5_target-10.88_8	1135	A	T
ISL1_chr5:51392398-51392614_Ledidi_run-5_target-10.88_8	1143	G	T
ISL1_chr5:51392398-51392614_Ledidi_run-5_target-10.88_9	943	T	G
ISL1_chr5:51392398-51392614_Ledidi_run-5_target-10.88_9	949	G	T
ISL1_chr5:51392398-51392614_Ledidi_run-5_target-10.88_9	978	T	G
ISL1_chr5:51392398-51392614_Ledidi_run-5_target-10.88_9	996	G	T
ISL1_chr5:51392398-51392614_Ledidi_run-5_target-10.88_9	1002	C	T
ISL1_chr5:51392398-51392614_Ledidi_run-5_target-10.88_9	1027	T	C
ISL1_chr5:51392398-51392614_Ledidi_run-5_target-10.88_9	1028	A	G
ISL1_chr5:51392398-51392614_Ledidi_run-5_target-10.88_9	1036	G	A
ISL1_chr5:51392398-51392614_Ledidi_run-5_target-10.88_9	1042	A	G
ISL1_chr5:51392398-51392614_Ledidi_run-5_target-10.88_9	1085	A	G
ISL1_chr5:51392398-51392614_Ledidi_run-5_target-10.88_9	1086	A	T
ISL1_chr5:51392398-51392614_Ledidi_run-5_target-10.88_9	1096	G	A
ISL1_chr5:51392398-51392614_Ledidi_run-5_target-10.88_9	1097	G	T
ISL1_chr5:51392398-51392614_Ledidi_run-5_target-10.88_9	1135	A	T
ISL1_chr5:51392398-51392614_Ledidi_run-5_target-10.88_9	1143	G	T
ISL1_chr5:51392398-51392614_Ledidi_run-5_target-10.88_10	944	T	A
ISL1_chr5:51392398-51392614_Ledidi_run-5_target-10.88_10	979	T	G
ISL1_chr5:51392398-51392614_Ledidi_run-5_target-10.88_10	1000	G	A
ISL1_chr5:51392398-51392614_Ledidi_run-5_target-10.88_10	1002	C	T
ISL1_chr5:51392398-51392614_Ledidi_run-5_target-10.88_10	1027	T	C
ISL1_chr5:51392398-51392614_Ledidi_run-5_target-10.88_10	1032	A	C
ISL1_chr5:51392398-51392614_Ledidi_run-5_target-10.88_10	1036	G	A
ISL1_chr5:51392398-51392614_Ledidi_run-5_target-10.88_10	1042	A	G
ISL1_chr5:51392398-51392614_Ledidi_run-5_target-10.88_10	1076	G	C
ISL1_chr5:51392398-51392614_Ledidi_run-5_target-10.88_10	1084	A	T
ISL1_chr5:51392398-51392614_Ledidi_run-5_target-10.88_10	1085	A	G
ISL1_chr5:51392398-51392614_Ledidi_run-5_target-10.88_10	1086	A	T
ISL1_chr5:51392398-51392614_Ledidi_run-5_target-10.88_10	1097	G	T
ISL1_chr5:51392398-51392614_Ledidi_run-5_target-10.88_10	1098	T	G
ISL1_chr5:51392398-51392614_Ledidi_run-6_target-10.88_1	946	T	A
ISL1_chr5:51392398-51392614_Ledidi_run-6_target-10.88_1	976	T	G
ISL1_chr5:51392398-51392614_Ledidi_run-6_target-10.88_1	1000	G	T
ISL1_chr5:51392398-51392614_Ledidi_run-6_target-10.88_1	1002	C	T
ISL1_chr5:51392398-51392614_Ledidi_run-6_target-10.88_1	1012	C	G
ISL1_chr5:51392398-51392614_Ledidi_run-6_target-10.88_1	1018	G	A
ISL1_chr5:51392398-51392614_Ledidi_run-6_target-10.88_1	1024	A	C
ISL1_chr5:51392398-51392614_Ledidi_run-6_target-10.88_1	1037	G	C
ISL1_chr5:51392398-51392614_Ledidi_run-6_target-10.88_1	1054	A	G
ISL1_chr5:51392398-51392614_Ledidi_run-6_target-10.88_1	1055	A	C
ISL1_chr5:51392398-51392614_Ledidi_run-6_target-10.88_1	1056	A	C
ISL1_chr5:51392398-51392614_Ledidi_run-6_target-10.88_1	1069	C	A
ISL1_chr5:51392398-51392614_Ledidi_run-6_target-10.88_1	1085	A	G
ISL1_chr5:51392398-51392614_Ledidi_run-6_target-10.88_1	1086	A	T
ISL1_chr5:51392398-51392614_Ledidi_run-6_target-10.88_1	1098	T	G
ISL1_chr5:51392398-51392614_Ledidi_run-6_target-10.88_1	1135	A	T
ISL1_chr5:51392398-51392614_Ledidi_run-6_target-10.88_1	1143	G	T
ISL1_chr5:51392398-51392614_Ledidi_run-6_target-10.88_2	946	T	A
ISL1_chr5:51392398-51392614_Ledidi_run-6_target-10.88_2	976	T	G
ISL1_chr5:51392398-51392614_Ledidi_run-6_target-10.88_2	1000	G	T
ISL1_chr5:51392398-51392614_Ledidi_run-6_target-10.88_2	1002	C	T
ISL1_chr5:51392398-51392614_Ledidi_run-6_target-10.88_2	1037	G	C
ISL1_chr5:51392398-51392614_Ledidi_run-6_target-10.88_2	1054	A	G
ISL1_chr5:51392398-51392614_Ledidi_run-6_target-10.88_2	1055	A	C
ISL1_chr5:51392398-51392614_Ledidi_run-6_target-10.88_2	1056	A	C
ISL1_chr5:51392398-51392614_Ledidi_run-6_target-10.88_2	1066	C	T
ISL1_chr5:51392398-51392614_Ledidi_run-6_target-10.88_2	1069	C	A
ISL1_chr5:51392398-51392614_Ledidi_run-6_target-10.88_2	1085	A	G
ISL1_chr5:51392398-51392614_Ledidi_run-6_target-10.88_2	1086	A	T
ISL1_chr5:51392398-51392614_Ledidi_run-6_target-10.88_2	1092	A	G
ISL1_chr5:51392398-51392614_Ledidi_run-6_target-10.88_2	1098	T	G
ISL1_chr5:51392398-51392614_Ledidi_run-6_target-10.88_2	1135	A	T
ISL1_chr5:51392398-51392614_Ledidi_run-6_target-10.88_2	1143	G	T
ISL1_chr5:51392398-51392614_Ledidi_run-6_target-10.88_3	946	T	A
ISL1_chr5:51392398-51392614_Ledidi_run-6_target-10.88_3	976	T	G
ISL1_chr5:51392398-51392614_Ledidi_run-6_target-10.88_3	1000	G	T
ISL1_chr5:51392398-51392614_Ledidi_run-6_target-10.88_3	1002	C	T
ISL1_chr5:51392398-51392614_Ledidi_run-6_target-10.88_3	1012	C	G
ISL1_chr5:51392398-51392614_Ledidi_run-6_target-10.88_3	1018	G	A
ISL1_chr5:51392398-51392614_Ledidi_run-6_target-10.88_3	1024	A	C
ISL1_chr5:51392398-51392614_Ledidi_run-6_target-10.88_3	1037	G	C
ISL1_chr5:51392398-51392614_Ledidi_run-6_target-10.88_3	1054	A	G
ISL1_chr5:51392398-51392614_Ledidi_run-6_target-10.88_3	1055	A	C
ISL1_chr5:51392398-51392614_Ledidi_run-6_target-10.88_3	1056	A	C
ISL1_chr5:51392398-51392614_Ledidi_run-6_target-10.88_3	1069	C	A
ISL1_chr5:51392398-51392614_Ledidi_run-6_target-10.88_3	1085	A	G
ISL1_chr5:51392398-51392614_Ledidi_run-6_target-10.88_3	1086	A	T
ISL1_chr5:51392398-51392614_Ledidi_run-6_target-10.88_3	1098	T	G
ISL1_chr5:51392398-51392614_Ledidi_run-6_target-10.88_3	1135	A	T
ISL1_chr5:51392398-51392614_Ledidi_run-6_target-10.88_3	1143	G	T
ISL1_chr5:51392398-51392614_Ledidi_run-6_target-10.88_4	946	T	A
ISL1_chr5:51392398-51392614_Ledidi_run-6_target-10.88_4	976	T	G
ISL1_chr5:51392398-51392614_Ledidi_run-6_target-10.88_4	1000	G	T
ISL1_chr5:51392398-51392614_Ledidi_run-6_target-10.88_4	1002	C	T
ISL1_chr5:51392398-51392614_Ledidi_run-6_target-10.88_4	1037	G	C
ISL1_chr5:51392398-51392614_Ledidi_run-6_target-10.88_4	1054	A	G
ISL1_chr5:51392398-51392614_Ledidi_run-6_target-10.88_4	1055	A	C
ISL1_chr5:51392398-51392614_Ledidi_run-6_target-10.88_4	1056	A	C
ISL1_chr5:51392398-51392614_Ledidi_run-6_target-10.88_4	1066	C	T
ISL1_chr5:51392398-51392614_Ledidi_run-6_target-10.88_4	1069	C	A
ISL1_chr5:51392398-51392614_Ledidi_run-6_target-10.88_4	1085	A	G
ISL1_chr5:51392398-51392614_Ledidi_run-6_target-10.88_4	1086	A	T
ISL1_chr5:51392398-51392614_Ledidi_run-6_target-10.88_4	1092	A	G
ISL1_chr5:51392398-51392614_Ledidi_run-6_target-10.88_4	1098	T	G
ISL1_chr5:51392398-51392614_Ledidi_run-6_target-10.88_4	1135	A	T
ISL1_chr5:51392398-51392614_Ledidi_run-6_target-10.88_4	1143	G	T
ISL1_chr5:51392398-51392614_Ledidi_run-6_target-10.88_5	946	T	A
ISL1_chr5:51392398-51392614_Ledidi_run-6_target-10.88_5	991	T	A
ISL1_chr5:51392398-51392614_Ledidi_run-6_target-10.88_5	1000	G	T
ISL1_chr5:51392398-51392614_Ledidi_run-6_target-10.88_5	1002	C	T
ISL1_chr5:51392398-51392614_Ledidi_run-6_target-10.88_5	1037	G	C
ISL1_chr5:51392398-51392614_Ledidi_run-6_target-10.88_5	1054	A	G
ISL1_chr5:51392398-51392614_Ledidi_run-6_target-10.88_5	1055	A	C
ISL1_chr5:51392398-51392614_Ledidi_run-6_target-10.88_5	1056	A	C
ISL1_chr5:51392398-51392614_Ledidi_run-6_target-10.88_5	1066	C	T
ISL1_chr5:51392398-51392614_Ledidi_run-6_target-10.88_5	1069	C	A
ISL1_chr5:51392398-51392614_Ledidi_run-6_target-10.88_5	1084	A	C
ISL1_chr5:51392398-51392614_Ledidi_run-6_target-10.88_5	1085	A	G
ISL1_chr5:51392398-51392614_Ledidi_run-6_target-10.88_5	1086	A	T
ISL1_chr5:51392398-51392614_Ledidi_run-6_target-10.88_5	1098	T	G
ISL1_chr5:51392398-51392614_Ledidi_run-6_target-10.88_5	1135	A	T
ISL1_chr5:51392398-51392614_Ledidi_run-6_target-10.88_5	1143	G	T
ISL1_chr5:51392398-51392614_Ledidi_run-6_target-10.88_6	976	T	G
ISL1_chr5:51392398-51392614_Ledidi_run-6_target-10.88_6	1000	G	T
ISL1_chr5:51392398-51392614_Ledidi_run-6_target-10.88_6	1002	C	T
ISL1_chr5:51392398-51392614_Ledidi_run-6_target-10.88_6	1037	G	C
ISL1_chr5:51392398-51392614_Ledidi_run-6_target-10.88_6	1054	A	G
ISL1_chr5:51392398-51392614_Ledidi_run-6_target-10.88_6	1055	A	C
ISL1_chr5:51392398-51392614_Ledidi_run-6_target-10.88_6	1056	A	C
ISL1_chr5:51392398-51392614_Ledidi_run-6_target-10.88_6	1066	C	T
ISL1_chr5:51392398-51392614_Ledidi_run-6_target-10.88_6	1069	C	A
ISL1_chr5:51392398-51392614_Ledidi_run-6_target-10.88_6	1085	A	G
ISL1_chr5:51392398-51392614_Ledidi_run-6_target-10.88_6	1086	A	T
ISL1_chr5:51392398-51392614_Ledidi_run-6_target-10.88_6	1092	A	G
ISL1_chr5:51392398-51392614_Ledidi_run-6_target-10.88_6	1098	T	G
ISL1_chr5:51392398-51392614_Ledidi_run-6_target-10.88_6	1135	A	T
ISL1_chr5:51392398-51392614_Ledidi_run-6_target-10.88_6	1143	G	T
ISL1_chr5:51392398-51392614_Ledidi_run-6_target-10.88_7	946	T	A
ISL1_chr5:51392398-51392614_Ledidi_run-6_target-10.88_7	976	T	G
ISL1_chr5:51392398-51392614_Ledidi_run-6_target-10.88_7	1000	G	T
ISL1_chr5:51392398-51392614_Ledidi_run-6_target-10.88_7	1002	C	T
ISL1_chr5:51392398-51392614_Ledidi_run-6_target-10.88_7	1012	C	G
ISL1_chr5:51392398-51392614_Ledidi_run-6_target-10.88_7	1018	G	A
ISL1_chr5:51392398-51392614_Ledidi_run-6_target-10.88_7	1024	A	C
ISL1_chr5:51392398-51392614_Ledidi_run-6_target-10.88_7	1037	G	C
ISL1_chr5:51392398-51392614_Ledidi_run-6_target-10.88_7	1054	A	G
ISL1_chr5:51392398-51392614_Ledidi_run-6_target-10.88_7	1055	A	C
ISL1_chr5:51392398-51392614_Ledidi_run-6_target-10.88_7	1056	A	C
ISL1_chr5:51392398-51392614_Ledidi_run-6_target-10.88_7	1069	C	A
ISL1_chr5:51392398-51392614_Ledidi_run-6_target-10.88_7	1085	A	G
ISL1_chr5:51392398-51392614_Ledidi_run-6_target-10.88_7	1086	A	T
ISL1_chr5:51392398-51392614_Ledidi_run-6_target-10.88_7	1098	T	G
ISL1_chr5:51392398-51392614_Ledidi_run-6_target-10.88_7	1135	A	T
ISL1_chr5:51392398-51392614_Ledidi_run-6_target-10.88_7	1143	G	T
ISL1_chr5:51392398-51392614_Ledidi_run-6_target-10.88_8	946	T	C
ISL1_chr5:51392398-51392614_Ledidi_run-6_target-10.88_8	976	T	G
ISL1_chr5:51392398-51392614_Ledidi_run-6_target-10.88_8	1000	G	T
ISL1_chr5:51392398-51392614_Ledidi_run-6_target-10.88_8	1002	C	T
ISL1_chr5:51392398-51392614_Ledidi_run-6_target-10.88_8	1012	C	G
ISL1_chr5:51392398-51392614_Ledidi_run-6_target-10.88_8	1018	G	A
ISL1_chr5:51392398-51392614_Ledidi_run-6_target-10.88_8	1019	T	A
ISL1_chr5:51392398-51392614_Ledidi_run-6_target-10.88_8	1024	A	C
ISL1_chr5:51392398-51392614_Ledidi_run-6_target-10.88_8	1032	A	T
ISL1_chr5:51392398-51392614_Ledidi_run-6_target-10.88_8	1037	G	C
ISL1_chr5:51392398-51392614_Ledidi_run-6_target-10.88_8	1054	A	G
ISL1_chr5:51392398-51392614_Ledidi_run-6_target-10.88_8	1055	A	C
ISL1_chr5:51392398-51392614_Ledidi_run-6_target-10.88_8	1056	A	C
ISL1_chr5:51392398-51392614_Ledidi_run-6_target-10.88_8	1069	C	A
ISL1_chr5:51392398-51392614_Ledidi_run-6_target-10.88_8	1085	A	G
ISL1_chr5:51392398-51392614_Ledidi_run-6_target-10.88_8	1086	A	T
ISL1_chr5:51392398-51392614_Ledidi_run-6_target-10.88_8	1098	T	G
ISL1_chr5:51392398-51392614_Ledidi_run-6_target-10.88_8	1135	A	T
ISL1_chr5:51392398-51392614_Ledidi_run-6_target-10.88_8	1143	G	T
ISL1_chr5:51392398-51392614_Ledidi_run-6_target-10.88_9	946	T	A
ISL1_chr5:51392398-51392614_Ledidi_run-6_target-10.88_9	976	T	G
ISL1_chr5:51392398-51392614_Ledidi_run-6_target-10.88_9	1000	G	T
ISL1_chr5:51392398-51392614_Ledidi_run-6_target-10.88_9	1002	C	T
ISL1_chr5:51392398-51392614_Ledidi_run-6_target-10.88_9	1037	G	C
ISL1_chr5:51392398-51392614_Ledidi_run-6_target-10.88_9	1054	A	G
ISL1_chr5:51392398-51392614_Ledidi_run-6_target-10.88_9	1055	A	C
ISL1_chr5:51392398-51392614_Ledidi_run-6_target-10.88_9	1056	A	C
ISL1_chr5:51392398-51392614_Ledidi_run-6_target-10.88_9	1066	C	T
ISL1_chr5:51392398-51392614_Ledidi_run-6_target-10.88_9	1069	C	A
ISL1_chr5:51392398-51392614_Ledidi_run-6_target-10.88_9	1085	A	G
ISL1_chr5:51392398-51392614_Ledidi_run-6_target-10.88_9	1086	A	T
ISL1_chr5:51392398-51392614_Ledidi_run-6_target-10.88_9	1092	A	G
ISL1_chr5:51392398-51392614_Ledidi_run-6_target-10.88_9	1098	T	G
ISL1_chr5:51392398-51392614_Ledidi_run-6_target-10.88_9	1135	A	T
ISL1_chr5:51392398-51392614_Ledidi_run-6_target-10.88_9	1143	G	T
ISL1_chr5:51392398-51392614_Ledidi_run-6_target-10.88_10	946	T	C
ISL1_chr5:51392398-51392614_Ledidi_run-6_target-10.88_10	976	T	G
ISL1_chr5:51392398-51392614_Ledidi_run-6_target-10.88_10	1000	G	T
ISL1_chr5:51392398-51392614_Ledidi_run-6_target-10.88_10	1002	C	T
ISL1_chr5:51392398-51392614_Ledidi_run-6_target-10.88_10	1012	C	G
ISL1_chr5:51392398-51392614_Ledidi_run-6_target-10.88_10	1018	G	A
ISL1_chr5:51392398-51392614_Ledidi_run-6_target-10.88_10	1019	T	A
ISL1_chr5:51392398-51392614_Ledidi_run-6_target-10.88_10	1024	A	C
ISL1_chr5:51392398-51392614_Ledidi_run-6_target-10.88_10	1032	A	T
ISL1_chr5:51392398-51392614_Ledidi_run-6_target-10.88_10	1037	G	C
ISL1_chr5:51392398-51392614_Ledidi_run-6_target-10.88_10	1054	A	G
ISL1_chr5:51392398-51392614_Ledidi_run-6_target-10.88_10	1055	A	C
ISL1_chr5:51392398-51392614_Ledidi_run-6_target-10.88_10	1056	A	C
ISL1_chr5:51392398-51392614_Ledidi_run-6_target-10.88_10	1069	C	A
ISL1_chr5:51392398-51392614_Ledidi_run-6_target-10.88_10	1085	A	G
ISL1_chr5:51392398-51392614_Ledidi_run-6_target-10.88_10	1086	A	T
ISL1_chr5:51392398-51392614_Ledidi_run-6_target-10.88_10	1098	T	G
ISL1_chr5:51392398-51392614_Ledidi_run-6_target-10.88_10	1135	A	T
ISL1_chr5:51392398-51392614_Ledidi_run-6_target-10.88_10	1143	G	T
ISL1_chr5:51392398-51392614_Ledidi_run-7_target-10.88_1	945	T	G
ISL1_chr5:51392398-51392614_Ledidi_run-7_target-10.88_1	947	T	C
ISL1_chr5:51392398-51392614_Ledidi_run-7_target-10.88_1	964	T	C
ISL1_chr5:51392398-51392614_Ledidi_run-7_target-10.88_1	976	T	C
ISL1_chr5:51392398-51392614_Ledidi_run-7_target-10.88_1	998	A	C
ISL1_chr5:51392398-51392614_Ledidi_run-7_target-10.88_1	1002	C	T
ISL1_chr5:51392398-51392614_Ledidi_run-7_target-10.88_1	1042	A	G
ISL1_chr5:51392398-51392614_Ledidi_run-7_target-10.88_1	1054	A	G
ISL1_chr5:51392398-51392614_Ledidi_run-7_target-10.88_1	1055	A	C
ISL1_chr5:51392398-51392614_Ledidi_run-7_target-10.88_1	1056	A	C
ISL1_chr5:51392398-51392614_Ledidi_run-7_target-10.88_1	1085	A	G
ISL1_chr5:51392398-51392614_Ledidi_run-7_target-10.88_1	1086	A	T
ISL1_chr5:51392398-51392614_Ledidi_run-7_target-10.88_1	1094	T	C
ISL1_chr5:51392398-51392614_Ledidi_run-7_target-10.88_1	1135	A	T
ISL1_chr5:51392398-51392614_Ledidi_run-7_target-10.88_1	1143	G	T
ISL1_chr5:51392398-51392614_Ledidi_run-7_target-10.88_2	945	T	G
ISL1_chr5:51392398-51392614_Ledidi_run-7_target-10.88_2	1002	C	T
ISL1_chr5:51392398-51392614_Ledidi_run-7_target-10.88_2	1042	A	G
ISL1_chr5:51392398-51392614_Ledidi_run-7_target-10.88_2	1054	A	G
ISL1_chr5:51392398-51392614_Ledidi_run-7_target-10.88_2	1055	A	C
ISL1_chr5:51392398-51392614_Ledidi_run-7_target-10.88_2	1056	A	C
ISL1_chr5:51392398-51392614_Ledidi_run-7_target-10.88_2	1076	G	C
ISL1_chr5:51392398-51392614_Ledidi_run-7_target-10.88_2	1084	A	T
ISL1_chr5:51392398-51392614_Ledidi_run-7_target-10.88_2	1085	A	G
ISL1_chr5:51392398-51392614_Ledidi_run-7_target-10.88_2	1086	A	T
ISL1_chr5:51392398-51392614_Ledidi_run-7_target-10.88_2	1094	T	C
ISL1_chr5:51392398-51392614_Ledidi_run-7_target-10.88_2	1135	A	T
ISL1_chr5:51392398-51392614_Ledidi_run-7_target-10.88_2	1143	G	C
ISL1_chr5:51392398-51392614_Ledidi_run-7_target-10.88_3	945	T	G
ISL1_chr5:51392398-51392614_Ledidi_run-7_target-10.88_3	998	A	C
ISL1_chr5:51392398-51392614_Ledidi_run-7_target-10.88_3	1002	C	T
ISL1_chr5:51392398-51392614_Ledidi_run-7_target-10.88_3	1042	A	G
ISL1_chr5:51392398-51392614_Ledidi_run-7_target-10.88_3	1044	G	C
ISL1_chr5:51392398-51392614_Ledidi_run-7_target-10.88_3	1054	A	G
ISL1_chr5:51392398-51392614_Ledidi_run-7_target-10.88_3	1055	A	C
ISL1_chr5:51392398-51392614_Ledidi_run-7_target-10.88_3	1056	A	C
ISL1_chr5:51392398-51392614_Ledidi_run-7_target-10.88_3	1076	G	C
ISL1_chr5:51392398-51392614_Ledidi_run-7_target-10.88_3	1084	A	T
ISL1_chr5:51392398-51392614_Ledidi_run-7_target-10.88_3	1085	A	G
ISL1_chr5:51392398-51392614_Ledidi_run-7_target-10.88_3	1086	A	T
ISL1_chr5:51392398-51392614_Ledidi_run-7_target-10.88_3	1094	T	C
ISL1_chr5:51392398-51392614_Ledidi_run-7_target-10.88_3	1135	A	T
ISL1_chr5:51392398-51392614_Ledidi_run-7_target-10.88_3	1143	G	T
ISL1_chr5:51392398-51392614_Ledidi_run-7_target-10.88_4	945	T	G
ISL1_chr5:51392398-51392614_Ledidi_run-7_target-10.88_4	998	A	C
ISL1_chr5:51392398-51392614_Ledidi_run-7_target-10.88_4	1002	C	T
ISL1_chr5:51392398-51392614_Ledidi_run-7_target-10.88_4	1042	A	G
ISL1_chr5:51392398-51392614_Ledidi_run-7_target-10.88_4	1054	A	G
ISL1_chr5:51392398-51392614_Ledidi_run-7_target-10.88_4	1055	A	C
ISL1_chr5:51392398-51392614_Ledidi_run-7_target-10.88_4	1056	A	C
ISL1_chr5:51392398-51392614_Ledidi_run-7_target-10.88_4	1076	G	C
ISL1_chr5:51392398-51392614_Ledidi_run-7_target-10.88_4	1084	A	T
ISL1_chr5:51392398-51392614_Ledidi_run-7_target-10.88_4	1085	A	G
ISL1_chr5:51392398-51392614_Ledidi_run-7_target-10.88_4	1086	A	T
ISL1_chr5:51392398-51392614_Ledidi_run-7_target-10.88_4	1094	T	C
ISL1_chr5:51392398-51392614_Ledidi_run-7_target-10.88_4	1135	A	T
ISL1_chr5:51392398-51392614_Ledidi_run-7_target-10.88_4	1143	G	T
ISL1_chr5:51392398-51392614_Ledidi_run-7_target-10.88_5	945	T	A
ISL1_chr5:51392398-51392614_Ledidi_run-7_target-10.88_5	998	A	C
ISL1_chr5:51392398-51392614_Ledidi_run-7_target-10.88_5	1002	C	T
ISL1_chr5:51392398-51392614_Ledidi_run-7_target-10.88_5	1027	T	G
ISL1_chr5:51392398-51392614_Ledidi_run-7_target-10.88_5	1042	A	G
ISL1_chr5:51392398-51392614_Ledidi_run-7_target-10.88_5	1054	A	G
ISL1_chr5:51392398-51392614_Ledidi_run-7_target-10.88_5	1055	A	C
ISL1_chr5:51392398-51392614_Ledidi_run-7_target-10.88_5	1056	A	C
ISL1_chr5:51392398-51392614_Ledidi_run-7_target-10.88_5	1076	G	C
ISL1_chr5:51392398-51392614_Ledidi_run-7_target-10.88_5	1084	A	T
ISL1_chr5:51392398-51392614_Ledidi_run-7_target-10.88_5	1085	A	G
ISL1_chr5:51392398-51392614_Ledidi_run-7_target-10.88_5	1086	A	T
ISL1_chr5:51392398-51392614_Ledidi_run-7_target-10.88_5	1094	T	C
ISL1_chr5:51392398-51392614_Ledidi_run-7_target-10.88_5	1135	A	T
ISL1_chr5:51392398-51392614_Ledidi_run-7_target-10.88_5	1143	G	T
ISL1_chr5:51392398-51392614_Ledidi_run-7_target-10.88_6	945	T	G
ISL1_chr5:51392398-51392614_Ledidi_run-7_target-10.88_6	996	G	A
ISL1_chr5:51392398-51392614_Ledidi_run-7_target-10.88_6	1042	A	G
ISL1_chr5:51392398-51392614_Ledidi_run-7_target-10.88_6	1044	G	C
ISL1_chr5:51392398-51392614_Ledidi_run-7_target-10.88_6	1054	A	G
ISL1_chr5:51392398-51392614_Ledidi_run-7_target-10.88_6	1055	A	C
ISL1_chr5:51392398-51392614_Ledidi_run-7_target-10.88_6	1056	A	C
ISL1_chr5:51392398-51392614_Ledidi_run-7_target-10.88_6	1076	G	C
ISL1_chr5:51392398-51392614_Ledidi_run-7_target-10.88_6	1084	A	T
ISL1_chr5:51392398-51392614_Ledidi_run-7_target-10.88_6	1085	A	G
ISL1_chr5:51392398-51392614_Ledidi_run-7_target-10.88_6	1086	A	T
ISL1_chr5:51392398-51392614_Ledidi_run-7_target-10.88_6	1094	T	C
ISL1_chr5:51392398-51392614_Ledidi_run-7_target-10.88_6	1135	A	T
ISL1_chr5:51392398-51392614_Ledidi_run-7_target-10.88_6	1143	G	C
ISL1_chr5:51392398-51392614_Ledidi_run-7_target-10.88_7	964	T	C
ISL1_chr5:51392398-51392614_Ledidi_run-7_target-10.88_7	976	T	C
ISL1_chr5:51392398-51392614_Ledidi_run-7_target-10.88_7	996	G	T
ISL1_chr5:51392398-51392614_Ledidi_run-7_target-10.88_7	1002	C	T
ISL1_chr5:51392398-51392614_Ledidi_run-7_target-10.88_7	1042	A	G
ISL1_chr5:51392398-51392614_Ledidi_run-7_target-10.88_7	1044	G	C
ISL1_chr5:51392398-51392614_Ledidi_run-7_target-10.88_7	1054	A	G
ISL1_chr5:51392398-51392614_Ledidi_run-7_target-10.88_7	1055	A	C
ISL1_chr5:51392398-51392614_Ledidi_run-7_target-10.88_7	1056	A	C
ISL1_chr5:51392398-51392614_Ledidi_run-7_target-10.88_7	1076	G	C
ISL1_chr5:51392398-51392614_Ledidi_run-7_target-10.88_7	1084	A	T
ISL1_chr5:51392398-51392614_Ledidi_run-7_target-10.88_7	1085	A	G
ISL1_chr5:51392398-51392614_Ledidi_run-7_target-10.88_7	1086	A	T
ISL1_chr5:51392398-51392614_Ledidi_run-7_target-10.88_7	1094	T	C
ISL1_chr5:51392398-51392614_Ledidi_run-7_target-10.88_7	1135	A	T
ISL1_chr5:51392398-51392614_Ledidi_run-7_target-10.88_7	1143	G	C
ISL1_chr5:51392398-51392614_Ledidi_run-7_target-10.88_8	945	T	G
ISL1_chr5:51392398-51392614_Ledidi_run-7_target-10.88_8	998	A	C
ISL1_chr5:51392398-51392614_Ledidi_run-7_target-10.88_8	1002	C	T
ISL1_chr5:51392398-51392614_Ledidi_run-7_target-10.88_8	1042	A	G
ISL1_chr5:51392398-51392614_Ledidi_run-7_target-10.88_8	1054	A	G
ISL1_chr5:51392398-51392614_Ledidi_run-7_target-10.88_8	1055	A	C
ISL1_chr5:51392398-51392614_Ledidi_run-7_target-10.88_8	1056	A	C
ISL1_chr5:51392398-51392614_Ledidi_run-7_target-10.88_8	1076	G	C
ISL1_chr5:51392398-51392614_Ledidi_run-7_target-10.88_8	1084	A	T
ISL1_chr5:51392398-51392614_Ledidi_run-7_target-10.88_8	1085	A	G
ISL1_chr5:51392398-51392614_Ledidi_run-7_target-10.88_8	1086	A	T
ISL1_chr5:51392398-51392614_Ledidi_run-7_target-10.88_8	1094	T	C
ISL1_chr5:51392398-51392614_Ledidi_run-7_target-10.88_8	1135	A	T
ISL1_chr5:51392398-51392614_Ledidi_run-7_target-10.88_8	1143	G	T
ISL1_chr5:51392398-51392614_Ledidi_run-7_target-10.88_9	1002	C	T
ISL1_chr5:51392398-51392614_Ledidi_run-7_target-10.88_9	1027	T	G
ISL1_chr5:51392398-51392614_Ledidi_run-7_target-10.88_9	1042	A	G
ISL1_chr5:51392398-51392614_Ledidi_run-7_target-10.88_9	1044	G	C
ISL1_chr5:51392398-51392614_Ledidi_run-7_target-10.88_9	1054	A	G
ISL1_chr5:51392398-51392614_Ledidi_run-7_target-10.88_9	1055	A	C
ISL1_chr5:51392398-51392614_Ledidi_run-7_target-10.88_9	1056	A	C
ISL1_chr5:51392398-51392614_Ledidi_run-7_target-10.88_9	1076	G	C
ISL1_chr5:51392398-51392614_Ledidi_run-7_target-10.88_9	1084	A	T
ISL1_chr5:51392398-51392614_Ledidi_run-7_target-10.88_9	1085	A	G
ISL1_chr5:51392398-51392614_Ledidi_run-7_target-10.88_9	1086	A	T
ISL1_chr5:51392398-51392614_Ledidi_run-7_target-10.88_9	1094	T	C
ISL1_chr5:51392398-51392614_Ledidi_run-7_target-10.88_9	1135	A	T
ISL1_chr5:51392398-51392614_Ledidi_run-7_target-10.88_9	1143	G	T
ISL1_chr5:51392398-51392614_Ledidi_run-7_target-10.88_10	998	A	C
ISL1_chr5:51392398-51392614_Ledidi_run-7_target-10.88_10	1000	G	T
ISL1_chr5:51392398-51392614_Ledidi_run-7_target-10.88_10	1002	C	T
ISL1_chr5:51392398-51392614_Ledidi_run-7_target-10.88_10	1027	T	G
ISL1_chr5:51392398-51392614_Ledidi_run-7_target-10.88_10	1042	A	G
ISL1_chr5:51392398-51392614_Ledidi_run-7_target-10.88_10	1054	A	G
ISL1_chr5:51392398-51392614_Ledidi_run-7_target-10.88_10	1055	A	C
ISL1_chr5:51392398-51392614_Ledidi_run-7_target-10.88_10	1056	A	C
ISL1_chr5:51392398-51392614_Ledidi_run-7_target-10.88_10	1076	G	C
ISL1_chr5:51392398-51392614_Ledidi_run-7_target-10.88_10	1084	A	T
ISL1_chr5:51392398-51392614_Ledidi_run-7_target-10.88_10	1085	A	G
ISL1_chr5:51392398-51392614_Ledidi_run-7_target-10.88_10	1086	A	T
ISL1_chr5:51392398-51392614_Ledidi_run-7_target-10.88_10	1094	T	C
ISL1_chr5:51392398-51392614_Ledidi_run-7_target-10.88_10	1135	A	T
ISL1_chr5:51392398-51392614_Ledidi_run-7_target-10.88_10	1143	G	C
ISL1_chr5:51392398-51392614_Ledidi_run-8_target-10.88_1	946	T	C
ISL1_chr5:51392398-51392614_Ledidi_run-8_target-10.88_1	976	T	G
ISL1_chr5:51392398-51392614_Ledidi_run-8_target-10.88_1	998	A	C
ISL1_chr5:51392398-51392614_Ledidi_run-8_target-10.88_1	1002	C	T
ISL1_chr5:51392398-51392614_Ledidi_run-8_target-10.88_1	1027	T	A
ISL1_chr5:51392398-51392614_Ledidi_run-8_target-10.88_1	1032	A	C
ISL1_chr5:51392398-51392614_Ledidi_run-8_target-10.88_1	1036	G	A
ISL1_chr5:51392398-51392614_Ledidi_run-8_target-10.88_1	1042	A	G
ISL1_chr5:51392398-51392614_Ledidi_run-8_target-10.88_1	1055	A	C
ISL1_chr5:51392398-51392614_Ledidi_run-8_target-10.88_1	1056	A	C
ISL1_chr5:51392398-51392614_Ledidi_run-8_target-10.88_1	1063	T	A
ISL1_chr5:51392398-51392614_Ledidi_run-8_target-10.88_1	1064	G	C
ISL1_chr5:51392398-51392614_Ledidi_run-8_target-10.88_1	1066	C	A
ISL1_chr5:51392398-51392614_Ledidi_run-8_target-10.88_1	1073	C	G
ISL1_chr5:51392398-51392614_Ledidi_run-8_target-10.88_1	1086	A	T
ISL1_chr5:51392398-51392614_Ledidi_run-8_target-10.88_1	1135	A	T
ISL1_chr5:51392398-51392614_Ledidi_run-8_target-10.88_1	1143	G	C
ISL1_chr5:51392398-51392614_Ledidi_run-8_target-10.88_2	944	T	A
ISL1_chr5:51392398-51392614_Ledidi_run-8_target-10.88_2	964	T	C
ISL1_chr5:51392398-51392614_Ledidi_run-8_target-10.88_2	991	T	G
ISL1_chr5:51392398-51392614_Ledidi_run-8_target-10.88_2	998	A	C
ISL1_chr5:51392398-51392614_Ledidi_run-8_target-10.88_2	1002	C	T
ISL1_chr5:51392398-51392614_Ledidi_run-8_target-10.88_2	1027	T	A
ISL1_chr5:51392398-51392614_Ledidi_run-8_target-10.88_2	1032	A	C
ISL1_chr5:51392398-51392614_Ledidi_run-8_target-10.88_2	1036	G	A
ISL1_chr5:51392398-51392614_Ledidi_run-8_target-10.88_2	1042	A	G
ISL1_chr5:51392398-51392614_Ledidi_run-8_target-10.88_2	1055	A	C
ISL1_chr5:51392398-51392614_Ledidi_run-8_target-10.88_2	1056	A	C
ISL1_chr5:51392398-51392614_Ledidi_run-8_target-10.88_2	1063	T	A
ISL1_chr5:51392398-51392614_Ledidi_run-8_target-10.88_2	1064	G	C
ISL1_chr5:51392398-51392614_Ledidi_run-8_target-10.88_2	1066	C	A
ISL1_chr5:51392398-51392614_Ledidi_run-8_target-10.88_2	1073	C	G
ISL1_chr5:51392398-51392614_Ledidi_run-8_target-10.88_2	1086	A	T
ISL1_chr5:51392398-51392614_Ledidi_run-8_target-10.88_2	1135	A	T
ISL1_chr5:51392398-51392614_Ledidi_run-8_target-10.88_2	1143	G	C
ISL1_chr5:51392398-51392614_Ledidi_run-8_target-10.88_3	944	T	G
ISL1_chr5:51392398-51392614_Ledidi_run-8_target-10.88_3	998	A	C
ISL1_chr5:51392398-51392614_Ledidi_run-8_target-10.88_3	1002	C	T
ISL1_chr5:51392398-51392614_Ledidi_run-8_target-10.88_3	1027	T	A
ISL1_chr5:51392398-51392614_Ledidi_run-8_target-10.88_3	1032	A	C
ISL1_chr5:51392398-51392614_Ledidi_run-8_target-10.88_3	1036	G	A
ISL1_chr5:51392398-51392614_Ledidi_run-8_target-10.88_3	1042	A	G
ISL1_chr5:51392398-51392614_Ledidi_run-8_target-10.88_3	1055	A	C
ISL1_chr5:51392398-51392614_Ledidi_run-8_target-10.88_3	1056	A	C
ISL1_chr5:51392398-51392614_Ledidi_run-8_target-10.88_3	1063	T	A
ISL1_chr5:51392398-51392614_Ledidi_run-8_target-10.88_3	1064	G	C
ISL1_chr5:51392398-51392614_Ledidi_run-8_target-10.88_3	1066	C	A
ISL1_chr5:51392398-51392614_Ledidi_run-8_target-10.88_3	1073	C	G
ISL1_chr5:51392398-51392614_Ledidi_run-8_target-10.88_3	1086	A	T
ISL1_chr5:51392398-51392614_Ledidi_run-8_target-10.88_3	1135	A	T
ISL1_chr5:51392398-51392614_Ledidi_run-8_target-10.88_3	1143	G	C
ISL1_chr5:51392398-51392614_Ledidi_run-8_target-10.88_4	976	T	G
ISL1_chr5:51392398-51392614_Ledidi_run-8_target-10.88_4	998	A	C
ISL1_chr5:51392398-51392614_Ledidi_run-8_target-10.88_4	1002	C	T
ISL1_chr5:51392398-51392614_Ledidi_run-8_target-10.88_4	1027	T	A
ISL1_chr5:51392398-51392614_Ledidi_run-8_target-10.88_4	1032	A	C
ISL1_chr5:51392398-51392614_Ledidi_run-8_target-10.88_4	1036	G	A
ISL1_chr5:51392398-51392614_Ledidi_run-8_target-10.88_4	1042	A	G
ISL1_chr5:51392398-51392614_Ledidi_run-8_target-10.88_4	1055	A	C
ISL1_chr5:51392398-51392614_Ledidi_run-8_target-10.88_4	1056	A	C
ISL1_chr5:51392398-51392614_Ledidi_run-8_target-10.88_4	1063	T	A
ISL1_chr5:51392398-51392614_Ledidi_run-8_target-10.88_4	1064	G	C
ISL1_chr5:51392398-51392614_Ledidi_run-8_target-10.88_4	1066	C	A
ISL1_chr5:51392398-51392614_Ledidi_run-8_target-10.88_4	1073	C	G
ISL1_chr5:51392398-51392614_Ledidi_run-8_target-10.88_4	1135	A	T
ISL1_chr5:51392398-51392614_Ledidi_run-8_target-10.88_4	1143	G	C
ISL1_chr5:51392398-51392614_Ledidi_run-8_target-10.88_5	944	T	G
ISL1_chr5:51392398-51392614_Ledidi_run-8_target-10.88_5	964	T	C
ISL1_chr5:51392398-51392614_Ledidi_run-8_target-10.88_5	976	T	G
ISL1_chr5:51392398-51392614_Ledidi_run-8_target-10.88_5	986	A	T
ISL1_chr5:51392398-51392614_Ledidi_run-8_target-10.88_5	998	A	C
ISL1_chr5:51392398-51392614_Ledidi_run-8_target-10.88_5	1002	C	T
ISL1_chr5:51392398-51392614_Ledidi_run-8_target-10.88_5	1027	T	A
ISL1_chr5:51392398-51392614_Ledidi_run-8_target-10.88_5	1032	A	C
ISL1_chr5:51392398-51392614_Ledidi_run-8_target-10.88_5	1036	G	A
ISL1_chr5:51392398-51392614_Ledidi_run-8_target-10.88_5	1042	A	G
ISL1_chr5:51392398-51392614_Ledidi_run-8_target-10.88_5	1055	A	C
ISL1_chr5:51392398-51392614_Ledidi_run-8_target-10.88_5	1056	A	C
ISL1_chr5:51392398-51392614_Ledidi_run-8_target-10.88_5	1064	G	C
ISL1_chr5:51392398-51392614_Ledidi_run-8_target-10.88_5	1066	C	A
ISL1_chr5:51392398-51392614_Ledidi_run-8_target-10.88_5	1096	G	A
ISL1_chr5:51392398-51392614_Ledidi_run-8_target-10.88_6	946	T	G
ISL1_chr5:51392398-51392614_Ledidi_run-8_target-10.88_6	1002	C	T
ISL1_chr5:51392398-51392614_Ledidi_run-8_target-10.88_6	1027	T	A
ISL1_chr5:51392398-51392614_Ledidi_run-8_target-10.88_6	1036	G	A
ISL1_chr5:51392398-51392614_Ledidi_run-8_target-10.88_6	1042	A	G
ISL1_chr5:51392398-51392614_Ledidi_run-8_target-10.88_6	1055	A	C
ISL1_chr5:51392398-51392614_Ledidi_run-8_target-10.88_6	1056	A	C
ISL1_chr5:51392398-51392614_Ledidi_run-8_target-10.88_6	1061	C	G
ISL1_chr5:51392398-51392614_Ledidi_run-8_target-10.88_6	1063	T	A
ISL1_chr5:51392398-51392614_Ledidi_run-8_target-10.88_6	1064	G	C
ISL1_chr5:51392398-51392614_Ledidi_run-8_target-10.88_6	1066	C	A
ISL1_chr5:51392398-51392614_Ledidi_run-8_target-10.88_6	1076	G	C
ISL1_chr5:51392398-51392614_Ledidi_run-8_target-10.88_6	1086	A	T
ISL1_chr5:51392398-51392614_Ledidi_run-8_target-10.88_6	1098	T	G
ISL1_chr5:51392398-51392614_Ledidi_run-8_target-10.88_6	1135	A	T
ISL1_chr5:51392398-51392614_Ledidi_run-8_target-10.88_6	1143	G	C
ISL1_chr5:51392398-51392614_Ledidi_run-8_target-10.88_7	944	T	A
ISL1_chr5:51392398-51392614_Ledidi_run-8_target-10.88_7	998	A	C
ISL1_chr5:51392398-51392614_Ledidi_run-8_target-10.88_7	1027	T	A
ISL1_chr5:51392398-51392614_Ledidi_run-8_target-10.88_7	1036	G	A
ISL1_chr5:51392398-51392614_Ledidi_run-8_target-10.88_7	1042	A	G
ISL1_chr5:51392398-51392614_Ledidi_run-8_target-10.88_7	1055	A	C
ISL1_chr5:51392398-51392614_Ledidi_run-8_target-10.88_7	1056	A	C
ISL1_chr5:51392398-51392614_Ledidi_run-8_target-10.88_7	1061	C	G
ISL1_chr5:51392398-51392614_Ledidi_run-8_target-10.88_7	1063	T	A
ISL1_chr5:51392398-51392614_Ledidi_run-8_target-10.88_7	1064	G	C
ISL1_chr5:51392398-51392614_Ledidi_run-8_target-10.88_7	1066	C	A
ISL1_chr5:51392398-51392614_Ledidi_run-8_target-10.88_7	1076	G	C
ISL1_chr5:51392398-51392614_Ledidi_run-8_target-10.88_7	1098	T	G
ISL1_chr5:51392398-51392614_Ledidi_run-8_target-10.88_7	1135	A	T
ISL1_chr5:51392398-51392614_Ledidi_run-8_target-10.88_7	1143	G	C
ISL1_chr5:51392398-51392614_Ledidi_run-8_target-10.88_8	944	T	G
ISL1_chr5:51392398-51392614_Ledidi_run-8_target-10.88_8	976	T	C
ISL1_chr5:51392398-51392614_Ledidi_run-8_target-10.88_8	998	A	C
ISL1_chr5:51392398-51392614_Ledidi_run-8_target-10.88_8	1002	C	T
ISL1_chr5:51392398-51392614_Ledidi_run-8_target-10.88_8	1027	T	A
ISL1_chr5:51392398-51392614_Ledidi_run-8_target-10.88_8	1036	G	A
ISL1_chr5:51392398-51392614_Ledidi_run-8_target-10.88_8	1042	A	G
ISL1_chr5:51392398-51392614_Ledidi_run-8_target-10.88_8	1055	A	C
ISL1_chr5:51392398-51392614_Ledidi_run-8_target-10.88_8	1056	A	C
ISL1_chr5:51392398-51392614_Ledidi_run-8_target-10.88_8	1063	T	A
ISL1_chr5:51392398-51392614_Ledidi_run-8_target-10.88_8	1064	G	C
ISL1_chr5:51392398-51392614_Ledidi_run-8_target-10.88_8	1066	C	A
ISL1_chr5:51392398-51392614_Ledidi_run-8_target-10.88_8	1073	C	G
ISL1_chr5:51392398-51392614_Ledidi_run-8_target-10.88_8	1086	A	T
ISL1_chr5:51392398-51392614_Ledidi_run-8_target-10.88_8	1135	A	T
ISL1_chr5:51392398-51392614_Ledidi_run-8_target-10.88_8	1143	G	C
ISL1_chr5:51392398-51392614_Ledidi_run-8_target-10.88_9	944	T	A
ISL1_chr5:51392398-51392614_Ledidi_run-8_target-10.88_9	998	A	C
ISL1_chr5:51392398-51392614_Ledidi_run-8_target-10.88_9	1002	C	T
ISL1_chr5:51392398-51392614_Ledidi_run-8_target-10.88_9	1027	T	A
ISL1_chr5:51392398-51392614_Ledidi_run-8_target-10.88_9	1032	A	C
ISL1_chr5:51392398-51392614_Ledidi_run-8_target-10.88_9	1036	G	A
ISL1_chr5:51392398-51392614_Ledidi_run-8_target-10.88_9	1042	A	G
ISL1_chr5:51392398-51392614_Ledidi_run-8_target-10.88_9	1055	A	C
ISL1_chr5:51392398-51392614_Ledidi_run-8_target-10.88_9	1056	A	C
ISL1_chr5:51392398-51392614_Ledidi_run-8_target-10.88_9	1063	T	A
ISL1_chr5:51392398-51392614_Ledidi_run-8_target-10.88_9	1064	G	C
ISL1_chr5:51392398-51392614_Ledidi_run-8_target-10.88_9	1066	C	A
ISL1_chr5:51392398-51392614_Ledidi_run-8_target-10.88_9	1073	C	G
ISL1_chr5:51392398-51392614_Ledidi_run-8_target-10.88_9	1086	A	T
ISL1_chr5:51392398-51392614_Ledidi_run-8_target-10.88_10	944	T	G
ISL1_chr5:51392398-51392614_Ledidi_run-8_target-10.88_10	1002	C	T
ISL1_chr5:51392398-51392614_Ledidi_run-8_target-10.88_10	1036	G	A
ISL1_chr5:51392398-51392614_Ledidi_run-8_target-10.88_10	1042	A	G
ISL1_chr5:51392398-51392614_Ledidi_run-8_target-10.88_10	1055	A	C
ISL1_chr5:51392398-51392614_Ledidi_run-8_target-10.88_10	1056	A	C
ISL1_chr5:51392398-51392614_Ledidi_run-8_target-10.88_10	1063	T	A
ISL1_chr5:51392398-51392614_Ledidi_run-8_target-10.88_10	1064	G	C
ISL1_chr5:51392398-51392614_Ledidi_run-8_target-10.88_10	1066	C	A
ISL1_chr5:51392398-51392614_Ledidi_run-8_target-10.88_10	1073	C	G
ISL1_chr5:51392398-51392614_Ledidi_run-8_target-10.88_10	1076	G	C
ISL1_chr5:51392398-51392614_Ledidi_run-8_target-10.88_10	1086	A	T
ISL1_chr5:51392398-51392614_Ledidi_run-8_target-10.88_10	1098	T	G
ISL1_chr5:51392398-51392614_Ledidi_run-8_target-10.88_10	1135	A	T
ISL1_chr5:51392398-51392614_Ledidi_run-8_target-10.88_10	1143	G	C
ISL1_chr5:51392398-51392614_Ledidi_run-9_target-10.88_1	945	T	G
ISL1_chr5:51392398-51392614_Ledidi_run-9_target-10.88_1	960	T	G
ISL1_chr5:51392398-51392614_Ledidi_run-9_target-10.88_1	962	A	T
ISL1_chr5:51392398-51392614_Ledidi_run-9_target-10.88_1	964	T	C
ISL1_chr5:51392398-51392614_Ledidi_run-9_target-10.88_1	967	A	G
ISL1_chr5:51392398-51392614_Ledidi_run-9_target-10.88_1	971	T	G
ISL1_chr5:51392398-51392614_Ledidi_run-9_target-10.88_1	976	T	G
ISL1_chr5:51392398-51392614_Ledidi_run-9_target-10.88_1	991	T	G
ISL1_chr5:51392398-51392614_Ledidi_run-9_target-10.88_1	998	A	C
ISL1_chr5:51392398-51392614_Ledidi_run-9_target-10.88_1	1002	C	T
ISL1_chr5:51392398-51392614_Ledidi_run-9_target-10.88_1	1027	T	G
ISL1_chr5:51392398-51392614_Ledidi_run-9_target-10.88_1	1055	A	C
ISL1_chr5:51392398-51392614_Ledidi_run-9_target-10.88_1	1056	A	C
ISL1_chr5:51392398-51392614_Ledidi_run-9_target-10.88_1	1064	G	C
ISL1_chr5:51392398-51392614_Ledidi_run-9_target-10.88_2	945	T	G
ISL1_chr5:51392398-51392614_Ledidi_run-9_target-10.88_2	960	T	G
ISL1_chr5:51392398-51392614_Ledidi_run-9_target-10.88_2	962	A	T
ISL1_chr5:51392398-51392614_Ledidi_run-9_target-10.88_2	964	T	C
ISL1_chr5:51392398-51392614_Ledidi_run-9_target-10.88_2	967	A	G
ISL1_chr5:51392398-51392614_Ledidi_run-9_target-10.88_2	971	T	G
ISL1_chr5:51392398-51392614_Ledidi_run-9_target-10.88_2	976	T	G
ISL1_chr5:51392398-51392614_Ledidi_run-9_target-10.88_2	986	A	T
ISL1_chr5:51392398-51392614_Ledidi_run-9_target-10.88_2	995	T	C
ISL1_chr5:51392398-51392614_Ledidi_run-9_target-10.88_2	998	A	C
ISL1_chr5:51392398-51392614_Ledidi_run-9_target-10.88_2	1002	C	T
ISL1_chr5:51392398-51392614_Ledidi_run-9_target-10.88_2	1027	T	G
ISL1_chr5:51392398-51392614_Ledidi_run-9_target-10.88_2	1036	G	A
ISL1_chr5:51392398-51392614_Ledidi_run-9_target-10.88_2	1055	A	C
ISL1_chr5:51392398-51392614_Ledidi_run-9_target-10.88_2	1056	A	C
ISL1_chr5:51392398-51392614_Ledidi_run-9_target-10.88_3	934	T	G
ISL1_chr5:51392398-51392614_Ledidi_run-9_target-10.88_3	946	T	G
ISL1_chr5:51392398-51392614_Ledidi_run-9_target-10.88_3	960	T	G
ISL1_chr5:51392398-51392614_Ledidi_run-9_target-10.88_3	962	A	T
ISL1_chr5:51392398-51392614_Ledidi_run-9_target-10.88_3	964	T	C
ISL1_chr5:51392398-51392614_Ledidi_run-9_target-10.88_3	967	A	G
ISL1_chr5:51392398-51392614_Ledidi_run-9_target-10.88_3	971	T	G
ISL1_chr5:51392398-51392614_Ledidi_run-9_target-10.88_3	986	A	T
ISL1_chr5:51392398-51392614_Ledidi_run-9_target-10.88_3	995	T	C
ISL1_chr5:51392398-51392614_Ledidi_run-9_target-10.88_3	998	A	C
ISL1_chr5:51392398-51392614_Ledidi_run-9_target-10.88_3	1002	C	T
ISL1_chr5:51392398-51392614_Ledidi_run-9_target-10.88_3	1027	T	G
ISL1_chr5:51392398-51392614_Ledidi_run-9_target-10.88_3	1036	G	A
ISL1_chr5:51392398-51392614_Ledidi_run-9_target-10.88_3	1042	A	G
ISL1_chr5:51392398-51392614_Ledidi_run-9_target-10.88_3	1055	A	C
ISL1_chr5:51392398-51392614_Ledidi_run-9_target-10.88_3	1056	A	C
ISL1_chr5:51392398-51392614_Ledidi_run-9_target-10.88_3	1064	G	C
ISL1_chr5:51392398-51392614_Ledidi_run-9_target-10.88_4	944	T	C
ISL1_chr5:51392398-51392614_Ledidi_run-9_target-10.88_4	946	T	G
ISL1_chr5:51392398-51392614_Ledidi_run-9_target-10.88_4	960	T	G
ISL1_chr5:51392398-51392614_Ledidi_run-9_target-10.88_4	962	A	T
ISL1_chr5:51392398-51392614_Ledidi_run-9_target-10.88_4	964	T	C
ISL1_chr5:51392398-51392614_Ledidi_run-9_target-10.88_4	967	A	G
ISL1_chr5:51392398-51392614_Ledidi_run-9_target-10.88_4	971	T	G
ISL1_chr5:51392398-51392614_Ledidi_run-9_target-10.88_4	976	T	G
ISL1_chr5:51392398-51392614_Ledidi_run-9_target-10.88_4	986	A	T
ISL1_chr5:51392398-51392614_Ledidi_run-9_target-10.88_4	995	T	C
ISL1_chr5:51392398-51392614_Ledidi_run-9_target-10.88_4	998	A	C
ISL1_chr5:51392398-51392614_Ledidi_run-9_target-10.88_4	1002	C	T
ISL1_chr5:51392398-51392614_Ledidi_run-9_target-10.88_4	1027	T	G
ISL1_chr5:51392398-51392614_Ledidi_run-9_target-10.88_4	1036	G	A
ISL1_chr5:51392398-51392614_Ledidi_run-9_target-10.88_4	1055	A	C
ISL1_chr5:51392398-51392614_Ledidi_run-9_target-10.88_4	1056	A	C
ISL1_chr5:51392398-51392614_Ledidi_run-9_target-10.88_5	945	T	G
ISL1_chr5:51392398-51392614_Ledidi_run-9_target-10.88_5	960	T	G
ISL1_chr5:51392398-51392614_Ledidi_run-9_target-10.88_5	962	A	T
ISL1_chr5:51392398-51392614_Ledidi_run-9_target-10.88_5	964	T	C
ISL1_chr5:51392398-51392614_Ledidi_run-9_target-10.88_5	967	A	G
ISL1_chr5:51392398-51392614_Ledidi_run-9_target-10.88_5	976	T	G
ISL1_chr5:51392398-51392614_Ledidi_run-9_target-10.88_5	979	T	G
ISL1_chr5:51392398-51392614_Ledidi_run-9_target-10.88_5	995	T	C
ISL1_chr5:51392398-51392614_Ledidi_run-9_target-10.88_5	996	G	A
ISL1_chr5:51392398-51392614_Ledidi_run-9_target-10.88_5	998	A	C
ISL1_chr5:51392398-51392614_Ledidi_run-9_target-10.88_5	1002	C	T
ISL1_chr5:51392398-51392614_Ledidi_run-9_target-10.88_5	1027	T	G
ISL1_chr5:51392398-51392614_Ledidi_run-9_target-10.88_5	1036	G	A
ISL1_chr5:51392398-51392614_Ledidi_run-9_target-10.88_5	1055	A	C
ISL1_chr5:51392398-51392614_Ledidi_run-9_target-10.88_5	1056	A	C
ISL1_chr5:51392398-51392614_Ledidi_run-9_target-10.88_6	946	T	G
ISL1_chr5:51392398-51392614_Ledidi_run-9_target-10.88_6	960	T	G
ISL1_chr5:51392398-51392614_Ledidi_run-9_target-10.88_6	962	A	T
ISL1_chr5:51392398-51392614_Ledidi_run-9_target-10.88_6	964	T	C
ISL1_chr5:51392398-51392614_Ledidi_run-9_target-10.88_6	967	A	G
ISL1_chr5:51392398-51392614_Ledidi_run-9_target-10.88_6	971	T	G
ISL1_chr5:51392398-51392614_Ledidi_run-9_target-10.88_6	976	T	G
ISL1_chr5:51392398-51392614_Ledidi_run-9_target-10.88_6	995	T	C
ISL1_chr5:51392398-51392614_Ledidi_run-9_target-10.88_6	998	A	C
ISL1_chr5:51392398-51392614_Ledidi_run-9_target-10.88_6	1002	C	T
ISL1_chr5:51392398-51392614_Ledidi_run-9_target-10.88_6	1027	T	G
ISL1_chr5:51392398-51392614_Ledidi_run-9_target-10.88_6	1029	G	A
ISL1_chr5:51392398-51392614_Ledidi_run-9_target-10.88_6	1036	G	A
ISL1_chr5:51392398-51392614_Ledidi_run-9_target-10.88_6	1037	G	A
ISL1_chr5:51392398-51392614_Ledidi_run-9_target-10.88_6	1038	C	A
ISL1_chr5:51392398-51392614_Ledidi_run-9_target-10.88_6	1055	A	C
ISL1_chr5:51392398-51392614_Ledidi_run-9_target-10.88_6	1056	A	C
ISL1_chr5:51392398-51392614_Ledidi_run-9_target-10.88_6	1084	A	G
ISL1_chr5:51392398-51392614_Ledidi_run-9_target-10.88_6	1087	T	A
ISL1_chr5:51392398-51392614_Ledidi_run-9_target-10.88_7	946	T	G
ISL1_chr5:51392398-51392614_Ledidi_run-9_target-10.88_7	960	T	G
ISL1_chr5:51392398-51392614_Ledidi_run-9_target-10.88_7	962	A	T
ISL1_chr5:51392398-51392614_Ledidi_run-9_target-10.88_7	964	T	C
ISL1_chr5:51392398-51392614_Ledidi_run-9_target-10.88_7	967	A	G
ISL1_chr5:51392398-51392614_Ledidi_run-9_target-10.88_7	979	T	G
ISL1_chr5:51392398-51392614_Ledidi_run-9_target-10.88_7	996	G	A
ISL1_chr5:51392398-51392614_Ledidi_run-9_target-10.88_7	998	A	C
ISL1_chr5:51392398-51392614_Ledidi_run-9_target-10.88_7	1002	C	T
ISL1_chr5:51392398-51392614_Ledidi_run-9_target-10.88_7	1027	T	G
ISL1_chr5:51392398-51392614_Ledidi_run-9_target-10.88_7	1036	G	A
ISL1_chr5:51392398-51392614_Ledidi_run-9_target-10.88_7	1042	A	G
ISL1_chr5:51392398-51392614_Ledidi_run-9_target-10.88_7	1055	A	C
ISL1_chr5:51392398-51392614_Ledidi_run-9_target-10.88_7	1056	A	C
ISL1_chr5:51392398-51392614_Ledidi_run-9_target-10.88_7	1064	G	C
ISL1_chr5:51392398-51392614_Ledidi_run-9_target-10.88_8	946	T	G
ISL1_chr5:51392398-51392614_Ledidi_run-9_target-10.88_8	960	T	G
ISL1_chr5:51392398-51392614_Ledidi_run-9_target-10.88_8	962	A	T
ISL1_chr5:51392398-51392614_Ledidi_run-9_target-10.88_8	964	T	C
ISL1_chr5:51392398-51392614_Ledidi_run-9_target-10.88_8	967	A	G
ISL1_chr5:51392398-51392614_Ledidi_run-9_target-10.88_8	971	T	G
ISL1_chr5:51392398-51392614_Ledidi_run-9_target-10.88_8	976	T	G
ISL1_chr5:51392398-51392614_Ledidi_run-9_target-10.88_8	995	T	C
ISL1_chr5:51392398-51392614_Ledidi_run-9_target-10.88_8	996	G	A
ISL1_chr5:51392398-51392614_Ledidi_run-9_target-10.88_8	998	A	C
ISL1_chr5:51392398-51392614_Ledidi_run-9_target-10.88_8	1002	C	T
ISL1_chr5:51392398-51392614_Ledidi_run-9_target-10.88_8	1028	A	G
ISL1_chr5:51392398-51392614_Ledidi_run-9_target-10.88_8	1036	G	A
ISL1_chr5:51392398-51392614_Ledidi_run-9_target-10.88_8	1055	A	C
ISL1_chr5:51392398-51392614_Ledidi_run-9_target-10.88_8	1056	A	C
ISL1_chr5:51392398-51392614_Ledidi_run-9_target-10.88_9	945	T	G
ISL1_chr5:51392398-51392614_Ledidi_run-9_target-10.88_9	960	T	G
ISL1_chr5:51392398-51392614_Ledidi_run-9_target-10.88_9	962	A	T
ISL1_chr5:51392398-51392614_Ledidi_run-9_target-10.88_9	964	T	C
ISL1_chr5:51392398-51392614_Ledidi_run-9_target-10.88_9	967	A	G
ISL1_chr5:51392398-51392614_Ledidi_run-9_target-10.88_9	971	T	G
ISL1_chr5:51392398-51392614_Ledidi_run-9_target-10.88_9	976	T	G
ISL1_chr5:51392398-51392614_Ledidi_run-9_target-10.88_9	986	A	T
ISL1_chr5:51392398-51392614_Ledidi_run-9_target-10.88_9	995	T	C
ISL1_chr5:51392398-51392614_Ledidi_run-9_target-10.88_9	998	A	C
ISL1_chr5:51392398-51392614_Ledidi_run-9_target-10.88_9	1002	C	T
ISL1_chr5:51392398-51392614_Ledidi_run-9_target-10.88_9	1027	T	G
ISL1_chr5:51392398-51392614_Ledidi_run-9_target-10.88_9	1036	G	A
ISL1_chr5:51392398-51392614_Ledidi_run-9_target-10.88_9	1055	A	C
ISL1_chr5:51392398-51392614_Ledidi_run-9_target-10.88_9	1056	A	C
ISL1_chr5:51392398-51392614_Ledidi_run-9_target-10.88_9	1064	G	C
ISL1_chr5:51392398-51392614_Ledidi_run-9_target-10.88_10	946	T	G
ISL1_chr5:51392398-51392614_Ledidi_run-9_target-10.88_10	960	T	G
ISL1_chr5:51392398-51392614_Ledidi_run-9_target-10.88_10	962	A	T
ISL1_chr5:51392398-51392614_Ledidi_run-9_target-10.88_10	964	T	C
ISL1_chr5:51392398-51392614_Ledidi_run-9_target-10.88_10	967	A	G
ISL1_chr5:51392398-51392614_Ledidi_run-9_target-10.88_10	976	T	G
ISL1_chr5:51392398-51392614_Ledidi_run-9_target-10.88_10	986	A	T
ISL1_chr5:51392398-51392614_Ledidi_run-9_target-10.88_10	991	T	G
ISL1_chr5:51392398-51392614_Ledidi_run-9_target-10.88_10	998	A	C
ISL1_chr5:51392398-51392614_Ledidi_run-9_target-10.88_10	1002	C	T
ISL1_chr5:51392398-51392614_Ledidi_run-9_target-10.88_10	1027	T	G
ISL1_chr5:51392398-51392614_Ledidi_run-9_target-10.88_10	1036	G	A
ISL1_chr5:51392398-51392614_Ledidi_run-9_target-10.88_10	1042	A	G
ISL1_chr5:51392398-51392614_Ledidi_run-9_target-10.88_10	1055	A	C
ISL1_chr5:51392398-51392614_Ledidi_run-9_target-10.88_10	1056	A	C
ISL1_chr5:51392398-51392614_Ledidi_run-9_target-10.88_10	1064	G	C
ISL1_chr5:51392398-51392614_Ledidi_run-10_target-10.88_1	945	T	A
ISL1_chr5:51392398-51392614_Ledidi_run-10_target-10.88_1	1000	G	A
ISL1_chr5:51392398-51392614_Ledidi_run-10_target-10.88_1	1002	C	T
ISL1_chr5:51392398-51392614_Ledidi_run-10_target-10.88_1	1027	T	C
ISL1_chr5:51392398-51392614_Ledidi_run-10_target-10.88_1	1028	A	G
ISL1_chr5:51392398-51392614_Ledidi_run-10_target-10.88_1	1036	G	A
ISL1_chr5:51392398-51392614_Ledidi_run-10_target-10.88_1	1055	A	C
ISL1_chr5:51392398-51392614_Ledidi_run-10_target-10.88_1	1056	A	T
ISL1_chr5:51392398-51392614_Ledidi_run-10_target-10.88_1	1085	A	G
ISL1_chr5:51392398-51392614_Ledidi_run-10_target-10.88_1	1086	A	T
ISL1_chr5:51392398-51392614_Ledidi_run-10_target-10.88_1	1096	G	C
ISL1_chr5:51392398-51392614_Ledidi_run-10_target-10.88_1	1098	T	G
ISL1_chr5:51392398-51392614_Ledidi_run-10_target-10.88_1	1107	T	C
ISL1_chr5:51392398-51392614_Ledidi_run-10_target-10.88_1	1108	A	T
ISL1_chr5:51392398-51392614_Ledidi_run-10_target-10.88_1	1116	C	A
ISL1_chr5:51392398-51392614_Ledidi_run-10_target-10.88_1	1128	T	G
ISL1_chr5:51392398-51392614_Ledidi_run-10_target-10.88_1	1135	A	T
ISL1_chr5:51392398-51392614_Ledidi_run-10_target-10.88_2	945	T	A
ISL1_chr5:51392398-51392614_Ledidi_run-10_target-10.88_2	1000	G	T
ISL1_chr5:51392398-51392614_Ledidi_run-10_target-10.88_2	1002	C	T
ISL1_chr5:51392398-51392614_Ledidi_run-10_target-10.88_2	1027	T	C
ISL1_chr5:51392398-51392614_Ledidi_run-10_target-10.88_2	1028	A	G
ISL1_chr5:51392398-51392614_Ledidi_run-10_target-10.88_2	1036	G	A
ISL1_chr5:51392398-51392614_Ledidi_run-10_target-10.88_2	1055	A	C
ISL1_chr5:51392398-51392614_Ledidi_run-10_target-10.88_2	1056	A	T
ISL1_chr5:51392398-51392614_Ledidi_run-10_target-10.88_2	1085	A	G
ISL1_chr5:51392398-51392614_Ledidi_run-10_target-10.88_2	1086	A	T
ISL1_chr5:51392398-51392614_Ledidi_run-10_target-10.88_2	1096	G	C
ISL1_chr5:51392398-51392614_Ledidi_run-10_target-10.88_2	1098	T	G
ISL1_chr5:51392398-51392614_Ledidi_run-10_target-10.88_2	1107	T	C
ISL1_chr5:51392398-51392614_Ledidi_run-10_target-10.88_2	1108	A	T
ISL1_chr5:51392398-51392614_Ledidi_run-10_target-10.88_2	1116	C	A
ISL1_chr5:51392398-51392614_Ledidi_run-10_target-10.88_2	1128	T	G
ISL1_chr5:51392398-51392614_Ledidi_run-10_target-10.88_2	1135	A	T
ISL1_chr5:51392398-51392614_Ledidi_run-10_target-10.88_3	945	T	A
ISL1_chr5:51392398-51392614_Ledidi_run-10_target-10.88_3	947	T	G
ISL1_chr5:51392398-51392614_Ledidi_run-10_target-10.88_3	1002	C	T
ISL1_chr5:51392398-51392614_Ledidi_run-10_target-10.88_3	1027	T	C
ISL1_chr5:51392398-51392614_Ledidi_run-10_target-10.88_3	1028	A	G
ISL1_chr5:51392398-51392614_Ledidi_run-10_target-10.88_3	1036	G	A
ISL1_chr5:51392398-51392614_Ledidi_run-10_target-10.88_3	1055	A	C
ISL1_chr5:51392398-51392614_Ledidi_run-10_target-10.88_3	1056	A	T
ISL1_chr5:51392398-51392614_Ledidi_run-10_target-10.88_3	1085	A	G
ISL1_chr5:51392398-51392614_Ledidi_run-10_target-10.88_3	1086	A	T
ISL1_chr5:51392398-51392614_Ledidi_run-10_target-10.88_3	1096	G	C
ISL1_chr5:51392398-51392614_Ledidi_run-10_target-10.88_3	1098	T	G
ISL1_chr5:51392398-51392614_Ledidi_run-10_target-10.88_3	1107	T	C
ISL1_chr5:51392398-51392614_Ledidi_run-10_target-10.88_3	1108	A	T
ISL1_chr5:51392398-51392614_Ledidi_run-10_target-10.88_3	1116	C	A
ISL1_chr5:51392398-51392614_Ledidi_run-10_target-10.88_3	1128	T	G
ISL1_chr5:51392398-51392614_Ledidi_run-10_target-10.88_3	1135	A	T
ISL1_chr5:51392398-51392614_Ledidi_run-10_target-10.88_4	945	T	A
ISL1_chr5:51392398-51392614_Ledidi_run-10_target-10.88_4	1000	G	A
ISL1_chr5:51392398-51392614_Ledidi_run-10_target-10.88_4	1002	C	T
ISL1_chr5:51392398-51392614_Ledidi_run-10_target-10.88_4	1027	T	C
ISL1_chr5:51392398-51392614_Ledidi_run-10_target-10.88_4	1028	A	G
ISL1_chr5:51392398-51392614_Ledidi_run-10_target-10.88_4	1036	G	A
ISL1_chr5:51392398-51392614_Ledidi_run-10_target-10.88_4	1055	A	C
ISL1_chr5:51392398-51392614_Ledidi_run-10_target-10.88_4	1056	A	T
ISL1_chr5:51392398-51392614_Ledidi_run-10_target-10.88_4	1065	G	A
ISL1_chr5:51392398-51392614_Ledidi_run-10_target-10.88_4	1085	A	G
ISL1_chr5:51392398-51392614_Ledidi_run-10_target-10.88_4	1086	A	T
ISL1_chr5:51392398-51392614_Ledidi_run-10_target-10.88_4	1096	G	C
ISL1_chr5:51392398-51392614_Ledidi_run-10_target-10.88_4	1098	T	G
ISL1_chr5:51392398-51392614_Ledidi_run-10_target-10.88_4	1107	T	C
ISL1_chr5:51392398-51392614_Ledidi_run-10_target-10.88_4	1108	A	T
ISL1_chr5:51392398-51392614_Ledidi_run-10_target-10.88_4	1116	C	A
ISL1_chr5:51392398-51392614_Ledidi_run-10_target-10.88_4	1128	T	G
ISL1_chr5:51392398-51392614_Ledidi_run-10_target-10.88_4	1135	A	T
ISL1_chr5:51392398-51392614_Ledidi_run-10_target-10.88_5	945	T	A
ISL1_chr5:51392398-51392614_Ledidi_run-10_target-10.88_5	1000	G	T
ISL1_chr5:51392398-51392614_Ledidi_run-10_target-10.88_5	1002	C	T
ISL1_chr5:51392398-51392614_Ledidi_run-10_target-10.88_5	1027	T	C
ISL1_chr5:51392398-51392614_Ledidi_run-10_target-10.88_5	1028	A	G
ISL1_chr5:51392398-51392614_Ledidi_run-10_target-10.88_5	1036	G	A
ISL1_chr5:51392398-51392614_Ledidi_run-10_target-10.88_5	1055	A	C
ISL1_chr5:51392398-51392614_Ledidi_run-10_target-10.88_5	1056	A	T
ISL1_chr5:51392398-51392614_Ledidi_run-10_target-10.88_5	1085	A	G
ISL1_chr5:51392398-51392614_Ledidi_run-10_target-10.88_5	1086	A	T
ISL1_chr5:51392398-51392614_Ledidi_run-10_target-10.88_5	1096	G	C
ISL1_chr5:51392398-51392614_Ledidi_run-10_target-10.88_5	1098	T	G
ISL1_chr5:51392398-51392614_Ledidi_run-10_target-10.88_5	1107	T	C
ISL1_chr5:51392398-51392614_Ledidi_run-10_target-10.88_5	1108	A	T
ISL1_chr5:51392398-51392614_Ledidi_run-10_target-10.88_5	1116	C	A
ISL1_chr5:51392398-51392614_Ledidi_run-10_target-10.88_5	1128	T	G
ISL1_chr5:51392398-51392614_Ledidi_run-10_target-10.88_5	1135	A	T
ISL1_chr5:51392398-51392614_Ledidi_run-10_target-10.88_6	945	T	A
ISL1_chr5:51392398-51392614_Ledidi_run-10_target-10.88_6	1000	G	A
ISL1_chr5:51392398-51392614_Ledidi_run-10_target-10.88_6	1002	C	T
ISL1_chr5:51392398-51392614_Ledidi_run-10_target-10.88_6	1027	T	C
ISL1_chr5:51392398-51392614_Ledidi_run-10_target-10.88_6	1028	A	G
ISL1_chr5:51392398-51392614_Ledidi_run-10_target-10.88_6	1036	G	A
ISL1_chr5:51392398-51392614_Ledidi_run-10_target-10.88_6	1055	A	C
ISL1_chr5:51392398-51392614_Ledidi_run-10_target-10.88_6	1056	A	T
ISL1_chr5:51392398-51392614_Ledidi_run-10_target-10.88_6	1085	A	G
ISL1_chr5:51392398-51392614_Ledidi_run-10_target-10.88_6	1086	A	T
ISL1_chr5:51392398-51392614_Ledidi_run-10_target-10.88_6	1096	G	C
ISL1_chr5:51392398-51392614_Ledidi_run-10_target-10.88_6	1098	T	G
ISL1_chr5:51392398-51392614_Ledidi_run-10_target-10.88_6	1107	T	C
ISL1_chr5:51392398-51392614_Ledidi_run-10_target-10.88_6	1108	A	T
ISL1_chr5:51392398-51392614_Ledidi_run-10_target-10.88_6	1116	C	A
ISL1_chr5:51392398-51392614_Ledidi_run-10_target-10.88_6	1128	T	G
ISL1_chr5:51392398-51392614_Ledidi_run-10_target-10.88_6	1135	A	T
ISL1_chr5:51392398-51392614_Ledidi_run-10_target-10.88_7	945	T	G
ISL1_chr5:51392398-51392614_Ledidi_run-10_target-10.88_7	1000	G	A
ISL1_chr5:51392398-51392614_Ledidi_run-10_target-10.88_7	1002	C	T
ISL1_chr5:51392398-51392614_Ledidi_run-10_target-10.88_7	1027	T	C
ISL1_chr5:51392398-51392614_Ledidi_run-10_target-10.88_7	1028	A	G
ISL1_chr5:51392398-51392614_Ledidi_run-10_target-10.88_7	1036	G	A
ISL1_chr5:51392398-51392614_Ledidi_run-10_target-10.88_7	1042	A	G
ISL1_chr5:51392398-51392614_Ledidi_run-10_target-10.88_7	1055	A	C
ISL1_chr5:51392398-51392614_Ledidi_run-10_target-10.88_7	1056	A	T
ISL1_chr5:51392398-51392614_Ledidi_run-10_target-10.88_7	1065	G	A
ISL1_chr5:51392398-51392614_Ledidi_run-10_target-10.88_7	1085	A	G
ISL1_chr5:51392398-51392614_Ledidi_run-10_target-10.88_7	1086	A	T
ISL1_chr5:51392398-51392614_Ledidi_run-10_target-10.88_7	1096	G	C
ISL1_chr5:51392398-51392614_Ledidi_run-10_target-10.88_7	1098	T	G
ISL1_chr5:51392398-51392614_Ledidi_run-10_target-10.88_7	1107	T	C
ISL1_chr5:51392398-51392614_Ledidi_run-10_target-10.88_7	1108	A	T
ISL1_chr5:51392398-51392614_Ledidi_run-10_target-10.88_7	1116	C	A
ISL1_chr5:51392398-51392614_Ledidi_run-10_target-10.88_7	1128	T	G
ISL1_chr5:51392398-51392614_Ledidi_run-10_target-10.88_7	1135	A	T
ISL1_chr5:51392398-51392614_Ledidi_run-10_target-10.88_8	945	T	A
ISL1_chr5:51392398-51392614_Ledidi_run-10_target-10.88_8	1000	G	A
ISL1_chr5:51392398-51392614_Ledidi_run-10_target-10.88_8	1002	C	T
ISL1_chr5:51392398-51392614_Ledidi_run-10_target-10.88_8	1027	T	C
ISL1_chr5:51392398-51392614_Ledidi_run-10_target-10.88_8	1028	A	G
ISL1_chr5:51392398-51392614_Ledidi_run-10_target-10.88_8	1036	G	A
ISL1_chr5:51392398-51392614_Ledidi_run-10_target-10.88_8	1042	A	G
ISL1_chr5:51392398-51392614_Ledidi_run-10_target-10.88_8	1055	A	C
ISL1_chr5:51392398-51392614_Ledidi_run-10_target-10.88_8	1056	A	T
ISL1_chr5:51392398-51392614_Ledidi_run-10_target-10.88_8	1065	G	A
ISL1_chr5:51392398-51392614_Ledidi_run-10_target-10.88_8	1085	A	G
ISL1_chr5:51392398-51392614_Ledidi_run-10_target-10.88_8	1086	A	T
ISL1_chr5:51392398-51392614_Ledidi_run-10_target-10.88_8	1096	G	C
ISL1_chr5:51392398-51392614_Ledidi_run-10_target-10.88_8	1098	T	G
ISL1_chr5:51392398-51392614_Ledidi_run-10_target-10.88_8	1116	C	A
ISL1_chr5:51392398-51392614_Ledidi_run-10_target-10.88_8	1128	T	G
ISL1_chr5:51392398-51392614_Ledidi_run-10_target-10.88_8	1135	A	T
ISL1_chr5:51392398-51392614_Ledidi_run-10_target-10.88_9	1000	G	T
ISL1_chr5:51392398-51392614_Ledidi_run-10_target-10.88_9	1002	C	T
ISL1_chr5:51392398-51392614_Ledidi_run-10_target-10.88_9	1027	T	C
ISL1_chr5:51392398-51392614_Ledidi_run-10_target-10.88_9	1028	A	G
ISL1_chr5:51392398-51392614_Ledidi_run-10_target-10.88_9	1036	G	A
ISL1_chr5:51392398-51392614_Ledidi_run-10_target-10.88_9	1055	A	C
ISL1_chr5:51392398-51392614_Ledidi_run-10_target-10.88_9	1056	A	T
ISL1_chr5:51392398-51392614_Ledidi_run-10_target-10.88_9	1085	A	G
ISL1_chr5:51392398-51392614_Ledidi_run-10_target-10.88_9	1086	A	T
ISL1_chr5:51392398-51392614_Ledidi_run-10_target-10.88_9	1096	G	C
ISL1_chr5:51392398-51392614_Ledidi_run-10_target-10.88_9	1098	T	G
ISL1_chr5:51392398-51392614_Ledidi_run-10_target-10.88_9	1107	T	C
ISL1_chr5:51392398-51392614_Ledidi_run-10_target-10.88_9	1108	A	T
ISL1_chr5:51392398-51392614_Ledidi_run-10_target-10.88_9	1116	C	A
ISL1_chr5:51392398-51392614_Ledidi_run-10_target-10.88_9	1128	T	G
ISL1_chr5:51392398-51392614_Ledidi_run-10_target-10.88_9	1135	A	T
ISL1_chr5:51392398-51392614_Ledidi_run-10_target-10.88_10	945	T	G
ISL1_chr5:51392398-51392614_Ledidi_run-10_target-10.88_10	976	T	C
ISL1_chr5:51392398-51392614_Ledidi_run-10_target-10.88_10	1000	G	T
ISL1_chr5:51392398-51392614_Ledidi_run-10_target-10.88_10	1002	C	T
ISL1_chr5:51392398-51392614_Ledidi_run-10_target-10.88_10	1027	T	C
ISL1_chr5:51392398-51392614_Ledidi_run-10_target-10.88_10	1028	A	G
ISL1_chr5:51392398-51392614_Ledidi_run-10_target-10.88_10	1036	G	A
ISL1_chr5:51392398-51392614_Ledidi_run-10_target-10.88_10	1055	A	C
ISL1_chr5:51392398-51392614_Ledidi_run-10_target-10.88_10	1056	A	T
ISL1_chr5:51392398-51392614_Ledidi_run-10_target-10.88_10	1085	A	G
ISL1_chr5:51392398-51392614_Ledidi_run-10_target-10.88_10	1086	A	T
ISL1_chr5:51392398-51392614_Ledidi_run-10_target-10.88_10	1096	G	A
ISL1_chr5:51392398-51392614_Ledidi_run-10_target-10.88_10	1135	A	T
