id	start	end	attribution	p-value	attribution_proportion	delta_attribution	type	annotation
ISL1_chr5:51398819-51399745_ISM_run-100_target-10.88_1	927	947	0.4547828561399934	0.04404732137953675	0.07154410421645575	0.4547828561399934	addition	NFYB_HUMAN.H11MO.0.A
ISL1_chr5:51398819-51399745_ISM_run-100_target-10.88_1	945	963	0.42564682717048996	0.015334884563813078	0.06696057371414024	0.42564682717048996	addition	NRF1_HUMAN.H11MO.0.A
ISL1_chr5:51398819-51399745_ISM_run-100_target-10.88_1	967	988	0.8257192028078193	0.006546900676822427	0.1298979060042372	0.8257192028078193	addition	NFYB_HUMAN.H11MO.0.A
ISL1_chr5:51398819-51399745_ISM_run-100_target-10.88_1	978	992	0.4991074250777372	0.04705103509220816	0.07851701785340968	0.4991074250777372	addition	ETV6_ETS_1
ISL1_chr5:51398819-51399745_ISM_run-100_target-10.88_1	1019	1046	0.9459912171952047	0.04862848917468544	0.14881848186914054	0.9459912171952047	addition	NRF1_HUMAN.H11MO.0.A
ISL1_chr5:51398819-51399745_ISM_run-100_target-10.88_1	1046	1061	0.2656348137884903	0.033818073538542465	0.041788305220002576	0.2656348137884903	addition	TYY1_HUMAN.H11MO.0.A
ISL1_chr5:51398819-51399745_ISM_run-100_target-7.64_1	1019	1045	1.089976561378702	0.026159430603553573	0.23049222101381706	1.089976561378702	addition	NRF1_HUMAN.H11MO.0.A
ISL1_chr5:51398819-51399745_ISM_run-10_target-10.88_1	1044	1067	0.7508769091619062	0.0219701124757981	0.1196741282979072	0.7508769091619062	addition	TYY1_HUMAN.H11MO.0.A
ISL1_chr5:51398819-51399745_ISM_run-10_target-10.88_1	1061	1076	0.32482686573338304	0.02289417725462466	0.05177063181736752	0.32482686573338304	addition	ELK1_HUMAN.H11MO.0.B
ISL1_chr5:51398819-51399745_ISM_run-10_target-10.88_1	1081	1103	0.8101622126730925	0.012318542954752718	0.12912296995492006	0.8101622126730925	addition	ZBTB33_MA0527.1
ISL1_chr5:51398819-51399745_ISM_run-10_target-10.88_1	1096	1110	0.275017728999734	0.038598888031356283	0.04383209362670194	0.275017728999734	addition	NRF1_MA0506.1
ISL1_chr5:51398819-51399745_ISM_run-10_target-10.88_1	1113	1142	1.0721501050108482	0.031391185643420416	0.1708783792071793	1.0721501050108482	addition	CTCF_MA0139.1
ISL1_chr5:51398819-51399745_ISM_run-10_target-7.64_1	1014	1039	0.9717270062518586	0.047440550458002585	0.20219331938891816	0.9717270062518586	addition	NRF1_HUMAN.H11MO.0.A
ISL1_chr5:51398819-51399745_ISM_run-10_target-7.64_1	1029	1043	0.5198272301960117	0.047833279071528095	0.10816370493549597	0.5198272301960117	addition	NRF1_HUMAN.H11MO.0.A
ISL1_chr5:51398819-51399745_ISM_run-11_target-10.88_1	1035	1050	0.4242780230579564	0.04445488936083167	0.06597106079495621	0.4242780230579564	addition	TYY1_HUMAN.H11MO.0.A
ISL1_chr5:51398819-51399745_ISM_run-11_target-10.88_1	1041	1066	0.9315886533288686	0.0216072737959361	0.14485287557836815	0.9315886533288686	addition	TYY1_HUMAN.H11MO.0.A
ISL1_chr5:51398819-51399745_ISM_run-11_target-10.88_1	1061	1076	0.3607636226988229	0.04089516803665444	0.056095196055963546	0.3607636226988229	addition	ELK1_HUMAN.H11MO.0.B
ISL1_chr5:51398819-51399745_ISM_run-11_target-10.88_1	1067	1101	1.7741226580334468	0.03244778245731159	0.2758586289416316	1.7741226580334468	addition	ETV6_ETS_1
ISL1_chr5:51398819-51399745_ISM_run-11_target-10.88_1	1096	1110	0.28333354528225607	0.033539516059238425	0.044055580362956696	0.28333354528225607	addition	NRF1_MA0506.1
ISL1_chr5:51398819-51399745_ISM_run-11_target-7.64_1	1046	1063	0.3837403103791065	0.020045760058380907	0.08199385956544342	0.3837403103791065	addition	TYY1_HUMAN.H11MO.0.A
ISL1_chr5:51398819-51399745_ISM_run-11_target-7.64_1	1083	1101	0.393298104036518	0.03828143600472836	0.08403607501611386	0.393298104036518	addition	ZBTB33_MA0527.1
ISL1_chr5:51398819-51399745_ISM_run-12_target-10.88_1	969	986	0.3647110552199013	0.028186602651998145	0.0578484355585026	0.3647110552199013	addition	HNF6_HUMAN.H11MO.0.B
ISL1_chr5:51398819-51399745_ISM_run-12_target-10.88_1	1016	1035	0.47280930947499833	0.016263238669430833	0.0749943783692907	0.47280930947499833	addition	JUN+JUNB_MA1133.1
ISL1_chr5:51398819-51399745_ISM_run-12_target-10.88_1	1045	1067	0.651675808824242	0.03553807952438195	0.10336518592526373	0.651675808824242	addition	TYY1_HUMAN.H11MO.0.A
ISL1_chr5:51398819-51399745_ISM_run-12_target-10.88_1	1081	1104	1.1136987052724825	0.04943689415007802	0.17664868355772134	1.1136987052724825	addition	ZBTB33_MA0527.1
ISL1_chr5:51398819-51399745_ISM_run-12_target-7.64_1	1045	1063	0.41170520073174915	0.04984611773144553	0.09027842879177306	0.41170520073174915	addition	TYY1_HUMAN.H11MO.0.A
ISL1_chr5:51398819-51399745_ISM_run-12_target-7.64_1	1083	1101	0.3856530738914794	0.042617682575379436	0.08456573661872478	0.3856530738914794	addition	ZBTB33_MA0527.1
ISL1_chr5:51398819-51399745_ISM_run-13_target-10.88_1	968	988	0.45845627635829844	0.046281533457893105	0.07023456871772246	0.45845627635829844	addition	HNF6_HUMAN.H11MO.0.B
ISL1_chr5:51398819-51399745_ISM_run-13_target-10.88_1	988	1010	0.5768283610528984	0.04477988763293353	0.08836893124141366	0.5768283610528984	addition	CTCFL_MOUSE.H11MO.0.A
ISL1_chr5:51398819-51399745_ISM_run-13_target-10.88_1	1019	1044	0.9371136584672612	0.02328766216665911	0.143563905733284	0.9371136584672612	addition	NRF1_HUMAN.H11MO.0.A
ISL1_chr5:51398819-51399745_ISM_run-13_target-10.88_1	1081	1103	0.9284903097525032	0.017391053120052475	0.14224282625609913	0.9284903097525032	addition	ZBTB33_MA0527.1
ISL1_chr5:51398819-51399745_ISM_run-13_target-10.88_1	1093	1112	0.5708460313231889	0.026818659752381804	0.08745245049906043	0.5708460313231889	addition	NRF1_MA0506.1
ISL1_chr5:51398819-51399745_ISM_run-13_target-7.64_1	1045	1064	0.4418134627283273	0.02913657378079778	0.09636911638580936	0.4418134627283273	addition	TYY1_HUMAN.H11MO.0.A
ISL1_chr5:51398819-51399745_ISM_run-13_target-7.64_1	1084	1101	0.3157835797944828	0.024682575322332454	0.06887926041460318	0.3157835797944828	addition	ZBTB33_MA0527.1
ISL1_chr5:51398819-51399745_ISM_run-14_target-10.88_1	922	936	0.28459172250373316	0.04211104631906556	0.04565387003834703	0.28459172250373316	addition	ZBTB33_MA0527.1
ISL1_chr5:51398819-51399745_ISM_run-14_target-10.88_1	928	947	0.5280329926199752	0.032717377455191855	0.08470643281171181	0.5280329926199752	addition	HNF6_HUMAN.H11MO.0.B
ISL1_chr5:51398819-51399745_ISM_run-14_target-10.88_1	967	992	0.9091101346248858	0.0017991890328762658	0.14583838058102436	0.9091101346248858	addition	NFYB_HUMAN.H11MO.0.A
ISL1_chr5:51398819-51399745_ISM_run-14_target-10.88_1	1019	1045	1.1131209270775246	0.02387574956199638	0.17856555241551364	1.1131209270775246	addition	NRF1_HUMAN.H11MO.0.A
ISL1_chr5:51398819-51399745_ISM_run-14_target-7.64_1	1020	1045	1.0643990697939922	0.006378368513055117	0.22467607204593262	1.0643990697939922	addition	NRF1_HUMAN.H11MO.0.A
ISL1_chr5:51398819-51399745_ISM_run-15_target-10.88_1	975	995	0.5233404594748252	0.04590149249782045	0.07775350176596943	0.5233404594748252	addition	ZBTB33_MA0527.1
ISL1_chr5:51398819-51399745_ISM_run-15_target-10.88_1	987	1011	0.8624955341424229	0.009080108824945293	0.1281422959432197	0.8624955341424229	addition	TYY1_HUMAN.H11MO.0.A
ISL1_chr5:51398819-51399745_ISM_run-15_target-10.88_1	1019	1045	0.9702973028145865	0.031391185643420416	0.1441585715035634	0.9702973028145865	addition	NRF1_HUMAN.H11MO.0.A
ISL1_chr5:51398819-51399745_ISM_run-15_target-10.88_1	1081	1103	0.9736581258752532	0.011611533761872196	0.14465789418548428	0.9736581258752532	addition	ZBTB33_MA0527.1
ISL1_chr5:51398819-51399745_ISM_run-15_target-10.88_1	1096	1111	0.3115288400384588	0.027042017085479195	0.04628432175564655	0.3115288400384588	addition	NRF1_MA0506.1
ISL1_chr5:51398819-51399745_ISM_run-15_target-7.64_1	1020	1044	0.7368962951902174	0.029623346647804562	0.1557331792921843	0.7368962951902174	addition	NRF1_HUMAN.H11MO.0.A
ISL1_chr5:51398819-51399745_ISM_run-15_target-7.64_1	1084	1100	0.2730370970924858	0.03298918611888092	0.057702739818966745	0.2730370970924858	addition	ZBTB33_MA0527.1
ISL1_chr5:51398819-51399745_ISM_run-16_target-10.88_1	967	988	0.5459716909027986	0.03409891713311869	0.08606394056866808	0.5459716909027986	addition	HNF6_HUMAN.H11MO.0.B
ISL1_chr5:51398819-51399745_ISM_run-16_target-10.88_1	978	992	0.4404963807851461	0.03765425746118183	0.06943739935291922	0.4404963807851461	addition	ETV6_ETS_1
ISL1_chr5:51398819-51399745_ISM_run-16_target-10.88_1	989	1007	0.3493543659462197	0.04590149249782045	0.05507027908073915	0.3493543659462197	addition	NFYB_HUMAN.H11MO.0.A
ISL1_chr5:51398819-51399745_ISM_run-16_target-10.88_1	1045	1064	0.47645945307508963	0.0455245554784964	0.07510641803612315	0.47645945307508963	addition	TYY1_HUMAN.H11MO.0.A
ISL1_chr5:51398819-51399745_ISM_run-16_target-10.88_1	1081	1104	1.1116392885510504	0.026159430603553573	0.17523263432478392	1.1116392885510504	addition	ZBTB33_MA0527.1
ISL1_chr5:51398819-51399745_ISM_run-16_target-10.88_1	1096	1111	0.3406831362266387	0.03484627531787981	0.053703394658564683	0.3406831362266387	addition	NRF1_MA0506.1
ISL1_chr5:51398819-51399745_ISM_run-16_target-7.64_1	1084	1100	0.2955580468342207	0.027042017085479195	0.0604219826076496	0.2955580468342207	addition	ZBTB33_MA0527.1
ISL1_chr5:51398819-51399745_ISM_run-16_target-7.64_1	1113	1133	0.6126246036398804	0.04022563345595305	0.12524102639949253	0.6126246036398804	addition	NRF1_HUMAN.H11MO.0.A
ISL1_chr5:51398819-51399745_ISM_run-16_target-7.64_1	1124	1140	0.39171056043617236	0.02178795364514908	0.08007878291056135	0.39171056043617236	addition	CTCFL_MOUSE.H11MO.0.A
ISL1_chr5:51398819-51399745_ISM_run-17_target-10.88_1	1044	1062	0.3821152490563011	0.027953927092970007	0.06167861270376331	0.3821152490563011	addition	TYY1_HUMAN.H11MO.0.A
ISL1_chr5:51398819-51399745_ISM_run-17_target-10.88_1	1060	1075	0.3349803009193978	0.045150695964589	0.05407038922111533	0.3349803009193978	addition	SP2_HUMAN.H11MO.0.A
ISL1_chr5:51398819-51399745_ISM_run-17_target-10.88_1	1079	1104	1.6871135163444455	0.00963750144461217	0.27232313135600933	1.6871135163444455	addition	ZBTB33_MA0527.1
ISL1_chr5:51398819-51399745_ISM_run-17_target-10.88_1	1095	1113	0.529165119376505	0.018750693416694397	0.08541446732358803	0.529165119376505	addition	NRF1_MA0506.1
ISL1_chr5:51398819-51399745_ISM_run-17_target-7.64_1	1019	1045	1.1260911333298904	0.03438206532577705	0.23553397601206735	1.1260911333298904	addition	NRF1_HUMAN.H11MO.0.A
ISL1_chr5:51398819-51399745_ISM_run-18_target-10.88_1	946	973	1.4957949748278392	0.011225570933752373	0.20856219042454938	1.4957949748278392	addition	CEBPB_HUMAN.H11MO.0.A
ISL1_chr5:51398819-51399745_ISM_run-18_target-10.88_1	963	992	1.4746874111667472	0.026159430603553573	0.20561911347498973	1.4746874111667472	addition	ARNTL_bHLH_1
ISL1_chr5:51398819-51399745_ISM_run-18_target-10.88_1	1020	1045	0.8855791122297614	0.028421189106739263	0.12347836605222251	0.8855791122297614	addition	NRF1_HUMAN.H11MO.0.A
ISL1_chr5:51398819-51399745_ISM_run-18_target-10.88_1	1072	1093	0.6930142396309042	0.042267523263593836	0.0966285956599504	0.6930142396309042	addition	ELK1_HUMAN.H11MO.0.B
ISL1_chr5:51398819-51399745_ISM_run-18_target-7.64_1	1019	1045	1.1283981056040884	0.01859466088933703	0.2331224489100957	1.1283981056040884	addition	NRF1_HUMAN.H11MO.0.A
ISL1_chr5:51398819-51399745_ISM_run-19_target-10.88_1	946	974	1.1936036993333874	0.016263238669430833	0.16728698799437006	1.1936036993333874	addition	CEBPB_HUMAN.H11MO.0.A
ISL1_chr5:51398819-51399745_ISM_run-19_target-10.88_1	964	978	0.563692271890889	0.04089516803665444	0.07900309153950745	0.563692271890889	addition	JUN+JUNB_MA1133.1
ISL1_chr5:51398819-51399745_ISM_run-19_target-10.88_1	969	992	0.8606510147607285	0.023094806992432482	0.12062271259215183	0.8606510147607285	addition	ARNTL_bHLH_1
ISL1_chr5:51398819-51399745_ISM_run-19_target-10.88_1	1020	1045	0.801653293398572	0.030621123769402504	0.11235401242750064	0.801653293398572	addition	NRF1_HUMAN.H11MO.0.A
ISL1_chr5:51398819-51399745_ISM_run-19_target-10.88_1	1082	1101	0.5910213866330647	0.01132086809550004	0.0828333454942534	0.5910213866330647	addition	ZBTB33_MA0527.1
ISL1_chr5:51398819-51399745_ISM_run-19_target-10.88_1	1095	1110	0.3054051890849343	0.047833279071528095	0.042803414758519114	0.3054051890849343	addition	NRF1_MA0506.1
ISL1_chr5:51398819-51399745_ISM_run-19_target-7.64_1	1019	1044	1.0372696490196065	0.022713780590699954	0.21782719873136416	1.0372696490196065	addition	NRF1_HUMAN.H11MO.0.A
ISL1_chr5:51398819-51399745_ISM_run-1_target-10.88_1	1044	1068	0.6982947562570964	0.043326652713425416	0.11039489563182447	0.6982947562570964	addition	TYY1_HUMAN.H11MO.0.A
ISL1_chr5:51398819-51399745_ISM_run-1_target-10.88_1	1061	1075	0.3458644714272414	0.04705103509220816	0.05467844614876189	0.3458644714272414	addition	RFX6_MOUSE.H11MO.0.C
ISL1_chr5:51398819-51399745_ISM_run-1_target-10.88_1	1071	1087	0.43925546142956096	0.046281533457893105	0.06944282537669778	0.43925546142956096	addition	ETV6_ETS_1
ISL1_chr5:51398819-51399745_ISM_run-1_target-10.88_1	1078	1113	1.8240268373633788	0.037111609633562956	0.2883642624207816	1.8240268373633788	addition	ZBTB33_MA0527.1
ISL1_chr5:51398819-51399745_ISM_run-1_target-7.64_1	1021	1037	0.40046956532209865	0.024275873739691266	0.07980794618846547	0.40046956532209865	addition	NRF1_HUMAN.H11MO.0.A
ISL1_chr5:51398819-51399745_ISM_run-1_target-7.64_1	1081	1102	0.7543147582107748	0.03828143600472836	0.1503243113719056	0.7543147582107748	addition	ZBTB33_MA0527.1
ISL1_chr5:51398819-51399745_ISM_run-20_target-10.88_1	970	986	0.42754221330281433	0.02215376235483254	0.06516612794155571	0.42754221330281433	addition	HNF6_HUMAN.H11MO.0.B
ISL1_chr5:51398819-51399745_ISM_run-20_target-10.88_1	976	994	0.5133153874124826	0.047440550458002585	0.07823970398637332	0.5133153874124826	addition	ZBTB33_MA0527.1
ISL1_chr5:51398819-51399745_ISM_run-20_target-10.88_1	987	1004	0.389653270228686	0.026597119657772207	0.059391082495481355	0.389653270228686	addition	TYY1_HUMAN.H11MO.0.A
ISL1_chr5:51398819-51399745_ISM_run-20_target-10.88_1	1015	1039	0.9306417497494155	0.01640023537755048	0.1418487284879396	0.9306417497494155	addition	NRF1_HUMAN.H11MO.0.A
ISL1_chr5:51398819-51399745_ISM_run-20_target-10.88_1	1081	1103	1.0064382201769937	0.010402309517288209	0.15340165200219275	1.0064382201769937	addition	ZBTB33_MA0527.1
ISL1_chr5:51398819-51399745_ISM_run-20_target-10.88_1	1095	1110	0.36761558162821206	0.047440550458002585	0.05603209058733614	0.36761558162821206	addition	NRF1_MA0506.1
ISL1_chr5:51398819-51399745_ISM_run-20_target-7.64_1	1020	1044	0.8354361064737541	0.013067895706257123	0.1740391045770851	0.8354361064737541	addition	NRF1_HUMAN.H11MO.0.A
ISL1_chr5:51398819-51399745_ISM_run-20_target-7.64_1	1084	1098	0.21713315315256398	0.04705103509220816	0.04523345263131563	0.21713315315256398	addition	ZBTB33_MA0527.1
ISL1_chr5:51398819-51399745_ISM_run-21_target-10.88_1	1044	1065	0.43689960914801407	0.04022563345595305	0.0702039603853269	0.43689960914801407	addition	TYY1_HUMAN.H11MO.0.A
ISL1_chr5:51398819-51399745_ISM_run-21_target-10.88_1	1060	1075	0.3174888881105886	0.04123406148837019	0.05101624459486786	0.3174888881105886	addition	SP2_HUMAN.H11MO.0.A
ISL1_chr5:51398819-51399745_ISM_run-21_target-10.88_1	1078	1104	1.5510733780312564	0.015858877403000453	0.24923687663256974	1.5510733780312564	addition	ZBTB33_MA0527.1
ISL1_chr5:51398819-51399745_ISM_run-21_target-10.88_1	1094	1116	0.7002819747608418	0.047440550458002585	0.11252600594113418	0.7002819747608418	addition	NRF1_MA0506.1
ISL1_chr5:51398819-51399745_ISM_run-21_target-7.64_1	1045	1066	0.5075541016910352	0.02772314644751366	0.1064578027246531	0.5075541016910352	addition	TYY1_HUMAN.H11MO.0.A
ISL1_chr5:51398819-51399745_ISM_run-21_target-7.64_1	1061	1075	0.24372489191442825	0.046281533457893105	0.05112049410312526	0.24372489191442825	addition	NRF1_MA0506.1
ISL1_chr5:51398819-51399745_ISM_run-21_target-7.64_1	1084	1101	0.34111397775175734	0.019550195590889788	0.07154753439905005	0.34111397775175734	addition	ZBTB33_MA0527.1
ISL1_chr5:51398819-51399745_ISM_run-22_target-10.88_1	928	948	0.42687812957701143	0.042267523263593836	0.0701378527074269	0.42687812957701143	addition	HNF6_HUMAN.H11MO.0.B
ISL1_chr5:51398819-51399745_ISM_run-22_target-10.88_1	956	976	0.5188415426434605	0.018286378620338495	0.085247824086186	0.5188415426434605	addition	HNF6_HUMAN.H11MO.0.B
ISL1_chr5:51398819-51399745_ISM_run-22_target-10.88_1	975	992	0.40259557217757047	0.03036860902810652	0.06614812749960415	0.40259557217757047	addition	ARNTL_bHLH_1
ISL1_chr5:51398819-51399745_ISM_run-22_target-10.88_1	1020	1044	0.9019574140414395	0.021073989007475306	0.14819535570279763	0.9019574140414395	addition	NRF1_HUMAN.H11MO.0.A
ISL1_chr5:51398819-51399745_ISM_run-22_target-10.88_1	1046	1060	0.22762441464809235	0.043685512406368567	0.03739963835350803	0.22762441464809235	addition	TYY1_HUMAN.H11MO.0.A
ISL1_chr5:51398819-51399745_ISM_run-22_target-7.64_1	1020	1045	1.0930012991843063	0.0132901230640321	0.2339608333835656	1.0930012991843063	addition	NRF1_HUMAN.H11MO.0.A
ISL1_chr5:51398819-51399745_ISM_run-23_target-10.88_1	1044	1067	0.7440214508890245	0.038918943530989965	0.11912254443590473	0.7440214508890245	addition	TYY1_HUMAN.H11MO.0.A
ISL1_chr5:51398819-51399745_ISM_run-23_target-10.88_1	1060	1076	0.3619204113666201	0.03956695122261595	0.0579457490557106	0.3619204113666201	addition	SP2_HUMAN.H11MO.0.A
ISL1_chr5:51398819-51399745_ISM_run-23_target-10.88_1	1072	1087	0.3758609401821358	0.036245773975262345	0.06017771597185529	0.3758609401821358	addition	ETV6_ETS_1
ISL1_chr5:51398819-51399745_ISM_run-23_target-10.88_1	1081	1103	1.1851765103886904	0.00931513203447094	0.18975426226551814	1.1851765103886904	addition	ZBTB33_MA0527.1
ISL1_chr5:51398819-51399745_ISM_run-23_target-10.88_1	1095	1111	0.43234936727364826	0.018750693416694397	0.06922187075836392	0.43234936727364826	addition	NRF1_MA0506.1
ISL1_chr5:51398819-51399745_ISM_run-23_target-7.64_1	1113	1140	0.9683710277395702	0.026597119657772207	0.1959150546420852	0.9683710277395702	addition	CTCF_MA0139.1
ISL1_chr5:51398819-51399745_ISM_run-24_target-10.88_1	968	987	0.444028601014859	0.031652102410686715	0.07040039911616998	0.444028601014859	addition	HNF6_HUMAN.H11MO.0.B
ISL1_chr5:51398819-51399745_ISM_run-24_target-10.88_1	978	992	0.33526853891526753	0.04862848917468544	0.05315657346572625	0.33526853891526753	addition	ETV6_ETS_1
ISL1_chr5:51398819-51399745_ISM_run-24_target-10.88_1	1020	1044	0.703025865004151	0.031132395074920924	0.11146421958441956	0.703025865004151	addition	NRF1_HUMAN.H11MO.0.A
ISL1_chr5:51398819-51399745_ISM_run-24_target-10.88_1	1081	1103	0.7989406692633829	0.024478395574562835	0.12667143931208139	0.7989406692633829	addition	ZBTB33_MA0527.1
ISL1_chr5:51398819-51399745_ISM_run-24_target-10.88_1	1096	1110	0.2664697356791321	0.03765425746118183	0.04224857520735122	0.2664697356791321	addition	NRF1_MA0506.1
ISL1_chr5:51398819-51399745_ISM_run-24_target-10.88_1	1113	1133	0.6303127495147742	0.04666470531828738	0.09993561007653567	0.6303127495147742	addition	CTCFL_MOUSE.H11MO.0.A
ISL1_chr5:51398819-51399745_ISM_run-24_target-10.88_1	1124	1142	0.5439407886241003	0.006604018941689149	0.08624140095295225	0.5439407886241003	addition	CTCFL_MOUSE.H11MO.0.A
ISL1_chr5:51398819-51399745_ISM_run-24_target-7.64_1	1071	1087	0.37962134930033764	0.045150695964589	0.0765546757428951	0.37962134930033764	addition	ETV6_ETS_1
ISL1_chr5:51398819-51399745_ISM_run-24_target-7.64_1	1081	1103	0.9128842861761011	0.024682575322332454	0.1840928089207798	0.9128842861761011	addition	ZBTB33_MA0527.1
ISL1_chr5:51398819-51399745_ISM_run-24_target-7.64_1	1095	1111	0.33277638227571327	0.03326322631767904	0.06710789076263439	0.33277638227571327	addition	NRF1_MA0506.1
ISL1_chr5:51398819-51399745_ISM_run-25_target-10.88_1	928	949	0.594957756566142	0.01022746981556802	0.09509276292261731	0.594957756566142	addition	HNF6_HUMAN.H11MO.0.B
ISL1_chr5:51398819-51399745_ISM_run-25_target-10.88_1	954	973	0.5145178128279767	0.04590149249782045	0.08223595684692132	0.5145178128279767	addition	NFYB_HUMAN.H11MO.0.A
ISL1_chr5:51398819-51399745_ISM_run-25_target-10.88_1	967	992	0.9095511028321739	0.01859466088933703	0.14537456892203685	0.9095511028321739	addition	RFX6_MOUSE.H11MO.0.C
ISL1_chr5:51398819-51399745_ISM_run-25_target-10.88_1	1019	1044	0.9009356264763677	0.042617682575379436	0.14399754771082246	0.9009356264763677	addition	NRF1_HUMAN.H11MO.0.A
ISL1_chr5:51398819-51399745_ISM_run-25_target-7.64_1	1019	1044	1.1589989887167957	0.01612735244242103	0.24012398228076198	1.1589989887167957	addition	NRF1_HUMAN.H11MO.0.A
ISL1_chr5:51398819-51399745_ISM_run-26_target-10.88_1	966	988	0.6236278843589067	0.0455245554784964	0.09966363063228564	0.6236278843589067	addition	NFYB_HUMAN.H11MO.0.A
ISL1_chr5:51398819-51399745_ISM_run-26_target-10.88_1	1015	1038	0.6705469234540251	0.027953927092970007	0.10716188704332591	0.6705469234540251	addition	NRF1_HUMAN.H11MO.0.A
ISL1_chr5:51398819-51399745_ISM_run-26_target-10.88_1	1061	1076	0.298014449650442	0.02889615852970106	0.04762648171766495	0.298014449650442	addition	CTCFL_MOUSE.H11MO.0.A
ISL1_chr5:51398819-51399745_ISM_run-26_target-10.88_1	1081	1103	0.9322415776541066	0.012741398904771781	0.14898400566371525	0.9322415776541066	addition	ZBTB33_MA0527.1
ISL1_chr5:51398819-51399745_ISM_run-26_target-10.88_1	1096	1110	0.31150667958741973	0.04123406148837019	0.049782710864197034	0.31150667958741973	addition	NRF1_MA0506.1
ISL1_chr5:51398819-51399745_ISM_run-26_target-7.64_1	1045	1066	0.49048672024927004	0.046281533457893105	0.106607137243405	0.49048672024927004	addition	TYY1_HUMAN.H11MO.0.A
ISL1_chr5:51398819-51399745_ISM_run-26_target-7.64_1	1083	1101	0.3609340749412058	0.047440550458002585	0.07844890977583162	0.3609340749412058	addition	ZBTB33_MA0527.1
ISL1_chr5:51398819-51399745_ISM_run-27_target-10.88_1	930	946	0.32938306286172075	0.031132395074920924	0.05216695658805945	0.32938306286172075	addition	HNF1B_MA0153.2
ISL1_chr5:51398819-51399745_ISM_run-27_target-10.88_1	946	960	0.09478338002102465	0.043685512406368567	0.015011580825885162	0.09478338002102465	addition	TYY1_HUMAN.H11MO.0.A
ISL1_chr5:51398819-51399745_ISM_run-27_target-10.88_1	965	993	1.1538189027364953	0.049031027776249174	0.18273927046092892	1.1538189027364953	addition	NFYB_HUMAN.H11MO.0.A
ISL1_chr5:51398819-51399745_ISM_run-27_target-10.88_1	1019	1041	0.6505160036542026	0.03765425746118183	0.1030272772000825	0.6505160036542026	addition	NRF1_HUMAN.H11MO.0.A
ISL1_chr5:51398819-51399745_ISM_run-27_target-10.88_1	1044	1067	0.5881757287644045	0.038598888031356283	0.09315396317595169	0.5881757287644045	addition	TYY1_HUMAN.H11MO.0.A
ISL1_chr5:51398819-51399745_ISM_run-27_target-7.64_1	1020	1045	1.0408456039260585	0.007201861522392245	0.22194703070302513	1.0408456039260585	addition	NRF1_HUMAN.H11MO.0.A
ISL1_chr5:51398819-51399745_ISM_run-28_target-10.88_1	927	947	0.6599531827438679	0.008926558741543394	0.11144129395746706	0.6599531827438679	addition	HNF6_HUMAN.H11MO.0.B
ISL1_chr5:51398819-51399745_ISM_run-28_target-10.88_1	957	972	0.19548684251111292	0.045150695964589	0.033010382025164084	0.19548684251111292	addition	HNF6_HUMAN.H11MO.0.B
ISL1_chr5:51398819-51399745_ISM_run-28_target-10.88_1	973	993	0.406460664570542	0.04590149249782045	0.06863593295243346	0.406460664570542	addition	CEBPB_HUMAN.H11MO.0.A
ISL1_chr5:51398819-51399745_ISM_run-28_target-10.88_1	1018	1045	1.0845010525651557	0.033539516059238425	0.18313147622624892	1.0845010525651557	addition	NRF1_HUMAN.H11MO.0.A
ISL1_chr5:51398819-51399745_ISM_run-28_target-7.64_1	1014	1039	1.187825701450523	0.007078341362807824	0.24190502464968436	1.187825701450523	addition	NRF1_HUMAN.H11MO.0.A
ISL1_chr5:51398819-51399745_ISM_run-29_target-10.88_1	1045	1063	0.37863255663830236	0.046281533457893105	0.05994620555664043	0.37863255663830236	addition	TYY1_HUMAN.H11MO.0.A
ISL1_chr5:51398819-51399745_ISM_run-29_target-10.88_1	1058	1078	0.5175191255202415	0.03828143600472836	0.0819351303368372	0.5175191255202415	addition	ELK1_HUMAN.H11MO.0.B
ISL1_chr5:51398819-51399745_ISM_run-29_target-10.88_1	1070	1094	0.9884629637016032	0.01906659418710993	0.1564963259717433	0.9884629637016032	addition	ETV6_ETS_1
ISL1_chr5:51398819-51399745_ISM_run-29_target-10.88_1	1084	1101	0.5557527350384546	0.006778239256998087	0.08798838638988331	0.5557527350384546	addition	ZBTB33_MA0527.1
ISL1_chr5:51398819-51399745_ISM_run-29_target-10.88_1	1112	1143	1.4822391391763303	0.04441210464409173	0.23467240353037713	1.4822391391763303	addition	CTCF_MA0139.1
ISL1_chr5:51398819-51399745_ISM_run-29_target-7.64_1	1045	1064	0.4185443275895256	0.03244778245731159	0.09163013118355103	0.4185443275895256	addition	TYY1_HUMAN.H11MO.0.A
ISL1_chr5:51398819-51399745_ISM_run-29_target-7.64_1	1083	1099	0.3049974932472319	0.04157573631765025	0.06677180521797967	0.3049974932472319	addition	ZBTB33_MA0527.1
ISL1_chr5:51398819-51399745_ISM_run-2_target-10.88_1	1048	1083	1.3224552689573081	0.0017829242634663906	0.2149762595201203	1.3224552689573081	addition	TYY1_HUMAN.H11MO.0.A
ISL1_chr5:51398819-51399745_ISM_run-2_target-10.88_1	1073	1087	0.5221923784940896	0.04666470531828738	0.08488677607000278	0.5221923784940896	addition	TAL1_HUMAN.H11MO.0.A
ISL1_chr5:51398819-51399745_ISM_run-2_target-10.88_1	1077	1103	1.5151292662891591	0.031391185643420416	0.24629704308495792	1.5151292662891591	addition	ZBTB33_MA0527.1
ISL1_chr5:51398819-51399745_ISM_run-2_target-10.88_1	1095	1111	0.39431239560533093	0.03036860902810652	0.06409880612180348	0.39431239560533093	addition	NRF1_MA0506.1
ISL1_chr5:51398819-51399745_ISM_run-2_target-7.64_1	1045	1065	0.4901969130479646	0.01987922421178425	0.10527283941999094	0.4901969130479646	addition	TYY1_HUMAN.H11MO.0.A
ISL1_chr5:51398819-51399745_ISM_run-2_target-7.64_1	1083	1101	0.3610182596645173	0.046281533457893105	0.07753091924026168	0.3610182596645173	addition	ZBTB33_MA0527.1
ISL1_chr5:51398819-51399745_ISM_run-30_target-10.88_1	970	986	0.33170740774212004	0.014859096189260556	0.05328615025725069	0.33170740774212004	addition	HNF6_HUMAN.H11MO.0.B
ISL1_chr5:51398819-51399745_ISM_run-30_target-10.88_1	1021	1045	0.8118197211564461	0.014952975463907503	0.13041236533665984	0.8118197211564461	addition	NRF1_HUMAN.H11MO.0.A
ISL1_chr5:51398819-51399745_ISM_run-30_target-10.88_1	1077	1091	0.5875910507643354	0.043685512406368567	0.09439181727646538	0.5875910507643354	addition	ETV6_ETS_1
ISL1_chr5:51398819-51399745_ISM_run-30_target-10.88_1	1081	1104	1.239917819100984	0.0031068725165420076	0.19918291142482686	1.239917819100984	addition	ZBTB33_MA0527.1
ISL1_chr5:51398819-51399745_ISM_run-30_target-10.88_1	1094	1111	0.5591799596261504	0.04404732137953675	0.08982780201474191	0.5591799596261504	addition	NRF1_MA0506.1
ISL1_chr5:51398819-51399745_ISM_run-30_target-7.64_1	1019	1044	1.0866415451418974	0.0455245554784964	0.22887198228305472	1.0866415451418974	addition	NRF1_HUMAN.H11MO.0.A
ISL1_chr5:51398819-51399745_ISM_run-31_target-10.88_1	1058	1073	0.28953219154550636	0.04055903292283163	0.04892341600025595	0.28953219154550636	addition	CTCFL_MOUSE.H11MO.0.A
ISL1_chr5:51398819-51399745_ISM_run-31_target-10.88_1	1071	1086	0.4318817344603785	0.0349553502674755	0.07297678936884731	0.4318817344603785	addition	ETV6_ETS_1
ISL1_chr5:51398819-51399745_ISM_run-31_target-10.88_1	1076	1105	1.7456151228297248	0.039894946972258406	0.29496359066212435	1.7456151228297248	addition	ZBTB33_MA0527.1
ISL1_chr5:51398819-51399745_ISM_run-31_target-10.88_1	1095	1112	0.5398974573301798	0.009802649874641434	0.09122863941812613	0.5398974573301798	addition	NRF1_MA0506.1
ISL1_chr5:51398819-51399745_ISM_run-31_target-10.88_1	1102	1116	0.3392167165256379	0.04404732137953675	0.05731880951903171	0.3392167165256379	addition	NRF1_HUMAN.H11MO.0.A
ISL1_chr5:51398819-51399745_ISM_run-31_target-10.88_1	1114	1131	0.2961295032997153	0.04705103509220816	0.05003819023558935	0.2961295032997153	addition	NRF1_HUMAN.H11MO.0.A
ISL1_chr5:51398819-51399745_ISM_run-31_target-7.64_1	1019	1044	1.1059941558587736	0.04705103509220816	0.22842179595291034	1.1059941558587736	addition	NRF1_HUMAN.H11MO.0.A
ISL1_chr5:51398819-51399745_ISM_run-32_target-10.88_1	1044	1066	0.6020208349900085	0.03673249049455301	0.09779330160592979	0.6020208349900085	addition	TYY1_HUMAN.H11MO.0.A
ISL1_chr5:51398819-51399745_ISM_run-32_target-10.88_1	1081	1101	0.6970672665070459	0.042267523263593836	0.11323280768891653	0.6970672665070459	addition	ZBTB33_MA0527.1
ISL1_chr5:51398819-51399745_ISM_run-32_target-10.88_1	1113	1141	1.2953570839301158	0.005263903298719523	0.2104200363734221	1.2953570839301158	addition	CTCF_MA0139.1
ISL1_chr5:51398819-51399745_ISM_run-32_target-7.64_1	1044	1066	0.5358914010705423	0.04590149249782045	0.11496274690545849	0.5358914010705423	addition	TYY1_HUMAN.H11MO.0.A
ISL1_chr5:51398819-51399745_ISM_run-33_target-10.88_1	969	987	0.4193664084561676	0.03553807952438195	0.06264659495661705	0.4193664084561676	addition	HNF6_HUMAN.H11MO.0.B
ISL1_chr5:51398819-51399745_ISM_run-33_target-10.88_1	978	992	0.3527918677216112	0.046281533457893105	0.052701429574453444	0.3527918677216112	addition	ETV6_ETS_1
ISL1_chr5:51398819-51399745_ISM_run-33_target-10.88_1	987	1011	0.6169093640626209	0.03191516249570074	0.09215633459448778	0.6169093640626209	addition	FOXA2_HUMAN.H11MO.0.A
ISL1_chr5:51398819-51399745_ISM_run-33_target-10.88_1	1020	1044	0.9853744919145457	0.01859466088933703	0.1471990970922149	0.9853744919145457	addition	NRF1_HUMAN.H11MO.0.A
ISL1_chr5:51398819-51399745_ISM_run-33_target-10.88_1	1060	1076	0.2968008007940932	0.04943689415007802	0.04433726491970696	0.2968008007940932	addition	SP2_HUMAN.H11MO.0.A
ISL1_chr5:51398819-51399745_ISM_run-33_target-10.88_1	1081	1103	0.8892173122847229	0.008408195354799631	0.13283476136342748	0.8892173122847229	addition	ZBTB33_MA0527.1
ISL1_chr5:51398819-51399745_ISM_run-33_target-10.88_1	1095	1111	0.35075756853974527	0.04089516803665444	0.05239753800303243	0.35075756853974527	addition	NRF1_MA0506.1
ISL1_chr5:51398819-51399745_ISM_run-33_target-7.64_1	1113	1140	1.0277808919506253	0.03956695122261595	0.22009534366021177	1.0277808919506253	addition	CTCF_MA0139.1
ISL1_chr5:51398819-51399745_ISM_run-34_target-10.88_1	1045	1061	0.3125653702705041	0.04022563345595305	0.054233668364920364	0.3125653702705041	addition	TYY1_HUMAN.H11MO.0.A
ISL1_chr5:51398819-51399745_ISM_run-34_target-10.88_1	1084	1100	0.28476754439877916	0.03828143600472836	0.04941042749121696	0.28476754439877916	addition	ZBTB33_MA0527.1
ISL1_chr5:51398819-51399745_ISM_run-34_target-10.88_1	1113	1141	1.4676914122593174	0.004993882566744062	0.2546612545261381	1.4676914122593174	addition	CTCF_MA0139.1
ISL1_chr5:51398819-51399745_ISM_run-34_target-7.64_1	978	992	0.2343454028810068	0.047833279071528095	0.05151075737452654	0.2343454028810068	addition	ARNTL_bHLH_1
ISL1_chr5:51398819-51399745_ISM_run-34_target-7.64_1	1019	1039	0.6623167279395237	0.03796656616782861	0.14558184567975654	0.6623167279395237	addition	NRF1_HUMAN.H11MO.0.A
ISL1_chr5:51398819-51399745_ISM_run-34_target-7.64_1	1047	1061	0.20898090203660669	0.04943689415007802	0.04593546281845927	0.20898090203660669	addition	TYY1_HUMAN.H11MO.0.A
ISL1_chr5:51398819-51399745_ISM_run-35_target-10.88_1	969	986	0.35326483309322215	0.03409891713311869	0.05515200564675925	0.35326483309322215	addition	HNF6_HUMAN.H11MO.0.B
ISL1_chr5:51398819-51399745_ISM_run-35_target-10.88_1	1019	1044	1.0869732024677226	0.03673249049455301	0.16969917915536217	1.0869732024677226	addition	NRF1_HUMAN.H11MO.0.A
ISL1_chr5:51398819-51399745_ISM_run-35_target-10.88_1	1081	1103	0.9883726295054678	0.022525584086832525	0.1543055739975203	0.9883726295054678	addition	ZBTB33_MA0527.1
ISL1_chr5:51398819-51399745_ISM_run-35_target-10.88_1	1093	1111	0.5511589333902491	0.02509596396326742	0.08604740058736415	0.5511589333902491	addition	NRF1_MA0506.1
ISL1_chr5:51398819-51399745_ISM_run-35_target-7.64_1	1020	1044	0.7438304201071035	0.026597119657772207	0.1578019090905565	0.7438304201071035	addition	NRF1_HUMAN.H11MO.0.A
ISL1_chr5:51398819-51399745_ISM_run-35_target-7.64_1	1084	1100	0.29905957127971683	0.025516151368283616	0.06344479871224884	0.29905957127971683	addition	ZBTB33_MA0527.1
ISL1_chr5:51398819-51399745_ISM_run-36_target-10.88_1	1036	1051	0.2723547992618316	0.04123406148837019	0.044122284486252675	0.2723547992618316	addition	TYY1_HUMAN.H11MO.0.A
ISL1_chr5:51398819-51399745_ISM_run-36_target-10.88_1	1045	1064	0.4533996186045125	0.04022563345595305	0.07345208166790806	0.4533996186045125	addition	TYY1_HUMAN.H11MO.0.A
ISL1_chr5:51398819-51399745_ISM_run-36_target-10.88_1	1083	1102	0.49463182202034184	0.03409891713311869	0.08013182079510184	0.49463182202034184	addition	ZBTB33_MA0527.1
ISL1_chr5:51398819-51399745_ISM_run-36_target-10.88_1	1095	1110	0.29183379506512974	0.047833279071528095	0.04727793952397937	0.29183379506512974	addition	NRF1_MA0506.1
ISL1_chr5:51398819-51399745_ISM_run-36_target-10.88_1	1112	1141	1.5547614468294526	0.04089516803665444	0.2518759612505225	1.5547614468294526	addition	CTCF_MA0139.1
ISL1_chr5:51398819-51399745_ISM_run-36_target-7.64_1	1018	1038	0.6542177344087835	0.03643021951741627	0.13438435003398916	0.6542177344087835	addition	NRF1_HUMAN.H11MO.0.A
ISL1_chr5:51398819-51399745_ISM_run-36_target-7.64_1	1083	1102	0.4762590942119975	0.03298918611888092	0.09782946174837967	0.4762590942119975	addition	ZBTB33_MA0527.1
ISL1_chr5:51398819-51399745_ISM_run-36_target-7.64_1	1094	1110	0.37964265874996594	0.030875713437132784	0.07798326040090416	0.37964265874996594	addition	NRF1_HUMAN.H11MO.0.A
ISL1_chr5:51398819-51399745_ISM_run-37_target-10.88_1	1073	1087	0.3765964932478544	0.04089516803665444	0.06393297848850771	0.3765964932478544	addition	ETV6_ETS_1
ISL1_chr5:51398819-51399745_ISM_run-37_target-10.88_1	1077	1091	0.6582918608679812	0.031132395074920924	0.11175504853236477	0.6582918608679812	addition	ETV6_ETS_1
ISL1_chr5:51398819-51399745_ISM_run-37_target-10.88_1	1081	1105	1.5051619889145966	0.005499432989905116	0.25552412405408037	1.5051619889145966	addition	ZBTB33_MA0527.1
ISL1_chr5:51398819-51399745_ISM_run-37_target-10.88_1	1095	1111	0.5453025001111804	0.008265370887177643	0.09257338725773225	0.5453025001111804	addition	MEOX2_MA0706.1
ISL1_chr5:51398819-51399745_ISM_run-37_target-10.88_1	1115	1130	0.26083910972468827	0.04551172632793582	0.044281403279065205	0.26083910972468827	addition	CTCFL_MOUSE.H11MO.0.A
ISL1_chr5:51398819-51399745_ISM_run-37_target-7.64_1	1045	1063	0.3616965530120301	0.042267523263593836	0.07740332692019465	0.3616965530120301	addition	TYY1_HUMAN.H11MO.0.A
ISL1_chr5:51398819-51399745_ISM_run-37_target-7.64_1	1061	1076	0.2597426542680662	0.038599691185958636	0.055585118011233926	0.2597426542680662	addition	CTCFL_MOUSE.H11MO.0.A
ISL1_chr5:51398819-51399745_ISM_run-37_target-7.64_1	1083	1101	0.40626720114410064	0.02328766216665911	0.0869414782232204	0.40626720114410064	addition	ZBTB33_MA0527.1
ISL1_chr5:51398819-51399745_ISM_run-38_target-10.88_1	959	978	0.2846244633744759	0.03244778245731159	0.0435887170113618	0.2846244633744759	addition	NFYB_HUMAN.H11MO.0.A
ISL1_chr5:51398819-51399745_ISM_run-38_target-10.88_1	975	993	0.3947428228413721	0.048229249212324556	0.060452755863295536	0.3947428228413721	addition	ARNTL_bHLH_1
ISL1_chr5:51398819-51399745_ISM_run-38_target-10.88_1	987	1011	0.7389104627837879	0.03011815241264463	0.113160192476643	0.7389104627837879	addition	TYY1_HUMAN.H11MO.0.A
ISL1_chr5:51398819-51399745_ISM_run-38_target-10.88_1	1021	1037	0.4468747032184759	0.035245524792159755	0.068436475021118	0.4468747032184759	addition	NRF1_HUMAN.H11MO.0.A
ISL1_chr5:51398819-51399745_ISM_run-38_target-10.88_1	1027	1045	0.5447893448561341	0.027267207041257537	0.08343157964077075	0.5447893448561341	addition	NRF1_HUMAN.H11MO.0.A
ISL1_chr5:51398819-51399745_ISM_run-38_target-10.88_1	1046	1062	0.3047563558835171	0.02594325172781246	0.04667180886887796	0.3047563558835171	addition	TYY1_HUMAN.H11MO.0.A
ISL1_chr5:51398819-51399745_ISM_run-38_target-10.88_1	1061	1075	0.2712381849057559	0.04705103509220816	0.04153867993060451	0.2712381849057559	addition	NRF1_MA0506.1
ISL1_chr5:51398819-51399745_ISM_run-38_target-10.88_1	1072	1094	0.8961394321649601	0.025516151368283616	0.13723896972259975	0.8961394321649601	addition	ELK1_HUMAN.H11MO.0.B
ISL1_chr5:51398819-51399745_ISM_run-38_target-10.88_1	1084	1098	0.4389050175561646	0.047833279071528095	0.06721596021053076	0.4389050175561646	addition	ZBTB33_MA0527.1
ISL1_chr5:51398819-51399745_ISM_run-38_target-7.64_1	1046	1066	0.4672790484473089	0.027042017085479195	0.10037243402989068	0.4672790484473089	addition	TYY1_HUMAN.H11MO.0.A
ISL1_chr5:51398819-51399745_ISM_run-38_target-7.64_1	1061	1075	0.28029182520979845	0.049031027776249174	0.06020722056439586	0.28029182520979845	addition	RFX6_MOUSE.H11MO.0.C
ISL1_chr5:51398819-51399745_ISM_run-38_target-7.64_1	1083	1101	0.3672187654106567	0.03643021951741627	0.07887929370724885	0.3672187654106567	addition	ZBTB33_MA0527.1
ISL1_chr5:51398819-51399745_ISM_run-39_target-10.88_1	968	987	0.4707356303435749	0.04089516803665444	0.06968851228820123	0.4707356303435749	addition	HNF6_HUMAN.H11MO.0.B
ISL1_chr5:51398819-51399745_ISM_run-39_target-10.88_1	987	1011	0.5792584843149726	0.020045760058380907	0.08575442222796205	0.5792584843149726	addition	TYY1_HUMAN.H11MO.0.A
ISL1_chr5:51398819-51399745_ISM_run-39_target-10.88_1	1021	1038	0.38997672298697617	0.04862848917468544	0.05773282475378969	0.38997672298697617	addition	NRF1_HUMAN.H11MO.0.A
ISL1_chr5:51398819-51399745_ISM_run-39_target-10.88_1	1061	1076	0.29249389686417815	0.038598888031356283	0.043301299523398944	0.29249389686417815	addition	CTCFL_MOUSE.H11MO.0.A
ISL1_chr5:51398819-51399745_ISM_run-39_target-10.88_1	1079	1103	1.2639353116592842	0.02178795364514908	0.18711515725667804	1.2639353116592842	addition	ZBTB33_MA0527.1
ISL1_chr5:51398819-51399745_ISM_run-39_target-10.88_1	1095	1111	0.3710620726720939	0.03553807952438195	0.054932667391718676	0.3710620726720939	addition	NRF1_MA0506.1
ISL1_chr5:51398819-51399745_ISM_run-39_target-7.64_1	1019	1044	1.0647351283833555	0.035245524792159755	0.23110088840308385	1.0647351283833555	addition	NRF1_HUMAN.H11MO.0.A
ISL1_chr5:51398819-51399745_ISM_run-3_target-10.88_1	1044	1064	0.5275456094809023	0.02072564329971039	0.08305810423796613	0.5275456094809023	addition	TYY1_HUMAN.H11MO.0.A
ISL1_chr5:51398819-51399745_ISM_run-3_target-10.88_1	1059	1076	0.4030477078940865	0.04666470531828738	0.0634568422777334	0.4030477078940865	addition	CTCFL_MOUSE.H11MO.0.A
ISL1_chr5:51398819-51399745_ISM_run-3_target-10.88_1	1071	1089	0.510588287820303	0.0349553502674755	0.08038830097400063	0.510588287820303	addition	NRF1_HUMAN.H11MO.0.A
ISL1_chr5:51398819-51399745_ISM_run-3_target-10.88_1	1081	1113	1.6791505106078872	0.0027599607910065434	0.26436966896291225	1.6791505106078872	addition	ZBTB33_MA0527.1
ISL1_chr5:51398819-51399745_ISM_run-3_target-7.64_1	1044	1063	0.39393298387020115	0.04477988763293353	0.0852650274115916	0.39393298387020115	addition	TYY1_HUMAN.H11MO.0.A
ISL1_chr5:51398819-51399745_ISM_run-3_target-7.64_1	1083	1101	0.3506836040345658	0.038598888031356283	0.07590389313694845	0.3506836040345658	addition	ZBTB33_MA0527.1
ISL1_chr5:51398819-51399745_ISM_run-40_target-10.88_1	1044	1063	0.5158054755797064	0.018134108023298515	0.08031919656960912	0.5158054755797064	addition	TYY1_HUMAN.H11MO.0.A
ISL1_chr5:51398819-51399745_ISM_run-40_target-10.88_1	1059	1094	2.221417897136955	0.0429707176143761	0.3459104433563144	2.221417897136955	addition	ETV6_ETS_1
ISL1_chr5:51398819-51399745_ISM_run-40_target-10.88_1	1084	1100	0.5706972670695896	0.007547400406312917	0.08886673008653982	0.5706972670695896	addition	ZBTB33_MA0527.1
ISL1_chr5:51398819-51399745_ISM_run-40_target-10.88_1	1095	1111	0.32518290630792324	0.023482095662255138	0.05063620106682416	0.32518290630792324	addition	NRF1_MA0506.1
ISL1_chr5:51398819-51399745_ISM_run-40_target-7.64_1	1019	1045	1.0639942287361692	0.0145803373677067	0.22438871081197082	1.0639942287361692	addition	NRF1_HUMAN.H11MO.0.A
ISL1_chr5:51398819-51399745_ISM_run-41_target-10.88_1	930	945	0.22879146403579115	0.0216072737959361	0.03541998976375782	0.22879146403579115	addition	HNF6_HUMAN.H11MO.0.B
ISL1_chr5:51398819-51399745_ISM_run-41_target-10.88_1	946	962	0.24579547967904905	0.0448044722248305	0.038052439634932884	0.24579547967904905	addition	CEBPB_HUMAN.H11MO.0.A
ISL1_chr5:51398819-51399745_ISM_run-41_target-10.88_1	967	988	0.7307969411619042	0.0063231216037768784	0.11313717618106095	0.7307969411619042	addition	NFYB_HUMAN.H11MO.0.A
ISL1_chr5:51398819-51399745_ISM_run-41_target-10.88_1	1019	1044	0.9388447291977864	0.04705103509220816	0.14534576645194022	0.9388447291977864	addition	NRF1_HUMAN.H11MO.0.A
ISL1_chr5:51398819-51399745_ISM_run-41_target-10.88_1	1070	1094	0.833876462537805	0.032717377455191855	0.12909526975493793	0.833876462537805	addition	ETV6_ETS_1
ISL1_chr5:51398819-51399745_ISM_run-41_target-10.88_1	1084	1100	0.43292979817654276	0.031391185643420416	0.06702334409399138	0.43292979817654276	addition	ZBTB33_MA0527.1
ISL1_chr5:51398819-51399745_ISM_run-41_target-7.64_1	1046	1063	0.30675096223806375	0.026597119657772207	0.07064511921558969	0.30675096223806375	addition	TYY1_HUMAN.H11MO.0.A
ISL1_chr5:51398819-51399745_ISM_run-41_target-7.64_1	1083	1101	0.35033046124168243	0.038598888031356283	0.08068153077239194	0.35033046124168243	addition	ZBTB33_MA0527.1
ISL1_chr5:51398819-51399745_ISM_run-42_target-10.88_1	1044	1063	0.46910194619937373	0.01132086809550004	0.07842028527405175	0.46910194619937373	addition	TYY1_HUMAN.H11MO.0.A
ISL1_chr5:51398819-51399745_ISM_run-42_target-10.88_1	1061	1076	0.3093619762460421	0.038918943530989965	0.05171637983324024	0.3093619762460421	addition	SP2_HUMAN.H11MO.0.A
ISL1_chr5:51398819-51399745_ISM_run-42_target-10.88_1	1077	1104	1.726849838001647	0.03553807952438195	0.288679375599913	1.726849838001647	addition	ZBTB33_MA0527.1
ISL1_chr5:51398819-51399745_ISM_run-42_target-10.88_1	1095	1111	0.40781893717140116	0.03333329275337645	0.06817553764645745	0.40781893717140116	addition	NRF1_HUMAN.H11MO.0.A
ISL1_chr5:51398819-51399745_ISM_run-42_target-7.64_1	1046	1064	0.36502977314457896	0.027494244980731025	0.07727694544796758	0.36502977314457896	addition	TYY1_HUMAN.H11MO.0.A
ISL1_chr5:51398819-51399745_ISM_run-42_target-7.64_1	1083	1101	0.3595155320425716	0.04022563345595305	0.07610957845443199	0.3595155320425716	addition	ZBTB33_MA0527.1
ISL1_chr5:51398819-51399745_ISM_run-43_target-10.88_1	968	988	0.533780350559733	0.0349553502674755	0.08297073571843108	0.533780350559733	addition	NFYB_HUMAN.H11MO.0.A
ISL1_chr5:51398819-51399745_ISM_run-43_target-10.88_1	978	992	0.35097514280087483	0.03191516249570074	0.054555522297764364	0.35097514280087483	addition	CEBPB_HUMAN.H11MO.0.A
ISL1_chr5:51398819-51399745_ISM_run-43_target-10.88_1	1019	1033	0.3106640610905417	0.04862848917468544	0.04828957394727736	0.3106640610905417	addition	NRF1_HUMAN.H11MO.0.A
ISL1_chr5:51398819-51399745_ISM_run-43_target-10.88_1	1043	1066	0.6899171005899472	0.049031027776249174	0.10724060816522869	0.6899171005899472	addition	TYY1_HUMAN.H11MO.0.A
ISL1_chr5:51398819-51399745_ISM_run-43_target-10.88_1	1060	1076	0.36476505450316865	0.0429707176143761	0.05669902405505411	0.36476505450316865	addition	SP2_HUMAN.H11MO.0.A
ISL1_chr5:51398819-51399745_ISM_run-43_target-10.88_1	1081	1104	1.0543543143125924	0.010314532385185387	0.1638886726997047	1.0543543143125924	addition	ZBTB33_MA0527.1
ISL1_chr5:51398819-51399745_ISM_run-43_target-7.64_1	1046	1063	0.34741099345118326	0.01702348044703681	0.07684876501309192	0.34741099345118326	addition	TYY1_HUMAN.H11MO.0.A
ISL1_chr5:51398819-51399745_ISM_run-43_target-7.64_1	1084	1099	0.22802326989996402	0.02815108250013627	0.050439701150451564	0.22802326989996402	addition	ZBTB33_MA0527.1
ISL1_chr5:51398819-51399745_ISM_run-44_target-10.88_1	968	986	0.41069599491234526	0.04089516803665444	0.0659490234604701	0.41069599491234526	addition	HNF6_HUMAN.H11MO.0.B
ISL1_chr5:51398819-51399745_ISM_run-44_target-10.88_1	978	992	0.3493987384204199	0.039894946972258406	0.05610599051998276	0.3493987384204199	addition	ETV6_ETS_1
ISL1_chr5:51398819-51399745_ISM_run-44_target-10.88_1	1044	1068	0.82369549837309	0.015206538816786712	0.1322679412982453	0.82369549837309	addition	TYY1_HUMAN.H11MO.0.A
ISL1_chr5:51398819-51399745_ISM_run-44_target-10.88_1	1081	1103	0.8684000629048021	0.04055903292283163	0.13944654155637837	0.8684000629048021	addition	ZBTB33_MA0527.1
ISL1_chr5:51398819-51399745_ISM_run-44_target-10.88_1	1095	1111	0.38304494677572176	0.03466753677785212	0.06150885446720302	0.38304494677572176	addition	NRF1_MA0506.1
ISL1_chr5:51398819-51399745_ISM_run-44_target-7.64_1	1044	1063	0.4564949229120338	0.03583303383620955	0.10186359646890329	0.4564949229120338	addition	TYY1_HUMAN.H11MO.0.A
ISL1_chr5:51398819-51399745_ISM_run-45_target-10.88_1	968	987	0.4650584940812135	0.01890800098755257	0.07637655025133017	0.4650584940812135	addition	HNF6_HUMAN.H11MO.0.B
ISL1_chr5:51398819-51399745_ISM_run-45_target-10.88_1	1020	1045	0.8634943955756393	0.02215376235483254	0.14181167301485254	0.8634943955756393	addition	NRF1_HUMAN.H11MO.0.A
ISL1_chr5:51398819-51399745_ISM_run-45_target-10.88_1	1070	1101	1.2161125578261989	0.03796656616782861	0.19972214907629707	1.2161125578261989	addition	ETV6_ETS_1
ISL1_chr5:51398819-51399745_ISM_run-45_target-7.64_1	1020	1044	0.9970291206810458	0.009475011206610687	0.21245907545983045	0.9970291206810458	addition	NRF1_HUMAN.H11MO.0.A
ISL1_chr5:51398819-51399745_ISM_run-46_target-10.88_1	925	950	0.7134168984472282	0.04984611773144553	0.11931305206173767	0.7134168984472282	addition	HNF1B_MA0153.2
ISL1_chr5:51398819-51399745_ISM_run-46_target-10.88_1	965	992	0.7788237250242843	0.04862848917468544	0.13025180066941255	0.7788237250242843	addition	ARNTL_bHLH_1
ISL1_chr5:51398819-51399745_ISM_run-46_target-10.88_1	1019	1044	0.9701960395245499	0.026597119657772207	0.16225723111666232	0.9701960395245499	addition	NRF1_HUMAN.H11MO.0.A
ISL1_chr5:51398819-51399745_ISM_run-46_target-7.64_1	1022	1036	0.27807094689592526	0.04984611773144553	0.06031847759275946	0.27807094689592526	addition	NRF1_HUMAN.H11MO.0.A
ISL1_chr5:51398819-51399745_ISM_run-46_target-7.64_1	1046	1061	0.27538670003090304	0.04022563345595305	0.05973621725168947	0.27538670003090304	addition	TYY1_HUMAN.H11MO.0.A
ISL1_chr5:51398819-51399745_ISM_run-46_target-7.64_1	1084	1101	0.3329583571144066	0.019550195590889788	0.07222452193268535	0.3329583571144066	addition	ZBTB33_MA0527.1
ISL1_chr5:51398819-51399745_ISM_run-47_target-10.88_1	968	987	0.47256530400931807	0.025516151368283616	0.07558919983519588	0.47256530400931807	addition	NFYB_HUMAN.H11MO.0.A
ISL1_chr5:51398819-51399745_ISM_run-47_target-10.88_1	1020	1044	0.8857169102916878	0.023678120433111786	0.14167487955935612	0.8857169102916878	addition	NRF1_HUMAN.H11MO.0.A
ISL1_chr5:51398819-51399745_ISM_run-47_target-10.88_1	1046	1061	0.25041393810112855	0.04441210464409173	0.04005497028252278	0.25041393810112855	addition	TYY1_HUMAN.H11MO.0.A
ISL1_chr5:51398819-51399745_ISM_run-47_target-10.88_1	1072	1086	0.3062182074487332	0.043326652713425416	0.04898114415010322	0.3062182074487332	addition	ETV6_ETS_1
ISL1_chr5:51398819-51399745_ISM_run-47_target-10.88_1	1081	1103	1.0190377026267905	0.002661102737470643	0.1630002115896696	1.0190377026267905	addition	ZBTB33_MA0527.1
ISL1_chr5:51398819-51399745_ISM_run-47_target-10.88_1	1096	1110	0.2766085997396708	0.04123406148837019	0.04424493830686183	0.2766085997396708	addition	NRF1_MA0506.1
ISL1_chr5:51398819-51399745_ISM_run-47_target-7.64_1	1020	1044	0.9687313003053405	0.0061601280485317255	0.20356634468209894	0.9687313003053405	addition	NRF1_HUMAN.H11MO.0.A
ISL1_chr5:51398819-51399745_ISM_run-48_target-10.88_1	930	945	0.26658149289951116	0.035245524792159755	0.04386054499182561	0.26658149289951116	addition	HNF6_HUMAN.H11MO.0.B
ISL1_chr5:51398819-51399745_ISM_run-48_target-10.88_1	967	988	0.701217620908843	0.00701733311040418	0.115371050992376	0.701217620908843	addition	NFYB_HUMAN.H11MO.0.A
ISL1_chr5:51398819-51399745_ISM_run-48_target-10.88_1	978	992	0.4371441112531145	0.048229249212324556	0.07192314346726358	0.4371441112531145	addition	ETV6_ETS_1
ISL1_chr5:51398819-51399745_ISM_run-48_target-10.88_1	1018	1044	0.9978500436452526	0.04943689415007802	0.16417586329181372	0.9978500436452526	addition	NRF1_HUMAN.H11MO.0.A
ISL1_chr5:51398819-51399745_ISM_run-48_target-7.64_1	1046	1063	0.32254764597183877	0.0349553502674755	0.07252786107851372	0.32254764597183877	addition	TYY1_HUMAN.H11MO.0.A
ISL1_chr5:51398819-51399745_ISM_run-48_target-7.64_1	1083	1100	0.32658502608457707	0.032717377455191855	0.07343570383475384	0.32658502608457707	addition	ZBTB33_MA0527.1
ISL1_chr5:51398819-51399745_ISM_run-49_target-10.88_1	928	948	0.43157582212659507	0.039894946972258406	0.06679361674639901	0.43157582212659507	addition	HNF6_HUMAN.H11MO.0.B
ISL1_chr5:51398819-51399745_ISM_run-49_target-10.88_1	964	978	0.29563636789967723	0.04441210464409173	0.045754699965551225	0.29563636789967723	addition	NFYB_HUMAN.H11MO.0.A
ISL1_chr5:51398819-51399745_ISM_run-49_target-10.88_1	969	992	0.690561721387386	0.045150695964589	0.10687604029994213	0.690561721387386	addition	ARNTL_bHLH_1
ISL1_chr5:51398819-51399745_ISM_run-49_target-10.88_1	1020	1044	0.7340041341519825	0.03828143600472836	0.1135994842927944	0.7340041341519825	addition	NRF1_HUMAN.H11MO.0.A
ISL1_chr5:51398819-51399745_ISM_run-49_target-10.88_1	1081	1103	0.9335987262130283	0.006719685182005467	0.14449010421002587	0.9335987262130283	addition	ZBTB33_MA0527.1
ISL1_chr5:51398819-51399745_ISM_run-49_target-10.88_1	1095	1111	0.35416299616582814	0.03438206532577705	0.054812679994658484	0.35416299616582814	addition	NRF1_MA0506.1
ISL1_chr5:51398819-51399745_ISM_run-49_target-7.64_1	1022	1037	0.39771990870834256	0.043763709793685567	0.08679325413758664	0.39771990870834256	addition	NRF1_HUMAN.H11MO.0.A
ISL1_chr5:51398819-51399745_ISM_run-49_target-7.64_1	1027	1042	0.365026108604232	0.032717377455191855	0.07965858162301458	0.365026108604232	addition	NRF1_HUMAN.H11MO.0.A
ISL1_chr5:51398819-51399745_ISM_run-49_target-7.64_1	1084	1101	0.3255093224601957	0.01612735244242103	0.07103494879146037	0.3255093224601957	addition	ZBTB33_MA0527.1
ISL1_chr5:51398819-51399745_ISM_run-49_target-7.64_1	1096	1110	0.2563741084488136	0.04862848917468544	0.055947772946947597	0.2563741084488136	addition	NRF1_MA0506.1
ISL1_chr5:51398819-51399745_ISM_run-4_target-10.88_1	958	978	0.3571090720052404	0.049031027776249174	0.05621365022350868	0.3571090720052404	addition	NFYB_HUMAN.H11MO.0.A
ISL1_chr5:51398819-51399745_ISM_run-4_target-10.88_1	975	995	0.44271843004469463	0.03703724021662447	0.06968968565903069	0.44271843004469463	addition	ZBTB33_MA0527.1
ISL1_chr5:51398819-51399745_ISM_run-4_target-10.88_1	1020	1044	0.9234712730490963	0.026818659752381804	0.14536648661190663	0.9234712730490963	addition	NRF1_HUMAN.H11MO.0.A
ISL1_chr5:51398819-51399745_ISM_run-4_target-10.88_1	1035	1052	0.4244930531213684	0.037344489046679634	0.06682077236649907	0.4244930531213684	addition	JUN+JUNB_MA1133.1
ISL1_chr5:51398819-51399745_ISM_run-4_target-10.88_1	1081	1102	0.855722078427192	0.01798307070428782	0.13470187507455464	0.855722078427192	addition	ZBTB33_MA0527.1
ISL1_chr5:51398819-51399745_ISM_run-4_target-10.88_1	1093	1110	0.4358532872021441	0.043326652713425416	0.06860902216224925	0.4358532872021441	addition	NRF1_MA0506.1
ISL1_chr5:51398819-51399745_ISM_run-4_target-7.64_1	1020	1045	0.9128957073082182	0.030621123769402504	0.18780780573398495	0.9128957073082182	addition	NRF1_HUMAN.H11MO.0.A
ISL1_chr5:51398819-51399745_ISM_run-50_target-10.88_1	924	950	0.7816409346891634	0.04404732137953675	0.12497699704096311	0.7816409346891634	addition	HNF1B_MA0153.2
ISL1_chr5:51398819-51399745_ISM_run-50_target-10.88_1	964	992	0.9045497269051255	0.03438206532577705	0.14462895112802893	0.9045497269051255	addition	ARNTL_bHLH_1
ISL1_chr5:51398819-51399745_ISM_run-50_target-10.88_1	1019	1043	0.7838465204233822	0.031652102410686715	0.1253296493516928	0.7838465204233822	addition	NRF1_HUMAN.H11MO.0.A
ISL1_chr5:51398819-51399745_ISM_run-50_target-10.88_1	1084	1099	0.24186317444657934	0.04123406148837019	0.0386716353963072	0.24186317444657934	addition	ZBTB33_MA0527.1
ISL1_chr5:51398819-51399745_ISM_run-50_target-7.64_1	978	993	0.19121824854971853	0.033764705586673174	0.03884393060671268	0.19121824854971853	addition	ZBTB33_MA0527.1
ISL1_chr5:51398819-51399745_ISM_run-50_target-7.64_1	1019	1044	0.8308746191731831	0.035245524792159755	0.1687832426812041	0.8308746191731831	addition	NRF1_HUMAN.H11MO.0.A
ISL1_chr5:51398819-51399745_ISM_run-50_target-7.64_1	1084	1101	0.2889904158953449	0.03011815241264463	0.05870529484598366	0.2889904158953449	addition	ZBTB33_MA0527.1
ISL1_chr5:51398819-51399745_ISM_run-51_target-10.88_1	1081	1104	1.1118018752905938	0.00819481448500056	0.185544731504413	1.1118018752905938	addition	ZBTB33_MA0527.1
ISL1_chr5:51398819-51399745_ISM_run-51_target-10.88_1	1096	1110	0.3153066738343435	0.043326652713425416	0.052620429447334416	0.3153066738343435	addition	NRF1_MA0506.1
ISL1_chr5:51398819-51399745_ISM_run-51_target-10.88_1	1113	1134	0.6449154374785042	0.0429707176143761	0.10762768470661571	0.6449154374785042	addition	CTCF_MA0139.1
ISL1_chr5:51398819-51399745_ISM_run-51_target-10.88_1	1124	1141	0.4498461966491578	0.022713780590699954	0.07507326047074127	0.4498461966491578	addition	CTCFL_MOUSE.H11MO.0.A
ISL1_chr5:51398819-51399745_ISM_run-51_target-7.64_1	1046	1063	0.30185134243976963	0.02913657378079778	0.06457595154638718	0.30185134243976963	addition	TYY1_HUMAN.H11MO.0.A
ISL1_chr5:51398819-51399745_ISM_run-51_target-7.64_1	1061	1075	0.24531524772455715	0.04862848917468544	0.052481017386271596	0.24531524772455715	addition	NRF1_MA0506.1
ISL1_chr5:51398819-51399745_ISM_run-51_target-7.64_1	1071	1093	0.6910891902683776	0.03643021951741627	0.1478467569641754	0.6910891902683776	addition	ETV6_ETS_1
ISL1_chr5:51398819-51399745_ISM_run-52_target-10.88_1	930	945	0.2428518674732414	0.03438206532577705	0.03894057658221546	0.2428518674732414	addition	HNF6_HUMAN.H11MO.0.B
ISL1_chr5:51398819-51399745_ISM_run-52_target-10.88_1	968	988	0.5138645457983148	0.031132395074920924	0.08239665565161634	0.5138645457983148	addition	HNF6_HUMAN.H11MO.0.B
ISL1_chr5:51398819-51399745_ISM_run-52_target-10.88_1	978	992	0.3607709242099637	0.04157573631765025	0.057848547548775546	0.3607709242099637	addition	ETV6_ETS_1
ISL1_chr5:51398819-51399745_ISM_run-52_target-10.88_1	1019	1044	1.0703629626148337	0.025305200741897304	0.1716295260569183	1.0703629626148337	addition	NRF1_HUMAN.H11MO.0.A
ISL1_chr5:51398819-51399745_ISM_run-52_target-10.88_1	1072	1093	0.5936616894485738	0.03438206532577705	0.09519189093510595	0.5936616894485738	addition	ETV6_ETS_1
ISL1_chr5:51398819-51399745_ISM_run-52_target-7.64_1	1073	1087	0.3108055319733116	0.04089516803665444	0.06309405413339693	0.3108055319733116	addition	ETV6_ETS_1
ISL1_chr5:51398819-51399745_ISM_run-52_target-7.64_1	1081	1102	0.8732696859307427	0.012010500772550252	0.1772752385948523	0.8732696859307427	addition	ZBTB33_MA0527.1
ISL1_chr5:51398819-51399745_ISM_run-52_target-7.64_1	1095	1111	0.33311299605943345	0.048229249212324556	0.06762250746462475	0.33311299605943345	addition	NRF1_MA0506.1
ISL1_chr5:51398819-51399745_ISM_run-53_target-10.88_1	968	988	0.5689879315268455	0.026159430603553573	0.09019086454847658	0.5689879315268455	addition	HNF6_HUMAN.H11MO.0.B
ISL1_chr5:51398819-51399745_ISM_run-53_target-10.88_1	978	992	0.4210729523208662	0.03956695122261595	0.06674470846137198	0.4210729523208662	addition	ETV6_ETS_1
ISL1_chr5:51398819-51399745_ISM_run-53_target-10.88_1	1019	1043	0.8639112351628188	0.031391185643420416	0.1369394619379562	0.8639112351628188	addition	NRF1_HUMAN.H11MO.0.A
ISL1_chr5:51398819-51399745_ISM_run-53_target-10.88_1	1046	1064	0.3627194421146187	0.02594325172781246	0.05749503330426102	0.3627194421146187	addition	TYY1_HUMAN.H11MO.0.A
ISL1_chr5:51398819-51399745_ISM_run-53_target-10.88_1	1061	1075	0.26720139618292027	0.04705103509220816	0.04235436921417474	0.26720139618292027	addition	ZNF76_HUMAN.H11MO.0.C
ISL1_chr5:51398819-51399745_ISM_run-53_target-10.88_1	1073	1096	0.8937278091268999	0.012634363006717239	0.14166571786482238	0.8937278091268999	addition	ETV6_ETS_1
ISL1_chr5:51398819-51399745_ISM_run-53_target-7.64_1	1046	1061	0.26192029453413684	0.032717377455191855	0.05824851423817091	0.26192029453413684	addition	TYY1_HUMAN.H11MO.0.A
ISL1_chr5:51398819-51399745_ISM_run-54_target-10.88_1	968	987	0.4537974961356387	0.0429707176143761	0.0707583006004238	0.4537974961356387	addition	HNF6_HUMAN.H11MO.0.B
ISL1_chr5:51398819-51399745_ISM_run-54_target-10.88_1	978	992	0.4314268584012799	0.04022563345595305	0.06727016255887362	0.4314268584012799	addition	ETV6_ETS_1
ISL1_chr5:51398819-51399745_ISM_run-54_target-10.88_1	983	1009	0.7374217007824948	0.03828143600472836	0.11498235846953085	0.7374217007824948	addition	NRF1_MA0506.1
ISL1_chr5:51398819-51399745_ISM_run-54_target-10.88_1	1019	1044	0.9278060341548109	0.02509596396326742	0.1446680046114459	0.9278060341548109	addition	NRF1_HUMAN.H11MO.0.A
ISL1_chr5:51398819-51399745_ISM_run-54_target-10.88_1	1081	1102	0.8241792487475053	0.04404732137953675	0.128510014991525	0.8241792487475053	addition	ZBTB33_MA0527.1
ISL1_chr5:51398819-51399745_ISM_run-54_target-10.88_1	1095	1110	0.28353696082069213	0.04590149249782045	0.04421045438973615	0.28353696082069213	addition	NRF1_MA0506.1
ISL1_chr5:51398819-51399745_ISM_run-54_target-7.64_1	1020	1045	0.7847011255625945	0.04022563345595305	0.16937761338736596	0.7847011255625945	addition	NRF1_HUMAN.H11MO.0.A
ISL1_chr5:51398819-51399745_ISM_run-55_target-10.88_1	1036	1050	0.2554519319074404	0.049031027776249174	0.04161998074427656	0.2554519319074404	addition	TYY1_HUMAN.H11MO.0.A
ISL1_chr5:51398819-51399745_ISM_run-55_target-10.88_1	1044	1068	0.7092266054131341	0.019714039783263387	0.11555206273138979	0.7092266054131341	addition	TYY1_HUMAN.H11MO.0.A
ISL1_chr5:51398819-51399745_ISM_run-55_target-10.88_1	1080	1103	1.2440465611729545	0.0455245554784964	0.2026885979463354	1.2440465611729545	addition	ZBTB33_MA0527.1
ISL1_chr5:51398819-51399745_ISM_run-55_target-10.88_1	1095	1111	0.47938720299554527	0.016817976176267194	0.07810505095321245	0.47938720299554527	addition	NRF1_MA0506.1
ISL1_chr5:51398819-51399745_ISM_run-55_target-10.88_1	1102	1116	0.31690712036856716	0.03553807952438195	0.05163268153416431	0.31690712036856716	addition	NRF1_HUMAN.H11MO.0.A
ISL1_chr5:51398819-51399745_ISM_run-55_target-7.64_1	1045	1066	0.48367352040073497	0.021250303321821335	0.10519788651703789	0.48367352040073497	addition	TYY1_HUMAN.H11MO.0.A
ISL1_chr5:51398819-51399745_ISM_run-56_target-10.88_1	1044	1067	0.5912641348752549	0.04157573631765025	0.08948466627479913	0.5912641348752549	addition	TYY1_HUMAN.H11MO.0.A
ISL1_chr5:51398819-51399745_ISM_run-56_target-10.88_1	1071	1087	0.37570940472980485	0.047833279071528095	0.05686161009181325	0.37570940472980485	addition	ETV6_ETS_1
ISL1_chr5:51398819-51399745_ISM_run-56_target-10.88_1	1081	1104	1.1711494354009946	0.0017508364396117968	0.17724720679512912	1.1711494354009946	addition	ZBTB33_MA0527.1
ISL1_chr5:51398819-51399745_ISM_run-56_target-10.88_1	1102	1116	0.21956578361832957	0.033539516059238425	0.03323010768545309	0.21956578361832957	addition	CTCFL_MOUSE.H11MO.0.A
ISL1_chr5:51398819-51399745_ISM_run-56_target-10.88_1	1115	1131	0.34040766019133617	0.043326652713425416	0.05151887975757852	0.34040766019133617	addition	JUN+JUNB_MA1133.1
ISL1_chr5:51398819-51399745_ISM_run-56_target-10.88_1	1127	1148	0.6476830940107141	0.042267523263593836	0.09802337415849863	0.6476830940107141	addition	ZBTB33_MA0527.1
ISL1_chr5:51398819-51399745_ISM_run-56_target-7.64_1	1019	1044	1.151521149703637	0.03326322631767904	0.24138413701574962	1.151521149703637	addition	NRF1_HUMAN.H11MO.0.A
ISL1_chr5:51398819-51399745_ISM_run-57_target-10.88_1	968	987	0.45033450619595405	0.042267523263593836	0.07267905379504326	0.45033450619595405	addition	HNF6_HUMAN.H11MO.0.B
ISL1_chr5:51398819-51399745_ISM_run-57_target-10.88_1	1020	1045	0.8805372439326472	0.018286378620338495	0.14210906079773764	0.8805372439326472	addition	NRF1_HUMAN.H11MO.0.A
ISL1_chr5:51398819-51399745_ISM_run-57_target-10.88_1	1070	1087	0.5043659318624845	0.04022563345595305	0.08139913373253735	0.5043659318624845	addition	ETV6_ETS_1
ISL1_chr5:51398819-51399745_ISM_run-57_target-10.88_1	1077	1092	0.40463051403601624	0.014138131101759927	0.06530293035982292	0.40463051403601624	addition	ETV6_ETS_1
ISL1_chr5:51398819-51399745_ISM_run-57_target-10.88_1	1113	1140	0.853673571277263	0.046281533457893105	0.13777355844739467	0.853673571277263	addition	NDF2_MOUSE.H11MO.0.A
ISL1_chr5:51398819-51399745_ISM_run-57_target-7.64_1	1022	1036	0.3449452597301871	0.02913657378079778	0.07550264347732041	0.3449452597301871	addition	NRF1_HUMAN.H11MO.0.A
ISL1_chr5:51398819-51399745_ISM_run-57_target-7.64_1	1027	1042	0.3736883306715242	0.028421189106739263	0.08179401225689023	0.3736883306715242	addition	NRF1_HUMAN.H11MO.0.A
ISL1_chr5:51398819-51399745_ISM_run-57_target-7.64_1	1084	1101	0.3047407271669398	0.021250303321821335	0.06670255591945816	0.3047407271669398	addition	ZBTB33_MA0527.1
ISL1_chr5:51398819-51399745_ISM_run-58_target-10.88_1	1044	1064	0.5460514498341847	0.03438206532577705	0.08652254075450554	0.5460514498341847	addition	TYY1_HUMAN.H11MO.0.A
ISL1_chr5:51398819-51399745_ISM_run-58_target-10.88_1	1071	1103	1.1993822948697928	0.042267523263593836	0.1900436369496247	1.1993822948697928	addition	ETV6_ETS_1
ISL1_chr5:51398819-51399745_ISM_run-58_target-10.88_1	1095	1111	0.3874952102975149	0.030621123769402504	0.061399104672871636	0.3874952102975149	addition	NRF1_MA0506.1
ISL1_chr5:51398819-51399745_ISM_run-58_target-10.88_1	1113	1141	1.2588582563509787	0.01922648379591124	0.19946767804086613	1.2588582563509787	addition	CTCF_MA0139.1
ISL1_chr5:51398819-51399745_ISM_run-58_target-7.64_1	1045	1065	0.4401562037301488	0.030875713437132784	0.0950324566119092	0.4401562037301488	addition	TYY1_HUMAN.H11MO.0.A
ISL1_chr5:51398819-51399745_ISM_run-59_target-10.88_1	968	987	0.4016719044683554	0.03828143600472836	0.06440806448338803	0.4016719044683554	addition	HNF6_HUMAN.H11MO.0.B
ISL1_chr5:51398819-51399745_ISM_run-59_target-10.88_1	1019	1045	1.0412361204778757	0.04022563345595305	0.16696214608023513	1.0412361204778757	addition	NRF1_HUMAN.H11MO.0.A
ISL1_chr5:51398819-51399745_ISM_run-59_target-10.88_1	1079	1103	1.041531779312411	0.03553807952438195	0.16700955495565806	1.041531779312411	addition	ZBTB33_MA0527.1
ISL1_chr5:51398819-51399745_ISM_run-59_target-10.88_1	1095	1111	0.3664661904716797	0.0455245554784964	0.05876283047011328	0.3664661904716797	addition	NRF1_MA0506.1
ISL1_chr5:51398819-51399745_ISM_run-59_target-7.64_1	1046	1063	0.3901022085454197	0.026818659752381804	0.08570039911103304	0.3901022085454197	addition	TYY1_HUMAN.H11MO.0.A
ISL1_chr5:51398819-51399745_ISM_run-5_target-10.88_1	1082	1103	0.7681477277925584	0.04705103509220816	0.12947985072066392	0.7681477277925584	addition	ZBTB33_MA0527.1
ISL1_chr5:51398819-51399745_ISM_run-5_target-10.88_1	1095	1110	0.3339868053383277	0.0455245554784964	0.05629719405946937	0.3339868053383277	addition	NRF1_MA0506.1
ISL1_chr5:51398819-51399745_ISM_run-5_target-10.88_1	1112	1142	1.5263426208175206	0.037344489046679634	0.25728204034395125	1.5263426208175206	addition	CTCF_MA0139.1
ISL1_chr5:51398819-51399745_ISM_run-5_target-7.64_1	1046	1062	0.32503103076829615	0.027042017085479195	0.06790840833886551	0.32503103076829615	addition	TYY1_HUMAN.H11MO.0.A
ISL1_chr5:51398819-51399745_ISM_run-5_target-7.64_1	1061	1075	0.25452468592297295	0.04590149249782045	0.05317758819249536	0.25452468592297295	addition	NRF1_MA0506.1
ISL1_chr5:51398819-51399745_ISM_run-5_target-7.64_1	1084	1098	0.21715796273615884	0.04157573631765025	0.04537059607098178	0.21715796273615884	addition	ZBTB33_MA0527.1
ISL1_chr5:51398819-51399745_ISM_run-60_target-10.88_1	969	985	0.32421594841879636	0.025305200741897304	0.05391666514026773	0.32421594841879636	addition	HNF6_HUMAN.H11MO.0.B
ISL1_chr5:51398819-51399745_ISM_run-60_target-10.88_1	978	992	0.2969747925504858	0.04984611773144553	0.04938649848391213	0.2969747925504858	addition	ETV6_ETS_1
ISL1_chr5:51398819-51399745_ISM_run-60_target-10.88_1	1044	1066	0.5637819384037057	0.029869737133412906	0.09375615892213578	0.5637819384037057	addition	TYY1_HUMAN.H11MO.0.A
ISL1_chr5:51398819-51399745_ISM_run-60_target-10.88_1	1060	1075	0.3274765878425474	0.04984611773144553	0.05445890498013659	0.3274765878425474	addition	SP2_HUMAN.H11MO.0.A
ISL1_chr5:51398819-51399745_ISM_run-60_target-10.88_1	1073	1087	0.33796035290917326	0.039894946972258406	0.056202340653992953	0.33796035290917326	addition	ETV6_ETS_1
ISL1_chr5:51398819-51399745_ISM_run-60_target-10.88_1	1078	1104	1.1339181018855673	0.04192021575739288	0.18856901671252796	1.1339181018855673	addition	ZBTB33_MA0527.1
ISL1_chr5:51398819-51399745_ISM_run-60_target-10.88_1	1095	1110	0.38933942076096084	0.038598888031356283	0.06474660878791466	0.38933942076096084	addition	NRF1_MA0506.1
ISL1_chr5:51398819-51399745_ISM_run-60_target-7.64_1	1019	1038	0.6040031402420901	0.04404732137953675	0.13267239838421835	0.6040031402420901	addition	NRF1_HUMAN.H11MO.0.A
ISL1_chr5:51398819-51399745_ISM_run-60_target-7.64_1	1046	1061	0.26983157336687047	0.032180383343338316	0.05926989383535527	0.26983157336687047	addition	TYY1_HUMAN.H11MO.0.A
ISL1_chr5:51398819-51399745_ISM_run-61_target-10.88_1	969	987	0.3833829933058219	0.04984611773144553	0.061024632025910734	0.3833829933058219	addition	HNF6_HUMAN.H11MO.0.B
ISL1_chr5:51398819-51399745_ISM_run-61_target-10.88_1	1021	1044	0.717426791964699	0.016677595255974693	0.11419574355050177	0.717426791964699	addition	NRF1_HUMAN.H11MO.0.A
ISL1_chr5:51398819-51399745_ISM_run-61_target-10.88_1	1060	1075	0.24344194819589782	0.04943689415007802	0.038749646092086816	0.24344194819589782	addition	SP2_HUMAN.H11MO.0.A
ISL1_chr5:51398819-51399745_ISM_run-61_target-10.88_1	1078	1111	1.5672085931444777	0.039894946972258406	0.2494589728141566	1.5672085931444777	addition	ZBTB33_MA0527.1
ISL1_chr5:51398819-51399745_ISM_run-61_target-7.64_1	1020	1045	0.8703517761446876	0.021073989007475306	0.18042623425519427	0.8703517761446876	addition	NRF1_HUMAN.H11MO.0.A
ISL1_chr5:51398819-51399745_ISM_run-61_target-7.64_1	1083	1100	0.3070835249186439	0.043326652713425416	0.06365923011992719	0.3070835249186439	addition	ZBTB33_MA0527.1
ISL1_chr5:51398819-51399745_ISM_run-62_target-10.88_1	1044	1065	0.5638598333385316	0.033539516059238425	0.0932681540852145	0.5638598333385316	addition	TYY1_HUMAN.H11MO.0.A
ISL1_chr5:51398819-51399745_ISM_run-62_target-10.88_1	1058	1076	0.5115625369488936	0.031391185643420416	0.08461764910239118	0.5115625369488936	addition	SP2_HUMAN.H11MO.0.A
ISL1_chr5:51398819-51399745_ISM_run-62_target-10.88_1	1066	1080	0.42475118580819027	0.04089516803665444	0.07025816826014498	0.42475118580819027	addition	ELK1_HUMAN.H11MO.0.B
ISL1_chr5:51398819-51399745_ISM_run-62_target-10.88_1	1075	1091	0.6558340836923446	0.047440550458002585	0.10848163099326245	0.6558340836923446	addition	ETV6_ETS_1
ISL1_chr5:51398819-51399745_ISM_run-62_target-10.88_1	1081	1103	1.1947972927392487	0.006106701699064647	0.19763163008083398	1.1947972927392487	addition	ZBTB33_MA0527.1
ISL1_chr5:51398819-51399745_ISM_run-62_target-10.88_1	1093	1113	0.6665843856603786	0.00997050466126532	0.11025984033028965	0.6665843856603786	addition	NRF1_MA0506.1
ISL1_chr5:51398819-51399745_ISM_run-62_target-7.64_1	1083	1100	0.302346143067729	0.04943689415007802	0.06423827805111976	0.302346143067729	addition	ZBTB33_MA0527.1
ISL1_chr5:51398819-51399745_ISM_run-62_target-7.64_1	1114	1134	0.6255080798888528	0.02387574956199638	0.132899204704328	0.6255080798888528	addition	CTCF_MA0139.1
ISL1_chr5:51398819-51399745_ISM_run-62_target-7.64_1	1124	1140	0.404230479769647	0.02072564329971039	0.08588523634767585	0.404230479769647	addition	CTCFL_MOUSE.H11MO.0.A
ISL1_chr5:51398819-51399745_ISM_run-63_target-10.88_1	967	988	0.6126021669384278	0.047833279071528095	0.098782745792161	0.6126021669384278	addition	NFYB_HUMAN.H11MO.0.A
ISL1_chr5:51398819-51399745_ISM_run-63_target-10.88_1	978	992	0.4033267377768047	0.0349553502674755	0.06503686202760713	0.4033267377768047	addition	ETV6_ETS_1
ISL1_chr5:51398819-51399745_ISM_run-63_target-10.88_1	1014	1037	0.582206393861917	0.043326652713425416	0.09388139531216022	0.582206393861917	addition	NRF1_HUMAN.H11MO.0.A
ISL1_chr5:51398819-51399745_ISM_run-63_target-10.88_1	1061	1076	0.280748320589411	0.043326652713425416	0.045270962920291695	0.280748320589411	addition	CTCFL_MOUSE.H11MO.0.A
ISL1_chr5:51398819-51399745_ISM_run-63_target-10.88_1	1081	1103	1.0965004558387839	0.004258930033428606	0.17681185545169306	1.0965004558387839	addition	ZBTB33_MA0527.1
ISL1_chr5:51398819-51399745_ISM_run-63_target-10.88_1	1093	1111	0.5136686253679739	0.024478395574562835	0.08282960782643353	0.5136686253679739	addition	NRF1_MA0506.1
ISL1_chr5:51398819-51399745_ISM_run-63_target-7.64_1	1046	1062	0.3454514581504272	0.04590149249782045	0.07586574990188678	0.3454514581504272	addition	TYY1_HUMAN.H11MO.0.A
ISL1_chr5:51398819-51399745_ISM_run-64_target-10.88_1	975	994	0.42752641689277315	0.026159430603553573	0.06486830511096205	0.42752641689277315	addition	ZBTB33_MA0527.1
ISL1_chr5:51398819-51399745_ISM_run-64_target-10.88_1	987	1011	0.6478896052441423	0.02387574956199638	0.0983038683238575	0.6478896052441423	addition	TYY1_HUMAN.H11MO.0.A
ISL1_chr5:51398819-51399745_ISM_run-64_target-10.88_1	1015	1039	0.8106287210068726	0.021073989007475306	0.12299616848979704	0.8106287210068726	addition	NRF1_HUMAN.H11MO.0.A
ISL1_chr5:51398819-51399745_ISM_run-64_target-10.88_1	1060	1075	0.262490243893142	0.04666470531828738	0.039827473944801295	0.262490243893142	addition	SP2_HUMAN.H11MO.0.A
ISL1_chr5:51398819-51399745_ISM_run-64_target-10.88_1	1081	1103	0.9411094953510553	0.01640023537755048	0.14279393149772804	0.9411094953510553	addition	ZBTB33_MA0527.1
ISL1_chr5:51398819-51399745_ISM_run-64_target-7.64_1	1071	1087	0.3551515056884711	0.03673249049455301	0.07437426675951427	0.3551515056884711	addition	ETV6_ETS_1
ISL1_chr5:51398819-51399745_ISM_run-64_target-7.64_1	1081	1103	0.919405470897998	0.01351606737668267	0.19253785119161407	0.919405470897998	addition	ZBTB33_MA0527.1
ISL1_chr5:51398819-51399745_ISM_run-64_target-7.64_1	1095	1110	0.32814677042602036	0.04862848917468544	0.06871905383767651	0.32814677042602036	addition	NRF1_MA0506.1
ISL1_chr5:51398819-51399745_ISM_run-65_target-10.88_1	967	988	0.697086623471511	0.022338915479706477	0.11123975167363008	0.697086623471511	addition	NFYB_HUMAN.H11MO.0.A
ISL1_chr5:51398819-51399745_ISM_run-65_target-10.88_1	1014	1038	0.7408043425336845	0.02089910616887155	0.11821614176414007	0.7408043425336845	addition	NRF1_HUMAN.H11MO.0.A
ISL1_chr5:51398819-51399745_ISM_run-65_target-10.88_1	1081	1103	0.8771055987529128	0.018750693416694397	0.13996683584448694	0.8771055987529128	addition	ZBTB33_MA0527.1
ISL1_chr5:51398819-51399745_ISM_run-65_target-7.64_1	1020	1044	0.8459712768950142	0.026597119657772207	0.17799699031389363	0.8459712768950142	addition	NRF1_HUMAN.H11MO.0.A
ISL1_chr5:51398819-51399745_ISM_run-65_target-7.64_1	1084	1100	0.268782979840023	0.033818073538542465	0.056553411168664705	0.268782979840023	addition	ZBTB33_MA0527.1
ISL1_chr5:51398819-51399745_ISM_run-66_target-10.88_1	969	987	0.4365813124410158	0.02089910616887155	0.0756714308974741	0.4365813124410158	addition	NFYB_HUMAN.H11MO.0.A
ISL1_chr5:51398819-51399745_ISM_run-66_target-10.88_1	1020	1043	0.6436652955631259	0.016677595255974693	0.11156472470609444	0.6436652955631259	addition	NRF1_HUMAN.H11MO.0.A
ISL1_chr5:51398819-51399745_ISM_run-66_target-10.88_1	1047	1061	0.2611588614556515	0.04943689415007802	0.04526594284901812	0.2611588614556515	addition	TYY1_HUMAN.H11MO.0.A
ISL1_chr5:51398819-51399745_ISM_run-66_target-10.88_1	1114	1140	0.763281062579412	0.018286378620338495	0.13229739463512205	0.763281062579412	addition	CTCF_MA0139.1
ISL1_chr5:51398819-51399745_ISM_run-66_target-7.64_1	1019	1045	1.115761027907859	0.04441210464409173	0.23498516478590437	1.115761027907859	addition	NRF1_HUMAN.H11MO.0.A
ISL1_chr5:51398819-51399745_ISM_run-67_target-10.88_1	1041	1063	0.6260851709208918	0.04659313971486384	0.09887887144060752	0.6260851709208918	addition	TYY1_HUMAN.H11MO.0.A
ISL1_chr5:51398819-51399745_ISM_run-67_target-10.88_1	1059	1074	0.7677817449641098	0.01859466088933703	0.12125729210785598	0.7677817449641098	addition	ELK1_HUMAN.H11MO.0.B
ISL1_chr5:51398819-51399745_ISM_run-67_target-10.88_1	1064	1099	2.1195259560026027	1.1782216730105555e-05	0.3347409334266006	2.1195259560026027	addition	ETV6_ETS_1
ISL1_chr5:51398819-51399745_ISM_run-67_target-10.88_1	1096	1111	0.271235945112529	0.046281533457893105	0.042836830183033	0.271235945112529	addition	NRF1_MA0506.1
ISL1_chr5:51398819-51399745_ISM_run-67_target-7.64_1	1044	1064	0.36801214974779956	0.047440550458002585	0.07964586179832983	0.36801214974779956	addition	TYY1_HUMAN.H11MO.0.A
ISL1_chr5:51398819-51399745_ISM_run-67_target-7.64_1	1060	1076	0.2758920489748675	0.048229249212324556	0.05970906128770204	0.2758920489748675	addition	SP2_HUMAN.H11MO.0.A
ISL1_chr5:51398819-51399745_ISM_run-67_target-7.64_1	1083	1100	0.3022443050358792	0.04404732137953675	0.06541226468940463	0.3022443050358792	addition	ZBTB33_MA0527.1
ISL1_chr5:51398819-51399745_ISM_run-68_target-10.88_1	954	973	0.652565222524814	0.023094806992432482	0.09760969021113021	0.652565222524814	addition	NFYB_HUMAN.H11MO.0.A
ISL1_chr5:51398819-51399745_ISM_run-68_target-10.88_1	963	992	1.4619704814521943	0.025305200741897304	0.21867926893229322	1.4619704814521943	addition	ARNTL_bHLH_1
ISL1_chr5:51398819-51399745_ISM_run-68_target-10.88_1	1020	1045	0.8198217977378699	0.02772314644751366	0.1226276683821937	0.8198217977378699	addition	NRF1_HUMAN.H11MO.0.A
ISL1_chr5:51398819-51399745_ISM_run-68_target-10.88_1	1071	1093	0.6574855735005549	0.03956695122261595	0.09834566865113027	0.6574855735005549	addition	ETV6_ETS_1
ISL1_chr5:51398819-51399745_ISM_run-68_target-7.64_1	1046	1063	0.3236218327980728	0.032180383343338316	0.06799503406117295	0.3236218327980728	addition	TYY1_HUMAN.H11MO.0.A
ISL1_chr5:51398819-51399745_ISM_run-69_target-10.88_1	968	988	0.5372648818855008	0.025516151368283616	0.08347145210681053	0.5372648818855008	addition	HNF6_HUMAN.H11MO.0.B
ISL1_chr5:51398819-51399745_ISM_run-69_target-10.88_1	978	992	0.3617171518331624	0.047833279071528095	0.056197709795386026	0.3617171518331624	addition	ETV6_ETS_1
ISL1_chr5:51398819-51399745_ISM_run-69_target-10.88_1	988	1011	0.6977311975701083	0.03765425746118183	0.10840209030042801	0.6977311975701083	addition	RFX6_MOUSE.H11MO.0.C
ISL1_chr5:51398819-51399745_ISM_run-69_target-10.88_1	1060	1076	0.28217228710361586	0.038918943530989965	0.043839326453237695	0.28217228710361586	addition	CTCFL_MOUSE.H11MO.0.A
ISL1_chr5:51398819-51399745_ISM_run-69_target-10.88_1	1081	1105	1.273967917697521	0.007519586620368683	0.19792835082484397	1.273967917697521	addition	ZBTB33_MA0527.1
ISL1_chr5:51398819-51399745_ISM_run-69_target-10.88_1	1095	1111	0.531257279353321	0.025305200741897304	0.08253808883675695	0.531257279353321	addition	MEOX2_MA0706.1
ISL1_chr5:51398819-51399745_ISM_run-69_target-7.64_1	1020	1045	0.9096406207014245	0.015334884563813078	0.18897002374512814	0.9096406207014245	addition	NRF1_HUMAN.H11MO.0.A
ISL1_chr5:51398819-51399745_ISM_run-69_target-7.64_1	1084	1100	0.2565514879084405	0.03613040730041406	0.05329636744291672	0.2565514879084405	addition	ZBTB33_MA0527.1
ISL1_chr5:51398819-51399745_ISM_run-6_target-10.88_1	1061	1076	0.28704758883073367	0.03613040730041406	0.04760407285014432	0.28704758883073367	addition	CTCFL_MOUSE.H11MO.0.A
ISL1_chr5:51398819-51399745_ISM_run-6_target-10.88_1	1071	1087	0.3584415489476105	0.04055903292283163	0.0594440722464403	0.3584415489476105	addition	ETV6_ETS_1
ISL1_chr5:51398819-51399745_ISM_run-6_target-10.88_1	1081	1103	1.3755532893572178	0.001598869935839662	0.22812224015729343	1.3755532893572178	addition	ZBTB33_MA0527.1
ISL1_chr5:51398819-51399745_ISM_run-6_target-10.88_1	1094	1113	0.613310588790497	0.03244778245731159	0.10171164324172075	0.613310588790497	addition	NRF1_HUMAN.H11MO.0.A
ISL1_chr5:51398819-51399745_ISM_run-6_target-7.64_1	1020	1044	0.8499319943378765	0.015464283409947504	0.17614738570582017	0.8499319943378765	addition	NRF1_HUMAN.H11MO.0.A
ISL1_chr5:51398819-51399745_ISM_run-6_target-7.64_1	1084	1101	0.31567582875032296	0.022903517369629683	0.0654234366223688	0.31567582875032296	addition	ZBTB33_MA0527.1
ISL1_chr5:51398819-51399745_ISM_run-70_target-10.88_1	1041	1064	0.6714906812589981	0.03613040730041406	0.11602487147050723	0.6714906812589981	addition	TYY1_HUMAN.H11MO.0.A
ISL1_chr5:51398819-51399745_ISM_run-70_target-10.88_1	1071	1095	1.0987583393706257	0.029869737133412906	0.18985117539323484	1.0987583393706257	addition	ETV6_ETS_1
ISL1_chr5:51398819-51399745_ISM_run-70_target-10.88_1	1085	1105	0.8845077508931622	0.012528213243116792	0.15283145541146165	0.8845077508931622	addition	NRF1_HUMAN.H11MO.0.A
ISL1_chr5:51398819-51399745_ISM_run-70_target-10.88_1	1095	1111	0.5527895598993435	0.005451536705747804	0.09551485884704544	0.5527895598993435	addition	NRF1_HUMAN.H11MO.0.A
ISL1_chr5:51398819-51399745_ISM_run-70_target-7.64_1	1019	1044	1.09297618557022	0.016817976176267194	0.22649088828540886	1.09297618557022	addition	NRF1_HUMAN.H11MO.0.A
ISL1_chr5:51398819-51399745_ISM_run-71_target-10.88_1	1044	1063	0.4667738030594729	0.038598888031356283	0.07563674548551795	0.4667738030594729	addition	TYY1_HUMAN.H11MO.0.A
ISL1_chr5:51398819-51399745_ISM_run-71_target-10.88_1	1059	1075	0.3421331538833772	0.03326322631767904	0.055439782851603996	0.3421331538833772	addition	SP2_HUMAN.H11MO.0.A
ISL1_chr5:51398819-51399745_ISM_run-71_target-10.88_1	1082	1103	0.6393137875724428	0.03673249049455301	0.10359539014197468	0.6393137875724428	addition	ZBTB33_MA0527.1
ISL1_chr5:51398819-51399745_ISM_run-71_target-10.88_1	1113	1143	1.606300256038708	0.012010500772550252	0.26028736583540024	1.606300256038708	addition	CTCF_MA0139.1
ISL1_chr5:51398819-51399745_ISM_run-71_target-7.64_1	1020	1044	0.8061999099656232	0.04089516803665444	0.172430600629245	0.8061999099656232	addition	NRF1_HUMAN.H11MO.0.A
ISL1_chr5:51398819-51399745_ISM_run-72_target-10.88_1	1044	1065	0.5727010911429593	0.030875713437132784	0.09022752426496479	0.5727010911429593	addition	TYY1_HUMAN.H11MO.0.A
ISL1_chr5:51398819-51399745_ISM_run-72_target-10.88_1	1060	1076	0.3707941537523871	0.02772314644751366	0.058417626616061834	0.3707941537523871	addition	SP2_HUMAN.H11MO.0.A
ISL1_chr5:51398819-51399745_ISM_run-72_target-10.88_1	1071	1087	0.5034794274725056	0.01599256820366634	0.07932183640251925	0.5034794274725056	addition	ETV6_ETS_1
ISL1_chr5:51398819-51399745_ISM_run-72_target-10.88_1	1077	1104	1.652462435984546	0.04441210464409173	0.26034103452148	1.652462435984546	addition	ZBTB33_MA0527.1
ISL1_chr5:51398819-51399745_ISM_run-72_target-10.88_1	1094	1114	0.6536121004454079	0.022713780590699954	0.10297483724907279	0.6536121004454079	addition	NRF1_HUMAN.H11MO.0.A
ISL1_chr5:51398819-51399745_ISM_run-72_target-7.64_1	1072	1087	0.3512488424542376	0.042746603793531394	0.07177678778197452	0.3512488424542376	addition	ETV6_ETS_1
ISL1_chr5:51398819-51399745_ISM_run-72_target-7.64_1	1081	1103	0.9075200996395427	0.026818659752381804	0.18544937299883182	0.9075200996395427	addition	ZBTB33_MA0527.1
ISL1_chr5:51398819-51399745_ISM_run-72_target-7.64_1	1095	1110	0.3407449023565772	0.03011815241264463	0.06963033493106563	0.3407449023565772	addition	NRF1_MA0506.1
ISL1_chr5:51398819-51399745_ISM_run-73_target-10.88_1	1045	1063	0.35700814955146787	0.04089516803665444	0.05813903798070032	0.35700814955146787	addition	TYY1_HUMAN.H11MO.0.A
ISL1_chr5:51398819-51399745_ISM_run-73_target-10.88_1	1059	1077	0.476461650806847	0.047833279071528095	0.07759212793155847	0.476461650806847	addition	ELK1_HUMAN.H11MO.0.B
ISL1_chr5:51398819-51399745_ISM_run-73_target-10.88_1	1067	1094	1.1630050423360403	0.03703724021662447	0.1893962208231698	1.1630050423360403	addition	ETV6_ETS_1
ISL1_chr5:51398819-51399745_ISM_run-73_target-10.88_1	1085	1100	0.3954523712606586	0.046281533457893105	0.06439970757296933	0.3954523712606586	addition	ZBTB33_MA0527.1
ISL1_chr5:51398819-51399745_ISM_run-73_target-10.88_1	1113	1141	1.1782392236116683	0.03326322631767904	0.19187711837383178	1.1782392236116683	addition	CTCF_MA0139.1
ISL1_chr5:51398819-51399745_ISM_run-73_target-7.64_1	1045	1066	0.5297662382135291	0.03553807952438195	0.1108240197311798	0.5297662382135291	addition	TYY1_HUMAN.H11MO.0.A
ISL1_chr5:51398819-51399745_ISM_run-73_target-7.64_1	1083	1102	0.4423276785689423	0.027953927092970007	0.09253238096613672	0.4423276785689423	addition	ZBTB33_MA0527.1
ISL1_chr5:51398819-51399745_ISM_run-73_target-7.64_1	1096	1110	0.23720390042841277	0.04705103509220816	0.04962167810096564	0.23720390042841277	addition	NRF1_MA0506.1
ISL1_chr5:51398819-51399745_ISM_run-74_target-10.88_1	954	972	0.450344954970211	0.043685512406368567	0.06680114960741564	0.450344954970211	addition	NFYB_HUMAN.H11MO.0.A
ISL1_chr5:51398819-51399745_ISM_run-74_target-10.88_1	965	979	0.41239985991937134	0.031132395074920924	0.061172628751605417	0.41239985991937134	addition	JUN+JUNB_MA1133.1
ISL1_chr5:51398819-51399745_ISM_run-74_target-10.88_1	970	992	0.7879595356269335	0.0030232256374212695	0.11688063170927782	0.7879595356269335	addition	ARNTL_bHLH_1
ISL1_chr5:51398819-51399745_ISM_run-74_target-10.88_1	1020	1045	0.8430180483208243	0.026159430603553573	0.12504764213769412	0.8430180483208243	addition	NRF1_HUMAN.H11MO.0.A
ISL1_chr5:51398819-51399745_ISM_run-74_target-10.88_1	1081	1103	0.9818420318424845	0.028421189106739263	0.14563986059152637	0.9818420318424845	addition	ZBTB33_MA0527.1
ISL1_chr5:51398819-51399745_ISM_run-74_target-10.88_1	1095	1111	0.3879496975882688	0.030621123769402504	0.05754585568846848	0.3879496975882688	addition	NRF1_MA0506.1
ISL1_chr5:51398819-51399745_ISM_run-74_target-7.64_1	1044	1066	0.5209040640587306	0.03643021951741627	0.10836963208392013	0.5209040640587306	addition	TYY1_HUMAN.H11MO.0.A
ISL1_chr5:51398819-51399745_ISM_run-74_target-7.64_1	1077	1093	0.35394555419477935	0.04055826508978252	0.07363534311282087	0.35394555419477935	addition	ETV6_ETS_1
ISL1_chr5:51398819-51399745_ISM_run-75_target-10.88_1	1015	1039	0.8730376257952747	0.01798307070428782	0.13663737137790752	0.8730376257952747	addition	NRF1_HUMAN.H11MO.0.A
ISL1_chr5:51398819-51399745_ISM_run-75_target-10.88_1	1081	1104	1.0340736054609037	0.015858877403000453	0.1618407902325463	1.0340736054609037	addition	ZBTB33_MA0527.1
ISL1_chr5:51398819-51399745_ISM_run-75_target-10.88_1	1095	1115	0.5511343458323523	0.04192021575739288	0.08625693333894663	0.5511343458323523	addition	NRF1_MA0506.1
ISL1_chr5:51398819-51399745_ISM_run-75_target-7.64_1	1019	1045	1.0168570002697872	0.0429707176143761	0.21997208254255754	1.0168570002697872	addition	NRF1_HUMAN.H11MO.0.A
ISL1_chr5:51398819-51399745_ISM_run-76_target-10.88_1	1045	1063	0.48700313718873545	0.03466753677785212	0.0806610369399753	0.48700313718873545	addition	TYY1_HUMAN.H11MO.0.A
ISL1_chr5:51398819-51399745_ISM_run-76_target-10.88_1	1060	1076	0.32627615676896116	0.04666470531828738	0.054040253797328276	0.32627615676896116	addition	SP2_HUMAN.H11MO.0.A
ISL1_chr5:51398819-51399745_ISM_run-76_target-10.88_1	1072	1087	0.33277302900636574	0.045869438917164745	0.05511631350109257	0.33277302900636574	addition	ETV6_ETS_1
ISL1_chr5:51398819-51399745_ISM_run-76_target-10.88_1	1080	1111	1.5648714895160476	0.0219701124757981	0.25918551110534344	1.5648714895160476	addition	ZBTB33_MA0527.1
ISL1_chr5:51398819-51399745_ISM_run-76_target-7.64_1	1019	1045	1.1316077458537885	0.0349553502674755	0.2360877521744439	1.1316077458537885	addition	NRF1_HUMAN.H11MO.0.A
ISL1_chr5:51398819-51399745_ISM_run-77_target-10.88_1	968	987	0.5271747153645182	0.019550195590889788	0.07803688523110584	0.5271747153645182	addition	HNF6_HUMAN.H11MO.0.B
ISL1_chr5:51398819-51399745_ISM_run-77_target-10.88_1	978	992	0.3931093690619275	0.037344489046679634	0.05819139238410979	0.3931093690619275	addition	ETV6_ETS_1
ISL1_chr5:51398819-51399745_ISM_run-77_target-10.88_1	987	1008	0.5294604433052855	0.027267207041257537	0.07837523812206318	0.5294604433052855	addition	ARNTL_bHLH_1
ISL1_chr5:51398819-51399745_ISM_run-77_target-10.88_1	1018	1045	1.127069112955881	0.037344489046679634	0.1668383563396942	1.127069112955881	addition	NRF1_HUMAN.H11MO.0.A
ISL1_chr5:51398819-51399745_ISM_run-77_target-10.88_1	1081	1103	0.7507402752765913	0.02637738163817	0.11113096093696168	0.7507402752765913	addition	ZBTB33_MA0527.1
ISL1_chr5:51398819-51399745_ISM_run-77_target-7.64_1	1046	1061	0.261724650479333	0.03924162400332508	0.05801500174438722	0.261724650479333	addition	TYY1_HUMAN.H11MO.0.A
ISL1_chr5:51398819-51399745_ISM_run-77_target-7.64_1	1077	1091	0.2736983371447844	0.04022563345595305	0.06066914017388056	0.2736983371447844	addition	ETV6_ETS_1
ISL1_chr5:51398819-51399745_ISM_run-78_target-10.88_1	968	986	0.40974726182457993	0.028421189106739263	0.06738989827404326	0.40974726182457993	addition	HNF6_HUMAN.H11MO.0.B
ISL1_chr5:51398819-51399745_ISM_run-78_target-10.88_1	1045	1064	0.5392240696482147	0.023678120433111786	0.08868455896128932	0.5392240696482147	addition	TYY1_HUMAN.H11MO.0.A
ISL1_chr5:51398819-51399745_ISM_run-78_target-10.88_1	1059	1077	0.434965562763461	0.047833279071528095	0.0715374762892027	0.434965562763461	addition	ELK1_HUMAN.H11MO.0.B
ISL1_chr5:51398819-51399745_ISM_run-78_target-10.88_1	1070	1093	0.6867531212890003	0.03553807952438195	0.11294821782814211	0.6867531212890003	addition	ETV6_ETS_1
ISL1_chr5:51398819-51399745_ISM_run-78_target-10.88_1	1086	1111	0.8978092467760379	0.024074996280266492	0.14765998323043128	0.8978092467760379	addition	NRF1_HUMAN.H11MO.0.A
ISL1_chr5:51398819-51399745_ISM_run-78_target-7.64_1	1045	1066	0.4959740341225551	0.042267523263593836	0.10560290824025184	0.4959740341225551	addition	TYY1_HUMAN.H11MO.0.A
ISL1_chr5:51398819-51399745_ISM_run-78_target-7.64_1	1061	1075	0.27038858475777705	0.04590149249782045	0.05757120119383396	0.27038858475777705	addition	SP2_HUMAN.H11MO.0.A
ISL1_chr5:51398819-51399745_ISM_run-78_target-7.64_1	1077	1091	0.2675125132786649	0.0455245554784964	0.05695882737664731	0.2675125132786649	addition	ETV6_ETS_1
ISL1_chr5:51398819-51399745_ISM_run-79_target-10.88_1	1044	1064	0.48482641335146914	0.04022563345595305	0.08253754756702236	0.48482641335146914	addition	TYY1_HUMAN.H11MO.0.A
ISL1_chr5:51398819-51399745_ISM_run-79_target-10.88_1	1059	1073	0.2754683333648209	0.049031027776249174	0.0468961262055348	0.2754683333648209	addition	NRF1_HUMAN.H11MO.0.A
ISL1_chr5:51398819-51399745_ISM_run-79_target-10.88_1	1085	1100	0.21727263829337629	0.03512189588111405	0.03698880717777966	0.21727263829337629	addition	ZBTB33_MA0527.1
ISL1_chr5:51398819-51399745_ISM_run-79_target-10.88_1	1113	1140	1.4177980198466413	0.003723586512002767	0.24136797889080536	1.4177980198466413	addition	CTCF_MA0139.1
ISL1_chr5:51398819-51399745_ISM_run-79_target-7.64_1	1019	1045	1.1428370603938576	0.023678120433111786	0.23037300803334013	1.1428370603938576	addition	NRF1_HUMAN.H11MO.0.A
ISL1_chr5:51398819-51399745_ISM_run-7_target-10.88_1	1044	1070	0.9427941054346662	0.019550195590889788	0.14642352783252735	0.9427941054346662	addition	TYY1_HUMAN.H11MO.0.A
ISL1_chr5:51398819-51399745_ISM_run-7_target-10.88_1	1060	1076	0.47323818044616717	0.04123406148837019	0.07349770590051259	0.47323818044616717	addition	SP2_HUMAN.H11MO.0.A
ISL1_chr5:51398819-51399745_ISM_run-7_target-10.88_1	1077	1104	1.7026383306669408	0.03673249049455301	0.26443346385179023	1.7026383306669408	addition	ZBTB33_MA0527.1
ISL1_chr5:51398819-51399745_ISM_run-7_target-10.88_1	1094	1111	0.49745291582420625	0.047833279071528095	0.07725844958690732	0.49745291582420625	addition	NRF1_HUMAN.H11MO.0.A
ISL1_chr5:51398819-51399745_ISM_run-7_target-7.64_1	1046	1061	0.26898129586556785	0.04089516803665444	0.057934425040662915	0.26898129586556785	addition	TYY1_HUMAN.H11MO.0.A
ISL1_chr5:51398819-51399745_ISM_run-7_target-7.64_1	1114	1133	0.5379798576415724	0.047440550458002585	0.11587256889229644	0.5379798576415724	addition	CTCFL_MOUSE.H11MO.0.A
ISL1_chr5:51398819-51399745_ISM_run-7_target-7.64_1	1124	1140	0.38688808594392254	0.011131057382440263	0.08332973020341879	0.38688808594392254	addition	CTCFL_MOUSE.H11MO.0.A
ISL1_chr5:51398819-51399745_ISM_run-80_target-10.88_1	1044	1061	0.40753065461601623	0.04192021575739288	0.06424538133930277	0.40753065461601623	addition	TYY1_HUMAN.H11MO.0.A
ISL1_chr5:51398819-51399745_ISM_run-80_target-10.88_1	1059	1076	0.34483795797542427	0.045869438917164745	0.054362158673123086	0.34483795797542427	addition	ELK1_HUMAN.H11MO.0.B
ISL1_chr5:51398819-51399745_ISM_run-80_target-10.88_1	1069	1095	1.2340258088264613	0.04089516803665444	0.19453863843763414	1.2340258088264613	addition	ETV6_ETS_1
ISL1_chr5:51398819-51399745_ISM_run-80_target-10.88_1	1085	1102	0.6222442670272135	0.0028364828801706486	0.09809402009040223	0.6222442670272135	addition	ZBTB33_MA0527.1
ISL1_chr5:51398819-51399745_ISM_run-80_target-10.88_1	1113	1140	1.2071958573911976	0.018286378620338495	0.1903090168331009	1.2071958573911976	addition	CTCF_MA0139.1
ISL1_chr5:51398819-51399745_ISM_run-80_target-7.64_1	1045	1062	0.3282243398291634	0.0455245554784964	0.0699010466958366	0.3282243398291634	addition	TYY1_HUMAN.H11MO.0.A
ISL1_chr5:51398819-51399745_ISM_run-80_target-7.64_1	1083	1101	0.3956792686552434	0.02913657378079778	0.08426673978304136	0.3956792686552434	addition	ZBTB33_MA0527.1
ISL1_chr5:51398819-51399745_ISM_run-81_target-10.88_1	968	988	0.6267247046137915	0.024478395574562835	0.1004721351381118	0.6267247046137915	addition	NFYB_HUMAN.H11MO.0.A
ISL1_chr5:51398819-51399745_ISM_run-81_target-10.88_1	978	992	0.4522339274798536	0.04157573631765025	0.07249899029238784	0.4522339274798536	addition	ETV6_ETS_1
ISL1_chr5:51398819-51399745_ISM_run-81_target-10.88_1	1014	1038	0.7147405875599719	0.024682575322332454	0.11458222784798561	0.7147405875599719	addition	NRF1_HUMAN.H11MO.0.A
ISL1_chr5:51398819-51399745_ISM_run-81_target-10.88_1	1082	1102	0.6993054886906216	0.011131057382440263	0.11210778041029103	0.6993054886906216	addition	ZBTB33_MA0527.1
ISL1_chr5:51398819-51399745_ISM_run-81_target-7.64_1	1045	1066	0.5023198992661427	0.04441210464409173	0.11113543610574744	0.5023198992661427	addition	TYY1_HUMAN.H11MO.0.A
ISL1_chr5:51398819-51399745_ISM_run-81_target-7.64_1	1084	1101	0.32110978241441046	0.0171021853689792	0.07104372285187811	0.32110978241441046	addition	ZBTB33_MA0527.1
ISL1_chr5:51398819-51399745_ISM_run-82_target-10.88_1	1046	1061	0.31509133175227966	0.046281533457893105	0.04994965674152791	0.31509133175227966	addition	TYY1_HUMAN.H11MO.0.A
ISL1_chr5:51398819-51399745_ISM_run-82_target-10.88_1	1052	1066	0.3371083184443824	0.04984611773144553	0.053439885817768956	0.3371083184443824	addition	TYY1_HUMAN.H11MO.0.A
ISL1_chr5:51398819-51399745_ISM_run-82_target-10.88_1	1061	1075	0.3396117488061071	0.030875713437132784	0.053836740553661146	0.3396117488061071	addition	SP2_HUMAN.H11MO.0.A
ISL1_chr5:51398819-51399745_ISM_run-82_target-10.88_1	1071	1087	0.44376001497773787	0.03438206532577705	0.07034677945751812	0.44376001497773787	addition	ETV6_ETS_1
ISL1_chr5:51398819-51399745_ISM_run-82_target-10.88_1	1077	1091	0.6470926081600996	0.049031027776249174	0.10257995190736678	0.6470926081600996	addition	ETV6_ETS_1
ISL1_chr5:51398819-51399745_ISM_run-82_target-10.88_1	1081	1113	1.6579868562766145	0.0017508364396117968	0.26283133176792856	1.6579868562766145	addition	ZBTB33_MA0527.1
ISL1_chr5:51398819-51399745_ISM_run-82_target-7.64_1	1046	1065	0.43138150304776757	0.021428060984580416	0.0914226989351054	0.43138150304776757	addition	TYY1_HUMAN.H11MO.0.A
ISL1_chr5:51398819-51399745_ISM_run-82_target-7.64_1	1084	1101	0.3220721764372767	0.0171021853689792	0.06825676904032402	0.3220721764372767	addition	ZBTB33_MA0527.1
ISL1_chr5:51398819-51399745_ISM_run-82_target-7.64_1	1096	1110	0.24444835141424615	0.03673249049455301	0.051805948745217364	0.24444835141424615	addition	NRF1_MA0506.1
ISL1_chr5:51398819-51399745_ISM_run-83_target-10.88_1	967	988	0.5778370184145883	0.043326652713425416	0.08725387792303496	0.5778370184145883	addition	HNF6_HUMAN.H11MO.0.B
ISL1_chr5:51398819-51399745_ISM_run-83_target-10.88_1	978	992	0.36768390598129297	0.024478395574562835	0.05552058041345184	0.36768390598129297	addition	ETV6_ETS_1
ISL1_chr5:51398819-51399745_ISM_run-83_target-10.88_1	1020	1045	1.1198868892990799	0.00963750144461217	0.16910386633692756	1.1198868892990799	addition	NRF1_HUMAN.H11MO.0.A
ISL1_chr5:51398819-51399745_ISM_run-83_target-10.88_1	1061	1075	0.2545142833204439	0.038918943530989965	0.03843187178876335	0.2545142833204439	addition	SP2_HUMAN.H11MO.0.A
ISL1_chr5:51398819-51399745_ISM_run-83_target-10.88_1	1072	1087	0.35437888320546973	0.048451660232305946	0.053511510734548115	0.35437888320546973	addition	ETV6_ETS_1
ISL1_chr5:51398819-51399745_ISM_run-83_target-10.88_1	1081	1103	0.8672094661753871	0.017684655539841845	0.13094936198960772	0.8672094661753871	addition	ZBTB33_MA0527.1
ISL1_chr5:51398819-51399745_ISM_run-83_target-10.88_1	1095	1110	0.3308240098616708	0.04862848917468544	0.04995470496105963	0.3308240098616708	addition	NRF1_MA0506.1
ISL1_chr5:51398819-51399745_ISM_run-83_target-7.64_1	1046	1062	0.29876428186528897	0.02594325172781246	0.06663167925684249	0.29876428186528897	addition	TYY1_HUMAN.H11MO.0.A
ISL1_chr5:51398819-51399745_ISM_run-83_target-7.64_1	1077	1092	0.40245126865852776	0.038904216677807635	0.08975639150149663	0.40245126865852776	addition	ETV6_ETS_1
ISL1_chr5:51398819-51399745_ISM_run-83_target-7.64_1	1083	1101	0.44640252078003384	0.0349553502674755	0.09955858644934276	0.44640252078003384	addition	ZBTB33_MA0527.1
ISL1_chr5:51398819-51399745_ISM_run-83_target-7.64_1	1095	1110	0.2676442460477422	0.0455245554784964	0.05969115667459086	0.2676442460477422	addition	NRF1_MA0506.1
ISL1_chr5:51398819-51399745_ISM_run-84_target-10.88_1	967	987	0.533117568201694	0.04404732137953675	0.08016851058766919	0.533117568201694	addition	HNF6_HUMAN.H11MO.0.B
ISL1_chr5:51398819-51399745_ISM_run-84_target-10.88_1	989	1011	0.5082088310951799	0.04477988763293353	0.07642281456571112	0.5082088310951799	addition	FOXA2_HUMAN.H11MO.0.A
ISL1_chr5:51398819-51399745_ISM_run-84_target-10.88_1	1019	1044	0.9751247052833356	0.026159430603553573	0.1466361266680847	0.9751247052833356	addition	NRF1_HUMAN.H11MO.0.A
ISL1_chr5:51398819-51399745_ISM_run-84_target-10.88_1	1060	1074	0.2000840776262498	0.04984611773144553	0.030088002069996428	0.2000840776262498	addition	SP2_HUMAN.H11MO.0.A
ISL1_chr5:51398819-51399745_ISM_run-84_target-10.88_1	1081	1104	1.0344472409666152	0.005745035735360325	0.1555568593801103	1.0344472409666152	addition	ZBTB33_MA0527.1
ISL1_chr5:51398819-51399745_ISM_run-84_target-10.88_1	1096	1110	0.28495860687861985	0.032717377455191855	0.04285116164836886	0.28495860687861985	addition	NRF1_MA0506.1
ISL1_chr5:51398819-51399745_ISM_run-84_target-7.64_1	1020	1044	0.7780551900977238	0.021428060984580416	0.16279838774882416	0.7780551900977238	addition	NRF1_HUMAN.H11MO.0.A
ISL1_chr5:51398819-51399745_ISM_run-84_target-7.64_1	1084	1100	0.27541288921819196	0.02637738163817	0.057626727384641786	0.27541288921819196	addition	ZBTB33_MA0527.1
ISL1_chr5:51398819-51399745_ISM_run-85_target-10.88_1	1020	1045	1.0860898917372717	0.010141115277783611	0.18622040344296284	1.0860898917372717	addition	NRF1_HUMAN.H11MO.0.A
ISL1_chr5:51398819-51399745_ISM_run-85_target-10.88_1	1083	1103	0.6694111658578688	0.012528213243116792	0.11477688755198504	0.6694111658578688	addition	ZBTB33_MA0527.1
ISL1_chr5:51398819-51399745_ISM_run-85_target-10.88_1	1096	1110	0.29582996154813657	0.048229249212324556	0.05072285011500365	0.29582996154813657	addition	NRF1_MA0506.1
ISL1_chr5:51398819-51399745_ISM_run-85_target-10.88_1	1115	1136	0.602924910941403	0.01599256820366634	0.10337718914014221	0.602924910941403	addition	CTCF_MA0139.1
ISL1_chr5:51398819-51399745_ISM_run-85_target-10.88_1	1126	1140	0.34084442331499476	0.04123406148837019	0.05844100613023332	0.34084442331499476	addition	ZN143_MOUSE.H11MO.0.A
ISL1_chr5:51398819-51399745_ISM_run-85_target-7.64_1	1019	1045	1.219014381880444	0.0349553502674755	0.24202385799691836	1.219014381880444	addition	NRF1_HUMAN.H11MO.0.A
ISL1_chr5:51398819-51399745_ISM_run-86_target-10.88_1	968	988	0.5360859511283202	0.024275873739691266	0.0841412561730949	0.5360859511283202	addition	HNF6_HUMAN.H11MO.0.B
ISL1_chr5:51398819-51399745_ISM_run-86_target-10.88_1	978	992	0.41755792344175124	0.03703724021662447	0.06553771485611665	0.41755792344175124	addition	ETV6_ETS_1
ISL1_chr5:51398819-51399745_ISM_run-86_target-10.88_1	1020	1045	0.9637912450712607	0.007716479758212349	0.151271649402944	0.9637912450712607	addition	NRF1_HUMAN.H11MO.0.A
ISL1_chr5:51398819-51399745_ISM_run-86_target-10.88_1	1072	1094	0.8443005153364758	0.038598888031356283	0.13251700739122305	0.8443005153364758	addition	ELK1_HUMAN.H11MO.0.B
ISL1_chr5:51398819-51399745_ISM_run-86_target-10.88_1	1084	1101	0.5034219615334878	0.025305200741897304	0.07901448664975734	0.5034219615334878	addition	ZBTB33_MA0527.1
ISL1_chr5:51398819-51399745_ISM_run-86_target-7.64_1	1018	1039	0.7011544725913457	0.03673249049455301	0.14124180024690575	0.7011544725913457	addition	NRF1_HUMAN.H11MO.0.A
ISL1_chr5:51398819-51399745_ISM_run-86_target-7.64_1	1061	1075	0.28594523822824947	0.04123406148837019	0.05760131582720049	0.28594523822824947	addition	NRF1_MA0506.1
ISL1_chr5:51398819-51399745_ISM_run-86_target-7.64_1	1084	1100	0.29933561621645954	0.022338915479706477	0.06029869731298276	0.29933561621645954	addition	ZBTB33_MA0527.1
ISL1_chr5:51398819-51399745_ISM_run-87_target-10.88_1	954	972	0.7220145686588686	0.011809362393842754	0.10258001235566733	0.7220145686588686	addition	NFYB_HUMAN.H11MO.0.A
ISL1_chr5:51398819-51399745_ISM_run-87_target-10.88_1	962	987	1.4865571989479829	0.03956695122261595	0.21120218684609118	1.4865571989479829	addition	ZBTB33_MA0527.1
ISL1_chr5:51398819-51399745_ISM_run-87_target-10.88_1	977	993	0.5000547301951732	0.03514598895100645	0.07104513209091005	0.5000547301951732	addition	ZBTB33_MA0527.1
ISL1_chr5:51398819-51399745_ISM_run-87_target-10.88_1	1020	1045	1.0559139100055086	0.005172403254702649	0.15001866532427569	1.0559139100055086	addition	NRF1_HUMAN.H11MO.0.A
ISL1_chr5:51398819-51399745_ISM_run-87_target-10.88_1	1082	1101	0.5727607902697107	0.016817976176267194	0.08137482468233714	0.5727607902697107	addition	ZBTB33_MA0527.1
ISL1_chr5:51398819-51399745_ISM_run-87_target-10.88_1	1096	1110	0.24816435753785182	0.038598888031356283	0.03525787978178132	0.24816435753785182	addition	NRF1_MA0506.1
ISL1_chr5:51398819-51399745_ISM_run-87_target-7.64_1	1019	1044	1.0684261154964423	0.03643021951741627	0.22971214506959825	1.0684261154964423	addition	NRF1_HUMAN.H11MO.0.A
ISL1_chr5:51398819-51399745_ISM_run-88_target-10.88_1	956	973	0.2699148462843868	0.014783414378112281	0.042397028015893894	0.2699148462843868	addition	NFYB_HUMAN.H11MO.0.A
ISL1_chr5:51398819-51399745_ISM_run-88_target-10.88_1	972	992	0.521066387605161	0.033539516059238425	0.0818467992314898	0.521066387605161	addition	RFX6_MOUSE.H11MO.0.C
ISL1_chr5:51398819-51399745_ISM_run-88_target-10.88_1	1020	1044	0.6980892805545481	0.026159430603553573	0.10965277083752031	0.6980892805545481	addition	NRF1_HUMAN.H11MO.0.A
ISL1_chr5:51398819-51399745_ISM_run-88_target-10.88_1	1113	1142	1.272761955967836	0.020045760058380907	0.19991980821935856	1.272761955967836	addition	CTCF_MA0139.1
ISL1_chr5:51398819-51399745_ISM_run-88_target-7.64_1	1021	1037	0.4657680653817795	0.024580766102013474	0.10219034205730018	0.4657680653817795	addition	NRF1_HUMAN.H11MO.0.A
ISL1_chr5:51398819-51399745_ISM_run-88_target-7.64_1	1027	1042	0.4162673530591369	0.03120172941842526	0.09132979772138801	0.4162673530591369	addition	NRF1_HUMAN.H11MO.0.A
ISL1_chr5:51398819-51399745_ISM_run-89_target-10.88_1	1044	1065	0.7171311388357257	0.018286378620338495	0.11101966406726366	0.7171311388357257	addition	TYY1_HUMAN.H11MO.0.A
ISL1_chr5:51398819-51399745_ISM_run-89_target-10.88_1	1055	1081	0.9128412305172086	0.02509596396326742	0.1413177050480623	0.9128412305172086	addition	CTCF_MA0139.1
ISL1_chr5:51398819-51399745_ISM_run-89_target-10.88_1	1072	1087	0.5020419037044246	0.03983193053507258	0.07772152187875139	0.5020419037044246	addition	ZBTB33_MA0527.1
ISL1_chr5:51398819-51399745_ISM_run-89_target-10.88_1	1077	1104	1.6968586131610621	0.018286378620338495	0.2626920837779122	1.6968586131610621	addition	ZBTB33_MA0527.1
ISL1_chr5:51398819-51399745_ISM_run-89_target-10.88_1	1095	1112	0.5193669329442367	0.015334884563813078	0.08040362396858976	0.5193669329442367	addition	NRF1_MA0506.1
ISL1_chr5:51398819-51399745_ISM_run-89_target-10.88_1	1102	1116	0.30258259540078924	0.04590149249782045	0.04684306157522954	0.30258259540078924	addition	NRF1_HUMAN.H11MO.0.A
ISL1_chr5:51398819-51399745_ISM_run-89_target-7.64_1	1084	1100	0.26322718826068114	0.045150695964589	0.05600040109676397	0.26322718826068114	addition	ZBTB33_MA0527.1
ISL1_chr5:51398819-51399745_ISM_run-89_target-7.64_1	1113	1133	0.6704233055887916	0.03613040730041406	0.1426295447125692	0.6704233055887916	addition	NRF1_HUMAN.H11MO.0.A
ISL1_chr5:51398819-51399745_ISM_run-89_target-7.64_1	1123	1142	0.6164059189312749	0.035245524792159755	0.1311375885092298	0.6164059189312749	addition	CTCFL_MOUSE.H11MO.0.A
ISL1_chr5:51398819-51399745_ISM_run-8_target-10.88_1	1045	1062	0.3884541395246679	0.037344489046679634	0.06658051758003301	0.3884541395246679	addition	TYY1_HUMAN.H11MO.0.A
ISL1_chr5:51398819-51399745_ISM_run-8_target-10.88_1	1080	1106	1.511635271065308	0.018750693416694397	0.25909225439820666	1.511635271065308	addition	ZBTB33_MA0527.1
ISL1_chr5:51398819-51399745_ISM_run-8_target-10.88_1	1096	1110	0.4064162054412259	0.042267523263593836	0.06965919154395189	0.4064162054412259	addition	NRF1_MA0506.1
ISL1_chr5:51398819-51399745_ISM_run-8_target-7.64_1	1019	1044	1.1114901465162406	0.02637738163817	0.22904008882754978	1.1114901465162406	addition	NRF1_HUMAN.H11MO.0.A
ISL1_chr5:51398819-51399745_ISM_run-90_target-10.88_1	969	986	0.3592096412089833	0.03553807952438195	0.05842590284912123	0.3592096412089833	addition	HNF6_HUMAN.H11MO.0.B
ISL1_chr5:51398819-51399745_ISM_run-90_target-10.88_1	978	992	0.31801331678021777	0.049031027776249174	0.05172526853230563	0.31801331678021777	addition	ETV6_ETS_1
ISL1_chr5:51398819-51399745_ISM_run-90_target-10.88_1	1045	1064	0.49234871886063336	0.03036860902810652	0.08008114236361781	0.49234871886063336	addition	TYY1_HUMAN.H11MO.0.A
ISL1_chr5:51398819-51399745_ISM_run-90_target-10.88_1	1060	1076	0.3296546018563744	0.03466753677785212	0.05361873828609419	0.3296546018563744	addition	SP2_HUMAN.H11MO.0.A
ISL1_chr5:51398819-51399745_ISM_run-90_target-10.88_1	1081	1105	1.1276938796753968	0.006546900676822427	0.1834208370235014	1.1276938796753968	addition	ZBTB33_MA0527.1
ISL1_chr5:51398819-51399745_ISM_run-90_target-10.88_1	1095	1111	0.4610612826275786	0.02387574956199638	0.07499220125502705	0.4610612826275786	addition	TYY1_HUMAN.H11MO.0.A
ISL1_chr5:51398819-51399745_ISM_run-90_target-7.64_1	1019	1044	1.083793605270246	0.03796656616782861	0.22664468857743997	1.083793605270246	addition	NRF1_HUMAN.H11MO.0.A
ISL1_chr5:51398819-51399745_ISM_run-91_target-10.88_1	928	950	0.6121735711934344	0.013979333993908076	0.09287141127017973	0.6121735711934344	addition	HNF1B_MA0153.2
ISL1_chr5:51398819-51399745_ISM_run-91_target-10.88_1	964	992	0.9003443852665846	0.03583303383620955	0.13658912704427922	0.9003443852665846	addition	RFX6_MOUSE.H11MO.0.C
ISL1_chr5:51398819-51399745_ISM_run-91_target-10.88_1	991	1008	0.3661921703046527	0.045150695964589	0.055554152045444984	0.3661921703046527	addition	TAL1_HUMAN.H11MO.0.A
ISL1_chr5:51398819-51399745_ISM_run-91_target-10.88_1	1020	1044	0.8318283421444672	0.010760696634371675	0.12619471944678284	0.8318283421444672	addition	NRF1_HUMAN.H11MO.0.A
ISL1_chr5:51398819-51399745_ISM_run-91_target-10.88_1	1073	1094	0.6730745192807843	0.030875713437132784	0.102110550727863	0.6730745192807843	addition	ELK1_HUMAN.H11MO.0.B
ISL1_chr5:51398819-51399745_ISM_run-91_target-7.64_1	969	987	0.38374026178376597	0.025516151368283616	0.07814270546067276	0.38374026178376597	addition	HNF6_HUMAN.H11MO.0.B
ISL1_chr5:51398819-51399745_ISM_run-91_target-7.64_1	1021	1037	0.39876117081925005	0.029623346647804562	0.081201478770138	0.39876117081925005	addition	NRF1_HUMAN.H11MO.0.A
ISL1_chr5:51398819-51399745_ISM_run-91_target-7.64_1	1028	1042	0.3647611963399645	0.04477988763293353	0.07427791547486326	0.3647611963399645	addition	NRF1_HUMAN.H11MO.0.A
ISL1_chr5:51398819-51399745_ISM_run-91_target-7.64_1	1084	1100	0.2512298107944022	0.038918943530989965	0.05115902359734626	0.2512298107944022	addition	ZBTB33_MA0527.1
ISL1_chr5:51398819-51399745_ISM_run-92_target-10.88_1	1035	1051	0.4838077908715258	0.04022563345595305	0.0800938886648509	0.4838077908715258	addition	ETV6_ETS_1
ISL1_chr5:51398819-51399745_ISM_run-92_target-10.88_1	1041	1067	1.080282686385122	0.012010500772550252	0.17883970213466918	1.080282686385122	addition	TYY1_HUMAN.H11MO.0.A
ISL1_chr5:51398819-51399745_ISM_run-92_target-10.88_1	1060	1076	0.3805962069732609	0.04089516803665444	0.06300731572070885	0.3805962069732609	addition	ELK1_HUMAN.H11MO.0.B
ISL1_chr5:51398819-51399745_ISM_run-92_target-10.88_1	1071	1095	1.2436390396455654	0.03613040730041406	0.20588318059368474	1.2436390396455654	addition	ELK1_HUMAN.H11MO.0.B
ISL1_chr5:51398819-51399745_ISM_run-92_target-10.88_1	1085	1103	0.6605017208418618	0.00862678209719748	0.10934538940919734	0.6605017208418618	addition	NRF1_HUMAN.H11MO.0.A
ISL1_chr5:51398819-51399745_ISM_run-92_target-10.88_1	1096	1110	0.2897559246228365	0.049031027776249174	0.04796879918968719	0.2897559246228365	addition	NRF1_MA0506.1
ISL1_chr5:51398819-51399745_ISM_run-92_target-7.64_1	1046	1063	0.30051710627921446	0.043685512406368567	0.06644890779481183	0.30051710627921446	addition	TYY1_HUMAN.H11MO.0.A
ISL1_chr5:51398819-51399745_ISM_run-92_target-7.64_1	1077	1092	0.3819889560843627	0.040145941179485736	0.08446357425624479	0.3819889560843627	addition	ETV6_ETS_1
ISL1_chr5:51398819-51399745_ISM_run-92_target-7.64_1	1084	1100	0.35840444492178636	0.03036860902810652	0.07924867974647379	0.35840444492178636	addition	ZBTB33_MA0527.1
ISL1_chr5:51398819-51399745_ISM_run-92_target-7.64_1	1096	1110	0.22202870913901807	0.04477988763293353	0.04909392814288572	0.22202870913901807	addition	NRF1_MA0506.1
ISL1_chr5:51398819-51399745_ISM_run-93_target-10.88_1	936	951	0.23081148696311307	0.03191516249570074	0.036600241906453015	0.23081148696311307	addition	MEOX2_MA0706.1
ISL1_chr5:51398819-51399745_ISM_run-93_target-10.88_1	967	987	0.49674635438945924	0.04666470531828738	0.07877006892515896	0.49674635438945924	addition	HNF6_HUMAN.H11MO.0.B
ISL1_chr5:51398819-51399745_ISM_run-93_target-10.88_1	978	992	0.34891950961830653	0.04192021575739288	0.05532886870553323	0.34891950961830653	addition	ETV6_ETS_1
ISL1_chr5:51398819-51399745_ISM_run-93_target-10.88_1	989	1008	0.4263763958065877	0.04943689415007802	0.06761136300038934	0.4263763958065877	addition	CTCFL_MOUSE.H11MO.0.A
ISL1_chr5:51398819-51399745_ISM_run-93_target-10.88_1	1015	1039	1.032627920986408	0.012741398904771781	0.163745887194515	1.032627920986408	addition	NRF1_HUMAN.H11MO.0.A
ISL1_chr5:51398819-51399745_ISM_run-93_target-10.88_1	1045	1064	0.42773781309810355	0.03466753677785212	0.06782724567962996	0.42773781309810355	addition	TYY1_HUMAN.H11MO.0.A
ISL1_chr5:51398819-51399745_ISM_run-93_target-7.64_1	1045	1064	0.4433272392685466	0.04055903292283163	0.09392258117685631	0.4433272392685466	addition	TYY1_HUMAN.H11MO.0.A
ISL1_chr5:51398819-51399745_ISM_run-93_target-7.64_1	1061	1075	0.2540725136516149	0.042267523263593836	0.05382738567479849	0.2540725136516149	addition	NRF1_MA0506.1
ISL1_chr5:51398819-51399745_ISM_run-94_target-10.88_1	1044	1067	0.7423153463960108	0.026597119657772207	0.12061439132233831	0.7423153463960108	addition	TYY1_HUMAN.H11MO.0.A
ISL1_chr5:51398819-51399745_ISM_run-94_target-10.88_1	1061	1075	0.32867574535384825	0.047440550458002585	0.05340456069073572	0.32867574535384825	addition	CTCFL_MOUSE.H11MO.0.A
ISL1_chr5:51398819-51399745_ISM_run-94_target-10.88_1	1082	1102	0.5203252662418532	0.03828143600472836	0.08454454778833871	0.5203252662418532	addition	ZBTB33_MA0527.1
ISL1_chr5:51398819-51399745_ISM_run-94_target-10.88_1	1095	1110	0.2973793763404924	0.04666470531828738	0.04831940043172711	0.2973793763404924	addition	NRF1_MA0506.1
ISL1_chr5:51398819-51399745_ISM_run-94_target-10.88_1	1113	1141	1.291631183366479	0.026818659752381804	0.2098694439648414	1.291631183366479	addition	CTCF_MA0139.1
ISL1_chr5:51398819-51399745_ISM_run-94_target-7.64_1	1019	1046	0.9024833993404344	0.043685512406368567	0.19127673611148793	0.9024833993404344	addition	NRF1_HUMAN.H11MO.0.A
ISL1_chr5:51398819-51399745_ISM_run-94_target-7.64_1	1084	1100	0.24879732262148435	0.03409891713311869	0.05273131878003978	0.24879732262148435	addition	ZBTB33_MA0527.1
ISL1_chr5:51398819-51399745_ISM_run-95_target-10.88_1	1036	1051	0.29973068034750044	0.04308304394112975	0.046511360587389396	0.29973068034750044	addition	TYY1_HUMAN.H11MO.0.A
ISL1_chr5:51398819-51399745_ISM_run-95_target-10.88_1	1043	1067	0.8830109021394701	0.03703724021662447	0.13702313832000548	0.8830109021394701	addition	TYY1_HUMAN.H11MO.0.A
ISL1_chr5:51398819-51399745_ISM_run-95_target-10.88_1	1059	1078	0.6514409214328192	0.04192021575739288	0.10108876262855263	0.6514409214328192	addition	ZN143_MOUSE.H11MO.0.A
ISL1_chr5:51398819-51399745_ISM_run-95_target-10.88_1	1068	1094	1.5009942889750094	0.013402627019825258	0.23292005520819223	1.5009942889750094	addition	ETV6_ETS_1
ISL1_chr5:51398819-51399745_ISM_run-95_target-10.88_1	1084	1101	0.6605211468904946	0.0029417663863657664	0.10249780637404805	0.6605211468904946	addition	ZBTB33_MA0527.1
ISL1_chr5:51398819-51399745_ISM_run-95_target-10.88_1	1095	1111	0.3501589079307075	0.03466753677785212	0.05433667054293408	0.3501589079307075	addition	ELK1_HUMAN.H11MO.0.B
ISL1_chr5:51398819-51399745_ISM_run-95_target-7.64_1	1084	1101	0.31043230438311886	0.017684655539841845	0.06658636451384457	0.31043230438311886	addition	ZBTB33_MA0527.1
ISL1_chr5:51398819-51399745_ISM_run-95_target-7.64_1	1113	1134	0.6404788146970679	0.04157573631765025	0.13737988996847844	0.6404788146970679	addition	CTCF_MA0139.1
ISL1_chr5:51398819-51399745_ISM_run-95_target-7.64_1	1124	1140	0.39095869239304126	0.027494244980731025	0.08385892071790037	0.39095869239304126	addition	CTCFL_MOUSE.H11MO.0.A
ISL1_chr5:51398819-51399745_ISM_run-96_target-10.88_1	1044	1066	0.695242262974864	0.01132086809550004	0.10672911935206993	0.695242262974864	addition	TYY1_HUMAN.H11MO.0.A
ISL1_chr5:51398819-51399745_ISM_run-96_target-10.88_1	1061	1076	0.4000961140186632	0.01922648379591124	0.061420181395015594	0.4000961140186632	addition	TYY1_HUMAN.H11MO.0.A
ISL1_chr5:51398819-51399745_ISM_run-96_target-10.88_1	1066	1080	0.4850911240232687	0.04089516803665444	0.07446806851323569	0.4850911240232687	addition	ELK1_HUMAN.H11MO.0.B
ISL1_chr5:51398819-51399745_ISM_run-96_target-10.88_1	1070	1087	0.5748142431510288	0.037344489046679634	0.08824178452562505	0.5748142431510288	addition	ETV6_ETS_1
ISL1_chr5:51398819-51399745_ISM_run-96_target-10.88_1	1077	1103	1.6667132044366184	0.03643021951741627	0.2558630883008016	1.6667132044366184	addition	ZBTB33_MA0527.1
ISL1_chr5:51398819-51399745_ISM_run-96_target-7.64_1	1022	1036	0.3043649621917681	0.030621123769402504	0.06743814957314832	0.3043649621917681	addition	NRF1_HUMAN.H11MO.0.A
ISL1_chr5:51398819-51399745_ISM_run-96_target-7.64_1	1027	1042	0.3556339254904882	0.04960142631141499	0.07879781459668318	0.3556339254904882	addition	NRF1_HUMAN.H11MO.0.A
ISL1_chr5:51398819-51399745_ISM_run-96_target-7.64_1	1046	1061	0.2527292084149394	0.04590149249782045	0.05599721477747356	0.2527292084149394	addition	TYY1_HUMAN.H11MO.0.A
ISL1_chr5:51398819-51399745_ISM_run-96_target-7.64_1	1084	1100	0.29348649000796256	0.020553588714671615	0.06502780631623761	0.29348649000796256	addition	ZBTB33_MA0527.1
ISL1_chr5:51398819-51399745_ISM_run-97_target-10.88_1	1037	1051	0.29921470464691835	0.04862848917468544	0.04693925432809282	0.29921470464691835	addition	TYY1_HUMAN.H11MO.0.A
ISL1_chr5:51398819-51399745_ISM_run-97_target-10.88_1	1044	1065	0.569694578976609	0.022338915479706477	0.08937073718844796	0.569694578976609	addition	TYY1_HUMAN.H11MO.0.A
ISL1_chr5:51398819-51399745_ISM_run-97_target-10.88_1	1059	1076	0.4601146002478589	0.047833279071528095	0.07218039723879408	0.4601146002478589	addition	CTCFL_MOUSE.H11MO.0.A
ISL1_chr5:51398819-51399745_ISM_run-97_target-10.88_1	1066	1080	0.48725375866110054	0.047833279071528095	0.07643784795637422	0.48725375866110054	addition	ELK1_HUMAN.H11MO.0.B
ISL1_chr5:51398819-51399745_ISM_run-97_target-10.88_1	1071	1088	0.49750769970356945	0.022338915479706477	0.07804643315951681	0.49750769970356945	addition	ETV6_ETS_1
ISL1_chr5:51398819-51399745_ISM_run-97_target-10.88_1	1081	1103	1.3492145455560856	0.003690199968217574	0.2116577952669531	1.3492145455560856	addition	ZBTB33_MA0527.1
ISL1_chr5:51398819-51399745_ISM_run-97_target-10.88_1	1093	1111	0.716957520893601	0.007078341362807824	0.11247258538104159	0.716957520893601	addition	NRF1_MA0506.1
ISL1_chr5:51398819-51399745_ISM_run-97_target-10.88_1	1127	1144	0.29332167397276754	0.03191516249570074	0.04601478617435142	0.29332167397276754	addition	ELK1_HUMAN.H11MO.0.B
ISL1_chr5:51398819-51399745_ISM_run-97_target-7.64_1	1020	1044	0.7524950737273666	0.014952975463907503	0.15683895774981876	0.7524950737273666	addition	NRF1_HUMAN.H11MO.0.A
ISL1_chr5:51398819-51399745_ISM_run-97_target-7.64_1	1084	1101	0.3529712506727507	0.020045760058380907	0.07356811360498203	0.3529712506727507	addition	ZBTB33_MA0527.1
ISL1_chr5:51398819-51399745_ISM_run-98_target-10.88_1	930	945	0.21771419391307106	0.046281533457893105	0.03275529291029294	0.21771419391307106	addition	HNF6_HUMAN.H11MO.0.B
ISL1_chr5:51398819-51399745_ISM_run-98_target-10.88_1	945	964	0.40853399444642946	0.027042017085479195	0.06146430056483966	0.40853399444642946	addition	NRF1_HUMAN.H11MO.0.A
ISL1_chr5:51398819-51399745_ISM_run-98_target-10.88_1	967	988	0.6259608971962519	0.03244778245731159	0.09417637026568718	0.6259608971962519	addition	NFYB_HUMAN.H11MO.0.A
ISL1_chr5:51398819-51399745_ISM_run-98_target-10.88_1	978	992	0.4443771497762755	0.04157573631765025	0.06685693496573229	0.4443771497762755	addition	ETV6_ETS_1
ISL1_chr5:51398819-51399745_ISM_run-98_target-10.88_1	1020	1045	0.7658648711188274	0.021428060984580416	0.11522504680249433	0.7658648711188274	addition	NRF1_HUMAN.H11MO.0.A
ISL1_chr5:51398819-51399745_ISM_run-98_target-10.88_1	1060	1093	1.3100182794109947	0.027042017085479195	0.1970934080534879	1.3100182794109947	addition	ETV6_ETS_1
ISL1_chr5:51398819-51399745_ISM_run-98_target-10.88_1	1085	1099	0.2502449997768452	0.04666470531828738	0.03764958140625225	0.2502449997768452	addition	ZBTB33_MA0527.1
ISL1_chr5:51398819-51399745_ISM_run-98_target-7.64_1	1044	1063	0.4307555042986786	0.04943689415007802	0.09425832022461778	0.4307555042986786	addition	TYY1_HUMAN.H11MO.0.A
ISL1_chr5:51398819-51399745_ISM_run-99_target-10.88_1	970	988	0.45953150278952326	0.012215007770522745	0.0749275896758122	0.45953150278952326	addition	NFYB_HUMAN.H11MO.0.A
ISL1_chr5:51398819-51399745_ISM_run-99_target-10.88_1	1044	1067	0.5294335344370811	0.045150695964589	0.08632526472746757	0.5294335344370811	addition	TYY1_HUMAN.H11MO.0.A
ISL1_chr5:51398819-51399745_ISM_run-99_target-10.88_1	1061	1075	0.26625064024362666	0.03703724021662447	0.043412733625433554	0.26625064024362666	addition	NRF1_MA0506.1
ISL1_chr5:51398819-51399745_ISM_run-99_target-10.88_1	1081	1103	0.9927714838108805	0.007139849761377192	0.16187350362114236	0.9927714838108805	addition	ZBTB33_MA0527.1
ISL1_chr5:51398819-51399745_ISM_run-99_target-10.88_1	1095	1111	0.3557221230614518	0.03956695122261595	0.05800124934539068	0.3557221230614518	addition	CTCFL_MOUSE.H11MO.0.A
ISL1_chr5:51398819-51399745_ISM_run-99_target-7.64_1	1020	1044	0.7505833684636507	0.025516151368283616	0.15959208655550788	0.7505833684636507	addition	NRF1_HUMAN.H11MO.0.A
ISL1_chr5:51398819-51399745_ISM_run-99_target-7.64_1	1046	1060	0.2338616565208932	0.04984611773144553	0.04972461594225198	0.2338616565208932	addition	TYY1_HUMAN.H11MO.0.A
ISL1_chr5:51398819-51399745_ISM_run-9_target-10.88_1	954	973	0.8051739037138392	0.011131057382440263	0.11963723336863426	0.8051739037138392	addition	NFYB_HUMAN.H11MO.0.A
ISL1_chr5:51398819-51399745_ISM_run-9_target-10.88_1	963	987	1.4577887550325856	0.019550195590889788	0.2166063910958402	1.4577887550325856	addition	ZBTB33_MA0527.1
ISL1_chr5:51398819-51399745_ISM_run-9_target-10.88_1	977	993	0.543790309958712	0.021571925438830727	0.08079939987629556	0.543790309958712	addition	ZBTB33_MA0527.1
ISL1_chr5:51398819-51399745_ISM_run-9_target-10.88_1	1020	1045	0.9404602394726611	0.01987922421178425	0.1397388323500611	0.9404602394726611	addition	NRF1_HUMAN.H11MO.0.A
ISL1_chr5:51398819-51399745_ISM_run-9_target-10.88_1	1073	1093	0.6317148188391322	0.027494244980731025	0.09386371423028866	0.6317148188391322	addition	ETV6_ETS_1
ISL1_chr5:51398819-51399745_ISM_run-9_target-10.88_1	1084	1100	0.4086071091182921	0.03643021951741627	0.060713125256779105	0.4086071091182921	addition	ZBTB33_MA0527.1
ISL1_chr5:51398819-51399745_ISM_run-9_target-7.64_1	1020	1043	0.7614044856554014	0.0051272188313876465	0.15795116365796363	0.7614044856554014	addition	NRF1_HUMAN.H11MO.0.A
ISL1_chr5:51398819-51399745_ISM_run-9_target-7.64_1	1084	1100	0.24664171667429868	0.04705103509220816	0.051165112485211536	0.24664171667429868	addition	ZBTB33_MA0527.1
