id	pos	ref	alt
ISL1_chr5:51398819-51399745_ISM_run-1_target-7.64_1	982	C	A
ISL1_chr5:51398819-51399745_ISM_run-1_target-7.64_1	1017	G	T
ISL1_chr5:51398819-51399745_ISM_run-1_target-7.64_1	1022	G	T
ISL1_chr5:51398819-51399745_ISM_run-1_target-7.64_1	1032	A	T
ISL1_chr5:51398819-51399745_ISM_run-1_target-7.64_1	1037	C	A
ISL1_chr5:51398819-51399745_ISM_run-1_target-7.64_1	1060	G	A
ISL1_chr5:51398819-51399745_ISM_run-1_target-7.64_1	1098	A	T
ISL1_chr5:51398819-51399745_ISM_run-2_target-7.64_1	1047	T	G
ISL1_chr5:51398819-51399745_ISM_run-2_target-7.64_1	1052	C	G
ISL1_chr5:51398819-51399745_ISM_run-2_target-7.64_1	1126	T	C
ISL1_chr5:51398819-51399745_ISM_run-2_target-7.64_1	1128	A	T
ISL1_chr5:51398819-51399745_ISM_run-2_target-7.64_1	1132	C	G
ISL1_chr5:51398819-51399745_ISM_run-3_target-7.64_1	1005	C	G
ISL1_chr5:51398819-51399745_ISM_run-3_target-7.64_1	1087	A	T
ISL1_chr5:51398819-51399745_ISM_run-3_target-7.64_1	1095	T	C
ISL1_chr5:51398819-51399745_ISM_run-3_target-7.64_1	1097	T	C
ISL1_chr5:51398819-51399745_ISM_run-3_target-7.64_1	1105	C	A
ISL1_chr5:51398819-51399745_ISM_run-3_target-7.64_1	1157	C	G
ISL1_chr5:51398819-51399745_ISM_run-3_target-7.64_1	1182	G	A
ISL1_chr5:51398819-51399745_ISM_run-4_target-7.64_1	1052	C	G
ISL1_chr5:51398819-51399745_ISM_run-4_target-7.64_1	1086	C	T
ISL1_chr5:51398819-51399745_ISM_run-4_target-7.64_1	1095	T	A
ISL1_chr5:51398819-51399745_ISM_run-4_target-7.64_1	1096	G	T
ISL1_chr5:51398819-51399745_ISM_run-4_target-7.64_1	1106	A	G
ISL1_chr5:51398819-51399745_ISM_run-5_target-7.64_1	951	T	C
ISL1_chr5:51398819-51399745_ISM_run-5_target-7.64_1	982	C	A
ISL1_chr5:51398819-51399745_ISM_run-5_target-7.64_1	1032	A	T
ISL1_chr5:51398819-51399745_ISM_run-5_target-7.64_1	1038	C	G
ISL1_chr5:51398819-51399745_ISM_run-5_target-7.64_1	1039	G	T
ISL1_chr5:51398819-51399745_ISM_run-5_target-7.64_1	1052	C	G
ISL1_chr5:51398819-51399745_ISM_run-6_target-7.64_1	939	T	G
ISL1_chr5:51398819-51399745_ISM_run-6_target-7.64_1	975	C	A
ISL1_chr5:51398819-51399745_ISM_run-6_target-7.64_1	1024	C	A
ISL1_chr5:51398819-51399745_ISM_run-6_target-7.64_1	1031	C	A
ISL1_chr5:51398819-51399745_ISM_run-6_target-7.64_1	1085	G	T
ISL1_chr5:51398819-51399745_ISM_run-6_target-7.64_1	1095	T	A
ISL1_chr5:51398819-51399745_ISM_run-6_target-7.64_1	1132	C	G
ISL1_chr5:51398819-51399745_ISM_run-7_target-7.64_1	1017	G	T
ISL1_chr5:51398819-51399745_ISM_run-7_target-7.64_1	1024	C	A
ISL1_chr5:51398819-51399745_ISM_run-7_target-7.64_1	1032	A	T
ISL1_chr5:51398819-51399745_ISM_run-7_target-7.64_1	1037	C	G
ISL1_chr5:51398819-51399745_ISM_run-7_target-7.64_1	1052	C	G
ISL1_chr5:51398819-51399745_ISM_run-7_target-7.64_1	1063	C	G
ISL1_chr5:51398819-51399745_ISM_run-7_target-7.64_1	1095	T	G
ISL1_chr5:51398819-51399745_ISM_run-8_target-7.64_1	936	T	A
ISL1_chr5:51398819-51399745_ISM_run-8_target-7.64_1	939	T	A
ISL1_chr5:51398819-51399745_ISM_run-8_target-7.64_1	963	T	C
ISL1_chr5:51398819-51399745_ISM_run-8_target-7.64_1	974	T	C
ISL1_chr5:51398819-51399745_ISM_run-8_target-7.64_1	982	C	A
ISL1_chr5:51398819-51399745_ISM_run-9_target-7.64_1	944	T	C
ISL1_chr5:51398819-51399745_ISM_run-9_target-7.64_1	982	C	A
ISL1_chr5:51398819-51399745_ISM_run-9_target-7.64_1	994	C	T
ISL1_chr5:51398819-51399745_ISM_run-9_target-7.64_1	999	T	A
ISL1_chr5:51398819-51399745_ISM_run-9_target-7.64_1	1003	G	A
ISL1_chr5:51398819-51399745_ISM_run-9_target-7.64_1	1017	G	T
ISL1_chr5:51398819-51399745_ISM_run-10_target-7.64_1	951	T	C
ISL1_chr5:51398819-51399745_ISM_run-10_target-7.64_1	982	C	A
ISL1_chr5:51398819-51399745_ISM_run-10_target-7.64_1	1000	G	A
ISL1_chr5:51398819-51399745_ISM_run-10_target-7.64_1	1022	G	T
ISL1_chr5:51398819-51399745_ISM_run-10_target-7.64_1	1032	A	T
ISL1_chr5:51398819-51399745_ISM_run-10_target-7.64_1	1037	C	A
ISL1_chr5:51398819-51399745_ISM_run-10_target-7.64_1	1059	T	C
ISL1_chr5:51398819-51399745_ISM_run-11_target-7.64_1	1095	T	A
ISL1_chr5:51398819-51399745_ISM_run-11_target-7.64_1	1099	A	C
ISL1_chr5:51398819-51399745_ISM_run-11_target-7.64_1	1132	C	G
ISL1_chr5:51398819-51399745_ISM_run-11_target-7.64_1	1163	C	A
ISL1_chr5:51398819-51399745_ISM_run-11_target-7.64_1	1182	G	A
ISL1_chr5:51398819-51399745_ISM_run-11_target-7.64_1	1190	G	T
ISL1_chr5:51398819-51399745_ISM_run-12_target-7.64_1	990	T	C
ISL1_chr5:51398819-51399745_ISM_run-12_target-7.64_1	1052	C	G
ISL1_chr5:51398819-51399745_ISM_run-12_target-7.64_1	1057	G	C
ISL1_chr5:51398819-51399745_ISM_run-12_target-7.64_1	1087	A	C
ISL1_chr5:51398819-51399745_ISM_run-12_target-7.64_1	1093	C	A
ISL1_chr5:51398819-51399745_ISM_run-12_target-7.64_1	1132	C	G
ISL1_chr5:51398819-51399745_ISM_run-12_target-7.64_1	1186	G	C
ISL1_chr5:51398819-51399745_ISM_run-12_target-7.64_1	1190	G	C
ISL1_chr5:51398819-51399745_ISM_run-13_target-7.64_1	975	C	A
ISL1_chr5:51398819-51399745_ISM_run-13_target-7.64_1	982	C	T
ISL1_chr5:51398819-51399745_ISM_run-13_target-7.64_1	1022	G	C
ISL1_chr5:51398819-51399745_ISM_run-13_target-7.64_1	1031	C	A
ISL1_chr5:51398819-51399745_ISM_run-13_target-7.64_1	1033	G	A
ISL1_chr5:51398819-51399745_ISM_run-13_target-7.64_1	1052	C	G
ISL1_chr5:51398819-51399745_ISM_run-13_target-7.64_1	1132	C	G
ISL1_chr5:51398819-51399745_ISM_run-14_target-7.64_1	939	T	A
ISL1_chr5:51398819-51399745_ISM_run-14_target-7.64_1	950	A	G
ISL1_chr5:51398819-51399745_ISM_run-14_target-7.64_1	974	T	C
ISL1_chr5:51398819-51399745_ISM_run-14_target-7.64_1	982	C	A
ISL1_chr5:51398819-51399745_ISM_run-14_target-7.64_1	1095	T	A
ISL1_chr5:51398819-51399745_ISM_run-14_target-7.64_1	1097	T	A
ISL1_chr5:51398819-51399745_ISM_run-15_target-7.64_1	982	C	G
ISL1_chr5:51398819-51399745_ISM_run-15_target-7.64_1	1031	C	A
ISL1_chr5:51398819-51399745_ISM_run-15_target-7.64_1	1032	A	T
ISL1_chr5:51398819-51399745_ISM_run-15_target-7.64_1	1086	C	T
ISL1_chr5:51398819-51399745_ISM_run-15_target-7.64_1	1095	T	A
ISL1_chr5:51398819-51399745_ISM_run-15_target-7.64_1	1096	G	A
ISL1_chr5:51398819-51399745_ISM_run-16_target-7.64_1	1052	C	G
ISL1_chr5:51398819-51399745_ISM_run-16_target-7.64_1	1063	C	G
ISL1_chr5:51398819-51399745_ISM_run-16_target-7.64_1	1065	G	A
ISL1_chr5:51398819-51399745_ISM_run-16_target-7.64_1	1086	C	T
ISL1_chr5:51398819-51399745_ISM_run-16_target-7.64_1	1095	T	C
ISL1_chr5:51398819-51399745_ISM_run-16_target-7.64_1	1097	T	C
ISL1_chr5:51398819-51399745_ISM_run-16_target-7.64_1	1132	C	G
ISL1_chr5:51398819-51399745_ISM_run-17_target-7.64_1	1052	C	G
ISL1_chr5:51398819-51399745_ISM_run-17_target-7.64_1	1096	G	T
ISL1_chr5:51398819-51399745_ISM_run-17_target-7.64_1	1132	C	G
ISL1_chr5:51398819-51399745_ISM_run-17_target-7.64_1	1133	C	G
ISL1_chr5:51398819-51399745_ISM_run-17_target-7.64_1	1163	C	A
ISL1_chr5:51398819-51399745_ISM_run-17_target-7.64_1	1182	G	A
ISL1_chr5:51398819-51399745_ISM_run-18_target-7.64_1	1023	G	C
ISL1_chr5:51398819-51399745_ISM_run-18_target-7.64_1	1032	A	T
ISL1_chr5:51398819-51399745_ISM_run-18_target-7.64_1	1037	C	G
ISL1_chr5:51398819-51399745_ISM_run-18_target-7.64_1	1052	C	G
ISL1_chr5:51398819-51399745_ISM_run-18_target-7.64_1	1095	T	A
ISL1_chr5:51398819-51399745_ISM_run-18_target-7.64_1	1133	C	G
ISL1_chr5:51398819-51399745_ISM_run-19_target-7.64_1	982	C	A
ISL1_chr5:51398819-51399745_ISM_run-19_target-7.64_1	1024	C	A
ISL1_chr5:51398819-51399745_ISM_run-19_target-7.64_1	1032	A	T
ISL1_chr5:51398819-51399745_ISM_run-19_target-7.64_1	1052	C	G
ISL1_chr5:51398819-51399745_ISM_run-19_target-7.64_1	1057	G	C
ISL1_chr5:51398819-51399745_ISM_run-19_target-7.64_1	1095	T	A
ISL1_chr5:51398819-51399745_ISM_run-20_target-7.64_1	1095	T	A
ISL1_chr5:51398819-51399745_ISM_run-20_target-7.64_1	1099	A	C
ISL1_chr5:51398819-51399745_ISM_run-20_target-7.64_1	1132	C	G
ISL1_chr5:51398819-51399745_ISM_run-20_target-7.64_1	1133	C	G
ISL1_chr5:51398819-51399745_ISM_run-20_target-7.64_1	1163	C	A
ISL1_chr5:51398819-51399745_ISM_run-20_target-7.64_1	1182	G	A
ISL1_chr5:51398819-51399745_ISM_run-21_target-7.64_1	1052	C	G
ISL1_chr5:51398819-51399745_ISM_run-21_target-7.64_1	1060	G	A
ISL1_chr5:51398819-51399745_ISM_run-21_target-7.64_1	1093	C	A
ISL1_chr5:51398819-51399745_ISM_run-21_target-7.64_1	1095	T	A
ISL1_chr5:51398819-51399745_ISM_run-21_target-7.64_1	1145	C	G
ISL1_chr5:51398819-51399745_ISM_run-22_target-7.64_1	1095	T	A
ISL1_chr5:51398819-51399745_ISM_run-22_target-7.64_1	1097	T	A
ISL1_chr5:51398819-51399745_ISM_run-22_target-7.64_1	1132	C	G
ISL1_chr5:51398819-51399745_ISM_run-22_target-7.64_1	1146	C	G
ISL1_chr5:51398819-51399745_ISM_run-22_target-7.64_1	1182	G	A
ISL1_chr5:51398819-51399745_ISM_run-22_target-7.64_1	1190	G	T
ISL1_chr5:51398819-51399745_ISM_run-23_target-7.64_1	1024	C	A
ISL1_chr5:51398819-51399745_ISM_run-23_target-7.64_1	1031	C	A
ISL1_chr5:51398819-51399745_ISM_run-23_target-7.64_1	1052	C	G
ISL1_chr5:51398819-51399745_ISM_run-23_target-7.64_1	1146	C	G
ISL1_chr5:51398819-51399745_ISM_run-23_target-7.64_1	1151	T	C
ISL1_chr5:51398819-51399745_ISM_run-23_target-7.64_1	1182	G	A
ISL1_chr5:51398819-51399745_ISM_run-23_target-7.64_1	1190	G	T
ISL1_chr5:51398819-51399745_ISM_run-24_target-7.64_1	974	T	C
ISL1_chr5:51398819-51399745_ISM_run-24_target-7.64_1	982	C	A
ISL1_chr5:51398819-51399745_ISM_run-24_target-7.64_1	1032	A	T
ISL1_chr5:51398819-51399745_ISM_run-24_target-7.64_1	1037	C	A
ISL1_chr5:51398819-51399745_ISM_run-24_target-7.64_1	1060	G	A
ISL1_chr5:51398819-51399745_ISM_run-24_target-7.64_1	1190	G	C
ISL1_chr5:51398819-51399745_ISM_run-25_target-7.64_1	982	C	A
ISL1_chr5:51398819-51399745_ISM_run-25_target-7.64_1	1022	G	C
ISL1_chr5:51398819-51399745_ISM_run-25_target-7.64_1	1031	C	A
ISL1_chr5:51398819-51399745_ISM_run-25_target-7.64_1	1033	G	A
ISL1_chr5:51398819-51399745_ISM_run-25_target-7.64_1	1052	C	G
ISL1_chr5:51398819-51399745_ISM_run-25_target-7.64_1	1063	C	G
ISL1_chr5:51398819-51399745_ISM_run-25_target-7.64_1	1095	T	C
ISL1_chr5:51398819-51399745_ISM_run-26_target-7.64_1	1052	C	G
ISL1_chr5:51398819-51399745_ISM_run-26_target-7.64_1	1093	C	A
ISL1_chr5:51398819-51399745_ISM_run-26_target-7.64_1	1095	T	A
ISL1_chr5:51398819-51399745_ISM_run-26_target-7.64_1	1163	C	A
ISL1_chr5:51398819-51399745_ISM_run-27_target-7.64_1	1052	C	G
ISL1_chr5:51398819-51399745_ISM_run-27_target-7.64_1	1061	A	T
ISL1_chr5:51398819-51399745_ISM_run-27_target-7.64_1	1132	C	G
ISL1_chr5:51398819-51399745_ISM_run-27_target-7.64_1	1163	C	A
ISL1_chr5:51398819-51399745_ISM_run-27_target-7.64_1	1182	G	A
ISL1_chr5:51398819-51399745_ISM_run-27_target-7.64_1	1190	G	T
ISL1_chr5:51398819-51399745_ISM_run-28_target-7.64_1	1124	C	G
ISL1_chr5:51398819-51399745_ISM_run-28_target-7.64_1	1135	T	G
ISL1_chr5:51398819-51399745_ISM_run-28_target-7.64_1	1146	C	G
ISL1_chr5:51398819-51399745_ISM_run-28_target-7.64_1	1151	T	G
ISL1_chr5:51398819-51399745_ISM_run-28_target-7.64_1	1152	G	C
ISL1_chr5:51398819-51399745_ISM_run-28_target-7.64_1	1154	A	C
ISL1_chr5:51398819-51399745_ISM_run-28_target-7.64_1	1163	C	A
ISL1_chr5:51398819-51399745_ISM_run-28_target-7.64_1	1182	G	A
ISL1_chr5:51398819-51399745_ISM_run-28_target-7.64_1	1190	G	C
ISL1_chr5:51398819-51399745_ISM_run-29_target-7.64_1	1032	A	T
ISL1_chr5:51398819-51399745_ISM_run-29_target-7.64_1	1060	G	A
ISL1_chr5:51398819-51399745_ISM_run-29_target-7.64_1	1090	G	T
ISL1_chr5:51398819-51399745_ISM_run-29_target-7.64_1	1095	T	A
ISL1_chr5:51398819-51399745_ISM_run-29_target-7.64_1	1097	T	A
ISL1_chr5:51398819-51399745_ISM_run-30_target-7.64_1	1128	A	T
ISL1_chr5:51398819-51399745_ISM_run-30_target-7.64_1	1132	C	G
ISL1_chr5:51398819-51399745_ISM_run-30_target-7.64_1	1135	T	C
ISL1_chr5:51398819-51399745_ISM_run-30_target-7.64_1	1163	C	A
ISL1_chr5:51398819-51399745_ISM_run-30_target-7.64_1	1167	C	G
ISL1_chr5:51398819-51399745_ISM_run-31_target-7.64_1	922	T	A
ISL1_chr5:51398819-51399745_ISM_run-31_target-7.64_1	939	T	A
ISL1_chr5:51398819-51399745_ISM_run-31_target-7.64_1	974	T	C
ISL1_chr5:51398819-51399745_ISM_run-31_target-7.64_1	1024	C	A
ISL1_chr5:51398819-51399745_ISM_run-31_target-7.64_1	1031	C	A
ISL1_chr5:51398819-51399745_ISM_run-31_target-7.64_1	1032	A	T
ISL1_chr5:51398819-51399745_ISM_run-31_target-7.64_1	1095	T	A
ISL1_chr5:51398819-51399745_ISM_run-32_target-7.64_1	1022	G	T
ISL1_chr5:51398819-51399745_ISM_run-32_target-7.64_1	1052	C	G
ISL1_chr5:51398819-51399745_ISM_run-32_target-7.64_1	1085	G	T
ISL1_chr5:51398819-51399745_ISM_run-32_target-7.64_1	1095	T	A
ISL1_chr5:51398819-51399745_ISM_run-32_target-7.64_1	1132	C	G
ISL1_chr5:51398819-51399745_ISM_run-32_target-7.64_1	1133	C	G
ISL1_chr5:51398819-51399745_ISM_run-33_target-7.64_1	957	A	G
ISL1_chr5:51398819-51399745_ISM_run-33_target-7.64_1	1031	C	A
ISL1_chr5:51398819-51399745_ISM_run-33_target-7.64_1	1032	A	T
ISL1_chr5:51398819-51399745_ISM_run-33_target-7.64_1	1095	T	A
ISL1_chr5:51398819-51399745_ISM_run-33_target-7.64_1	1132	C	G
ISL1_chr5:51398819-51399745_ISM_run-34_target-7.64_1	1095	T	A
ISL1_chr5:51398819-51399745_ISM_run-34_target-7.64_1	1125	C	A
ISL1_chr5:51398819-51399745_ISM_run-34_target-7.64_1	1146	C	G
ISL1_chr5:51398819-51399745_ISM_run-34_target-7.64_1	1157	C	G
ISL1_chr5:51398819-51399745_ISM_run-34_target-7.64_1	1165	T	C
ISL1_chr5:51398819-51399745_ISM_run-34_target-7.64_1	1182	G	A
ISL1_chr5:51398819-51399745_ISM_run-34_target-7.64_1	1190	G	C
ISL1_chr5:51398819-51399745_ISM_run-35_target-7.64_1	922	T	G
ISL1_chr5:51398819-51399745_ISM_run-35_target-7.64_1	936	T	A
ISL1_chr5:51398819-51399745_ISM_run-35_target-7.64_1	939	T	A
ISL1_chr5:51398819-51399745_ISM_run-35_target-7.64_1	974	T	C
ISL1_chr5:51398819-51399745_ISM_run-35_target-7.64_1	982	C	A
ISL1_chr5:51398819-51399745_ISM_run-36_target-7.64_1	982	C	A
ISL1_chr5:51398819-51399745_ISM_run-36_target-7.64_1	1000	G	A
ISL1_chr5:51398819-51399745_ISM_run-36_target-7.64_1	1032	A	T
ISL1_chr5:51398819-51399745_ISM_run-36_target-7.64_1	1038	C	G
ISL1_chr5:51398819-51399745_ISM_run-36_target-7.64_1	1039	G	T
ISL1_chr5:51398819-51399745_ISM_run-36_target-7.64_1	1052	C	G
ISL1_chr5:51398819-51399745_ISM_run-37_target-7.64_1	957	A	G
ISL1_chr5:51398819-51399745_ISM_run-37_target-7.64_1	982	C	A
ISL1_chr5:51398819-51399745_ISM_run-37_target-7.64_1	1000	G	A
ISL1_chr5:51398819-51399745_ISM_run-37_target-7.64_1	1001	C	A
ISL1_chr5:51398819-51399745_ISM_run-37_target-7.64_1	1032	A	T
ISL1_chr5:51398819-51399745_ISM_run-37_target-7.64_1	1052	C	G
ISL1_chr5:51398819-51399745_ISM_run-37_target-7.64_1	1057	G	C
ISL1_chr5:51398819-51399745_ISM_run-38_target-7.64_1	982	C	A
ISL1_chr5:51398819-51399745_ISM_run-38_target-7.64_1	1031	C	A
ISL1_chr5:51398819-51399745_ISM_run-38_target-7.64_1	1032	A	T
ISL1_chr5:51398819-51399745_ISM_run-38_target-7.64_1	1095	T	A
ISL1_chr5:51398819-51399745_ISM_run-38_target-7.64_1	1132	C	G
ISL1_chr5:51398819-51399745_ISM_run-39_target-7.64_1	939	T	A
ISL1_chr5:51398819-51399745_ISM_run-39_target-7.64_1	1052	C	G
ISL1_chr5:51398819-51399745_ISM_run-39_target-7.64_1	1093	C	A
ISL1_chr5:51398819-51399745_ISM_run-39_target-7.64_1	1095	T	A
ISL1_chr5:51398819-51399745_ISM_run-39_target-7.64_1	1157	C	G
ISL1_chr5:51398819-51399745_ISM_run-40_target-7.64_1	1018	T	A
ISL1_chr5:51398819-51399745_ISM_run-40_target-7.64_1	1022	G	A
ISL1_chr5:51398819-51399745_ISM_run-40_target-7.64_1	1025	G	A
ISL1_chr5:51398819-51399745_ISM_run-40_target-7.64_1	1031	C	A
ISL1_chr5:51398819-51399745_ISM_run-40_target-7.64_1	1052	C	G
ISL1_chr5:51398819-51399745_ISM_run-40_target-7.64_1	1095	T	A
ISL1_chr5:51398819-51399745_ISM_run-40_target-7.64_1	1157	C	G
ISL1_chr5:51398819-51399745_ISM_run-41_target-7.64_1	1052	C	G
ISL1_chr5:51398819-51399745_ISM_run-41_target-7.64_1	1096	G	T
ISL1_chr5:51398819-51399745_ISM_run-41_target-7.64_1	1126	T	C
ISL1_chr5:51398819-51399745_ISM_run-41_target-7.64_1	1132	C	G
ISL1_chr5:51398819-51399745_ISM_run-41_target-7.64_1	1133	C	G
ISL1_chr5:51398819-51399745_ISM_run-41_target-7.64_1	1135	T	A
ISL1_chr5:51398819-51399745_ISM_run-42_target-7.64_1	990	T	C
ISL1_chr5:51398819-51399745_ISM_run-42_target-7.64_1	1022	G	A
ISL1_chr5:51398819-51399745_ISM_run-42_target-7.64_1	1025	G	A
ISL1_chr5:51398819-51399745_ISM_run-42_target-7.64_1	1031	C	A
ISL1_chr5:51398819-51399745_ISM_run-42_target-7.64_1	1054	C	T
ISL1_chr5:51398819-51399745_ISM_run-42_target-7.64_1	1095	T	A
ISL1_chr5:51398819-51399745_ISM_run-43_target-7.64_1	982	C	A
ISL1_chr5:51398819-51399745_ISM_run-43_target-7.64_1	1031	C	A
ISL1_chr5:51398819-51399745_ISM_run-43_target-7.64_1	1032	A	T
ISL1_chr5:51398819-51399745_ISM_run-43_target-7.64_1	1050	T	G
ISL1_chr5:51398819-51399745_ISM_run-43_target-7.64_1	1095	T	C
ISL1_chr5:51398819-51399745_ISM_run-43_target-7.64_1	1132	C	G
ISL1_chr5:51398819-51399745_ISM_run-44_target-7.64_1	1095	T	A
ISL1_chr5:51398819-51399745_ISM_run-44_target-7.64_1	1128	A	T
ISL1_chr5:51398819-51399745_ISM_run-44_target-7.64_1	1132	C	G
ISL1_chr5:51398819-51399745_ISM_run-44_target-7.64_1	1135	T	C
ISL1_chr5:51398819-51399745_ISM_run-45_target-7.64_1	1093	C	A
ISL1_chr5:51398819-51399745_ISM_run-45_target-7.64_1	1095	T	A
ISL1_chr5:51398819-51399745_ISM_run-45_target-7.64_1	1099	A	C
ISL1_chr5:51398819-51399745_ISM_run-45_target-7.64_1	1132	C	G
ISL1_chr5:51398819-51399745_ISM_run-46_target-7.64_1	990	T	C
ISL1_chr5:51398819-51399745_ISM_run-46_target-7.64_1	1052	C	G
ISL1_chr5:51398819-51399745_ISM_run-46_target-7.64_1	1057	G	C
ISL1_chr5:51398819-51399745_ISM_run-46_target-7.64_1	1088	T	G
ISL1_chr5:51398819-51399745_ISM_run-46_target-7.64_1	1095	T	C
ISL1_chr5:51398819-51399745_ISM_run-46_target-7.64_1	1132	C	G
ISL1_chr5:51398819-51399745_ISM_run-46_target-7.64_1	1163	C	A
ISL1_chr5:51398819-51399745_ISM_run-47_target-7.64_1	1031	C	A
ISL1_chr5:51398819-51399745_ISM_run-47_target-7.64_1	1032	A	T
ISL1_chr5:51398819-51399745_ISM_run-47_target-7.64_1	1039	G	T
ISL1_chr5:51398819-51399745_ISM_run-47_target-7.64_1	1128	A	T
ISL1_chr5:51398819-51399745_ISM_run-47_target-7.64_1	1132	C	G
ISL1_chr5:51398819-51399745_ISM_run-47_target-7.64_1	1133	C	G
ISL1_chr5:51398819-51399745_ISM_run-48_target-7.64_1	1024	C	A
ISL1_chr5:51398819-51399745_ISM_run-48_target-7.64_1	1032	A	T
ISL1_chr5:51398819-51399745_ISM_run-48_target-7.64_1	1157	C	G
ISL1_chr5:51398819-51399745_ISM_run-48_target-7.64_1	1163	C	A
ISL1_chr5:51398819-51399745_ISM_run-48_target-7.64_1	1167	C	G
ISL1_chr5:51398819-51399745_ISM_run-48_target-7.64_1	1182	G	A
ISL1_chr5:51398819-51399745_ISM_run-48_target-7.64_1	1190	G	T
ISL1_chr5:51398819-51399745_ISM_run-49_target-7.64_1	1053	C	G
ISL1_chr5:51398819-51399745_ISM_run-49_target-7.64_1	1093	C	A
ISL1_chr5:51398819-51399745_ISM_run-49_target-7.64_1	1095	T	A
ISL1_chr5:51398819-51399745_ISM_run-49_target-7.64_1	1124	C	T
ISL1_chr5:51398819-51399745_ISM_run-49_target-7.64_1	1182	G	A
ISL1_chr5:51398819-51399745_ISM_run-50_target-7.64_1	1052	C	G
ISL1_chr5:51398819-51399745_ISM_run-50_target-7.64_1	1093	C	A
ISL1_chr5:51398819-51399745_ISM_run-50_target-7.64_1	1095	T	A
ISL1_chr5:51398819-51399745_ISM_run-50_target-7.64_1	1132	C	G
ISL1_chr5:51398819-51399745_ISM_run-51_target-7.64_1	939	T	A
ISL1_chr5:51398819-51399745_ISM_run-51_target-7.64_1	1047	T	G
ISL1_chr5:51398819-51399745_ISM_run-51_target-7.64_1	1052	C	G
ISL1_chr5:51398819-51399745_ISM_run-51_target-7.64_1	1116	C	T
ISL1_chr5:51398819-51399745_ISM_run-51_target-7.64_1	1128	A	T
ISL1_chr5:51398819-51399745_ISM_run-51_target-7.64_1	1132	C	G
ISL1_chr5:51398819-51399745_ISM_run-52_target-7.64_1	922	T	G
ISL1_chr5:51398819-51399745_ISM_run-52_target-7.64_1	939	T	A
ISL1_chr5:51398819-51399745_ISM_run-52_target-7.64_1	982	C	A
ISL1_chr5:51398819-51399745_ISM_run-52_target-7.64_1	1030	C	T
ISL1_chr5:51398819-51399745_ISM_run-52_target-7.64_1	1052	C	G
ISL1_chr5:51398819-51399745_ISM_run-52_target-7.64_1	1095	T	A
ISL1_chr5:51398819-51399745_ISM_run-53_target-7.64_1	1052	C	G
ISL1_chr5:51398819-51399745_ISM_run-53_target-7.64_1	1065	G	A
ISL1_chr5:51398819-51399745_ISM_run-53_target-7.64_1	1086	C	T
ISL1_chr5:51398819-51399745_ISM_run-53_target-7.64_1	1095	T	A
ISL1_chr5:51398819-51399745_ISM_run-53_target-7.64_1	1096	G	A
ISL1_chr5:51398819-51399745_ISM_run-53_target-7.64_1	1163	C	A
ISL1_chr5:51398819-51399745_ISM_run-54_target-7.64_1	1022	G	T
ISL1_chr5:51398819-51399745_ISM_run-54_target-7.64_1	1032	A	T
ISL1_chr5:51398819-51399745_ISM_run-54_target-7.64_1	1037	C	A
ISL1_chr5:51398819-51399745_ISM_run-54_target-7.64_1	1041	C	A
ISL1_chr5:51398819-51399745_ISM_run-54_target-7.64_1	1095	T	A
ISL1_chr5:51398819-51399745_ISM_run-54_target-7.64_1	1151	T	C
ISL1_chr5:51398819-51399745_ISM_run-55_target-7.64_1	975	C	A
ISL1_chr5:51398819-51399745_ISM_run-55_target-7.64_1	982	C	T
ISL1_chr5:51398819-51399745_ISM_run-55_target-7.64_1	1031	C	A
ISL1_chr5:51398819-51399745_ISM_run-55_target-7.64_1	1032	A	T
ISL1_chr5:51398819-51399745_ISM_run-55_target-7.64_1	1037	C	G
ISL1_chr5:51398819-51399745_ISM_run-55_target-7.64_1	1095	T	A
ISL1_chr5:51398819-51399745_ISM_run-55_target-7.64_1	1190	G	C
ISL1_chr5:51398819-51399745_ISM_run-56_target-7.64_1	990	T	C
ISL1_chr5:51398819-51399745_ISM_run-56_target-7.64_1	1031	C	A
ISL1_chr5:51398819-51399745_ISM_run-56_target-7.64_1	1032	A	T
ISL1_chr5:51398819-51399745_ISM_run-56_target-7.64_1	1042	C	G
ISL1_chr5:51398819-51399745_ISM_run-56_target-7.64_1	1052	C	G
ISL1_chr5:51398819-51399745_ISM_run-56_target-7.64_1	1158	C	G
ISL1_chr5:51398819-51399745_ISM_run-57_target-7.64_1	963	T	C
ISL1_chr5:51398819-51399745_ISM_run-57_target-7.64_1	982	C	A
ISL1_chr5:51398819-51399745_ISM_run-57_target-7.64_1	999	T	A
ISL1_chr5:51398819-51399745_ISM_run-57_target-7.64_1	1022	G	A
ISL1_chr5:51398819-51399745_ISM_run-57_target-7.64_1	1030	C	T
ISL1_chr5:51398819-51399745_ISM_run-57_target-7.64_1	1052	C	G
ISL1_chr5:51398819-51399745_ISM_run-57_target-7.64_1	1063	C	A
ISL1_chr5:51398819-51399745_ISM_run-58_target-7.64_1	974	T	C
ISL1_chr5:51398819-51399745_ISM_run-58_target-7.64_1	982	C	A
ISL1_chr5:51398819-51399745_ISM_run-58_target-7.64_1	1022	G	T
ISL1_chr5:51398819-51399745_ISM_run-58_target-7.64_1	1052	C	G
ISL1_chr5:51398819-51399745_ISM_run-58_target-7.64_1	1063	C	T
ISL1_chr5:51398819-51399745_ISM_run-58_target-7.64_1	1095	T	G
ISL1_chr5:51398819-51399745_ISM_run-59_target-7.64_1	975	C	A
ISL1_chr5:51398819-51399745_ISM_run-59_target-7.64_1	990	T	A
ISL1_chr5:51398819-51399745_ISM_run-59_target-7.64_1	1032	A	T
ISL1_chr5:51398819-51399745_ISM_run-59_target-7.64_1	1037	C	A
ISL1_chr5:51398819-51399745_ISM_run-59_target-7.64_1	1039	G	T
ISL1_chr5:51398819-51399745_ISM_run-59_target-7.64_1	1095	T	A
ISL1_chr5:51398819-51399745_ISM_run-60_target-7.64_1	939	T	A
ISL1_chr5:51398819-51399745_ISM_run-60_target-7.64_1	982	C	A
ISL1_chr5:51398819-51399745_ISM_run-60_target-7.64_1	1020	C	A
ISL1_chr5:51398819-51399745_ISM_run-60_target-7.64_1	1095	T	A
ISL1_chr5:51398819-51399745_ISM_run-60_target-7.64_1	1132	C	G
ISL1_chr5:51398819-51399745_ISM_run-60_target-7.64_1	1133	C	G
ISL1_chr5:51398819-51399745_ISM_run-60_target-7.64_1	1135	T	C
ISL1_chr5:51398819-51399745_ISM_run-61_target-7.64_1	1052	C	G
ISL1_chr5:51398819-51399745_ISM_run-61_target-7.64_1	1085	G	T
ISL1_chr5:51398819-51399745_ISM_run-61_target-7.64_1	1095	T	C
ISL1_chr5:51398819-51399745_ISM_run-61_target-7.64_1	1097	T	C
ISL1_chr5:51398819-51399745_ISM_run-61_target-7.64_1	1104	G	A
ISL1_chr5:51398819-51399745_ISM_run-61_target-7.64_1	1133	C	G
ISL1_chr5:51398819-51399745_ISM_run-62_target-7.64_1	922	T	A
ISL1_chr5:51398819-51399745_ISM_run-62_target-7.64_1	939	T	A
ISL1_chr5:51398819-51399745_ISM_run-62_target-7.64_1	1032	A	T
ISL1_chr5:51398819-51399745_ISM_run-62_target-7.64_1	1128	A	T
ISL1_chr5:51398819-51399745_ISM_run-62_target-7.64_1	1132	C	G
ISL1_chr5:51398819-51399745_ISM_run-62_target-7.64_1	1133	C	G
ISL1_chr5:51398819-51399745_ISM_run-63_target-7.64_1	1032	A	T
ISL1_chr5:51398819-51399745_ISM_run-63_target-7.64_1	1037	C	A
ISL1_chr5:51398819-51399745_ISM_run-63_target-7.64_1	1093	C	A
ISL1_chr5:51398819-51399745_ISM_run-63_target-7.64_1	1095	T	A
ISL1_chr5:51398819-51399745_ISM_run-63_target-7.64_1	1151	T	G
ISL1_chr5:51398819-51399745_ISM_run-64_target-7.64_1	939	T	A
ISL1_chr5:51398819-51399745_ISM_run-64_target-7.64_1	942	A	T
ISL1_chr5:51398819-51399745_ISM_run-64_target-7.64_1	982	C	A
ISL1_chr5:51398819-51399745_ISM_run-64_target-7.64_1	1052	C	G
ISL1_chr5:51398819-51399745_ISM_run-64_target-7.64_1	1053	C	T
ISL1_chr5:51398819-51399745_ISM_run-64_target-7.64_1	1093	C	A
ISL1_chr5:51398819-51399745_ISM_run-64_target-7.64_1	1095	T	A
ISL1_chr5:51398819-51399745_ISM_run-65_target-7.64_1	1052	C	G
ISL1_chr5:51398819-51399745_ISM_run-65_target-7.64_1	1064	A	G
ISL1_chr5:51398819-51399745_ISM_run-65_target-7.64_1	1078	C	G
ISL1_chr5:51398819-51399745_ISM_run-65_target-7.64_1	1086	C	T
ISL1_chr5:51398819-51399745_ISM_run-65_target-7.64_1	1095	T	A
ISL1_chr5:51398819-51399745_ISM_run-65_target-7.64_1	1132	C	G
ISL1_chr5:51398819-51399745_ISM_run-66_target-7.64_1	1052	C	G
ISL1_chr5:51398819-51399745_ISM_run-66_target-7.64_1	1064	A	G
ISL1_chr5:51398819-51399745_ISM_run-66_target-7.64_1	1065	G	A
ISL1_chr5:51398819-51399745_ISM_run-66_target-7.64_1	1132	C	G
ISL1_chr5:51398819-51399745_ISM_run-66_target-7.64_1	1182	G	A
ISL1_chr5:51398819-51399745_ISM_run-66_target-7.64_1	1190	G	C
ISL1_chr5:51398819-51399745_ISM_run-67_target-7.64_1	1052	C	G
ISL1_chr5:51398819-51399745_ISM_run-67_target-7.64_1	1096	G	A
ISL1_chr5:51398819-51399745_ISM_run-67_target-7.64_1	1128	A	T
ISL1_chr5:51398819-51399745_ISM_run-67_target-7.64_1	1132	C	G
ISL1_chr5:51398819-51399745_ISM_run-67_target-7.64_1	1163	C	A
ISL1_chr5:51398819-51399745_ISM_run-67_target-7.64_1	1165	T	G
ISL1_chr5:51398819-51399745_ISM_run-67_target-7.64_1	1179	G	C
ISL1_chr5:51398819-51399745_ISM_run-68_target-7.64_1	1052	C	G
ISL1_chr5:51398819-51399745_ISM_run-68_target-7.64_1	1063	C	T
ISL1_chr5:51398819-51399745_ISM_run-68_target-7.64_1	1095	T	A
ISL1_chr5:51398819-51399745_ISM_run-68_target-7.64_1	1168	T	G
ISL1_chr5:51398819-51399745_ISM_run-68_target-7.64_1	1182	G	A
ISL1_chr5:51398819-51399745_ISM_run-68_target-7.64_1	1190	G	C
ISL1_chr5:51398819-51399745_ISM_run-69_target-7.64_1	1052	C	G
ISL1_chr5:51398819-51399745_ISM_run-69_target-7.64_1	1093	C	A
ISL1_chr5:51398819-51399745_ISM_run-69_target-7.64_1	1095	T	A
ISL1_chr5:51398819-51399745_ISM_run-69_target-7.64_1	1099	A	C
ISL1_chr5:51398819-51399745_ISM_run-70_target-7.64_1	1015	G	C
ISL1_chr5:51398819-51399745_ISM_run-70_target-7.64_1	1024	C	A
ISL1_chr5:51398819-51399745_ISM_run-70_target-7.64_1	1031	C	A
ISL1_chr5:51398819-51399745_ISM_run-70_target-7.64_1	1032	A	T
ISL1_chr5:51398819-51399745_ISM_run-70_target-7.64_1	1135	T	G
ISL1_chr5:51398819-51399745_ISM_run-70_target-7.64_1	1146	C	G
ISL1_chr5:51398819-51399745_ISM_run-70_target-7.64_1	1182	G	A
ISL1_chr5:51398819-51399745_ISM_run-70_target-7.64_1	1190	G	C
ISL1_chr5:51398819-51399745_ISM_run-71_target-7.64_1	1052	C	G
ISL1_chr5:51398819-51399745_ISM_run-71_target-7.64_1	1064	A	G
ISL1_chr5:51398819-51399745_ISM_run-71_target-7.64_1	1084	G	C
ISL1_chr5:51398819-51399745_ISM_run-71_target-7.64_1	1095	T	C
ISL1_chr5:51398819-51399745_ISM_run-71_target-7.64_1	1099	A	T
ISL1_chr5:51398819-51399745_ISM_run-71_target-7.64_1	1106	A	T
ISL1_chr5:51398819-51399745_ISM_run-71_target-7.64_1	1163	C	A
ISL1_chr5:51398819-51399745_ISM_run-72_target-7.64_1	1023	G	T
ISL1_chr5:51398819-51399745_ISM_run-72_target-7.64_1	1032	A	T
ISL1_chr5:51398819-51399745_ISM_run-72_target-7.64_1	1039	G	T
ISL1_chr5:51398819-51399745_ISM_run-72_target-7.64_1	1052	C	G
ISL1_chr5:51398819-51399745_ISM_run-72_target-7.64_1	1095	T	A
ISL1_chr5:51398819-51399745_ISM_run-72_target-7.64_1	1190	G	C
ISL1_chr5:51398819-51399745_ISM_run-73_target-7.64_1	1086	C	T
ISL1_chr5:51398819-51399745_ISM_run-73_target-7.64_1	1111	T	G
ISL1_chr5:51398819-51399745_ISM_run-73_target-7.64_1	1128	A	T
ISL1_chr5:51398819-51399745_ISM_run-73_target-7.64_1	1132	C	G
ISL1_chr5:51398819-51399745_ISM_run-73_target-7.64_1	1182	G	C
ISL1_chr5:51398819-51399745_ISM_run-73_target-7.64_1	1190	G	C
ISL1_chr5:51398819-51399745_ISM_run-74_target-7.64_1	939	T	A
ISL1_chr5:51398819-51399745_ISM_run-74_target-7.64_1	1031	C	A
ISL1_chr5:51398819-51399745_ISM_run-74_target-7.64_1	1032	A	T
ISL1_chr5:51398819-51399745_ISM_run-74_target-7.64_1	1093	C	A
ISL1_chr5:51398819-51399745_ISM_run-74_target-7.64_1	1095	T	A
ISL1_chr5:51398819-51399745_ISM_run-75_target-7.64_1	975	C	A
ISL1_chr5:51398819-51399745_ISM_run-75_target-7.64_1	1022	G	T
ISL1_chr5:51398819-51399745_ISM_run-75_target-7.64_1	1030	C	T
ISL1_chr5:51398819-51399745_ISM_run-75_target-7.64_1	1052	C	G
ISL1_chr5:51398819-51399745_ISM_run-75_target-7.64_1	1060	G	A
ISL1_chr5:51398819-51399745_ISM_run-75_target-7.64_1	1095	T	A
ISL1_chr5:51398819-51399745_ISM_run-76_target-7.64_1	982	C	A
ISL1_chr5:51398819-51399745_ISM_run-76_target-7.64_1	1031	C	A
ISL1_chr5:51398819-51399745_ISM_run-76_target-7.64_1	1032	A	T
ISL1_chr5:51398819-51399745_ISM_run-76_target-7.64_1	1037	C	A
ISL1_chr5:51398819-51399745_ISM_run-76_target-7.64_1	1095	T	A
ISL1_chr5:51398819-51399745_ISM_run-76_target-7.64_1	1146	C	G
ISL1_chr5:51398819-51399745_ISM_run-77_target-7.64_1	939	T	A
ISL1_chr5:51398819-51399745_ISM_run-77_target-7.64_1	982	C	A
ISL1_chr5:51398819-51399745_ISM_run-77_target-7.64_1	1032	A	T
ISL1_chr5:51398819-51399745_ISM_run-77_target-7.64_1	1052	C	G
ISL1_chr5:51398819-51399745_ISM_run-77_target-7.64_1	1128	A	T
ISL1_chr5:51398819-51399745_ISM_run-77_target-7.64_1	1132	C	G
ISL1_chr5:51398819-51399745_ISM_run-77_target-7.64_1	1133	C	A
ISL1_chr5:51398819-51399745_ISM_run-78_target-7.64_1	982	C	A
ISL1_chr5:51398819-51399745_ISM_run-78_target-7.64_1	1023	G	C
ISL1_chr5:51398819-51399745_ISM_run-78_target-7.64_1	1032	A	T
ISL1_chr5:51398819-51399745_ISM_run-78_target-7.64_1	1037	C	G
ISL1_chr5:51398819-51399745_ISM_run-78_target-7.64_1	1052	C	G
ISL1_chr5:51398819-51399745_ISM_run-78_target-7.64_1	1084	G	C
ISL1_chr5:51398819-51399745_ISM_run-79_target-7.64_1	976	T	C
ISL1_chr5:51398819-51399745_ISM_run-79_target-7.64_1	982	C	T
ISL1_chr5:51398819-51399745_ISM_run-79_target-7.64_1	1032	A	T
ISL1_chr5:51398819-51399745_ISM_run-79_target-7.64_1	1037	C	A
ISL1_chr5:51398819-51399745_ISM_run-79_target-7.64_1	1039	G	T
ISL1_chr5:51398819-51399745_ISM_run-79_target-7.64_1	1052	C	G
ISL1_chr5:51398819-51399745_ISM_run-79_target-7.64_1	1151	T	C
ISL1_chr5:51398819-51399745_ISM_run-80_target-7.64_1	1052	C	G
ISL1_chr5:51398819-51399745_ISM_run-80_target-7.64_1	1151	T	G
ISL1_chr5:51398819-51399745_ISM_run-80_target-7.64_1	1154	A	C
ISL1_chr5:51398819-51399745_ISM_run-80_target-7.64_1	1165	T	G
ISL1_chr5:51398819-51399745_ISM_run-80_target-7.64_1	1182	G	A
ISL1_chr5:51398819-51399745_ISM_run-80_target-7.64_1	1190	G	T
ISL1_chr5:51398819-51399745_ISM_run-81_target-7.64_1	1052	C	G
ISL1_chr5:51398819-51399745_ISM_run-81_target-7.64_1	1065	G	A
ISL1_chr5:51398819-51399745_ISM_run-81_target-7.64_1	1093	C	A
ISL1_chr5:51398819-51399745_ISM_run-81_target-7.64_1	1095	T	A
ISL1_chr5:51398819-51399745_ISM_run-81_target-7.64_1	1096	G	T
ISL1_chr5:51398819-51399745_ISM_run-82_target-7.64_1	982	C	A
ISL1_chr5:51398819-51399745_ISM_run-82_target-7.64_1	1000	G	C
ISL1_chr5:51398819-51399745_ISM_run-82_target-7.64_1	1022	G	T
ISL1_chr5:51398819-51399745_ISM_run-82_target-7.64_1	1032	A	T
ISL1_chr5:51398819-51399745_ISM_run-82_target-7.64_1	1037	C	A
ISL1_chr5:51398819-51399745_ISM_run-82_target-7.64_1	1095	T	A
ISL1_chr5:51398819-51399745_ISM_run-83_target-7.64_1	1091	C	A
ISL1_chr5:51398819-51399745_ISM_run-83_target-7.64_1	1128	A	T
ISL1_chr5:51398819-51399745_ISM_run-83_target-7.64_1	1132	C	G
ISL1_chr5:51398819-51399745_ISM_run-83_target-7.64_1	1135	T	C
ISL1_chr5:51398819-51399745_ISM_run-83_target-7.64_1	1145	C	A
ISL1_chr5:51398819-51399745_ISM_run-84_target-7.64_1	974	T	C
ISL1_chr5:51398819-51399745_ISM_run-84_target-7.64_1	982	C	A
ISL1_chr5:51398819-51399745_ISM_run-84_target-7.64_1	1031	C	A
ISL1_chr5:51398819-51399745_ISM_run-84_target-7.64_1	1032	A	T
ISL1_chr5:51398819-51399745_ISM_run-85_target-7.64_1	1052	C	G
ISL1_chr5:51398819-51399745_ISM_run-85_target-7.64_1	1095	T	C
ISL1_chr5:51398819-51399745_ISM_run-85_target-7.64_1	1129	G	A
ISL1_chr5:51398819-51399745_ISM_run-85_target-7.64_1	1132	C	G
ISL1_chr5:51398819-51399745_ISM_run-85_target-7.64_1	1133	C	G
ISL1_chr5:51398819-51399745_ISM_run-85_target-7.64_1	1135	T	C
ISL1_chr5:51398819-51399745_ISM_run-86_target-7.64_1	1084	G	C
ISL1_chr5:51398819-51399745_ISM_run-86_target-7.64_1	1095	T	A
ISL1_chr5:51398819-51399745_ISM_run-86_target-7.64_1	1132	C	G
ISL1_chr5:51398819-51399745_ISM_run-86_target-7.64_1	1133	C	G
ISL1_chr5:51398819-51399745_ISM_run-86_target-7.64_1	1135	T	C
ISL1_chr5:51398819-51399745_ISM_run-86_target-7.64_1	1163	C	A
ISL1_chr5:51398819-51399745_ISM_run-87_target-7.64_1	1093	C	A
ISL1_chr5:51398819-51399745_ISM_run-87_target-7.64_1	1095	T	A
ISL1_chr5:51398819-51399745_ISM_run-87_target-7.64_1	1106	A	G
ISL1_chr5:51398819-51399745_ISM_run-87_target-7.64_1	1151	T	G
ISL1_chr5:51398819-51399745_ISM_run-87_target-7.64_1	1182	G	A
ISL1_chr5:51398819-51399745_ISM_run-88_target-7.64_1	963	T	C
ISL1_chr5:51398819-51399745_ISM_run-88_target-7.64_1	982	C	A
ISL1_chr5:51398819-51399745_ISM_run-88_target-7.64_1	1128	A	T
ISL1_chr5:51398819-51399745_ISM_run-88_target-7.64_1	1132	C	G
ISL1_chr5:51398819-51399745_ISM_run-88_target-7.64_1	1133	C	G
ISL1_chr5:51398819-51399745_ISM_run-88_target-7.64_1	1135	T	A
ISL1_chr5:51398819-51399745_ISM_run-89_target-7.64_1	922	T	A
ISL1_chr5:51398819-51399745_ISM_run-89_target-7.64_1	936	T	A
ISL1_chr5:51398819-51399745_ISM_run-89_target-7.64_1	939	T	A
ISL1_chr5:51398819-51399745_ISM_run-89_target-7.64_1	950	A	C
ISL1_chr5:51398819-51399745_ISM_run-89_target-7.64_1	957	A	G
ISL1_chr5:51398819-51399745_ISM_run-89_target-7.64_1	974	T	C
ISL1_chr5:51398819-51399745_ISM_run-89_target-7.64_1	1032	A	T
ISL1_chr5:51398819-51399745_ISM_run-89_target-7.64_1	1063	C	A
ISL1_chr5:51398819-51399745_ISM_run-90_target-7.64_1	1032	A	T
ISL1_chr5:51398819-51399745_ISM_run-90_target-7.64_1	1037	C	G
ISL1_chr5:51398819-51399745_ISM_run-90_target-7.64_1	1086	C	T
ISL1_chr5:51398819-51399745_ISM_run-90_target-7.64_1	1132	C	G
ISL1_chr5:51398819-51399745_ISM_run-90_target-7.64_1	1158	C	G
ISL1_chr5:51398819-51399745_ISM_run-90_target-7.64_1	1182	G	A
ISL1_chr5:51398819-51399745_ISM_run-90_target-7.64_1	1190	G	T
ISL1_chr5:51398819-51399745_ISM_run-91_target-7.64_1	1095	T	A
ISL1_chr5:51398819-51399745_ISM_run-91_target-7.64_1	1097	T	A
ISL1_chr5:51398819-51399745_ISM_run-91_target-7.64_1	1132	C	G
ISL1_chr5:51398819-51399745_ISM_run-91_target-7.64_1	1143	T	G
ISL1_chr5:51398819-51399745_ISM_run-91_target-7.64_1	1163	C	A
ISL1_chr5:51398819-51399745_ISM_run-91_target-7.64_1	1182	G	A
ISL1_chr5:51398819-51399745_ISM_run-92_target-7.64_1	939	T	A
ISL1_chr5:51398819-51399745_ISM_run-92_target-7.64_1	942	A	T
ISL1_chr5:51398819-51399745_ISM_run-92_target-7.64_1	982	C	A
ISL1_chr5:51398819-51399745_ISM_run-92_target-7.64_1	1015	G	A
ISL1_chr5:51398819-51399745_ISM_run-92_target-7.64_1	1031	C	A
ISL1_chr5:51398819-51399745_ISM_run-92_target-7.64_1	1032	A	T
ISL1_chr5:51398819-51399745_ISM_run-92_target-7.64_1	1037	C	A
ISL1_chr5:51398819-51399745_ISM_run-93_target-7.64_1	939	T	A
ISL1_chr5:51398819-51399745_ISM_run-93_target-7.64_1	1052	C	G
ISL1_chr5:51398819-51399745_ISM_run-93_target-7.64_1	1095	T	A
ISL1_chr5:51398819-51399745_ISM_run-93_target-7.64_1	1099	A	C
ISL1_chr5:51398819-51399745_ISM_run-93_target-7.64_1	1125	C	G
ISL1_chr5:51398819-51399745_ISM_run-93_target-7.64_1	1163	C	A
ISL1_chr5:51398819-51399745_ISM_run-93_target-7.64_1	1182	G	A
ISL1_chr5:51398819-51399745_ISM_run-94_target-7.64_1	982	C	A
ISL1_chr5:51398819-51399745_ISM_run-94_target-7.64_1	1052	C	G
ISL1_chr5:51398819-51399745_ISM_run-94_target-7.64_1	1093	C	A
ISL1_chr5:51398819-51399745_ISM_run-94_target-7.64_1	1095	T	A
ISL1_chr5:51398819-51399745_ISM_run-94_target-7.64_1	1132	C	G
ISL1_chr5:51398819-51399745_ISM_run-95_target-7.64_1	1095	T	A
ISL1_chr5:51398819-51399745_ISM_run-95_target-7.64_1	1128	A	T
ISL1_chr5:51398819-51399745_ISM_run-95_target-7.64_1	1132	C	G
ISL1_chr5:51398819-51399745_ISM_run-95_target-7.64_1	1182	G	A
ISL1_chr5:51398819-51399745_ISM_run-95_target-7.64_1	1190	G	C
ISL1_chr5:51398819-51399745_ISM_run-96_target-7.64_1	1095	T	A
ISL1_chr5:51398819-51399745_ISM_run-96_target-7.64_1	1128	A	T
ISL1_chr5:51398819-51399745_ISM_run-96_target-7.64_1	1132	C	G
ISL1_chr5:51398819-51399745_ISM_run-96_target-7.64_1	1143	T	G
ISL1_chr5:51398819-51399745_ISM_run-96_target-7.64_1	1182	G	A
ISL1_chr5:51398819-51399745_ISM_run-97_target-7.64_1	1084	G	C
ISL1_chr5:51398819-51399745_ISM_run-97_target-7.64_1	1124	C	G
ISL1_chr5:51398819-51399745_ISM_run-97_target-7.64_1	1133	C	G
ISL1_chr5:51398819-51399745_ISM_run-97_target-7.64_1	1157	C	G
ISL1_chr5:51398819-51399745_ISM_run-97_target-7.64_1	1165	T	C
ISL1_chr5:51398819-51399745_ISM_run-97_target-7.64_1	1168	T	G
ISL1_chr5:51398819-51399745_ISM_run-97_target-7.64_1	1182	G	A
ISL1_chr5:51398819-51399745_ISM_run-97_target-7.64_1	1190	G	T
ISL1_chr5:51398819-51399745_ISM_run-98_target-7.64_1	1052	C	G
ISL1_chr5:51398819-51399745_ISM_run-98_target-7.64_1	1065	G	A
ISL1_chr5:51398819-51399745_ISM_run-98_target-7.64_1	1073	C	A
ISL1_chr5:51398819-51399745_ISM_run-98_target-7.64_1	1084	G	C
ISL1_chr5:51398819-51399745_ISM_run-98_target-7.64_1	1132	C	G
ISL1_chr5:51398819-51399745_ISM_run-99_target-7.64_1	1052	C	G
ISL1_chr5:51398819-51399745_ISM_run-99_target-7.64_1	1128	A	C
ISL1_chr5:51398819-51399745_ISM_run-99_target-7.64_1	1132	C	G
ISL1_chr5:51398819-51399745_ISM_run-99_target-7.64_1	1133	C	G
ISL1_chr5:51398819-51399745_ISM_run-99_target-7.64_1	1182	G	A
ISL1_chr5:51398819-51399745_ISM_run-100_target-7.64_1	1052	C	G
ISL1_chr5:51398819-51399745_ISM_run-100_target-7.64_1	1093	C	A
ISL1_chr5:51398819-51399745_ISM_run-100_target-7.64_1	1095	T	A
ISL1_chr5:51398819-51399745_ISM_run-100_target-7.64_1	1182	G	A
ISL1_chr5:51398819-51399745_ISM_run-1_target-10.88_1	926	G	C
ISL1_chr5:51398819-51399745_ISM_run-1_target-10.88_1	966	A	T
ISL1_chr5:51398819-51399745_ISM_run-1_target-10.88_1	990	T	C
ISL1_chr5:51398819-51399745_ISM_run-1_target-10.88_1	1060	G	T
ISL1_chr5:51398819-51399745_ISM_run-1_target-10.88_1	1083	C	A
ISL1_chr5:51398819-51399745_ISM_run-1_target-10.88_1	1093	C	A
ISL1_chr5:51398819-51399745_ISM_run-1_target-10.88_1	1095	T	A
ISL1_chr5:51398819-51399745_ISM_run-1_target-10.88_1	1099	A	C
ISL1_chr5:51398819-51399745_ISM_run-1_target-10.88_1	1116	C	G
ISL1_chr5:51398819-51399745_ISM_run-1_target-10.88_1	1144	A	T
ISL1_chr5:51398819-51399745_ISM_run-1_target-10.88_1	1151	T	G
ISL1_chr5:51398819-51399745_ISM_run-1_target-10.88_1	1154	A	C
ISL1_chr5:51398819-51399745_ISM_run-1_target-10.88_1	1165	T	G
ISL1_chr5:51398819-51399745_ISM_run-1_target-10.88_1	1182	G	A
ISL1_chr5:51398819-51399745_ISM_run-1_target-10.88_1	1190	G	C
ISL1_chr5:51398819-51399745_ISM_run-2_target-10.88_1	1026	T	A
ISL1_chr5:51398819-51399745_ISM_run-2_target-10.88_1	1032	A	T
ISL1_chr5:51398819-51399745_ISM_run-2_target-10.88_1	1034	C	G
ISL1_chr5:51398819-51399745_ISM_run-2_target-10.88_1	1044	T	C
ISL1_chr5:51398819-51399745_ISM_run-2_target-10.88_1	1052	C	G
ISL1_chr5:51398819-51399745_ISM_run-2_target-10.88_1	1064	A	G
ISL1_chr5:51398819-51399745_ISM_run-2_target-10.88_1	1086	C	G
ISL1_chr5:51398819-51399745_ISM_run-2_target-10.88_1	1090	G	T
ISL1_chr5:51398819-51399745_ISM_run-2_target-10.88_1	1095	T	A
ISL1_chr5:51398819-51399745_ISM_run-2_target-10.88_1	1097	T	A
ISL1_chr5:51398819-51399745_ISM_run-2_target-10.88_1	1106	A	T
ISL1_chr5:51398819-51399745_ISM_run-2_target-10.88_1	1151	T	G
ISL1_chr5:51398819-51399745_ISM_run-2_target-10.88_1	1158	C	G
ISL1_chr5:51398819-51399745_ISM_run-2_target-10.88_1	1182	G	A
ISL1_chr5:51398819-51399745_ISM_run-3_target-10.88_1	922	T	A
ISL1_chr5:51398819-51399745_ISM_run-3_target-10.88_1	939	T	A
ISL1_chr5:51398819-51399745_ISM_run-3_target-10.88_1	974	T	C
ISL1_chr5:51398819-51399745_ISM_run-3_target-10.88_1	982	C	A
ISL1_chr5:51398819-51399745_ISM_run-3_target-10.88_1	985	C	G
ISL1_chr5:51398819-51399745_ISM_run-3_target-10.88_1	1015	G	A
ISL1_chr5:51398819-51399745_ISM_run-3_target-10.88_1	1025	G	T
ISL1_chr5:51398819-51399745_ISM_run-3_target-10.88_1	1032	A	T
ISL1_chr5:51398819-51399745_ISM_run-3_target-10.88_1	1037	C	A
ISL1_chr5:51398819-51399745_ISM_run-3_target-10.88_1	1041	C	A
ISL1_chr5:51398819-51399745_ISM_run-3_target-10.88_1	1069	C	T
ISL1_chr5:51398819-51399745_ISM_run-3_target-10.88_1	1093	C	A
ISL1_chr5:51398819-51399745_ISM_run-3_target-10.88_1	1095	T	A
ISL1_chr5:51398819-51399745_ISM_run-3_target-10.88_1	1096	G	C
ISL1_chr5:51398819-51399745_ISM_run-4_target-10.88_1	970	G	T
ISL1_chr5:51398819-51399745_ISM_run-4_target-10.88_1	1010	A	T
ISL1_chr5:51398819-51399745_ISM_run-4_target-10.88_1	1026	T	G
ISL1_chr5:51398819-51399745_ISM_run-4_target-10.88_1	1027	G	C
ISL1_chr5:51398819-51399745_ISM_run-4_target-10.88_1	1044	T	C
ISL1_chr5:51398819-51399745_ISM_run-4_target-10.88_1	1052	C	G
ISL1_chr5:51398819-51399745_ISM_run-4_target-10.88_1	1085	G	A
ISL1_chr5:51398819-51399745_ISM_run-4_target-10.88_1	1093	C	A
ISL1_chr5:51398819-51399745_ISM_run-4_target-10.88_1	1095	T	A
ISL1_chr5:51398819-51399745_ISM_run-4_target-10.88_1	1099	A	C
ISL1_chr5:51398819-51399745_ISM_run-4_target-10.88_1	1132	C	G
ISL1_chr5:51398819-51399745_ISM_run-4_target-10.88_1	1135	T	C
ISL1_chr5:51398819-51399745_ISM_run-4_target-10.88_1	1163	C	A
ISL1_chr5:51398819-51399745_ISM_run-4_target-10.88_1	1165	T	G
ISL1_chr5:51398819-51399745_ISM_run-4_target-10.88_1	1182	G	A
ISL1_chr5:51398819-51399745_ISM_run-5_target-10.88_1	950	A	G
ISL1_chr5:51398819-51399745_ISM_run-5_target-10.88_1	962	A	G
ISL1_chr5:51398819-51399745_ISM_run-5_target-10.88_1	966	A	C
ISL1_chr5:51398819-51399745_ISM_run-5_target-10.88_1	975	C	A
ISL1_chr5:51398819-51399745_ISM_run-5_target-10.88_1	983	C	G
ISL1_chr5:51398819-51399745_ISM_run-5_target-10.88_1	999	T	G
ISL1_chr5:51398819-51399745_ISM_run-5_target-10.88_1	1015	G	T
ISL1_chr5:51398819-51399745_ISM_run-5_target-10.88_1	1024	C	A
ISL1_chr5:51398819-51399745_ISM_run-5_target-10.88_1	1032	A	T
ISL1_chr5:51398819-51399745_ISM_run-5_target-10.88_1	1037	C	G
ISL1_chr5:51398819-51399745_ISM_run-5_target-10.88_1	1093	C	A
ISL1_chr5:51398819-51399745_ISM_run-5_target-10.88_1	1095	T	A
ISL1_chr5:51398819-51399745_ISM_run-5_target-10.88_1	1145	C	G
ISL1_chr5:51398819-51399745_ISM_run-5_target-10.88_1	1158	C	G
ISL1_chr5:51398819-51399745_ISM_run-5_target-10.88_1	1163	C	A
ISL1_chr5:51398819-51399745_ISM_run-6_target-10.88_1	966	A	C
ISL1_chr5:51398819-51399745_ISM_run-6_target-10.88_1	990	T	C
ISL1_chr5:51398819-51399745_ISM_run-6_target-10.88_1	1030	C	A
ISL1_chr5:51398819-51399745_ISM_run-6_target-10.88_1	1035	G	T
ISL1_chr5:51398819-51399745_ISM_run-6_target-10.88_1	1052	C	G
ISL1_chr5:51398819-51399745_ISM_run-6_target-10.88_1	1063	C	T
ISL1_chr5:51398819-51399745_ISM_run-6_target-10.88_1	1074	G	T
ISL1_chr5:51398819-51399745_ISM_run-6_target-10.88_1	1084	G	C
ISL1_chr5:51398819-51399745_ISM_run-6_target-10.88_1	1086	C	G
ISL1_chr5:51398819-51399745_ISM_run-6_target-10.88_1	1095	T	A
ISL1_chr5:51398819-51399745_ISM_run-6_target-10.88_1	1097	T	A
ISL1_chr5:51398819-51399745_ISM_run-6_target-10.88_1	1125	C	A
ISL1_chr5:51398819-51399745_ISM_run-6_target-10.88_1	1128	A	T
ISL1_chr5:51398819-51399745_ISM_run-6_target-10.88_1	1132	C	G
ISL1_chr5:51398819-51399745_ISM_run-6_target-10.88_1	1163	C	A
ISL1_chr5:51398819-51399745_ISM_run-7_target-10.88_1	988	C	A
ISL1_chr5:51398819-51399745_ISM_run-7_target-10.88_1	996	C	A
ISL1_chr5:51398819-51399745_ISM_run-7_target-10.88_1	999	T	C
ISL1_chr5:51398819-51399745_ISM_run-7_target-10.88_1	1027	G	A
ISL1_chr5:51398819-51399745_ISM_run-7_target-10.88_1	1031	C	T
ISL1_chr5:51398819-51399745_ISM_run-7_target-10.88_1	1052	C	G
ISL1_chr5:51398819-51399745_ISM_run-7_target-10.88_1	1063	C	T
ISL1_chr5:51398819-51399745_ISM_run-7_target-10.88_1	1065	G	C
ISL1_chr5:51398819-51399745_ISM_run-7_target-10.88_1	1085	G	C
ISL1_chr5:51398819-51399745_ISM_run-7_target-10.88_1	1086	C	T
ISL1_chr5:51398819-51399745_ISM_run-7_target-10.88_1	1095	T	A
ISL1_chr5:51398819-51399745_ISM_run-7_target-10.88_1	1097	T	A
ISL1_chr5:51398819-51399745_ISM_run-7_target-10.88_1	1132	C	G
ISL1_chr5:51398819-51399745_ISM_run-7_target-10.88_1	1151	T	C
ISL1_chr5:51398819-51399745_ISM_run-7_target-10.88_1	1163	C	A
ISL1_chr5:51398819-51399745_ISM_run-8_target-10.88_1	925	A	C
ISL1_chr5:51398819-51399745_ISM_run-8_target-10.88_1	930	G	T
ISL1_chr5:51398819-51399745_ISM_run-8_target-10.88_1	939	T	G
ISL1_chr5:51398819-51399745_ISM_run-8_target-10.88_1	949	A	C
ISL1_chr5:51398819-51399745_ISM_run-8_target-10.88_1	966	A	C
ISL1_chr5:51398819-51399745_ISM_run-8_target-10.88_1	970	G	C
ISL1_chr5:51398819-51399745_ISM_run-8_target-10.88_1	975	C	A
ISL1_chr5:51398819-51399745_ISM_run-8_target-10.88_1	1026	T	G
ISL1_chr5:51398819-51399745_ISM_run-8_target-10.88_1	1031	C	A
ISL1_chr5:51398819-51399745_ISM_run-8_target-10.88_1	1032	A	T
ISL1_chr5:51398819-51399745_ISM_run-8_target-10.88_1	1041	C	A
ISL1_chr5:51398819-51399745_ISM_run-8_target-10.88_1	1086	C	G
ISL1_chr5:51398819-51399745_ISM_run-8_target-10.88_1	1095	T	A
ISL1_chr5:51398819-51399745_ISM_run-8_target-10.88_1	1146	C	G
ISL1_chr5:51398819-51399745_ISM_run-8_target-10.88_1	1184	C	A
ISL1_chr5:51398819-51399745_ISM_run-9_target-10.88_1	967	T	G
ISL1_chr5:51398819-51399745_ISM_run-9_target-10.88_1	990	T	C
ISL1_chr5:51398819-51399745_ISM_run-9_target-10.88_1	1012	G	C
ISL1_chr5:51398819-51399745_ISM_run-9_target-10.88_1	1027	G	C
ISL1_chr5:51398819-51399745_ISM_run-9_target-10.88_1	1044	T	C
ISL1_chr5:51398819-51399745_ISM_run-9_target-10.88_1	1052	C	G
ISL1_chr5:51398819-51399745_ISM_run-9_target-10.88_1	1064	A	G
ISL1_chr5:51398819-51399745_ISM_run-9_target-10.88_1	1065	G	A
ISL1_chr5:51398819-51399745_ISM_run-9_target-10.88_1	1073	C	A
ISL1_chr5:51398819-51399745_ISM_run-9_target-10.88_1	1084	G	C
ISL1_chr5:51398819-51399745_ISM_run-9_target-10.88_1	1087	A	T
ISL1_chr5:51398819-51399745_ISM_run-9_target-10.88_1	1095	T	A
ISL1_chr5:51398819-51399745_ISM_run-9_target-10.88_1	1106	A	G
ISL1_chr5:51398819-51399745_ISM_run-9_target-10.88_1	1132	C	G
ISL1_chr5:51398819-51399745_ISM_run-9_target-10.88_1	1157	C	G
ISL1_chr5:51398819-51399745_ISM_run-10_target-10.88_1	1052	C	G
ISL1_chr5:51398819-51399745_ISM_run-10_target-10.88_1	1063	C	A
ISL1_chr5:51398819-51399745_ISM_run-10_target-10.88_1	1065	G	A
ISL1_chr5:51398819-51399745_ISM_run-10_target-10.88_1	1079	G	A
ISL1_chr5:51398819-51399745_ISM_run-10_target-10.88_1	1084	G	C
ISL1_chr5:51398819-51399745_ISM_run-10_target-10.88_1	1086	C	G
ISL1_chr5:51398819-51399745_ISM_run-10_target-10.88_1	1095	T	C
ISL1_chr5:51398819-51399745_ISM_run-10_target-10.88_1	1097	T	C
ISL1_chr5:51398819-51399745_ISM_run-10_target-10.88_1	1105	C	A
ISL1_chr5:51398819-51399745_ISM_run-10_target-10.88_1	1125	C	A
ISL1_chr5:51398819-51399745_ISM_run-10_target-10.88_1	1132	C	G
ISL1_chr5:51398819-51399745_ISM_run-10_target-10.88_1	1151	T	C
ISL1_chr5:51398819-51399745_ISM_run-10_target-10.88_1	1163	C	A
ISL1_chr5:51398819-51399745_ISM_run-10_target-10.88_1	1182	G	A
ISL1_chr5:51398819-51399745_ISM_run-10_target-10.88_1	1190	G	T
ISL1_chr5:51398819-51399745_ISM_run-11_target-10.88_1	922	T	G
ISL1_chr5:51398819-51399745_ISM_run-11_target-10.88_1	932	T	G
ISL1_chr5:51398819-51399745_ISM_run-11_target-10.88_1	936	T	A
ISL1_chr5:51398819-51399745_ISM_run-11_target-10.88_1	939	T	A
ISL1_chr5:51398819-51399745_ISM_run-11_target-10.88_1	950	A	G
ISL1_chr5:51398819-51399745_ISM_run-11_target-10.88_1	963	T	A
ISL1_chr5:51398819-51399745_ISM_run-11_target-10.88_1	974	T	G
ISL1_chr5:51398819-51399745_ISM_run-11_target-10.88_1	982	C	A
ISL1_chr5:51398819-51399745_ISM_run-11_target-10.88_1	990	T	C
ISL1_chr5:51398819-51399745_ISM_run-11_target-10.88_1	1020	C	A
ISL1_chr5:51398819-51399745_ISM_run-11_target-10.88_1	1030	C	T
ISL1_chr5:51398819-51399745_ISM_run-11_target-10.88_1	1052	C	G
ISL1_chr5:51398819-51399745_ISM_run-11_target-10.88_1	1063	C	T
ISL1_chr5:51398819-51399745_ISM_run-11_target-10.88_1	1093	C	A
ISL1_chr5:51398819-51399745_ISM_run-11_target-10.88_1	1095	T	A
ISL1_chr5:51398819-51399745_ISM_run-12_target-10.88_1	922	T	A
ISL1_chr5:51398819-51399745_ISM_run-12_target-10.88_1	937	T	C
ISL1_chr5:51398819-51399745_ISM_run-12_target-10.88_1	939	T	A
ISL1_chr5:51398819-51399745_ISM_run-12_target-10.88_1	945	G	C
ISL1_chr5:51398819-51399745_ISM_run-12_target-10.88_1	948	G	T
ISL1_chr5:51398819-51399745_ISM_run-12_target-10.88_1	982	C	A
ISL1_chr5:51398819-51399745_ISM_run-12_target-10.88_1	1052	C	G
ISL1_chr5:51398819-51399745_ISM_run-12_target-10.88_1	1064	A	C
ISL1_chr5:51398819-51399745_ISM_run-12_target-10.88_1	1096	G	T
ISL1_chr5:51398819-51399745_ISM_run-12_target-10.88_1	1128	A	T
ISL1_chr5:51398819-51399745_ISM_run-12_target-10.88_1	1132	C	G
ISL1_chr5:51398819-51399745_ISM_run-12_target-10.88_1	1139	G	A
ISL1_chr5:51398819-51399745_ISM_run-12_target-10.88_1	1151	T	G
ISL1_chr5:51398819-51399745_ISM_run-12_target-10.88_1	1182	G	A
ISL1_chr5:51398819-51399745_ISM_run-12_target-10.88_1	1190	G	C
ISL1_chr5:51398819-51399745_ISM_run-13_target-10.88_1	966	A	T
ISL1_chr5:51398819-51399745_ISM_run-13_target-10.88_1	970	G	C
ISL1_chr5:51398819-51399745_ISM_run-13_target-10.88_1	975	C	A
ISL1_chr5:51398819-51399745_ISM_run-13_target-10.88_1	989	C	G
ISL1_chr5:51398819-51399745_ISM_run-13_target-10.88_1	992	G	A
ISL1_chr5:51398819-51399745_ISM_run-13_target-10.88_1	1015	G	C
ISL1_chr5:51398819-51399745_ISM_run-13_target-10.88_1	1024	C	A
ISL1_chr5:51398819-51399745_ISM_run-13_target-10.88_1	1032	A	T
ISL1_chr5:51398819-51399745_ISM_run-13_target-10.88_1	1083	C	A
ISL1_chr5:51398819-51399745_ISM_run-13_target-10.88_1	1093	C	A
ISL1_chr5:51398819-51399745_ISM_run-13_target-10.88_1	1095	T	A
ISL1_chr5:51398819-51399745_ISM_run-13_target-10.88_1	1146	C	G
ISL1_chr5:51398819-51399745_ISM_run-13_target-10.88_1	1158	C	G
ISL1_chr5:51398819-51399745_ISM_run-13_target-10.88_1	1164	T	G
ISL1_chr5:51398819-51399745_ISM_run-13_target-10.88_1	1165	T	G
ISL1_chr5:51398819-51399745_ISM_run-14_target-10.88_1	944	T	G
ISL1_chr5:51398819-51399745_ISM_run-14_target-10.88_1	1005	C	G
ISL1_chr5:51398819-51399745_ISM_run-14_target-10.88_1	1047	T	C
ISL1_chr5:51398819-51399745_ISM_run-14_target-10.88_1	1069	C	A
ISL1_chr5:51398819-51399745_ISM_run-14_target-10.88_1	1084	G	C
ISL1_chr5:51398819-51399745_ISM_run-14_target-10.88_1	1086	C	G
ISL1_chr5:51398819-51399745_ISM_run-14_target-10.88_1	1095	T	C
ISL1_chr5:51398819-51399745_ISM_run-14_target-10.88_1	1097	T	C
ISL1_chr5:51398819-51399745_ISM_run-14_target-10.88_1	1104	G	A
ISL1_chr5:51398819-51399745_ISM_run-14_target-10.88_1	1133	C	G
ISL1_chr5:51398819-51399745_ISM_run-14_target-10.88_1	1151	T	C
ISL1_chr5:51398819-51399745_ISM_run-14_target-10.88_1	1156	C	T
ISL1_chr5:51398819-51399745_ISM_run-14_target-10.88_1	1163	C	A
ISL1_chr5:51398819-51399745_ISM_run-14_target-10.88_1	1167	C	G
ISL1_chr5:51398819-51399745_ISM_run-14_target-10.88_1	1190	G	C
ISL1_chr5:51398819-51399745_ISM_run-15_target-10.88_1	1015	G	C
ISL1_chr5:51398819-51399745_ISM_run-15_target-10.88_1	1027	G	T
ISL1_chr5:51398819-51399745_ISM_run-15_target-10.88_1	1044	T	C
ISL1_chr5:51398819-51399745_ISM_run-15_target-10.88_1	1052	C	G
ISL1_chr5:51398819-51399745_ISM_run-15_target-10.88_1	1064	A	C
ISL1_chr5:51398819-51399745_ISM_run-15_target-10.88_1	1069	C	G
ISL1_chr5:51398819-51399745_ISM_run-15_target-10.88_1	1079	G	C
ISL1_chr5:51398819-51399745_ISM_run-15_target-10.88_1	1086	C	T
ISL1_chr5:51398819-51399745_ISM_run-15_target-10.88_1	1093	C	A
ISL1_chr5:51398819-51399745_ISM_run-15_target-10.88_1	1095	T	A
ISL1_chr5:51398819-51399745_ISM_run-15_target-10.88_1	1132	C	G
ISL1_chr5:51398819-51399745_ISM_run-15_target-10.88_1	1135	T	G
ISL1_chr5:51398819-51399745_ISM_run-15_target-10.88_1	1138	A	G
ISL1_chr5:51398819-51399745_ISM_run-15_target-10.88_1	1163	C	A
ISL1_chr5:51398819-51399745_ISM_run-15_target-10.88_1	1182	G	A
ISL1_chr5:51398819-51399745_ISM_run-16_target-10.88_1	963	T	C
ISL1_chr5:51398819-51399745_ISM_run-16_target-10.88_1	965	C	G
ISL1_chr5:51398819-51399745_ISM_run-16_target-10.88_1	974	T	C
ISL1_chr5:51398819-51399745_ISM_run-16_target-10.88_1	982	C	A
ISL1_chr5:51398819-51399745_ISM_run-16_target-10.88_1	990	T	C
ISL1_chr5:51398819-51399745_ISM_run-16_target-10.88_1	1024	C	G
ISL1_chr5:51398819-51399745_ISM_run-16_target-10.88_1	1031	C	A
ISL1_chr5:51398819-51399745_ISM_run-16_target-10.88_1	1032	A	T
ISL1_chr5:51398819-51399745_ISM_run-16_target-10.88_1	1052	C	G
ISL1_chr5:51398819-51399745_ISM_run-16_target-10.88_1	1057	G	C
ISL1_chr5:51398819-51399745_ISM_run-16_target-10.88_1	1064	A	G
ISL1_chr5:51398819-51399745_ISM_run-16_target-10.88_1	1093	C	A
ISL1_chr5:51398819-51399745_ISM_run-16_target-10.88_1	1095	T	A
ISL1_chr5:51398819-51399745_ISM_run-16_target-10.88_1	1157	C	G
ISL1_chr5:51398819-51399745_ISM_run-16_target-10.88_1	1165	T	C
ISL1_chr5:51398819-51399745_ISM_run-17_target-10.88_1	922	T	A
ISL1_chr5:51398819-51399745_ISM_run-17_target-10.88_1	939	T	A
ISL1_chr5:51398819-51399745_ISM_run-17_target-10.88_1	943	A	G
ISL1_chr5:51398819-51399745_ISM_run-17_target-10.88_1	958	T	C
ISL1_chr5:51398819-51399745_ISM_run-17_target-10.88_1	974	T	C
ISL1_chr5:51398819-51399745_ISM_run-17_target-10.88_1	982	C	A
ISL1_chr5:51398819-51399745_ISM_run-17_target-10.88_1	1000	G	A
ISL1_chr5:51398819-51399745_ISM_run-17_target-10.88_1	1030	C	T
ISL1_chr5:51398819-51399745_ISM_run-17_target-10.88_1	1036	C	A
ISL1_chr5:51398819-51399745_ISM_run-17_target-10.88_1	1053	C	G
ISL1_chr5:51398819-51399745_ISM_run-17_target-10.88_1	1085	G	A
ISL1_chr5:51398819-51399745_ISM_run-17_target-10.88_1	1093	C	A
ISL1_chr5:51398819-51399745_ISM_run-17_target-10.88_1	1095	T	A
ISL1_chr5:51398819-51399745_ISM_run-17_target-10.88_1	1099	A	C
ISL1_chr5:51398819-51399745_ISM_run-17_target-10.88_1	1158	C	G
ISL1_chr5:51398819-51399745_ISM_run-18_target-10.88_1	951	T	A
ISL1_chr5:51398819-51399745_ISM_run-18_target-10.88_1	963	T	C
ISL1_chr5:51398819-51399745_ISM_run-18_target-10.88_1	974	T	C
ISL1_chr5:51398819-51399745_ISM_run-18_target-10.88_1	982	C	A
ISL1_chr5:51398819-51399745_ISM_run-18_target-10.88_1	1060	G	T
ISL1_chr5:51398819-51399745_ISM_run-18_target-10.88_1	1079	G	C
ISL1_chr5:51398819-51399745_ISM_run-18_target-10.88_1	1086	C	T
ISL1_chr5:51398819-51399745_ISM_run-18_target-10.88_1	1093	C	A
ISL1_chr5:51398819-51399745_ISM_run-18_target-10.88_1	1095	T	A
ISL1_chr5:51398819-51399745_ISM_run-18_target-10.88_1	1126	T	C
ISL1_chr5:51398819-51399745_ISM_run-18_target-10.88_1	1128	A	T
ISL1_chr5:51398819-51399745_ISM_run-18_target-10.88_1	1130	G	C
ISL1_chr5:51398819-51399745_ISM_run-18_target-10.88_1	1132	C	G
ISL1_chr5:51398819-51399745_ISM_run-18_target-10.88_1	1140	A	G
ISL1_chr5:51398819-51399745_ISM_run-18_target-10.88_1	1146	C	G
ISL1_chr5:51398819-51399745_ISM_run-19_target-10.88_1	938	G	T
ISL1_chr5:51398819-51399745_ISM_run-19_target-10.88_1	944	T	A
ISL1_chr5:51398819-51399745_ISM_run-19_target-10.88_1	1047	T	C
ISL1_chr5:51398819-51399745_ISM_run-19_target-10.88_1	1087	A	C
ISL1_chr5:51398819-51399745_ISM_run-19_target-10.88_1	1095	T	C
ISL1_chr5:51398819-51399745_ISM_run-19_target-10.88_1	1097	T	C
ISL1_chr5:51398819-51399745_ISM_run-19_target-10.88_1	1099	A	T
ISL1_chr5:51398819-51399745_ISM_run-19_target-10.88_1	1106	A	G
ISL1_chr5:51398819-51399745_ISM_run-19_target-10.88_1	1135	T	G
ISL1_chr5:51398819-51399745_ISM_run-19_target-10.88_1	1163	C	A
ISL1_chr5:51398819-51399745_ISM_run-19_target-10.88_1	1165	T	G
ISL1_chr5:51398819-51399745_ISM_run-19_target-10.88_1	1172	A	G
ISL1_chr5:51398819-51399745_ISM_run-19_target-10.88_1	1176	C	A
ISL1_chr5:51398819-51399745_ISM_run-19_target-10.88_1	1190	G	C
ISL1_chr5:51398819-51399745_ISM_run-20_target-10.88_1	966	A	T
ISL1_chr5:51398819-51399745_ISM_run-20_target-10.88_1	1043	G	A
ISL1_chr5:51398819-51399745_ISM_run-20_target-10.88_1	1052	C	G
ISL1_chr5:51398819-51399745_ISM_run-20_target-10.88_1	1079	G	A
ISL1_chr5:51398819-51399745_ISM_run-20_target-10.88_1	1084	G	C
ISL1_chr5:51398819-51399745_ISM_run-20_target-10.88_1	1086	C	G
ISL1_chr5:51398819-51399745_ISM_run-20_target-10.88_1	1096	G	A
ISL1_chr5:51398819-51399745_ISM_run-20_target-10.88_1	1106	A	T
ISL1_chr5:51398819-51399745_ISM_run-20_target-10.88_1	1112	C	A
ISL1_chr5:51398819-51399745_ISM_run-20_target-10.88_1	1116	C	A
ISL1_chr5:51398819-51399745_ISM_run-20_target-10.88_1	1132	C	G
ISL1_chr5:51398819-51399745_ISM_run-20_target-10.88_1	1135	T	C
ISL1_chr5:51398819-51399745_ISM_run-20_target-10.88_1	1163	C	A
ISL1_chr5:51398819-51399745_ISM_run-20_target-10.88_1	1182	G	A
ISL1_chr5:51398819-51399745_ISM_run-20_target-10.88_1	1190	G	T
ISL1_chr5:51398819-51399745_ISM_run-21_target-10.88_1	957	A	T
ISL1_chr5:51398819-51399745_ISM_run-21_target-10.88_1	962	A	G
ISL1_chr5:51398819-51399745_ISM_run-21_target-10.88_1	966	A	C
ISL1_chr5:51398819-51399745_ISM_run-21_target-10.88_1	982	C	T
ISL1_chr5:51398819-51399745_ISM_run-21_target-10.88_1	1000	G	A
ISL1_chr5:51398819-51399745_ISM_run-21_target-10.88_1	1002	A	G
ISL1_chr5:51398819-51399745_ISM_run-21_target-10.88_1	1032	A	T
ISL1_chr5:51398819-51399745_ISM_run-21_target-10.88_1	1038	C	G
ISL1_chr5:51398819-51399745_ISM_run-21_target-10.88_1	1039	G	T
ISL1_chr5:51398819-51399745_ISM_run-21_target-10.88_1	1044	T	G
ISL1_chr5:51398819-51399745_ISM_run-21_target-10.88_1	1093	C	A
ISL1_chr5:51398819-51399745_ISM_run-21_target-10.88_1	1095	T	A
ISL1_chr5:51398819-51399745_ISM_run-21_target-10.88_1	1099	A	C
ISL1_chr5:51398819-51399745_ISM_run-21_target-10.88_1	1146	C	G
ISL1_chr5:51398819-51399745_ISM_run-21_target-10.88_1	1148	A	T
ISL1_chr5:51398819-51399745_ISM_run-22_target-10.88_1	944	T	G
ISL1_chr5:51398819-51399745_ISM_run-22_target-10.88_1	988	C	A
ISL1_chr5:51398819-51399745_ISM_run-22_target-10.88_1	1010	A	T
ISL1_chr5:51398819-51399745_ISM_run-22_target-10.88_1	1044	T	C
ISL1_chr5:51398819-51399745_ISM_run-22_target-10.88_1	1050	T	C
ISL1_chr5:51398819-51399745_ISM_run-22_target-10.88_1	1052	C	G
ISL1_chr5:51398819-51399745_ISM_run-22_target-10.88_1	1063	C	G
ISL1_chr5:51398819-51399745_ISM_run-22_target-10.88_1	1066	C	A
ISL1_chr5:51398819-51399745_ISM_run-22_target-10.88_1	1073	C	A
ISL1_chr5:51398819-51399745_ISM_run-22_target-10.88_1	1074	G	T
ISL1_chr5:51398819-51399745_ISM_run-22_target-10.88_1	1084	G	C
ISL1_chr5:51398819-51399745_ISM_run-22_target-10.88_1	1096	G	A
ISL1_chr5:51398819-51399745_ISM_run-22_target-10.88_1	1125	C	A
ISL1_chr5:51398819-51399745_ISM_run-22_target-10.88_1	1128	A	T
ISL1_chr5:51398819-51399745_ISM_run-22_target-10.88_1	1132	C	G
ISL1_chr5:51398819-51399745_ISM_run-23_target-10.88_1	922	T	G
ISL1_chr5:51398819-51399745_ISM_run-23_target-10.88_1	923	A	C
ISL1_chr5:51398819-51399745_ISM_run-23_target-10.88_1	950	A	G
ISL1_chr5:51398819-51399745_ISM_run-23_target-10.88_1	960	A	C
ISL1_chr5:51398819-51399745_ISM_run-23_target-10.88_1	963	T	C
ISL1_chr5:51398819-51399745_ISM_run-23_target-10.88_1	969	T	C
ISL1_chr5:51398819-51399745_ISM_run-23_target-10.88_1	974	T	C
ISL1_chr5:51398819-51399745_ISM_run-23_target-10.88_1	978	G	A
ISL1_chr5:51398819-51399745_ISM_run-23_target-10.88_1	982	C	A
ISL1_chr5:51398819-51399745_ISM_run-23_target-10.88_1	1025	G	T
ISL1_chr5:51398819-51399745_ISM_run-23_target-10.88_1	1032	A	T
ISL1_chr5:51398819-51399745_ISM_run-23_target-10.88_1	1039	G	T
ISL1_chr5:51398819-51399745_ISM_run-23_target-10.88_1	1052	C	G
ISL1_chr5:51398819-51399745_ISM_run-23_target-10.88_1	1060	G	T
ISL1_chr5:51398819-51399745_ISM_run-23_target-10.88_1	1098	A	T
ISL1_chr5:51398819-51399745_ISM_run-24_target-10.88_1	957	A	G
ISL1_chr5:51398819-51399745_ISM_run-24_target-10.88_1	962	A	G
ISL1_chr5:51398819-51399745_ISM_run-24_target-10.88_1	974	T	C
ISL1_chr5:51398819-51399745_ISM_run-24_target-10.88_1	982	C	A
ISL1_chr5:51398819-51399745_ISM_run-24_target-10.88_1	990	T	C
ISL1_chr5:51398819-51399745_ISM_run-24_target-10.88_1	1015	G	A
ISL1_chr5:51398819-51399745_ISM_run-24_target-10.88_1	1026	T	A
ISL1_chr5:51398819-51399745_ISM_run-24_target-10.88_1	1032	A	T
ISL1_chr5:51398819-51399745_ISM_run-24_target-10.88_1	1037	C	A
ISL1_chr5:51398819-51399745_ISM_run-24_target-10.88_1	1039	G	T
ISL1_chr5:51398819-51399745_ISM_run-24_target-10.88_1	1048	G	C
ISL1_chr5:51398819-51399745_ISM_run-24_target-10.88_1	1093	C	A
ISL1_chr5:51398819-51399745_ISM_run-24_target-10.88_1	1095	T	A
ISL1_chr5:51398819-51399745_ISM_run-24_target-10.88_1	1099	A	C
ISL1_chr5:51398819-51399745_ISM_run-24_target-10.88_1	1158	C	G
ISL1_chr5:51398819-51399745_ISM_run-25_target-10.88_1	932	T	A
ISL1_chr5:51398819-51399745_ISM_run-25_target-10.88_1	936	T	A
ISL1_chr5:51398819-51399745_ISM_run-25_target-10.88_1	939	T	A
ISL1_chr5:51398819-51399745_ISM_run-25_target-10.88_1	944	T	C
ISL1_chr5:51398819-51399745_ISM_run-25_target-10.88_1	962	A	C
ISL1_chr5:51398819-51399745_ISM_run-25_target-10.88_1	967	T	G
ISL1_chr5:51398819-51399745_ISM_run-25_target-10.88_1	974	T	C
ISL1_chr5:51398819-51399745_ISM_run-25_target-10.88_1	1019	A	C
ISL1_chr5:51398819-51399745_ISM_run-25_target-10.88_1	1024	C	A
ISL1_chr5:51398819-51399745_ISM_run-25_target-10.88_1	1032	A	T
ISL1_chr5:51398819-51399745_ISM_run-25_target-10.88_1	1052	C	G
ISL1_chr5:51398819-51399745_ISM_run-25_target-10.88_1	1084	G	C
ISL1_chr5:51398819-51399745_ISM_run-25_target-10.88_1	1087	A	T
ISL1_chr5:51398819-51399745_ISM_run-25_target-10.88_1	1182	G	A
ISL1_chr5:51398819-51399745_ISM_run-25_target-10.88_1	1190	G	T
ISL1_chr5:51398819-51399745_ISM_run-26_target-10.88_1	936	T	A
ISL1_chr5:51398819-51399745_ISM_run-26_target-10.88_1	944	T	C
ISL1_chr5:51398819-51399745_ISM_run-26_target-10.88_1	945	G	C
ISL1_chr5:51398819-51399745_ISM_run-26_target-10.88_1	957	A	G
ISL1_chr5:51398819-51399745_ISM_run-26_target-10.88_1	962	A	C
ISL1_chr5:51398819-51399745_ISM_run-26_target-10.88_1	982	C	A
ISL1_chr5:51398819-51399745_ISM_run-26_target-10.88_1	990	T	C
ISL1_chr5:51398819-51399745_ISM_run-26_target-10.88_1	1015	G	C
ISL1_chr5:51398819-51399745_ISM_run-26_target-10.88_1	1025	G	A
ISL1_chr5:51398819-51399745_ISM_run-26_target-10.88_1	1031	C	A
ISL1_chr5:51398819-51399745_ISM_run-26_target-10.88_1	1032	A	C
ISL1_chr5:51398819-51399745_ISM_run-26_target-10.88_1	1047	T	C
ISL1_chr5:51398819-51399745_ISM_run-26_target-10.88_1	1064	A	T
ISL1_chr5:51398819-51399745_ISM_run-26_target-10.88_1	1095	T	A
ISL1_chr5:51398819-51399745_ISM_run-26_target-10.88_1	1157	C	G
ISL1_chr5:51398819-51399745_ISM_run-27_target-10.88_1	938	G	T
ISL1_chr5:51398819-51399745_ISM_run-27_target-10.88_1	1020	C	A
ISL1_chr5:51398819-51399745_ISM_run-27_target-10.88_1	1059	T	C
ISL1_chr5:51398819-51399745_ISM_run-27_target-10.88_1	1077	C	A
ISL1_chr5:51398819-51399745_ISM_run-27_target-10.88_1	1084	G	C
ISL1_chr5:51398819-51399745_ISM_run-27_target-10.88_1	1097	T	C
ISL1_chr5:51398819-51399745_ISM_run-27_target-10.88_1	1098	A	T
ISL1_chr5:51398819-51399745_ISM_run-27_target-10.88_1	1128	A	T
ISL1_chr5:51398819-51399745_ISM_run-27_target-10.88_1	1132	C	G
ISL1_chr5:51398819-51399745_ISM_run-27_target-10.88_1	1139	G	A
ISL1_chr5:51398819-51399745_ISM_run-27_target-10.88_1	1163	C	A
ISL1_chr5:51398819-51399745_ISM_run-27_target-10.88_1	1182	G	A
ISL1_chr5:51398819-51399745_ISM_run-27_target-10.88_1	1190	G	T
ISL1_chr5:51398819-51399745_ISM_run-28_target-10.88_1	957	A	G
ISL1_chr5:51398819-51399745_ISM_run-28_target-10.88_1	1023	G	C
ISL1_chr5:51398819-51399745_ISM_run-28_target-10.88_1	1032	A	T
ISL1_chr5:51398819-51399745_ISM_run-28_target-10.88_1	1041	C	A
ISL1_chr5:51398819-51399745_ISM_run-28_target-10.88_1	1059	T	C
ISL1_chr5:51398819-51399745_ISM_run-28_target-10.88_1	1082	T	G
ISL1_chr5:51398819-51399745_ISM_run-28_target-10.88_1	1086	C	T
ISL1_chr5:51398819-51399745_ISM_run-28_target-10.88_1	1093	C	A
ISL1_chr5:51398819-51399745_ISM_run-28_target-10.88_1	1095	T	A
ISL1_chr5:51398819-51399745_ISM_run-28_target-10.88_1	1127	C	A
ISL1_chr5:51398819-51399745_ISM_run-28_target-10.88_1	1128	A	C
ISL1_chr5:51398819-51399745_ISM_run-28_target-10.88_1	1133	C	G
ISL1_chr5:51398819-51399745_ISM_run-28_target-10.88_1	1146	C	G
ISL1_chr5:51398819-51399745_ISM_run-28_target-10.88_1	1182	G	A
ISL1_chr5:51398819-51399745_ISM_run-28_target-10.88_1	1190	G	C
ISL1_chr5:51398819-51399745_ISM_run-29_target-10.88_1	922	T	A
ISL1_chr5:51398819-51399745_ISM_run-29_target-10.88_1	939	T	A
ISL1_chr5:51398819-51399745_ISM_run-29_target-10.88_1	947	A	G
ISL1_chr5:51398819-51399745_ISM_run-29_target-10.88_1	959	A	G
ISL1_chr5:51398819-51399745_ISM_run-29_target-10.88_1	962	A	G
ISL1_chr5:51398819-51399745_ISM_run-29_target-10.88_1	966	A	C
ISL1_chr5:51398819-51399745_ISM_run-29_target-10.88_1	975	C	A
ISL1_chr5:51398819-51399745_ISM_run-29_target-10.88_1	990	T	C
ISL1_chr5:51398819-51399745_ISM_run-29_target-10.88_1	1017	G	C
ISL1_chr5:51398819-51399745_ISM_run-29_target-10.88_1	1022	G	C
ISL1_chr5:51398819-51399745_ISM_run-29_target-10.88_1	1031	C	A
ISL1_chr5:51398819-51399745_ISM_run-29_target-10.88_1	1093	C	A
ISL1_chr5:51398819-51399745_ISM_run-29_target-10.88_1	1095	T	A
ISL1_chr5:51398819-51399745_ISM_run-29_target-10.88_1	1096	G	C
ISL1_chr5:51398819-51399745_ISM_run-29_target-10.88_1	1157	C	G
ISL1_chr5:51398819-51399745_ISM_run-30_target-10.88_1	944	T	G
ISL1_chr5:51398819-51399745_ISM_run-30_target-10.88_1	962	A	C
ISL1_chr5:51398819-51399745_ISM_run-30_target-10.88_1	1015	G	C
ISL1_chr5:51398819-51399745_ISM_run-30_target-10.88_1	1030	C	A
ISL1_chr5:51398819-51399745_ISM_run-30_target-10.88_1	1047	T	C
ISL1_chr5:51398819-51399745_ISM_run-30_target-10.88_1	1082	T	G
ISL1_chr5:51398819-51399745_ISM_run-30_target-10.88_1	1093	C	A
ISL1_chr5:51398819-51399745_ISM_run-30_target-10.88_1	1095	T	A
ISL1_chr5:51398819-51399745_ISM_run-30_target-10.88_1	1096	G	C
ISL1_chr5:51398819-51399745_ISM_run-30_target-10.88_1	1157	C	G
ISL1_chr5:51398819-51399745_ISM_run-30_target-10.88_1	1165	T	C
ISL1_chr5:51398819-51399745_ISM_run-30_target-10.88_1	1169	T	C
ISL1_chr5:51398819-51399745_ISM_run-30_target-10.88_1	1176	C	A
ISL1_chr5:51398819-51399745_ISM_run-30_target-10.88_1	1182	G	A
ISL1_chr5:51398819-51399745_ISM_run-30_target-10.88_1	1190	G	T
ISL1_chr5:51398819-51399745_ISM_run-31_target-10.88_1	990	T	C
ISL1_chr5:51398819-51399745_ISM_run-31_target-10.88_1	1026	T	G
ISL1_chr5:51398819-51399745_ISM_run-31_target-10.88_1	1043	G	A
ISL1_chr5:51398819-51399745_ISM_run-31_target-10.88_1	1052	C	G
ISL1_chr5:51398819-51399745_ISM_run-31_target-10.88_1	1064	A	G
ISL1_chr5:51398819-51399745_ISM_run-31_target-10.88_1	1082	T	G
ISL1_chr5:51398819-51399745_ISM_run-31_target-10.88_1	1093	C	A
ISL1_chr5:51398819-51399745_ISM_run-31_target-10.88_1	1095	T	A
ISL1_chr5:51398819-51399745_ISM_run-31_target-10.88_1	1118	G	T
ISL1_chr5:51398819-51399745_ISM_run-31_target-10.88_1	1133	C	T
ISL1_chr5:51398819-51399745_ISM_run-31_target-10.88_1	1136	G	T
ISL1_chr5:51398819-51399745_ISM_run-31_target-10.88_1	1142	G	T
ISL1_chr5:51398819-51399745_ISM_run-31_target-10.88_1	1147	C	T
ISL1_chr5:51398819-51399745_ISM_run-31_target-10.88_1	1182	G	A
ISL1_chr5:51398819-51399745_ISM_run-31_target-10.88_1	1190	G	C
ISL1_chr5:51398819-51399745_ISM_run-32_target-10.88_1	939	T	G
ISL1_chr5:51398819-51399745_ISM_run-32_target-10.88_1	957	A	G
ISL1_chr5:51398819-51399745_ISM_run-32_target-10.88_1	962	A	C
ISL1_chr5:51398819-51399745_ISM_run-32_target-10.88_1	966	A	C
ISL1_chr5:51398819-51399745_ISM_run-32_target-10.88_1	975	C	A
ISL1_chr5:51398819-51399745_ISM_run-32_target-10.88_1	982	C	T
ISL1_chr5:51398819-51399745_ISM_run-32_target-10.88_1	1024	C	A
ISL1_chr5:51398819-51399745_ISM_run-32_target-10.88_1	1031	C	A
ISL1_chr5:51398819-51399745_ISM_run-32_target-10.88_1	1038	C	G
ISL1_chr5:51398819-51399745_ISM_run-32_target-10.88_1	1080	C	T
ISL1_chr5:51398819-51399745_ISM_run-32_target-10.88_1	1082	T	A
ISL1_chr5:51398819-51399745_ISM_run-32_target-10.88_1	1085	G	T
ISL1_chr5:51398819-51399745_ISM_run-32_target-10.88_1	1095	T	A
ISL1_chr5:51398819-51399745_ISM_run-32_target-10.88_1	1099	A	C
ISL1_chr5:51398819-51399745_ISM_run-32_target-10.88_1	1158	C	G
ISL1_chr5:51398819-51399745_ISM_run-33_target-10.88_1	932	T	G
ISL1_chr5:51398819-51399745_ISM_run-33_target-10.88_1	936	T	A
ISL1_chr5:51398819-51399745_ISM_run-33_target-10.88_1	939	T	A
ISL1_chr5:51398819-51399745_ISM_run-33_target-10.88_1	951	T	G
ISL1_chr5:51398819-51399745_ISM_run-33_target-10.88_1	966	A	C
ISL1_chr5:51398819-51399745_ISM_run-33_target-10.88_1	970	G	C
ISL1_chr5:51398819-51399745_ISM_run-33_target-10.88_1	975	C	A
ISL1_chr5:51398819-51399745_ISM_run-33_target-10.88_1	990	T	C
ISL1_chr5:51398819-51399745_ISM_run-33_target-10.88_1	1022	G	T
ISL1_chr5:51398819-51399745_ISM_run-33_target-10.88_1	1033	G	C
ISL1_chr5:51398819-51399745_ISM_run-33_target-10.88_1	1060	G	A
ISL1_chr5:51398819-51399745_ISM_run-33_target-10.88_1	1093	C	A
ISL1_chr5:51398819-51399745_ISM_run-33_target-10.88_1	1095	T	A
ISL1_chr5:51398819-51399745_ISM_run-33_target-10.88_1	1099	A	C
ISL1_chr5:51398819-51399745_ISM_run-33_target-10.88_1	1158	C	G
ISL1_chr5:51398819-51399745_ISM_run-34_target-10.88_1	966	A	C
ISL1_chr5:51398819-51399745_ISM_run-34_target-10.88_1	990	T	G
ISL1_chr5:51398819-51399745_ISM_run-34_target-10.88_1	1026	T	G
ISL1_chr5:51398819-51399745_ISM_run-34_target-10.88_1	1027	G	C
ISL1_chr5:51398819-51399745_ISM_run-34_target-10.88_1	1052	C	G
ISL1_chr5:51398819-51399745_ISM_run-34_target-10.88_1	1083	C	A
ISL1_chr5:51398819-51399745_ISM_run-34_target-10.88_1	1093	C	A
ISL1_chr5:51398819-51399745_ISM_run-34_target-10.88_1	1095	T	A
ISL1_chr5:51398819-51399745_ISM_run-34_target-10.88_1	1099	A	C
ISL1_chr5:51398819-51399745_ISM_run-34_target-10.88_1	1116	C	G
ISL1_chr5:51398819-51399745_ISM_run-34_target-10.88_1	1147	C	T
ISL1_chr5:51398819-51399745_ISM_run-34_target-10.88_1	1157	C	G
ISL1_chr5:51398819-51399745_ISM_run-34_target-10.88_1	1162	T	A
ISL1_chr5:51398819-51399745_ISM_run-34_target-10.88_1	1182	G	A
ISL1_chr5:51398819-51399745_ISM_run-34_target-10.88_1	1190	G	C
ISL1_chr5:51398819-51399745_ISM_run-35_target-10.88_1	966	A	C
ISL1_chr5:51398819-51399745_ISM_run-35_target-10.88_1	970	G	T
ISL1_chr5:51398819-51399745_ISM_run-35_target-10.88_1	975	C	A
ISL1_chr5:51398819-51399745_ISM_run-35_target-10.88_1	990	T	C
ISL1_chr5:51398819-51399745_ISM_run-35_target-10.88_1	1010	A	T
ISL1_chr5:51398819-51399745_ISM_run-35_target-10.88_1	1017	G	T
ISL1_chr5:51398819-51399745_ISM_run-35_target-10.88_1	1032	A	T
ISL1_chr5:51398819-51399745_ISM_run-35_target-10.88_1	1037	C	G
ISL1_chr5:51398819-51399745_ISM_run-35_target-10.88_1	1058	T	C
ISL1_chr5:51398819-51399745_ISM_run-35_target-10.88_1	1060	G	A
ISL1_chr5:51398819-51399745_ISM_run-35_target-10.88_1	1083	C	G
ISL1_chr5:51398819-51399745_ISM_run-35_target-10.88_1	1119	T	C
ISL1_chr5:51398819-51399745_ISM_run-35_target-10.88_1	1128	A	T
ISL1_chr5:51398819-51399745_ISM_run-35_target-10.88_1	1132	C	G
ISL1_chr5:51398819-51399745_ISM_run-35_target-10.88_1	1133	C	G
ISL1_chr5:51398819-51399745_ISM_run-36_target-10.88_1	988	C	A
ISL1_chr5:51398819-51399745_ISM_run-36_target-10.88_1	1017	G	A
ISL1_chr5:51398819-51399745_ISM_run-36_target-10.88_1	1027	G	C
ISL1_chr5:51398819-51399745_ISM_run-36_target-10.88_1	1044	T	C
ISL1_chr5:51398819-51399745_ISM_run-36_target-10.88_1	1052	C	G
ISL1_chr5:51398819-51399745_ISM_run-36_target-10.88_1	1064	A	G
ISL1_chr5:51398819-51399745_ISM_run-36_target-10.88_1	1070	G	T
ISL1_chr5:51398819-51399745_ISM_run-36_target-10.88_1	1080	C	T
ISL1_chr5:51398819-51399745_ISM_run-36_target-10.88_1	1086	C	T
ISL1_chr5:51398819-51399745_ISM_run-36_target-10.88_1	1093	C	A
ISL1_chr5:51398819-51399745_ISM_run-36_target-10.88_1	1095	T	A
ISL1_chr5:51398819-51399745_ISM_run-36_target-10.88_1	1163	C	A
ISL1_chr5:51398819-51399745_ISM_run-36_target-10.88_1	1165	T	G
ISL1_chr5:51398819-51399745_ISM_run-36_target-10.88_1	1190	G	C
ISL1_chr5:51398819-51399745_ISM_run-37_target-10.88_1	957	A	G
ISL1_chr5:51398819-51399745_ISM_run-37_target-10.88_1	991	G	A
ISL1_chr5:51398819-51399745_ISM_run-37_target-10.88_1	1015	G	C
ISL1_chr5:51398819-51399745_ISM_run-37_target-10.88_1	1031	C	T
ISL1_chr5:51398819-51399745_ISM_run-37_target-10.88_1	1052	C	G
ISL1_chr5:51398819-51399745_ISM_run-37_target-10.88_1	1063	C	T
ISL1_chr5:51398819-51399745_ISM_run-37_target-10.88_1	1098	A	T
ISL1_chr5:51398819-51399745_ISM_run-37_target-10.88_1	1132	C	G
ISL1_chr5:51398819-51399745_ISM_run-37_target-10.88_1	1141	G	A
ISL1_chr5:51398819-51399745_ISM_run-37_target-10.88_1	1152	G	C
ISL1_chr5:51398819-51399745_ISM_run-37_target-10.88_1	1154	A	C
ISL1_chr5:51398819-51399745_ISM_run-37_target-10.88_1	1160	T	C
ISL1_chr5:51398819-51399745_ISM_run-37_target-10.88_1	1163	C	A
ISL1_chr5:51398819-51399745_ISM_run-37_target-10.88_1	1167	C	G
ISL1_chr5:51398819-51399745_ISM_run-37_target-10.88_1	1182	G	A
ISL1_chr5:51398819-51399745_ISM_run-38_target-10.88_1	922	T	A
ISL1_chr5:51398819-51399745_ISM_run-38_target-10.88_1	936	T	A
ISL1_chr5:51398819-51399745_ISM_run-38_target-10.88_1	939	T	A
ISL1_chr5:51398819-51399745_ISM_run-38_target-10.88_1	949	A	C
ISL1_chr5:51398819-51399745_ISM_run-38_target-10.88_1	951	T	C
ISL1_chr5:51398819-51399745_ISM_run-38_target-10.88_1	963	T	C
ISL1_chr5:51398819-51399745_ISM_run-38_target-10.88_1	974	T	C
ISL1_chr5:51398819-51399745_ISM_run-38_target-10.88_1	976	T	G
ISL1_chr5:51398819-51399745_ISM_run-38_target-10.88_1	982	C	A
ISL1_chr5:51398819-51399745_ISM_run-38_target-10.88_1	1086	C	T
ISL1_chr5:51398819-51399745_ISM_run-38_target-10.88_1	1093	C	A
ISL1_chr5:51398819-51399745_ISM_run-38_target-10.88_1	1095	T	A
ISL1_chr5:51398819-51399745_ISM_run-38_target-10.88_1	1128	A	G
ISL1_chr5:51398819-51399745_ISM_run-38_target-10.88_1	1132	C	G
ISL1_chr5:51398819-51399745_ISM_run-39_target-10.88_1	1044	T	C
ISL1_chr5:51398819-51399745_ISM_run-39_target-10.88_1	1052	C	G
ISL1_chr5:51398819-51399745_ISM_run-39_target-10.88_1	1064	A	C
ISL1_chr5:51398819-51399745_ISM_run-39_target-10.88_1	1091	C	G
ISL1_chr5:51398819-51399745_ISM_run-39_target-10.88_1	1096	G	A
ISL1_chr5:51398819-51399745_ISM_run-39_target-10.88_1	1120	G	A
ISL1_chr5:51398819-51399745_ISM_run-39_target-10.88_1	1128	A	T
ISL1_chr5:51398819-51399745_ISM_run-39_target-10.88_1	1132	C	G
ISL1_chr5:51398819-51399745_ISM_run-39_target-10.88_1	1141	G	T
ISL1_chr5:51398819-51399745_ISM_run-39_target-10.88_1	1154	A	C
ISL1_chr5:51398819-51399745_ISM_run-39_target-10.88_1	1163	C	A
ISL1_chr5:51398819-51399745_ISM_run-39_target-10.88_1	1167	C	G
ISL1_chr5:51398819-51399745_ISM_run-39_target-10.88_1	1176	C	T
ISL1_chr5:51398819-51399745_ISM_run-39_target-10.88_1	1182	G	A
ISL1_chr5:51398819-51399745_ISM_run-39_target-10.88_1	1190	G	C
ISL1_chr5:51398819-51399745_ISM_run-40_target-10.88_1	922	T	G
ISL1_chr5:51398819-51399745_ISM_run-40_target-10.88_1	936	T	A
ISL1_chr5:51398819-51399745_ISM_run-40_target-10.88_1	939	T	A
ISL1_chr5:51398819-51399745_ISM_run-40_target-10.88_1	955	G	A
ISL1_chr5:51398819-51399745_ISM_run-40_target-10.88_1	975	C	A
ISL1_chr5:51398819-51399745_ISM_run-40_target-10.88_1	982	C	G
ISL1_chr5:51398819-51399745_ISM_run-40_target-10.88_1	1015	G	C
ISL1_chr5:51398819-51399745_ISM_run-40_target-10.88_1	1027	G	A
ISL1_chr5:51398819-51399745_ISM_run-40_target-10.88_1	1031	C	A
ISL1_chr5:51398819-51399745_ISM_run-40_target-10.88_1	1032	A	T
ISL1_chr5:51398819-51399745_ISM_run-40_target-10.88_1	1052	C	G
ISL1_chr5:51398819-51399745_ISM_run-40_target-10.88_1	1064	A	G
ISL1_chr5:51398819-51399745_ISM_run-40_target-10.88_1	1093	C	A
ISL1_chr5:51398819-51399745_ISM_run-40_target-10.88_1	1095	T	A
ISL1_chr5:51398819-51399745_ISM_run-40_target-10.88_1	1156	C	T
ISL1_chr5:51398819-51399745_ISM_run-41_target-10.88_1	970	G	C
ISL1_chr5:51398819-51399745_ISM_run-41_target-10.88_1	1010	A	T
ISL1_chr5:51398819-51399745_ISM_run-41_target-10.88_1	1031	C	T
ISL1_chr5:51398819-51399745_ISM_run-41_target-10.88_1	1044	T	C
ISL1_chr5:51398819-51399745_ISM_run-41_target-10.88_1	1052	C	G
ISL1_chr5:51398819-51399745_ISM_run-41_target-10.88_1	1084	G	C
ISL1_chr5:51398819-51399745_ISM_run-41_target-10.88_1	1087	A	T
ISL1_chr5:51398819-51399745_ISM_run-41_target-10.88_1	1096	G	A
ISL1_chr5:51398819-51399745_ISM_run-41_target-10.88_1	1108	G	C
ISL1_chr5:51398819-51399745_ISM_run-41_target-10.88_1	1128	A	T
ISL1_chr5:51398819-51399745_ISM_run-41_target-10.88_1	1132	C	G
ISL1_chr5:51398819-51399745_ISM_run-41_target-10.88_1	1135	T	G
ISL1_chr5:51398819-51399745_ISM_run-41_target-10.88_1	1186	G	C
ISL1_chr5:51398819-51399745_ISM_run-41_target-10.88_1	1188	A	T
ISL1_chr5:51398819-51399745_ISM_run-41_target-10.88_1	1190	G	C
ISL1_chr5:51398819-51399745_ISM_run-42_target-10.88_1	944	T	G
ISL1_chr5:51398819-51399745_ISM_run-42_target-10.88_1	1015	G	C
ISL1_chr5:51398819-51399745_ISM_run-42_target-10.88_1	1044	T	C
ISL1_chr5:51398819-51399745_ISM_run-42_target-10.88_1	1047	T	C
ISL1_chr5:51398819-51399745_ISM_run-42_target-10.88_1	1052	C	G
ISL1_chr5:51398819-51399745_ISM_run-42_target-10.88_1	1064	A	C
ISL1_chr5:51398819-51399745_ISM_run-42_target-10.88_1	1098	A	C
ISL1_chr5:51398819-51399745_ISM_run-42_target-10.88_1	1111	T	G
ISL1_chr5:51398819-51399745_ISM_run-42_target-10.88_1	1119	T	C
ISL1_chr5:51398819-51399745_ISM_run-42_target-10.88_1	1128	A	T
ISL1_chr5:51398819-51399745_ISM_run-42_target-10.88_1	1129	G	A
ISL1_chr5:51398819-51399745_ISM_run-42_target-10.88_1	1132	C	G
ISL1_chr5:51398819-51399745_ISM_run-42_target-10.88_1	1163	C	A
ISL1_chr5:51398819-51399745_ISM_run-42_target-10.88_1	1167	C	G
ISL1_chr5:51398819-51399745_ISM_run-42_target-10.88_1	1182	G	A
ISL1_chr5:51398819-51399745_ISM_run-43_target-10.88_1	944	T	G
ISL1_chr5:51398819-51399745_ISM_run-43_target-10.88_1	962	A	C
ISL1_chr5:51398819-51399745_ISM_run-43_target-10.88_1	990	T	C
ISL1_chr5:51398819-51399745_ISM_run-43_target-10.88_1	1026	T	G
ISL1_chr5:51398819-51399745_ISM_run-43_target-10.88_1	1031	C	A
ISL1_chr5:51398819-51399745_ISM_run-43_target-10.88_1	1032	A	T
ISL1_chr5:51398819-51399745_ISM_run-43_target-10.88_1	1093	C	A
ISL1_chr5:51398819-51399745_ISM_run-43_target-10.88_1	1095	T	A
ISL1_chr5:51398819-51399745_ISM_run-43_target-10.88_1	1132	C	G
ISL1_chr5:51398819-51399745_ISM_run-43_target-10.88_1	1143	T	G
ISL1_chr5:51398819-51399745_ISM_run-43_target-10.88_1	1151	T	G
ISL1_chr5:51398819-51399745_ISM_run-43_target-10.88_1	1182	G	A
ISL1_chr5:51398819-51399745_ISM_run-43_target-10.88_1	1190	G	C
ISL1_chr5:51398819-51399745_ISM_run-44_target-10.88_1	938	G	T
ISL1_chr5:51398819-51399745_ISM_run-44_target-10.88_1	988	C	A
ISL1_chr5:51398819-51399745_ISM_run-44_target-10.88_1	1047	T	C
ISL1_chr5:51398819-51399745_ISM_run-44_target-10.88_1	1061	A	G
ISL1_chr5:51398819-51399745_ISM_run-44_target-10.88_1	1063	C	T
ISL1_chr5:51398819-51399745_ISM_run-44_target-10.88_1	1093	C	A
ISL1_chr5:51398819-51399745_ISM_run-44_target-10.88_1	1095	T	A
ISL1_chr5:51398819-51399745_ISM_run-44_target-10.88_1	1103	C	G
ISL1_chr5:51398819-51399745_ISM_run-44_target-10.88_1	1128	A	T
ISL1_chr5:51398819-51399745_ISM_run-44_target-10.88_1	1129	G	A
ISL1_chr5:51398819-51399745_ISM_run-44_target-10.88_1	1132	C	G
ISL1_chr5:51398819-51399745_ISM_run-44_target-10.88_1	1151	T	G
ISL1_chr5:51398819-51399745_ISM_run-44_target-10.88_1	1163	C	A
ISL1_chr5:51398819-51399745_ISM_run-44_target-10.88_1	1165	T	G
ISL1_chr5:51398819-51399745_ISM_run-44_target-10.88_1	1182	G	A
ISL1_chr5:51398819-51399745_ISM_run-45_target-10.88_1	966	A	T
ISL1_chr5:51398819-51399745_ISM_run-45_target-10.88_1	1031	C	T
ISL1_chr5:51398819-51399745_ISM_run-45_target-10.88_1	1052	C	G
ISL1_chr5:51398819-51399745_ISM_run-45_target-10.88_1	1061	A	C
ISL1_chr5:51398819-51399745_ISM_run-45_target-10.88_1	1063	C	T
ISL1_chr5:51398819-51399745_ISM_run-45_target-10.88_1	1075	T	G
ISL1_chr5:51398819-51399745_ISM_run-45_target-10.88_1	1082	T	A
ISL1_chr5:51398819-51399745_ISM_run-45_target-10.88_1	1095	T	A
ISL1_chr5:51398819-51399745_ISM_run-45_target-10.88_1	1115	T	C
ISL1_chr5:51398819-51399745_ISM_run-45_target-10.88_1	1116	C	G
ISL1_chr5:51398819-51399745_ISM_run-45_target-10.88_1	1146	C	G
ISL1_chr5:51398819-51399745_ISM_run-45_target-10.88_1	1147	C	G
ISL1_chr5:51398819-51399745_ISM_run-45_target-10.88_1	1165	T	C
ISL1_chr5:51398819-51399745_ISM_run-45_target-10.88_1	1182	G	A
ISL1_chr5:51398819-51399745_ISM_run-45_target-10.88_1	1190	G	C
ISL1_chr5:51398819-51399745_ISM_run-46_target-10.88_1	944	T	G
ISL1_chr5:51398819-51399745_ISM_run-46_target-10.88_1	958	T	G
ISL1_chr5:51398819-51399745_ISM_run-46_target-10.88_1	1022	G	T
ISL1_chr5:51398819-51399745_ISM_run-46_target-10.88_1	1030	C	T
ISL1_chr5:51398819-51399745_ISM_run-46_target-10.88_1	1036	C	G
ISL1_chr5:51398819-51399745_ISM_run-46_target-10.88_1	1037	C	G
ISL1_chr5:51398819-51399745_ISM_run-46_target-10.88_1	1052	C	G
ISL1_chr5:51398819-51399745_ISM_run-46_target-10.88_1	1061	A	C
ISL1_chr5:51398819-51399745_ISM_run-46_target-10.88_1	1063	C	T
ISL1_chr5:51398819-51399745_ISM_run-46_target-10.88_1	1082	T	A
ISL1_chr5:51398819-51399745_ISM_run-46_target-10.88_1	1085	G	T
ISL1_chr5:51398819-51399745_ISM_run-46_target-10.88_1	1092	G	T
ISL1_chr5:51398819-51399745_ISM_run-46_target-10.88_1	1095	T	C
ISL1_chr5:51398819-51399745_ISM_run-46_target-10.88_1	1132	C	G
ISL1_chr5:51398819-51399745_ISM_run-46_target-10.88_1	1163	C	A
ISL1_chr5:51398819-51399745_ISM_run-47_target-10.88_1	944	T	G
ISL1_chr5:51398819-51399745_ISM_run-47_target-10.88_1	1027	G	C
ISL1_chr5:51398819-51399745_ISM_run-47_target-10.88_1	1047	T	C
ISL1_chr5:51398819-51399745_ISM_run-47_target-10.88_1	1082	T	G
ISL1_chr5:51398819-51399745_ISM_run-47_target-10.88_1	1083	C	A
ISL1_chr5:51398819-51399745_ISM_run-47_target-10.88_1	1093	C	A
ISL1_chr5:51398819-51399745_ISM_run-47_target-10.88_1	1095	T	A
ISL1_chr5:51398819-51399745_ISM_run-47_target-10.88_1	1099	A	C
ISL1_chr5:51398819-51399745_ISM_run-47_target-10.88_1	1135	T	G
ISL1_chr5:51398819-51399745_ISM_run-47_target-10.88_1	1136	G	C
ISL1_chr5:51398819-51399745_ISM_run-47_target-10.88_1	1145	C	G
ISL1_chr5:51398819-51399745_ISM_run-47_target-10.88_1	1150	C	G
ISL1_chr5:51398819-51399745_ISM_run-47_target-10.88_1	1163	C	A
ISL1_chr5:51398819-51399745_ISM_run-47_target-10.88_1	1165	T	G
ISL1_chr5:51398819-51399745_ISM_run-47_target-10.88_1	1182	G	A
ISL1_chr5:51398819-51399745_ISM_run-48_target-10.88_1	944	T	G
ISL1_chr5:51398819-51399745_ISM_run-48_target-10.88_1	962	A	G
ISL1_chr5:51398819-51399745_ISM_run-48_target-10.88_1	966	A	G
ISL1_chr5:51398819-51399745_ISM_run-48_target-10.88_1	1005	C	G
ISL1_chr5:51398819-51399745_ISM_run-48_target-10.88_1	1030	C	T
ISL1_chr5:51398819-51399745_ISM_run-48_target-10.88_1	1047	T	C
ISL1_chr5:51398819-51399745_ISM_run-48_target-10.88_1	1069	C	A
ISL1_chr5:51398819-51399745_ISM_run-48_target-10.88_1	1093	C	A
ISL1_chr5:51398819-51399745_ISM_run-48_target-10.88_1	1095	T	A
ISL1_chr5:51398819-51399745_ISM_run-48_target-10.88_1	1099	A	C
ISL1_chr5:51398819-51399745_ISM_run-48_target-10.88_1	1120	G	A
ISL1_chr5:51398819-51399745_ISM_run-48_target-10.88_1	1126	T	C
ISL1_chr5:51398819-51399745_ISM_run-48_target-10.88_1	1132	C	G
ISL1_chr5:51398819-51399745_ISM_run-48_target-10.88_1	1133	C	G
ISL1_chr5:51398819-51399745_ISM_run-48_target-10.88_1	1152	G	C
ISL1_chr5:51398819-51399745_ISM_run-49_target-10.88_1	932	T	G
ISL1_chr5:51398819-51399745_ISM_run-49_target-10.88_1	936	T	A
ISL1_chr5:51398819-51399745_ISM_run-49_target-10.88_1	957	A	G
ISL1_chr5:51398819-51399745_ISM_run-49_target-10.88_1	959	A	G
ISL1_chr5:51398819-51399745_ISM_run-49_target-10.88_1	962	A	C
ISL1_chr5:51398819-51399745_ISM_run-49_target-10.88_1	982	C	A
ISL1_chr5:51398819-51399745_ISM_run-49_target-10.88_1	990	T	C
ISL1_chr5:51398819-51399745_ISM_run-49_target-10.88_1	1023	G	T
ISL1_chr5:51398819-51399745_ISM_run-49_target-10.88_1	1024	C	A
ISL1_chr5:51398819-51399745_ISM_run-49_target-10.88_1	1031	C	T
ISL1_chr5:51398819-51399745_ISM_run-49_target-10.88_1	1032	A	T
ISL1_chr5:51398819-51399745_ISM_run-49_target-10.88_1	1052	C	G
ISL1_chr5:51398819-51399745_ISM_run-49_target-10.88_1	1064	A	G
ISL1_chr5:51398819-51399745_ISM_run-49_target-10.88_1	1093	C	A
ISL1_chr5:51398819-51399745_ISM_run-49_target-10.88_1	1095	T	A
ISL1_chr5:51398819-51399745_ISM_run-50_target-10.88_1	944	T	G
ISL1_chr5:51398819-51399745_ISM_run-50_target-10.88_1	990	T	C
ISL1_chr5:51398819-51399745_ISM_run-50_target-10.88_1	1015	G	C
ISL1_chr5:51398819-51399745_ISM_run-50_target-10.88_1	1030	C	G
ISL1_chr5:51398819-51399745_ISM_run-50_target-10.88_1	1050	T	A
ISL1_chr5:51398819-51399745_ISM_run-50_target-10.88_1	1052	C	G
ISL1_chr5:51398819-51399745_ISM_run-50_target-10.88_1	1065	G	A
ISL1_chr5:51398819-51399745_ISM_run-50_target-10.88_1	1073	C	A
ISL1_chr5:51398819-51399745_ISM_run-50_target-10.88_1	1074	G	C
ISL1_chr5:51398819-51399745_ISM_run-50_target-10.88_1	1084	G	C
ISL1_chr5:51398819-51399745_ISM_run-50_target-10.88_1	1093	C	A
ISL1_chr5:51398819-51399745_ISM_run-50_target-10.88_1	1095	T	A
ISL1_chr5:51398819-51399745_ISM_run-50_target-10.88_1	1099	A	C
ISL1_chr5:51398819-51399745_ISM_run-50_target-10.88_1	1132	C	G
ISL1_chr5:51398819-51399745_ISM_run-50_target-10.88_1	1156	C	G
ISL1_chr5:51398819-51399745_ISM_run-51_target-10.88_1	937	T	G
ISL1_chr5:51398819-51399745_ISM_run-51_target-10.88_1	974	T	C
ISL1_chr5:51398819-51399745_ISM_run-51_target-10.88_1	982	C	A
ISL1_chr5:51398819-51399745_ISM_run-51_target-10.88_1	990	T	C
ISL1_chr5:51398819-51399745_ISM_run-51_target-10.88_1	994	C	T
ISL1_chr5:51398819-51399745_ISM_run-51_target-10.88_1	998	T	A
ISL1_chr5:51398819-51399745_ISM_run-51_target-10.88_1	999	T	A
ISL1_chr5:51398819-51399745_ISM_run-51_target-10.88_1	1003	G	A
ISL1_chr5:51398819-51399745_ISM_run-51_target-10.88_1	1009	G	T
ISL1_chr5:51398819-51399745_ISM_run-51_target-10.88_1	1030	C	T
ISL1_chr5:51398819-51399745_ISM_run-51_target-10.88_1	1050	T	G
ISL1_chr5:51398819-51399745_ISM_run-51_target-10.88_1	1069	C	T
ISL1_chr5:51398819-51399745_ISM_run-51_target-10.88_1	1093	C	A
ISL1_chr5:51398819-51399745_ISM_run-51_target-10.88_1	1095	T	A
ISL1_chr5:51398819-51399745_ISM_run-51_target-10.88_1	1096	G	C
ISL1_chr5:51398819-51399745_ISM_run-52_target-10.88_1	982	C	A
ISL1_chr5:51398819-51399745_ISM_run-52_target-10.88_1	990	T	C
ISL1_chr5:51398819-51399745_ISM_run-52_target-10.88_1	1027	G	A
ISL1_chr5:51398819-51399745_ISM_run-52_target-10.88_1	1052	C	G
ISL1_chr5:51398819-51399745_ISM_run-52_target-10.88_1	1087	A	T
ISL1_chr5:51398819-51399745_ISM_run-52_target-10.88_1	1095	T	C
ISL1_chr5:51398819-51399745_ISM_run-52_target-10.88_1	1097	T	C
ISL1_chr5:51398819-51399745_ISM_run-52_target-10.88_1	1099	A	T
ISL1_chr5:51398819-51399745_ISM_run-52_target-10.88_1	1106	A	G
ISL1_chr5:51398819-51399745_ISM_run-52_target-10.88_1	1158	C	G
ISL1_chr5:51398819-51399745_ISM_run-52_target-10.88_1	1163	C	A
ISL1_chr5:51398819-51399745_ISM_run-52_target-10.88_1	1165	T	G
ISL1_chr5:51398819-51399745_ISM_run-52_target-10.88_1	1182	G	A
ISL1_chr5:51398819-51399745_ISM_run-52_target-10.88_1	1190	G	C
ISL1_chr5:51398819-51399745_ISM_run-53_target-10.88_1	969	T	C
ISL1_chr5:51398819-51399745_ISM_run-53_target-10.88_1	974	T	G
ISL1_chr5:51398819-51399745_ISM_run-53_target-10.88_1	975	C	A
ISL1_chr5:51398819-51399745_ISM_run-53_target-10.88_1	990	T	C
ISL1_chr5:51398819-51399745_ISM_run-53_target-10.88_1	1022	G	T
ISL1_chr5:51398819-51399745_ISM_run-53_target-10.88_1	1030	C	T
ISL1_chr5:51398819-51399745_ISM_run-53_target-10.88_1	1033	G	C
ISL1_chr5:51398819-51399745_ISM_run-53_target-10.88_1	1052	C	G
ISL1_chr5:51398819-51399745_ISM_run-53_target-10.88_1	1057	G	T
ISL1_chr5:51398819-51399745_ISM_run-53_target-10.88_1	1063	C	A
ISL1_chr5:51398819-51399745_ISM_run-53_target-10.88_1	1085	G	T
ISL1_chr5:51398819-51399745_ISM_run-53_target-10.88_1	1093	C	A
ISL1_chr5:51398819-51399745_ISM_run-53_target-10.88_1	1095	T	A
ISL1_chr5:51398819-51399745_ISM_run-53_target-10.88_1	1146	C	G
ISL1_chr5:51398819-51399745_ISM_run-53_target-10.88_1	1157	C	G
ISL1_chr5:51398819-51399745_ISM_run-54_target-10.88_1	951	T	A
ISL1_chr5:51398819-51399745_ISM_run-54_target-10.88_1	1044	T	C
ISL1_chr5:51398819-51399745_ISM_run-54_target-10.88_1	1052	C	G
ISL1_chr5:51398819-51399745_ISM_run-54_target-10.88_1	1063	C	A
ISL1_chr5:51398819-51399745_ISM_run-54_target-10.88_1	1067	G	A
ISL1_chr5:51398819-51399745_ISM_run-54_target-10.88_1	1073	C	A
ISL1_chr5:51398819-51399745_ISM_run-54_target-10.88_1	1084	G	C
ISL1_chr5:51398819-51399745_ISM_run-54_target-10.88_1	1086	C	G
ISL1_chr5:51398819-51399745_ISM_run-54_target-10.88_1	1087	A	T
ISL1_chr5:51398819-51399745_ISM_run-54_target-10.88_1	1095	T	C
ISL1_chr5:51398819-51399745_ISM_run-54_target-10.88_1	1098	A	T
ISL1_chr5:51398819-51399745_ISM_run-54_target-10.88_1	1132	C	G
ISL1_chr5:51398819-51399745_ISM_run-54_target-10.88_1	1158	C	G
ISL1_chr5:51398819-51399745_ISM_run-54_target-10.88_1	1182	G	A
ISL1_chr5:51398819-51399745_ISM_run-54_target-10.88_1	1190	G	C
ISL1_chr5:51398819-51399745_ISM_run-55_target-10.88_1	922	T	C
ISL1_chr5:51398819-51399745_ISM_run-55_target-10.88_1	950	A	G
ISL1_chr5:51398819-51399745_ISM_run-55_target-10.88_1	959	A	T
ISL1_chr5:51398819-51399745_ISM_run-55_target-10.88_1	963	T	C
ISL1_chr5:51398819-51399745_ISM_run-55_target-10.88_1	972	C	G
ISL1_chr5:51398819-51399745_ISM_run-55_target-10.88_1	974	T	C
ISL1_chr5:51398819-51399745_ISM_run-55_target-10.88_1	982	C	A
ISL1_chr5:51398819-51399745_ISM_run-55_target-10.88_1	1026	T	C
ISL1_chr5:51398819-51399745_ISM_run-55_target-10.88_1	1031	C	A
ISL1_chr5:51398819-51399745_ISM_run-55_target-10.88_1	1032	A	T
ISL1_chr5:51398819-51399745_ISM_run-55_target-10.88_1	1042	C	T
ISL1_chr5:51398819-51399745_ISM_run-55_target-10.88_1	1085	G	A
ISL1_chr5:51398819-51399745_ISM_run-55_target-10.88_1	1093	C	A
ISL1_chr5:51398819-51399745_ISM_run-55_target-10.88_1	1095	T	A
ISL1_chr5:51398819-51399745_ISM_run-55_target-10.88_1	1146	C	G
ISL1_chr5:51398819-51399745_ISM_run-56_target-10.88_1	1015	G	C
ISL1_chr5:51398819-51399745_ISM_run-56_target-10.88_1	1030	C	A
ISL1_chr5:51398819-51399745_ISM_run-56_target-10.88_1	1031	C	T
ISL1_chr5:51398819-51399745_ISM_run-56_target-10.88_1	1043	G	A
ISL1_chr5:51398819-51399745_ISM_run-56_target-10.88_1	1052	C	G
ISL1_chr5:51398819-51399745_ISM_run-56_target-10.88_1	1063	C	G
ISL1_chr5:51398819-51399745_ISM_run-56_target-10.88_1	1073	C	T
ISL1_chr5:51398819-51399745_ISM_run-56_target-10.88_1	1084	G	C
ISL1_chr5:51398819-51399745_ISM_run-56_target-10.88_1	1086	C	G
ISL1_chr5:51398819-51399745_ISM_run-56_target-10.88_1	1096	G	A
ISL1_chr5:51398819-51399745_ISM_run-56_target-10.88_1	1132	C	G
ISL1_chr5:51398819-51399745_ISM_run-56_target-10.88_1	1163	C	A
ISL1_chr5:51398819-51399745_ISM_run-56_target-10.88_1	1165	T	G
ISL1_chr5:51398819-51399745_ISM_run-56_target-10.88_1	1182	G	C
ISL1_chr5:51398819-51399745_ISM_run-56_target-10.88_1	1190	G	C
ISL1_chr5:51398819-51399745_ISM_run-57_target-10.88_1	957	A	G
ISL1_chr5:51398819-51399745_ISM_run-57_target-10.88_1	1000	G	T
ISL1_chr5:51398819-51399745_ISM_run-57_target-10.88_1	1022	G	T
ISL1_chr5:51398819-51399745_ISM_run-57_target-10.88_1	1032	A	T
ISL1_chr5:51398819-51399745_ISM_run-57_target-10.88_1	1039	G	T
ISL1_chr5:51398819-51399745_ISM_run-57_target-10.88_1	1041	C	A
ISL1_chr5:51398819-51399745_ISM_run-57_target-10.88_1	1060	G	A
ISL1_chr5:51398819-51399745_ISM_run-57_target-10.88_1	1095	T	A
ISL1_chr5:51398819-51399745_ISM_run-57_target-10.88_1	1099	A	C
ISL1_chr5:51398819-51399745_ISM_run-57_target-10.88_1	1116	C	G
ISL1_chr5:51398819-51399745_ISM_run-57_target-10.88_1	1119	T	C
ISL1_chr5:51398819-51399745_ISM_run-57_target-10.88_1	1157	C	G
ISL1_chr5:51398819-51399745_ISM_run-57_target-10.88_1	1165	T	G
ISL1_chr5:51398819-51399745_ISM_run-57_target-10.88_1	1182	G	A
ISL1_chr5:51398819-51399745_ISM_run-57_target-10.88_1	1190	G	C
ISL1_chr5:51398819-51399745_ISM_run-58_target-10.88_1	944	T	G
ISL1_chr5:51398819-51399745_ISM_run-58_target-10.88_1	1047	T	C
ISL1_chr5:51398819-51399745_ISM_run-58_target-10.88_1	1056	T	G
ISL1_chr5:51398819-51399745_ISM_run-58_target-10.88_1	1058	T	C
ISL1_chr5:51398819-51399745_ISM_run-58_target-10.88_1	1082	T	G
ISL1_chr5:51398819-51399745_ISM_run-58_target-10.88_1	1086	C	G
ISL1_chr5:51398819-51399745_ISM_run-58_target-10.88_1	1095	T	A
ISL1_chr5:51398819-51399745_ISM_run-58_target-10.88_1	1097	T	A
ISL1_chr5:51398819-51399745_ISM_run-58_target-10.88_1	1108	G	C
ISL1_chr5:51398819-51399745_ISM_run-58_target-10.88_1	1128	A	T
ISL1_chr5:51398819-51399745_ISM_run-58_target-10.88_1	1132	C	G
ISL1_chr5:51398819-51399745_ISM_run-58_target-10.88_1	1135	T	C
ISL1_chr5:51398819-51399745_ISM_run-58_target-10.88_1	1145	C	A
ISL1_chr5:51398819-51399745_ISM_run-58_target-10.88_1	1147	C	G
ISL1_chr5:51398819-51399745_ISM_run-58_target-10.88_1	1182	G	A
ISL1_chr5:51398819-51399745_ISM_run-59_target-10.88_1	944	T	G
ISL1_chr5:51398819-51399745_ISM_run-59_target-10.88_1	1027	G	T
ISL1_chr5:51398819-51399745_ISM_run-59_target-10.88_1	1047	T	C
ISL1_chr5:51398819-51399745_ISM_run-59_target-10.88_1	1081	T	C
ISL1_chr5:51398819-51399745_ISM_run-59_target-10.88_1	1085	G	C
ISL1_chr5:51398819-51399745_ISM_run-59_target-10.88_1	1086	C	T
ISL1_chr5:51398819-51399745_ISM_run-59_target-10.88_1	1093	C	A
ISL1_chr5:51398819-51399745_ISM_run-59_target-10.88_1	1095	T	A
ISL1_chr5:51398819-51399745_ISM_run-59_target-10.88_1	1098	A	T
ISL1_chr5:51398819-51399745_ISM_run-59_target-10.88_1	1116	C	G
ISL1_chr5:51398819-51399745_ISM_run-59_target-10.88_1	1145	C	A
ISL1_chr5:51398819-51399745_ISM_run-59_target-10.88_1	1163	C	A
ISL1_chr5:51398819-51399745_ISM_run-59_target-10.88_1	1165	T	A
ISL1_chr5:51398819-51399745_ISM_run-59_target-10.88_1	1182	G	A
ISL1_chr5:51398819-51399745_ISM_run-59_target-10.88_1	1190	G	T
ISL1_chr5:51398819-51399745_ISM_run-60_target-10.88_1	937	T	C
ISL1_chr5:51398819-51399745_ISM_run-60_target-10.88_1	990	T	C
ISL1_chr5:51398819-51399745_ISM_run-60_target-10.88_1	1022	G	T
ISL1_chr5:51398819-51399745_ISM_run-60_target-10.88_1	1031	C	A
ISL1_chr5:51398819-51399745_ISM_run-60_target-10.88_1	1032	A	T
ISL1_chr5:51398819-51399745_ISM_run-60_target-10.88_1	1038	C	G
ISL1_chr5:51398819-51399745_ISM_run-60_target-10.88_1	1052	C	G
ISL1_chr5:51398819-51399745_ISM_run-60_target-10.88_1	1064	A	G
ISL1_chr5:51398819-51399745_ISM_run-60_target-10.88_1	1095	T	G
ISL1_chr5:51398819-51399745_ISM_run-60_target-10.88_1	1132	C	G
ISL1_chr5:51398819-51399745_ISM_run-60_target-10.88_1	1154	A	C
ISL1_chr5:51398819-51399745_ISM_run-60_target-10.88_1	1163	C	A
ISL1_chr5:51398819-51399745_ISM_run-60_target-10.88_1	1165	T	G
ISL1_chr5:51398819-51399745_ISM_run-60_target-10.88_1	1182	G	A
ISL1_chr5:51398819-51399745_ISM_run-60_target-10.88_1	1190	G	T
ISL1_chr5:51398819-51399745_ISM_run-61_target-10.88_1	944	T	G
ISL1_chr5:51398819-51399745_ISM_run-61_target-10.88_1	1027	G	A
ISL1_chr5:51398819-51399745_ISM_run-61_target-10.88_1	1052	C	G
ISL1_chr5:51398819-51399745_ISM_run-61_target-10.88_1	1063	C	G
ISL1_chr5:51398819-51399745_ISM_run-61_target-10.88_1	1065	G	A
ISL1_chr5:51398819-51399745_ISM_run-61_target-10.88_1	1083	C	A
ISL1_chr5:51398819-51399745_ISM_run-61_target-10.88_1	1093	C	A
ISL1_chr5:51398819-51399745_ISM_run-61_target-10.88_1	1095	T	A
ISL1_chr5:51398819-51399745_ISM_run-61_target-10.88_1	1103	C	G
ISL1_chr5:51398819-51399745_ISM_run-61_target-10.88_1	1146	C	G
ISL1_chr5:51398819-51399745_ISM_run-61_target-10.88_1	1151	T	C
ISL1_chr5:51398819-51399745_ISM_run-61_target-10.88_1	1163	C	A
ISL1_chr5:51398819-51399745_ISM_run-61_target-10.88_1	1167	C	G
ISL1_chr5:51398819-51399745_ISM_run-61_target-10.88_1	1182	G	A
ISL1_chr5:51398819-51399745_ISM_run-61_target-10.88_1	1190	G	T
ISL1_chr5:51398819-51399745_ISM_run-62_target-10.88_1	937	T	C
ISL1_chr5:51398819-51399745_ISM_run-62_target-10.88_1	957	A	G
ISL1_chr5:51398819-51399745_ISM_run-62_target-10.88_1	971	T	G
ISL1_chr5:51398819-51399745_ISM_run-62_target-10.88_1	982	C	A
ISL1_chr5:51398819-51399745_ISM_run-62_target-10.88_1	990	T	C
ISL1_chr5:51398819-51399745_ISM_run-62_target-10.88_1	1000	G	A
ISL1_chr5:51398819-51399745_ISM_run-62_target-10.88_1	1002	A	G
ISL1_chr5:51398819-51399745_ISM_run-62_target-10.88_1	1022	G	T
ISL1_chr5:51398819-51399745_ISM_run-62_target-10.88_1	1032	A	T
ISL1_chr5:51398819-51399745_ISM_run-62_target-10.88_1	1060	G	A
ISL1_chr5:51398819-51399745_ISM_run-62_target-10.88_1	1093	C	A
ISL1_chr5:51398819-51399745_ISM_run-62_target-10.88_1	1095	T	A
ISL1_chr5:51398819-51399745_ISM_run-62_target-10.88_1	1099	A	C
ISL1_chr5:51398819-51399745_ISM_run-62_target-10.88_1	1133	C	G
ISL1_chr5:51398819-51399745_ISM_run-62_target-10.88_1	1157	C	G
ISL1_chr5:51398819-51399745_ISM_run-63_target-10.88_1	934	T	G
ISL1_chr5:51398819-51399745_ISM_run-63_target-10.88_1	939	T	G
ISL1_chr5:51398819-51399745_ISM_run-63_target-10.88_1	946	G	C
ISL1_chr5:51398819-51399745_ISM_run-63_target-10.88_1	957	A	G
ISL1_chr5:51398819-51399745_ISM_run-63_target-10.88_1	966	A	C
ISL1_chr5:51398819-51399745_ISM_run-63_target-10.88_1	975	C	A
ISL1_chr5:51398819-51399745_ISM_run-63_target-10.88_1	983	C	G
ISL1_chr5:51398819-51399745_ISM_run-63_target-10.88_1	990	T	G
ISL1_chr5:51398819-51399745_ISM_run-63_target-10.88_1	1022	G	T
ISL1_chr5:51398819-51399745_ISM_run-63_target-10.88_1	1031	C	A
ISL1_chr5:51398819-51399745_ISM_run-63_target-10.88_1	1032	A	T
ISL1_chr5:51398819-51399745_ISM_run-63_target-10.88_1	1057	G	A
ISL1_chr5:51398819-51399745_ISM_run-63_target-10.88_1	1095	T	A
ISL1_chr5:51398819-51399745_ISM_run-63_target-10.88_1	1151	T	C
ISL1_chr5:51398819-51399745_ISM_run-63_target-10.88_1	1184	C	G
ISL1_chr5:51398819-51399745_ISM_run-64_target-10.88_1	950	A	G
ISL1_chr5:51398819-51399745_ISM_run-64_target-10.88_1	974	T	C
ISL1_chr5:51398819-51399745_ISM_run-64_target-10.88_1	982	C	A
ISL1_chr5:51398819-51399745_ISM_run-64_target-10.88_1	985	C	A
ISL1_chr5:51398819-51399745_ISM_run-64_target-10.88_1	999	T	A
ISL1_chr5:51398819-51399745_ISM_run-64_target-10.88_1	1022	G	T
ISL1_chr5:51398819-51399745_ISM_run-64_target-10.88_1	1034	C	G
ISL1_chr5:51398819-51399745_ISM_run-64_target-10.88_1	1052	C	G
ISL1_chr5:51398819-51399745_ISM_run-64_target-10.88_1	1060	G	A
ISL1_chr5:51398819-51399745_ISM_run-64_target-10.88_1	1077	C	A
ISL1_chr5:51398819-51399745_ISM_run-64_target-10.88_1	1083	C	A
ISL1_chr5:51398819-51399745_ISM_run-64_target-10.88_1	1093	C	A
ISL1_chr5:51398819-51399745_ISM_run-64_target-10.88_1	1095	T	A
ISL1_chr5:51398819-51399745_ISM_run-64_target-10.88_1	1096	G	C
ISL1_chr5:51398819-51399745_ISM_run-64_target-10.88_1	1146	C	G
ISL1_chr5:51398819-51399745_ISM_run-65_target-10.88_1	951	T	A
ISL1_chr5:51398819-51399745_ISM_run-65_target-10.88_1	967	T	G
ISL1_chr5:51398819-51399745_ISM_run-65_target-10.88_1	975	C	A
ISL1_chr5:51398819-51399745_ISM_run-65_target-10.88_1	990	T	C
ISL1_chr5:51398819-51399745_ISM_run-65_target-10.88_1	1032	A	T
ISL1_chr5:51398819-51399745_ISM_run-65_target-10.88_1	1037	C	G
ISL1_chr5:51398819-51399745_ISM_run-65_target-10.88_1	1052	C	G
ISL1_chr5:51398819-51399745_ISM_run-65_target-10.88_1	1079	G	A
ISL1_chr5:51398819-51399745_ISM_run-65_target-10.88_1	1084	G	C
ISL1_chr5:51398819-51399745_ISM_run-65_target-10.88_1	1086	C	G
ISL1_chr5:51398819-51399745_ISM_run-65_target-10.88_1	1095	T	C
ISL1_chr5:51398819-51399745_ISM_run-65_target-10.88_1	1151	T	C
ISL1_chr5:51398819-51399745_ISM_run-65_target-10.88_1	1163	C	A
ISL1_chr5:51398819-51399745_ISM_run-65_target-10.88_1	1165	T	G
ISL1_chr5:51398819-51399745_ISM_run-65_target-10.88_1	1182	G	A
ISL1_chr5:51398819-51399745_ISM_run-66_target-10.88_1	966	A	C
ISL1_chr5:51398819-51399745_ISM_run-66_target-10.88_1	1025	G	C
ISL1_chr5:51398819-51399745_ISM_run-66_target-10.88_1	1030	C	G
ISL1_chr5:51398819-51399745_ISM_run-66_target-10.88_1	1043	G	A
ISL1_chr5:51398819-51399745_ISM_run-66_target-10.88_1	1052	C	G
ISL1_chr5:51398819-51399745_ISM_run-66_target-10.88_1	1084	G	A
ISL1_chr5:51398819-51399745_ISM_run-66_target-10.88_1	1086	C	T
ISL1_chr5:51398819-51399745_ISM_run-66_target-10.88_1	1095	T	A
ISL1_chr5:51398819-51399745_ISM_run-66_target-10.88_1	1096	G	C
ISL1_chr5:51398819-51399745_ISM_run-66_target-10.88_1	1128	A	C
ISL1_chr5:51398819-51399745_ISM_run-66_target-10.88_1	1132	C	G
ISL1_chr5:51398819-51399745_ISM_run-66_target-10.88_1	1133	C	G
ISL1_chr5:51398819-51399745_ISM_run-66_target-10.88_1	1163	C	A
ISL1_chr5:51398819-51399745_ISM_run-66_target-10.88_1	1182	G	C
ISL1_chr5:51398819-51399745_ISM_run-66_target-10.88_1	1190	G	C
ISL1_chr5:51398819-51399745_ISM_run-67_target-10.88_1	951	T	A
ISL1_chr5:51398819-51399745_ISM_run-67_target-10.88_1	982	C	A
ISL1_chr5:51398819-51399745_ISM_run-67_target-10.88_1	990	T	C
ISL1_chr5:51398819-51399745_ISM_run-67_target-10.88_1	1022	G	T
ISL1_chr5:51398819-51399745_ISM_run-67_target-10.88_1	1032	A	T
ISL1_chr5:51398819-51399745_ISM_run-67_target-10.88_1	1060	G	A
ISL1_chr5:51398819-51399745_ISM_run-67_target-10.88_1	1086	C	G
ISL1_chr5:51398819-51399745_ISM_run-67_target-10.88_1	1095	T	A
ISL1_chr5:51398819-51399745_ISM_run-67_target-10.88_1	1097	T	A
ISL1_chr5:51398819-51399745_ISM_run-67_target-10.88_1	1119	T	A
ISL1_chr5:51398819-51399745_ISM_run-67_target-10.88_1	1125	C	A
ISL1_chr5:51398819-51399745_ISM_run-67_target-10.88_1	1128	A	T
ISL1_chr5:51398819-51399745_ISM_run-67_target-10.88_1	1132	C	G
ISL1_chr5:51398819-51399745_ISM_run-67_target-10.88_1	1146	C	G
ISL1_chr5:51398819-51399745_ISM_run-67_target-10.88_1	1182	G	A
ISL1_chr5:51398819-51399745_ISM_run-68_target-10.88_1	937	T	C
ISL1_chr5:51398819-51399745_ISM_run-68_target-10.88_1	966	A	C
ISL1_chr5:51398819-51399745_ISM_run-68_target-10.88_1	970	G	T
ISL1_chr5:51398819-51399745_ISM_run-68_target-10.88_1	975	C	A
ISL1_chr5:51398819-51399745_ISM_run-68_target-10.88_1	982	C	G
ISL1_chr5:51398819-51399745_ISM_run-68_target-10.88_1	1031	C	A
ISL1_chr5:51398819-51399745_ISM_run-68_target-10.88_1	1032	A	T
ISL1_chr5:51398819-51399745_ISM_run-68_target-10.88_1	1041	C	A
ISL1_chr5:51398819-51399745_ISM_run-68_target-10.88_1	1084	G	C
ISL1_chr5:51398819-51399745_ISM_run-68_target-10.88_1	1086	C	G
ISL1_chr5:51398819-51399745_ISM_run-68_target-10.88_1	1095	T	A
ISL1_chr5:51398819-51399745_ISM_run-68_target-10.88_1	1098	A	G
ISL1_chr5:51398819-51399745_ISM_run-68_target-10.88_1	1132	C	G
ISL1_chr5:51398819-51399745_ISM_run-68_target-10.88_1	1157	C	G
ISL1_chr5:51398819-51399745_ISM_run-68_target-10.88_1	1162	T	A
ISL1_chr5:51398819-51399745_ISM_run-69_target-10.88_1	969	T	C
ISL1_chr5:51398819-51399745_ISM_run-69_target-10.88_1	975	C	A
ISL1_chr5:51398819-51399745_ISM_run-69_target-10.88_1	982	C	T
ISL1_chr5:51398819-51399745_ISM_run-69_target-10.88_1	996	C	A
ISL1_chr5:51398819-51399745_ISM_run-69_target-10.88_1	1022	G	T
ISL1_chr5:51398819-51399745_ISM_run-69_target-10.88_1	1032	A	T
ISL1_chr5:51398819-51399745_ISM_run-69_target-10.88_1	1037	C	G
ISL1_chr5:51398819-51399745_ISM_run-69_target-10.88_1	1050	T	G
ISL1_chr5:51398819-51399745_ISM_run-69_target-10.88_1	1093	C	A
ISL1_chr5:51398819-51399745_ISM_run-69_target-10.88_1	1095	T	A
ISL1_chr5:51398819-51399745_ISM_run-69_target-10.88_1	1148	A	T
ISL1_chr5:51398819-51399745_ISM_run-69_target-10.88_1	1158	C	G
ISL1_chr5:51398819-51399745_ISM_run-69_target-10.88_1	1165	T	C
ISL1_chr5:51398819-51399745_ISM_run-69_target-10.88_1	1182	G	A
ISL1_chr5:51398819-51399745_ISM_run-69_target-10.88_1	1190	G	T
ISL1_chr5:51398819-51399745_ISM_run-70_target-10.88_1	939	T	G
ISL1_chr5:51398819-51399745_ISM_run-70_target-10.88_1	949	A	C
ISL1_chr5:51398819-51399745_ISM_run-70_target-10.88_1	967	T	C
ISL1_chr5:51398819-51399745_ISM_run-70_target-10.88_1	975	C	A
ISL1_chr5:51398819-51399745_ISM_run-70_target-10.88_1	990	T	C
ISL1_chr5:51398819-51399745_ISM_run-70_target-10.88_1	1032	A	T
ISL1_chr5:51398819-51399745_ISM_run-70_target-10.88_1	1037	C	G
ISL1_chr5:51398819-51399745_ISM_run-70_target-10.88_1	1098	A	T
ISL1_chr5:51398819-51399745_ISM_run-70_target-10.88_1	1124	C	G
ISL1_chr5:51398819-51399745_ISM_run-70_target-10.88_1	1152	G	C
ISL1_chr5:51398819-51399745_ISM_run-70_target-10.88_1	1154	A	C
ISL1_chr5:51398819-51399745_ISM_run-70_target-10.88_1	1163	C	A
ISL1_chr5:51398819-51399745_ISM_run-70_target-10.88_1	1167	C	G
ISL1_chr5:51398819-51399745_ISM_run-70_target-10.88_1	1182	G	A
ISL1_chr5:51398819-51399745_ISM_run-70_target-10.88_1	1190	G	T
ISL1_chr5:51398819-51399745_ISM_run-71_target-10.88_1	950	A	G
ISL1_chr5:51398819-51399745_ISM_run-71_target-10.88_1	966	A	G
ISL1_chr5:51398819-51399745_ISM_run-71_target-10.88_1	975	C	A
ISL1_chr5:51398819-51399745_ISM_run-71_target-10.88_1	982	C	T
ISL1_chr5:51398819-51399745_ISM_run-71_target-10.88_1	1015	G	C
ISL1_chr5:51398819-51399745_ISM_run-71_target-10.88_1	1024	C	A
ISL1_chr5:51398819-51399745_ISM_run-71_target-10.88_1	1027	G	A
ISL1_chr5:51398819-51399745_ISM_run-71_target-10.88_1	1031	C	A
ISL1_chr5:51398819-51399745_ISM_run-71_target-10.88_1	1032	A	T
ISL1_chr5:51398819-51399745_ISM_run-71_target-10.88_1	1041	C	A
ISL1_chr5:51398819-51399745_ISM_run-71_target-10.88_1	1057	G	A
ISL1_chr5:51398819-51399745_ISM_run-71_target-10.88_1	1093	C	A
ISL1_chr5:51398819-51399745_ISM_run-71_target-10.88_1	1095	T	A
ISL1_chr5:51398819-51399745_ISM_run-71_target-10.88_1	1133	C	G
ISL1_chr5:51398819-51399745_ISM_run-71_target-10.88_1	1158	C	G
ISL1_chr5:51398819-51399745_ISM_run-72_target-10.88_1	922	T	G
ISL1_chr5:51398819-51399745_ISM_run-72_target-10.88_1	936	T	A
ISL1_chr5:51398819-51399745_ISM_run-72_target-10.88_1	939	T	A
ISL1_chr5:51398819-51399745_ISM_run-72_target-10.88_1	950	A	G
ISL1_chr5:51398819-51399745_ISM_run-72_target-10.88_1	957	A	G
ISL1_chr5:51398819-51399745_ISM_run-72_target-10.88_1	967	T	C
ISL1_chr5:51398819-51399745_ISM_run-72_target-10.88_1	973	T	C
ISL1_chr5:51398819-51399745_ISM_run-72_target-10.88_1	975	C	A
ISL1_chr5:51398819-51399745_ISM_run-72_target-10.88_1	990	T	C
ISL1_chr5:51398819-51399745_ISM_run-72_target-10.88_1	1023	G	C
ISL1_chr5:51398819-51399745_ISM_run-72_target-10.88_1	1032	A	T
ISL1_chr5:51398819-51399745_ISM_run-72_target-10.88_1	1037	C	G
ISL1_chr5:51398819-51399745_ISM_run-72_target-10.88_1	1052	C	G
ISL1_chr5:51398819-51399745_ISM_run-72_target-10.88_1	1065	G	A
ISL1_chr5:51398819-51399745_ISM_run-72_target-10.88_1	1084	G	C
ISL1_chr5:51398819-51399745_ISM_run-73_target-10.88_1	990	T	C
ISL1_chr5:51398819-51399745_ISM_run-73_target-10.88_1	1031	C	T
ISL1_chr5:51398819-51399745_ISM_run-73_target-10.88_1	1052	C	G
ISL1_chr5:51398819-51399745_ISM_run-73_target-10.88_1	1086	C	G
ISL1_chr5:51398819-51399745_ISM_run-73_target-10.88_1	1095	T	A
ISL1_chr5:51398819-51399745_ISM_run-73_target-10.88_1	1097	T	A
ISL1_chr5:51398819-51399745_ISM_run-73_target-10.88_1	1120	G	A
ISL1_chr5:51398819-51399745_ISM_run-73_target-10.88_1	1132	C	G
ISL1_chr5:51398819-51399745_ISM_run-73_target-10.88_1	1133	C	G
ISL1_chr5:51398819-51399745_ISM_run-73_target-10.88_1	1135	T	C
ISL1_chr5:51398819-51399745_ISM_run-73_target-10.88_1	1143	T	G
ISL1_chr5:51398819-51399745_ISM_run-73_target-10.88_1	1147	C	G
ISL1_chr5:51398819-51399745_ISM_run-73_target-10.88_1	1164	T	C
ISL1_chr5:51398819-51399745_ISM_run-73_target-10.88_1	1182	G	A
ISL1_chr5:51398819-51399745_ISM_run-74_target-10.88_1	988	C	A
ISL1_chr5:51398819-51399745_ISM_run-74_target-10.88_1	1027	G	C
ISL1_chr5:51398819-51399745_ISM_run-74_target-10.88_1	1052	C	G
ISL1_chr5:51398819-51399745_ISM_run-74_target-10.88_1	1060	G	T
ISL1_chr5:51398819-51399745_ISM_run-74_target-10.88_1	1082	T	G
ISL1_chr5:51398819-51399745_ISM_run-74_target-10.88_1	1093	C	A
ISL1_chr5:51398819-51399745_ISM_run-74_target-10.88_1	1095	T	A
ISL1_chr5:51398819-51399745_ISM_run-74_target-10.88_1	1096	G	C
ISL1_chr5:51398819-51399745_ISM_run-74_target-10.88_1	1147	C	T
ISL1_chr5:51398819-51399745_ISM_run-74_target-10.88_1	1154	A	C
ISL1_chr5:51398819-51399745_ISM_run-74_target-10.88_1	1163	C	A
ISL1_chr5:51398819-51399745_ISM_run-74_target-10.88_1	1167	C	G
ISL1_chr5:51398819-51399745_ISM_run-74_target-10.88_1	1175	G	A
ISL1_chr5:51398819-51399745_ISM_run-74_target-10.88_1	1182	G	A
ISL1_chr5:51398819-51399745_ISM_run-74_target-10.88_1	1190	G	T
ISL1_chr5:51398819-51399745_ISM_run-75_target-10.88_1	957	A	G
ISL1_chr5:51398819-51399745_ISM_run-75_target-10.88_1	981	T	C
ISL1_chr5:51398819-51399745_ISM_run-75_target-10.88_1	982	C	T
ISL1_chr5:51398819-51399745_ISM_run-75_target-10.88_1	1000	G	A
ISL1_chr5:51398819-51399745_ISM_run-75_target-10.88_1	1001	C	A
ISL1_chr5:51398819-51399745_ISM_run-75_target-10.88_1	1004	C	G
ISL1_chr5:51398819-51399745_ISM_run-75_target-10.88_1	1027	G	A
ISL1_chr5:51398819-51399745_ISM_run-75_target-10.88_1	1031	C	A
ISL1_chr5:51398819-51399745_ISM_run-75_target-10.88_1	1032	A	T
ISL1_chr5:51398819-51399745_ISM_run-75_target-10.88_1	1042	C	T
ISL1_chr5:51398819-51399745_ISM_run-75_target-10.88_1	1085	G	A
ISL1_chr5:51398819-51399745_ISM_run-75_target-10.88_1	1093	C	A
ISL1_chr5:51398819-51399745_ISM_run-75_target-10.88_1	1095	T	A
ISL1_chr5:51398819-51399745_ISM_run-75_target-10.88_1	1099	A	C
ISL1_chr5:51398819-51399745_ISM_run-75_target-10.88_1	1156	C	G
ISL1_chr5:51398819-51399745_ISM_run-76_target-10.88_1	966	A	T
ISL1_chr5:51398819-51399745_ISM_run-76_target-10.88_1	967	T	C
ISL1_chr5:51398819-51399745_ISM_run-76_target-10.88_1	969	T	C
ISL1_chr5:51398819-51399745_ISM_run-76_target-10.88_1	975	C	A
ISL1_chr5:51398819-51399745_ISM_run-76_target-10.88_1	990	T	A
ISL1_chr5:51398819-51399745_ISM_run-76_target-10.88_1	1022	G	T
ISL1_chr5:51398819-51399745_ISM_run-76_target-10.88_1	1032	A	T
ISL1_chr5:51398819-51399745_ISM_run-76_target-10.88_1	1041	C	A
ISL1_chr5:51398819-51399745_ISM_run-76_target-10.88_1	1053	C	G
ISL1_chr5:51398819-51399745_ISM_run-76_target-10.88_1	1085	G	T
ISL1_chr5:51398819-51399745_ISM_run-76_target-10.88_1	1093	C	A
ISL1_chr5:51398819-51399745_ISM_run-76_target-10.88_1	1095	T	A
ISL1_chr5:51398819-51399745_ISM_run-76_target-10.88_1	1096	G	T
ISL1_chr5:51398819-51399745_ISM_run-76_target-10.88_1	1099	A	C
ISL1_chr5:51398819-51399745_ISM_run-76_target-10.88_1	1145	C	G
ISL1_chr5:51398819-51399745_ISM_run-77_target-10.88_1	942	A	T
ISL1_chr5:51398819-51399745_ISM_run-77_target-10.88_1	950	A	G
ISL1_chr5:51398819-51399745_ISM_run-77_target-10.88_1	960	A	C
ISL1_chr5:51398819-51399745_ISM_run-77_target-10.88_1	963	T	C
ISL1_chr5:51398819-51399745_ISM_run-77_target-10.88_1	972	C	G
ISL1_chr5:51398819-51399745_ISM_run-77_target-10.88_1	974	T	C
ISL1_chr5:51398819-51399745_ISM_run-77_target-10.88_1	982	C	A
ISL1_chr5:51398819-51399745_ISM_run-77_target-10.88_1	986	G	A
ISL1_chr5:51398819-51399745_ISM_run-77_target-10.88_1	999	T	G
ISL1_chr5:51398819-51399745_ISM_run-77_target-10.88_1	1022	G	T
ISL1_chr5:51398819-51399745_ISM_run-77_target-10.88_1	1030	C	T
ISL1_chr5:51398819-51399745_ISM_run-77_target-10.88_1	1047	T	C
ISL1_chr5:51398819-51399745_ISM_run-77_target-10.88_1	1090	G	T
ISL1_chr5:51398819-51399745_ISM_run-77_target-10.88_1	1095	T	A
ISL1_chr5:51398819-51399745_ISM_run-77_target-10.88_1	1097	T	A
ISL1_chr5:51398819-51399745_ISM_run-78_target-10.88_1	939	T	G
ISL1_chr5:51398819-51399745_ISM_run-78_target-10.88_1	957	A	G
ISL1_chr5:51398819-51399745_ISM_run-78_target-10.88_1	981	T	C
ISL1_chr5:51398819-51399745_ISM_run-78_target-10.88_1	982	C	T
ISL1_chr5:51398819-51399745_ISM_run-78_target-10.88_1	989	C	A
ISL1_chr5:51398819-51399745_ISM_run-78_target-10.88_1	992	G	A
ISL1_chr5:51398819-51399745_ISM_run-78_target-10.88_1	1000	G	A
ISL1_chr5:51398819-51399745_ISM_run-78_target-10.88_1	1022	G	T
ISL1_chr5:51398819-51399745_ISM_run-78_target-10.88_1	1030	C	T
ISL1_chr5:51398819-51399745_ISM_run-78_target-10.88_1	1033	G	T
ISL1_chr5:51398819-51399745_ISM_run-78_target-10.88_1	1052	C	G
ISL1_chr5:51398819-51399745_ISM_run-78_target-10.88_1	1063	C	A
ISL1_chr5:51398819-51399745_ISM_run-78_target-10.88_1	1082	T	A
ISL1_chr5:51398819-51399745_ISM_run-78_target-10.88_1	1085	G	T
ISL1_chr5:51398819-51399745_ISM_run-78_target-10.88_1	1096	G	A
ISL1_chr5:51398819-51399745_ISM_run-79_target-10.88_1	951	T	A
ISL1_chr5:51398819-51399745_ISM_run-79_target-10.88_1	975	C	A
ISL1_chr5:51398819-51399745_ISM_run-79_target-10.88_1	990	T	G
ISL1_chr5:51398819-51399745_ISM_run-79_target-10.88_1	1032	A	T
ISL1_chr5:51398819-51399745_ISM_run-79_target-10.88_1	1063	C	T
ISL1_chr5:51398819-51399745_ISM_run-79_target-10.88_1	1072	G	A
ISL1_chr5:51398819-51399745_ISM_run-79_target-10.88_1	1073	C	A
ISL1_chr5:51398819-51399745_ISM_run-79_target-10.88_1	1084	G	C
ISL1_chr5:51398819-51399745_ISM_run-79_target-10.88_1	1086	C	A
ISL1_chr5:51398819-51399745_ISM_run-79_target-10.88_1	1095	T	G
ISL1_chr5:51398819-51399745_ISM_run-79_target-10.88_1	1112	C	G
ISL1_chr5:51398819-51399745_ISM_run-79_target-10.88_1	1119	T	G
ISL1_chr5:51398819-51399745_ISM_run-79_target-10.88_1	1128	A	T
ISL1_chr5:51398819-51399745_ISM_run-79_target-10.88_1	1132	C	G
ISL1_chr5:51398819-51399745_ISM_run-79_target-10.88_1	1190	G	C
ISL1_chr5:51398819-51399745_ISM_run-80_target-10.88_1	922	T	G
ISL1_chr5:51398819-51399745_ISM_run-80_target-10.88_1	930	G	T
ISL1_chr5:51398819-51399745_ISM_run-80_target-10.88_1	939	T	A
ISL1_chr5:51398819-51399745_ISM_run-80_target-10.88_1	950	A	G
ISL1_chr5:51398819-51399745_ISM_run-80_target-10.88_1	974	T	C
ISL1_chr5:51398819-51399745_ISM_run-80_target-10.88_1	982	C	A
ISL1_chr5:51398819-51399745_ISM_run-80_target-10.88_1	990	T	C
ISL1_chr5:51398819-51399745_ISM_run-80_target-10.88_1	1000	G	A
ISL1_chr5:51398819-51399745_ISM_run-80_target-10.88_1	1022	G	T
ISL1_chr5:51398819-51399745_ISM_run-80_target-10.88_1	1031	C	A
ISL1_chr5:51398819-51399745_ISM_run-80_target-10.88_1	1032	A	T
ISL1_chr5:51398819-51399745_ISM_run-80_target-10.88_1	1050	T	G
ISL1_chr5:51398819-51399745_ISM_run-80_target-10.88_1	1086	C	T
ISL1_chr5:51398819-51399745_ISM_run-80_target-10.88_1	1096	G	A
ISL1_chr5:51398819-51399745_ISM_run-80_target-10.88_1	1132	C	G
ISL1_chr5:51398819-51399745_ISM_run-81_target-10.88_1	937	T	C
ISL1_chr5:51398819-51399745_ISM_run-81_target-10.88_1	944	T	C
ISL1_chr5:51398819-51399745_ISM_run-81_target-10.88_1	965	C	G
ISL1_chr5:51398819-51399745_ISM_run-81_target-10.88_1	967	T	G
ISL1_chr5:51398819-51399745_ISM_run-81_target-10.88_1	975	C	A
ISL1_chr5:51398819-51399745_ISM_run-81_target-10.88_1	1017	G	T
ISL1_chr5:51398819-51399745_ISM_run-81_target-10.88_1	1023	G	C
ISL1_chr5:51398819-51399745_ISM_run-81_target-10.88_1	1032	A	T
ISL1_chr5:51398819-51399745_ISM_run-81_target-10.88_1	1037	C	A
ISL1_chr5:51398819-51399745_ISM_run-81_target-10.88_1	1041	C	A
ISL1_chr5:51398819-51399745_ISM_run-81_target-10.88_1	1093	C	A
ISL1_chr5:51398819-51399745_ISM_run-81_target-10.88_1	1095	T	A
ISL1_chr5:51398819-51399745_ISM_run-81_target-10.88_1	1144	A	T
ISL1_chr5:51398819-51399745_ISM_run-81_target-10.88_1	1151	T	C
ISL1_chr5:51398819-51399745_ISM_run-81_target-10.88_1	1158	C	G
ISL1_chr5:51398819-51399745_ISM_run-82_target-10.88_1	944	T	G
ISL1_chr5:51398819-51399745_ISM_run-82_target-10.88_1	1027	G	A
ISL1_chr5:51398819-51399745_ISM_run-82_target-10.88_1	1044	T	C
ISL1_chr5:51398819-51399745_ISM_run-82_target-10.88_1	1052	C	G
ISL1_chr5:51398819-51399745_ISM_run-82_target-10.88_1	1063	C	G
ISL1_chr5:51398819-51399745_ISM_run-82_target-10.88_1	1065	G	C
ISL1_chr5:51398819-51399745_ISM_run-82_target-10.88_1	1095	T	A
ISL1_chr5:51398819-51399745_ISM_run-82_target-10.88_1	1099	A	C
ISL1_chr5:51398819-51399745_ISM_run-82_target-10.88_1	1116	C	G
ISL1_chr5:51398819-51399745_ISM_run-82_target-10.88_1	1135	T	G
ISL1_chr5:51398819-51399745_ISM_run-82_target-10.88_1	1138	A	G
ISL1_chr5:51398819-51399745_ISM_run-82_target-10.88_1	1163	C	A
ISL1_chr5:51398819-51399745_ISM_run-82_target-10.88_1	1165	T	C
ISL1_chr5:51398819-51399745_ISM_run-82_target-10.88_1	1182	G	A
ISL1_chr5:51398819-51399745_ISM_run-82_target-10.88_1	1190	G	T
ISL1_chr5:51398819-51399745_ISM_run-83_target-10.88_1	925	A	C
ISL1_chr5:51398819-51399745_ISM_run-83_target-10.88_1	927	C	A
ISL1_chr5:51398819-51399745_ISM_run-83_target-10.88_1	940	T	G
ISL1_chr5:51398819-51399745_ISM_run-83_target-10.88_1	951	T	C
ISL1_chr5:51398819-51399745_ISM_run-83_target-10.88_1	963	T	C
ISL1_chr5:51398819-51399745_ISM_run-83_target-10.88_1	976	T	A
ISL1_chr5:51398819-51399745_ISM_run-83_target-10.88_1	981	T	A
ISL1_chr5:51398819-51399745_ISM_run-83_target-10.88_1	982	C	A
ISL1_chr5:51398819-51399745_ISM_run-83_target-10.88_1	1022	G	T
ISL1_chr5:51398819-51399745_ISM_run-83_target-10.88_1	1031	C	A
ISL1_chr5:51398819-51399745_ISM_run-83_target-10.88_1	1032	A	T
ISL1_chr5:51398819-51399745_ISM_run-83_target-10.88_1	1052	C	G
ISL1_chr5:51398819-51399745_ISM_run-83_target-10.88_1	1063	C	T
ISL1_chr5:51398819-51399745_ISM_run-83_target-10.88_1	1064	A	G
ISL1_chr5:51398819-51399745_ISM_run-83_target-10.88_1	1095	T	A
ISL1_chr5:51398819-51399745_ISM_run-84_target-10.88_1	939	T	G
ISL1_chr5:51398819-51399745_ISM_run-84_target-10.88_1	944	T	A
ISL1_chr5:51398819-51399745_ISM_run-84_target-10.88_1	967	T	G
ISL1_chr5:51398819-51399745_ISM_run-84_target-10.88_1	970	G	C
ISL1_chr5:51398819-51399745_ISM_run-84_target-10.88_1	975	C	A
ISL1_chr5:51398819-51399745_ISM_run-84_target-10.88_1	989	C	G
ISL1_chr5:51398819-51399745_ISM_run-84_target-10.88_1	990	T	C
ISL1_chr5:51398819-51399745_ISM_run-84_target-10.88_1	1007	C	T
ISL1_chr5:51398819-51399745_ISM_run-84_target-10.88_1	1015	G	C
ISL1_chr5:51398819-51399745_ISM_run-84_target-10.88_1	1027	G	A
ISL1_chr5:51398819-51399745_ISM_run-84_target-10.88_1	1031	C	A
ISL1_chr5:51398819-51399745_ISM_run-84_target-10.88_1	1032	A	T
ISL1_chr5:51398819-51399745_ISM_run-84_target-10.88_1	1052	C	G
ISL1_chr5:51398819-51399745_ISM_run-84_target-10.88_1	1064	A	G
ISL1_chr5:51398819-51399745_ISM_run-84_target-10.88_1	1159	C	G
ISL1_chr5:51398819-51399745_ISM_run-85_target-10.88_1	944	T	G
ISL1_chr5:51398819-51399745_ISM_run-85_target-10.88_1	1052	C	G
ISL1_chr5:51398819-51399745_ISM_run-85_target-10.88_1	1063	C	T
ISL1_chr5:51398819-51399745_ISM_run-85_target-10.88_1	1084	G	C
ISL1_chr5:51398819-51399745_ISM_run-85_target-10.88_1	1087	A	T
ISL1_chr5:51398819-51399745_ISM_run-85_target-10.88_1	1094	G	C
ISL1_chr5:51398819-51399745_ISM_run-85_target-10.88_1	1096	G	A
ISL1_chr5:51398819-51399745_ISM_run-85_target-10.88_1	1098	A	C
ISL1_chr5:51398819-51399745_ISM_run-85_target-10.88_1	1133	C	T
ISL1_chr5:51398819-51399745_ISM_run-85_target-10.88_1	1138	A	T
ISL1_chr5:51398819-51399745_ISM_run-85_target-10.88_1	1141	G	C
ISL1_chr5:51398819-51399745_ISM_run-85_target-10.88_1	1158	C	G
ISL1_chr5:51398819-51399745_ISM_run-85_target-10.88_1	1165	T	C
ISL1_chr5:51398819-51399745_ISM_run-85_target-10.88_1	1182	G	A
ISL1_chr5:51398819-51399745_ISM_run-85_target-10.88_1	1190	G	T
ISL1_chr5:51398819-51399745_ISM_run-86_target-10.88_1	937	T	C
ISL1_chr5:51398819-51399745_ISM_run-86_target-10.88_1	969	T	C
ISL1_chr5:51398819-51399745_ISM_run-86_target-10.88_1	975	C	A
ISL1_chr5:51398819-51399745_ISM_run-86_target-10.88_1	982	C	G
ISL1_chr5:51398819-51399745_ISM_run-86_target-10.88_1	1000	G	A
ISL1_chr5:51398819-51399745_ISM_run-86_target-10.88_1	1002	A	G
ISL1_chr5:51398819-51399745_ISM_run-86_target-10.88_1	1015	G	C
ISL1_chr5:51398819-51399745_ISM_run-86_target-10.88_1	1024	C	A
ISL1_chr5:51398819-51399745_ISM_run-86_target-10.88_1	1031	C	A
ISL1_chr5:51398819-51399745_ISM_run-86_target-10.88_1	1095	T	A
ISL1_chr5:51398819-51399745_ISM_run-86_target-10.88_1	1128	A	T
ISL1_chr5:51398819-51399745_ISM_run-86_target-10.88_1	1129	G	A
ISL1_chr5:51398819-51399745_ISM_run-86_target-10.88_1	1132	C	G
ISL1_chr5:51398819-51399745_ISM_run-86_target-10.88_1	1182	G	A
ISL1_chr5:51398819-51399745_ISM_run-86_target-10.88_1	1190	G	T
ISL1_chr5:51398819-51399745_ISM_run-87_target-10.88_1	932	T	G
ISL1_chr5:51398819-51399745_ISM_run-87_target-10.88_1	958	T	G
ISL1_chr5:51398819-51399745_ISM_run-87_target-10.88_1	962	A	C
ISL1_chr5:51398819-51399745_ISM_run-87_target-10.88_1	969	T	G
ISL1_chr5:51398819-51399745_ISM_run-87_target-10.88_1	982	C	A
ISL1_chr5:51398819-51399745_ISM_run-87_target-10.88_1	1000	G	A
ISL1_chr5:51398819-51399745_ISM_run-87_target-10.88_1	1015	G	C
ISL1_chr5:51398819-51399745_ISM_run-87_target-10.88_1	1022	G	T
ISL1_chr5:51398819-51399745_ISM_run-87_target-10.88_1	1027	G	A
ISL1_chr5:51398819-51399745_ISM_run-87_target-10.88_1	1030	C	T
ISL1_chr5:51398819-51399745_ISM_run-87_target-10.88_1	1033	G	T
ISL1_chr5:51398819-51399745_ISM_run-87_target-10.88_1	1052	C	G
ISL1_chr5:51398819-51399745_ISM_run-87_target-10.88_1	1063	C	A
ISL1_chr5:51398819-51399745_ISM_run-87_target-10.88_1	1095	T	C
ISL1_chr5:51398819-51399745_ISM_run-87_target-10.88_1	1098	A	T
ISL1_chr5:51398819-51399745_ISM_run-88_target-10.88_1	970	G	C
ISL1_chr5:51398819-51399745_ISM_run-88_target-10.88_1	1030	C	T
ISL1_chr5:51398819-51399745_ISM_run-88_target-10.88_1	1036	C	G
ISL1_chr5:51398819-51399745_ISM_run-88_target-10.88_1	1043	G	A
ISL1_chr5:51398819-51399745_ISM_run-88_target-10.88_1	1052	C	G
ISL1_chr5:51398819-51399745_ISM_run-88_target-10.88_1	1096	G	A
ISL1_chr5:51398819-51399745_ISM_run-88_target-10.88_1	1116	C	G
ISL1_chr5:51398819-51399745_ISM_run-88_target-10.88_1	1125	C	G
ISL1_chr5:51398819-51399745_ISM_run-88_target-10.88_1	1127	C	A
ISL1_chr5:51398819-51399745_ISM_run-88_target-10.88_1	1157	C	G
ISL1_chr5:51398819-51399745_ISM_run-88_target-10.88_1	1163	C	A
ISL1_chr5:51398819-51399745_ISM_run-88_target-10.88_1	1167	C	G
ISL1_chr5:51398819-51399745_ISM_run-88_target-10.88_1	1175	G	A
ISL1_chr5:51398819-51399745_ISM_run-88_target-10.88_1	1182	G	A
ISL1_chr5:51398819-51399745_ISM_run-88_target-10.88_1	1190	G	T
ISL1_chr5:51398819-51399745_ISM_run-89_target-10.88_1	944	T	G
ISL1_chr5:51398819-51399745_ISM_run-89_target-10.88_1	1053	C	G
ISL1_chr5:51398819-51399745_ISM_run-89_target-10.88_1	1080	C	T
ISL1_chr5:51398819-51399745_ISM_run-89_target-10.88_1	1093	C	A
ISL1_chr5:51398819-51399745_ISM_run-89_target-10.88_1	1095	T	A
ISL1_chr5:51398819-51399745_ISM_run-89_target-10.88_1	1099	A	C
ISL1_chr5:51398819-51399745_ISM_run-89_target-10.88_1	1105	C	T
ISL1_chr5:51398819-51399745_ISM_run-89_target-10.88_1	1115	T	C
ISL1_chr5:51398819-51399745_ISM_run-89_target-10.88_1	1116	C	G
ISL1_chr5:51398819-51399745_ISM_run-89_target-10.88_1	1131	C	A
ISL1_chr5:51398819-51399745_ISM_run-89_target-10.88_1	1143	T	G
ISL1_chr5:51398819-51399745_ISM_run-89_target-10.88_1	1151	T	G
ISL1_chr5:51398819-51399745_ISM_run-89_target-10.88_1	1163	C	A
ISL1_chr5:51398819-51399745_ISM_run-89_target-10.88_1	1165	T	G
ISL1_chr5:51398819-51399745_ISM_run-89_target-10.88_1	1182	G	A
ISL1_chr5:51398819-51399745_ISM_run-90_target-10.88_1	938	G	C
ISL1_chr5:51398819-51399745_ISM_run-90_target-10.88_1	966	A	T
ISL1_chr5:51398819-51399745_ISM_run-90_target-10.88_1	1027	G	A
ISL1_chr5:51398819-51399745_ISM_run-90_target-10.88_1	1031	C	T
ISL1_chr5:51398819-51399745_ISM_run-90_target-10.88_1	1052	C	G
ISL1_chr5:51398819-51399745_ISM_run-90_target-10.88_1	1059	T	C
ISL1_chr5:51398819-51399745_ISM_run-90_target-10.88_1	1085	G	A
ISL1_chr5:51398819-51399745_ISM_run-90_target-10.88_1	1093	C	A
ISL1_chr5:51398819-51399745_ISM_run-90_target-10.88_1	1095	T	A
ISL1_chr5:51398819-51399745_ISM_run-90_target-10.88_1	1099	A	C
ISL1_chr5:51398819-51399745_ISM_run-90_target-10.88_1	1144	A	T
ISL1_chr5:51398819-51399745_ISM_run-90_target-10.88_1	1163	C	A
ISL1_chr5:51398819-51399745_ISM_run-90_target-10.88_1	1165	T	G
ISL1_chr5:51398819-51399745_ISM_run-90_target-10.88_1	1182	G	A
ISL1_chr5:51398819-51399745_ISM_run-90_target-10.88_1	1189	G	A
ISL1_chr5:51398819-51399745_ISM_run-91_target-10.88_1	922	T	A
ISL1_chr5:51398819-51399745_ISM_run-91_target-10.88_1	936	T	A
ISL1_chr5:51398819-51399745_ISM_run-91_target-10.88_1	939	T	A
ISL1_chr5:51398819-51399745_ISM_run-91_target-10.88_1	950	A	C
ISL1_chr5:51398819-51399745_ISM_run-91_target-10.88_1	957	A	T
ISL1_chr5:51398819-51399745_ISM_run-91_target-10.88_1	982	C	A
ISL1_chr5:51398819-51399745_ISM_run-91_target-10.88_1	999	T	A
ISL1_chr5:51398819-51399745_ISM_run-91_target-10.88_1	1052	C	G
ISL1_chr5:51398819-51399745_ISM_run-91_target-10.88_1	1112	C	G
ISL1_chr5:51398819-51399745_ISM_run-91_target-10.88_1	1128	A	C
ISL1_chr5:51398819-51399745_ISM_run-91_target-10.88_1	1132	C	G
ISL1_chr5:51398819-51399745_ISM_run-91_target-10.88_1	1133	C	G
ISL1_chr5:51398819-51399745_ISM_run-91_target-10.88_1	1151	T	C
ISL1_chr5:51398819-51399745_ISM_run-91_target-10.88_1	1163	C	A
ISL1_chr5:51398819-51399745_ISM_run-91_target-10.88_1	1182	G	A
ISL1_chr5:51398819-51399745_ISM_run-92_target-10.88_1	922	T	G
ISL1_chr5:51398819-51399745_ISM_run-92_target-10.88_1	936	T	A
ISL1_chr5:51398819-51399745_ISM_run-92_target-10.88_1	939	T	A
ISL1_chr5:51398819-51399745_ISM_run-92_target-10.88_1	963	T	C
ISL1_chr5:51398819-51399745_ISM_run-92_target-10.88_1	974	T	C
ISL1_chr5:51398819-51399745_ISM_run-92_target-10.88_1	976	T	G
ISL1_chr5:51398819-51399745_ISM_run-92_target-10.88_1	982	C	A
ISL1_chr5:51398819-51399745_ISM_run-92_target-10.88_1	1022	G	T
ISL1_chr5:51398819-51399745_ISM_run-92_target-10.88_1	1030	C	T
ISL1_chr5:51398819-51399745_ISM_run-92_target-10.88_1	1047	T	C
ISL1_chr5:51398819-51399745_ISM_run-92_target-10.88_1	1060	G	A
ISL1_chr5:51398819-51399745_ISM_run-92_target-10.88_1	1083	C	A
ISL1_chr5:51398819-51399745_ISM_run-92_target-10.88_1	1093	C	A
ISL1_chr5:51398819-51399745_ISM_run-92_target-10.88_1	1095	T	A
ISL1_chr5:51398819-51399745_ISM_run-92_target-10.88_1	1096	G	C
ISL1_chr5:51398819-51399745_ISM_run-93_target-10.88_1	922	T	G
ISL1_chr5:51398819-51399745_ISM_run-93_target-10.88_1	950	A	G
ISL1_chr5:51398819-51399745_ISM_run-93_target-10.88_1	974	T	C
ISL1_chr5:51398819-51399745_ISM_run-93_target-10.88_1	982	C	A
ISL1_chr5:51398819-51399745_ISM_run-93_target-10.88_1	1022	G	A
ISL1_chr5:51398819-51399745_ISM_run-93_target-10.88_1	1025	G	A
ISL1_chr5:51398819-51399745_ISM_run-93_target-10.88_1	1031	C	A
ISL1_chr5:51398819-51399745_ISM_run-93_target-10.88_1	1033	G	A
ISL1_chr5:51398819-51399745_ISM_run-93_target-10.88_1	1095	T	A
ISL1_chr5:51398819-51399745_ISM_run-93_target-10.88_1	1128	A	C
ISL1_chr5:51398819-51399745_ISM_run-93_target-10.88_1	1132	C	G
ISL1_chr5:51398819-51399745_ISM_run-93_target-10.88_1	1133	C	G
ISL1_chr5:51398819-51399745_ISM_run-93_target-10.88_1	1145	C	A
ISL1_chr5:51398819-51399745_ISM_run-93_target-10.88_1	1182	G	A
ISL1_chr5:51398819-51399745_ISM_run-93_target-10.88_1	1190	G	C
ISL1_chr5:51398819-51399745_ISM_run-94_target-10.88_1	922	T	G
ISL1_chr5:51398819-51399745_ISM_run-94_target-10.88_1	950	A	C
ISL1_chr5:51398819-51399745_ISM_run-94_target-10.88_1	963	T	C
ISL1_chr5:51398819-51399745_ISM_run-94_target-10.88_1	974	T	C
ISL1_chr5:51398819-51399745_ISM_run-94_target-10.88_1	977	T	A
ISL1_chr5:51398819-51399745_ISM_run-94_target-10.88_1	982	C	A
ISL1_chr5:51398819-51399745_ISM_run-94_target-10.88_1	993	C	T
ISL1_chr5:51398819-51399745_ISM_run-94_target-10.88_1	999	T	G
ISL1_chr5:51398819-51399745_ISM_run-94_target-10.88_1	1032	A	T
ISL1_chr5:51398819-51399745_ISM_run-94_target-10.88_1	1038	C	G
ISL1_chr5:51398819-51399745_ISM_run-94_target-10.88_1	1039	G	T
ISL1_chr5:51398819-51399745_ISM_run-94_target-10.88_1	1056	T	G
ISL1_chr5:51398819-51399745_ISM_run-94_target-10.88_1	1086	C	T
ISL1_chr5:51398819-51399745_ISM_run-94_target-10.88_1	1096	G	A
ISL1_chr5:51398819-51399745_ISM_run-94_target-10.88_1	1132	C	G
ISL1_chr5:51398819-51399745_ISM_run-95_target-10.88_1	990	T	C
ISL1_chr5:51398819-51399745_ISM_run-95_target-10.88_1	1010	A	T
ISL1_chr5:51398819-51399745_ISM_run-95_target-10.88_1	1044	T	C
ISL1_chr5:51398819-51399745_ISM_run-95_target-10.88_1	1050	T	C
ISL1_chr5:51398819-51399745_ISM_run-95_target-10.88_1	1052	C	G
ISL1_chr5:51398819-51399745_ISM_run-95_target-10.88_1	1063	C	A
ISL1_chr5:51398819-51399745_ISM_run-95_target-10.88_1	1065	G	A
ISL1_chr5:51398819-51399745_ISM_run-95_target-10.88_1	1085	G	T
ISL1_chr5:51398819-51399745_ISM_run-95_target-10.88_1	1095	T	A
ISL1_chr5:51398819-51399745_ISM_run-95_target-10.88_1	1097	T	A
ISL1_chr5:51398819-51399745_ISM_run-95_target-10.88_1	1106	A	G
ISL1_chr5:51398819-51399745_ISM_run-95_target-10.88_1	1132	C	G
ISL1_chr5:51398819-51399745_ISM_run-95_target-10.88_1	1163	C	A
ISL1_chr5:51398819-51399745_ISM_run-95_target-10.88_1	1165	T	G
ISL1_chr5:51398819-51399745_ISM_run-95_target-10.88_1	1182	G	A
ISL1_chr5:51398819-51399745_ISM_run-96_target-10.88_1	944	T	G
ISL1_chr5:51398819-51399745_ISM_run-96_target-10.88_1	1031	C	T
ISL1_chr5:51398819-51399745_ISM_run-96_target-10.88_1	1050	T	A
ISL1_chr5:51398819-51399745_ISM_run-96_target-10.88_1	1052	C	G
ISL1_chr5:51398819-51399745_ISM_run-96_target-10.88_1	1063	C	G
ISL1_chr5:51398819-51399745_ISM_run-96_target-10.88_1	1065	G	A
ISL1_chr5:51398819-51399745_ISM_run-96_target-10.88_1	1082	T	G
ISL1_chr5:51398819-51399745_ISM_run-96_target-10.88_1	1093	C	A
ISL1_chr5:51398819-51399745_ISM_run-96_target-10.88_1	1095	T	A
ISL1_chr5:51398819-51399745_ISM_run-96_target-10.88_1	1096	G	C
ISL1_chr5:51398819-51399745_ISM_run-96_target-10.88_1	1116	C	G
ISL1_chr5:51398819-51399745_ISM_run-96_target-10.88_1	1124	C	A
ISL1_chr5:51398819-51399745_ISM_run-96_target-10.88_1	1136	G	T
ISL1_chr5:51398819-51399745_ISM_run-96_target-10.88_1	1151	T	G
ISL1_chr5:51398819-51399745_ISM_run-96_target-10.88_1	1158	C	G
ISL1_chr5:51398819-51399745_ISM_run-97_target-10.88_1	951	T	A
ISL1_chr5:51398819-51399745_ISM_run-97_target-10.88_1	982	C	A
ISL1_chr5:51398819-51399745_ISM_run-97_target-10.88_1	1010	A	G
ISL1_chr5:51398819-51399745_ISM_run-97_target-10.88_1	1019	A	C
ISL1_chr5:51398819-51399745_ISM_run-97_target-10.88_1	1031	C	T
ISL1_chr5:51398819-51399745_ISM_run-97_target-10.88_1	1052	C	G
ISL1_chr5:51398819-51399745_ISM_run-97_target-10.88_1	1063	C	G
ISL1_chr5:51398819-51399745_ISM_run-97_target-10.88_1	1095	T	A
ISL1_chr5:51398819-51399745_ISM_run-97_target-10.88_1	1097	T	A
ISL1_chr5:51398819-51399745_ISM_run-97_target-10.88_1	1112	C	G
ISL1_chr5:51398819-51399745_ISM_run-97_target-10.88_1	1128	A	T
ISL1_chr5:51398819-51399745_ISM_run-97_target-10.88_1	1132	C	G
ISL1_chr5:51398819-51399745_ISM_run-97_target-10.88_1	1136	G	T
ISL1_chr5:51398819-51399745_ISM_run-97_target-10.88_1	1146	C	G
ISL1_chr5:51398819-51399745_ISM_run-97_target-10.88_1	1148	A	C
ISL1_chr5:51398819-51399745_ISM_run-98_target-10.88_1	944	T	C
ISL1_chr5:51398819-51399745_ISM_run-98_target-10.88_1	1044	T	C
ISL1_chr5:51398819-51399745_ISM_run-98_target-10.88_1	1052	C	G
ISL1_chr5:51398819-51399745_ISM_run-98_target-10.88_1	1060	G	T
ISL1_chr5:51398819-51399745_ISM_run-98_target-10.88_1	1063	C	T
ISL1_chr5:51398819-51399745_ISM_run-98_target-10.88_1	1084	G	A
ISL1_chr5:51398819-51399745_ISM_run-98_target-10.88_1	1086	C	T
ISL1_chr5:51398819-51399745_ISM_run-98_target-10.88_1	1093	C	A
ISL1_chr5:51398819-51399745_ISM_run-98_target-10.88_1	1095	T	A
ISL1_chr5:51398819-51399745_ISM_run-98_target-10.88_1	1109	G	C
ISL1_chr5:51398819-51399745_ISM_run-98_target-10.88_1	1127	C	A
ISL1_chr5:51398819-51399745_ISM_run-98_target-10.88_1	1133	C	G
ISL1_chr5:51398819-51399745_ISM_run-98_target-10.88_1	1157	C	G
ISL1_chr5:51398819-51399745_ISM_run-98_target-10.88_1	1162	T	A
ISL1_chr5:51398819-51399745_ISM_run-99_target-10.88_1	938	G	T
ISL1_chr5:51398819-51399745_ISM_run-99_target-10.88_1	1027	G	C
ISL1_chr5:51398819-51399745_ISM_run-99_target-10.88_1	1044	T	C
ISL1_chr5:51398819-51399745_ISM_run-99_target-10.88_1	1052	C	G
ISL1_chr5:51398819-51399745_ISM_run-99_target-10.88_1	1064	A	T
ISL1_chr5:51398819-51399745_ISM_run-99_target-10.88_1	1067	G	A
ISL1_chr5:51398819-51399745_ISM_run-99_target-10.88_1	1085	G	C
ISL1_chr5:51398819-51399745_ISM_run-99_target-10.88_1	1086	C	T
ISL1_chr5:51398819-51399745_ISM_run-99_target-10.88_1	1093	C	A
ISL1_chr5:51398819-51399745_ISM_run-99_target-10.88_1	1095	T	A
ISL1_chr5:51398819-51399745_ISM_run-99_target-10.88_1	1098	A	T
ISL1_chr5:51398819-51399745_ISM_run-99_target-10.88_1	1100	G	A
ISL1_chr5:51398819-51399745_ISM_run-99_target-10.88_1	1105	C	A
ISL1_chr5:51398819-51399745_ISM_run-99_target-10.88_1	1132	C	G
ISL1_chr5:51398819-51399745_ISM_run-99_target-10.88_1	1146	C	G
ISL1_chr5:51398819-51399745_ISM_run-100_target-10.88_1	924	T	G
ISL1_chr5:51398819-51399745_ISM_run-100_target-10.88_1	930	G	C
ISL1_chr5:51398819-51399745_ISM_run-100_target-10.88_1	939	T	A
ISL1_chr5:51398819-51399745_ISM_run-100_target-10.88_1	974	T	C
ISL1_chr5:51398819-51399745_ISM_run-100_target-10.88_1	982	C	A
ISL1_chr5:51398819-51399745_ISM_run-100_target-10.88_1	1005	C	G
ISL1_chr5:51398819-51399745_ISM_run-100_target-10.88_1	1011	C	T
ISL1_chr5:51398819-51399745_ISM_run-100_target-10.88_1	1032	A	T
ISL1_chr5:51398819-51399745_ISM_run-100_target-10.88_1	1039	G	T
ISL1_chr5:51398819-51399745_ISM_run-100_target-10.88_1	1041	C	A
ISL1_chr5:51398819-51399745_ISM_run-100_target-10.88_1	1086	C	G
ISL1_chr5:51398819-51399745_ISM_run-100_target-10.88_1	1090	G	T
ISL1_chr5:51398819-51399745_ISM_run-100_target-10.88_1	1095	T	A
ISL1_chr5:51398819-51399745_ISM_run-100_target-10.88_1	1098	A	T
ISL1_chr5:51398819-51399745_ISM_run-100_target-10.88_1	1146	C	G
