id	start	end	attribution	p-value	attribution_proportion	delta_attribution	type	annotation
ISL1_chr5:51392398-51392614_Ledidi_run-10_target-10.88_1	999	1032	1.9271120801018136	0.020782944543160292	0.18675125534292897	1.9271120801018136	addition	NDF2_MOUSE.H11MO.0.A
ISL1_chr5:51392398-51392614_Ledidi_run-10_target-10.88_1	1013	1031				-0.40305298240052206	removal	FOXA2_HUMAN.H11MO.0.A
ISL1_chr5:51392398-51392614_Ledidi_run-10_target-10.88_1	1028	1060	1.8982021854879978	0.003993640638080072	0.1839496751096316	1.8982021854879978	addition	ARNTL_bHLH_1
ISL1_chr5:51392398-51392614_Ledidi_run-10_target-10.88_1	1053	1067	0.3294674999670182	0.02180184363848297	0.03192781045214888	0.3294674999670182	addition	SP2_HUMAN.H11MO.0.A
ISL1_chr5:51392398-51392614_Ledidi_run-10_target-10.88_1	1064	1080	0.8276584158956188	0.04157803279634765	0.0802061539438229	0.8276584158956188	addition	TYY1_HUMAN.H11MO.0.A
ISL1_chr5:51392398-51392614_Ledidi_run-10_target-10.88_1	1070	1101	2.0627944420314117	0.0008429945143283453	0.19989986858648634	2.0627944420314117	addition	RFX6_MOUSE.H11MO.0.C
ISL1_chr5:51392398-51392614_Ledidi_run-10_target-10.88_1	1074	1089				-0.35149073920886	removal	FOXA2_HUMAN.H11MO.0.A
ISL1_chr5:51392398-51392614_Ledidi_run-10_target-10.88_1	1095	1113	0.5544595062121296	0.01591637661675091	0.05373118143521012	0.5544595062121296	addition	HNF4G_MA0484.1
ISL1_chr5:51392398-51392614_Ledidi_run-10_target-10.88_10	999	1033	1.9688768563356245	0.023978966652746625	0.19403045848047265	1.9688768563356245	addition	NDF2_MOUSE.H11MO.0.A
ISL1_chr5:51392398-51392614_Ledidi_run-10_target-10.88_10	1013	1031				-0.40305298240052206	removal	FOXA2_HUMAN.H11MO.0.A
ISL1_chr5:51392398-51392614_Ledidi_run-10_target-10.88_10	1028	1060	1.843759059109002	0.03459194355839432	0.18170024926407155	1.843759059109002	addition	ARNTL_bHLH_1
ISL1_chr5:51392398-51392614_Ledidi_run-10_target-10.88_10	1053	1067	0.34266101111932024	0.04589631419228254	0.03376883266056859	0.34266101111932024	addition	SP2_HUMAN.H11MO.0.A
ISL1_chr5:51392398-51392614_Ledidi_run-10_target-10.88_10	1070	1102	1.9968393171855867	0.006525800046691943	0.19678612554085867	1.9968393171855867	addition	RFX6_MOUSE.H11MO.0.C
ISL1_chr5:51392398-51392614_Ledidi_run-10_target-10.88_10	1074	1089				-0.35149073920886	removal	FOXA2_HUMAN.H11MO.0.A
ISL1_chr5:51392398-51392614_Ledidi_run-10_target-10.88_10	1095	1113	0.5215643091120983	0.04554980170166938	0.05139953862448188	0.5215643091120983	addition	HNF4G_MA0484.1
ISL1_chr5:51392398-51392614_Ledidi_run-10_target-10.88_2	999	1032	1.9682657313420155	0.01657997113026903	0.19038557108947549	1.9682657313420155	addition	NDF2_MOUSE.H11MO.0.A
ISL1_chr5:51392398-51392614_Ledidi_run-10_target-10.88_2	1013	1031				-0.40305298240052206	removal	FOXA2_HUMAN.H11MO.0.A
ISL1_chr5:51392398-51392614_Ledidi_run-10_target-10.88_2	1028	1060	1.7485064818439642	0.041262157128128175	0.16912879180827847	1.7485064818439642	addition	ARNTL_bHLH_1
ISL1_chr5:51392398-51392614_Ledidi_run-10_target-10.88_2	1059	1074	0.5220650281236083	0.03822531123050392	0.05049808414709687	0.5220650281236083	addition	SP2_HUMAN.H11MO.0.A
ISL1_chr5:51392398-51392614_Ledidi_run-10_target-10.88_2	1065	1079	0.6647435158796906	0.027839420844810524	0.06429902826814468	0.6647435158796906	addition	TYY1_HUMAN.H11MO.0.A
ISL1_chr5:51392398-51392614_Ledidi_run-10_target-10.88_2	1069	1102	2.3356493522015684	0.03512886189237361	0.22592169781895693	2.3356493522015684	addition	RFX6_MOUSE.H11MO.0.C
ISL1_chr5:51392398-51392614_Ledidi_run-10_target-10.88_2	1074	1089				-0.35149073920886	removal	FOXA2_HUMAN.H11MO.0.A
ISL1_chr5:51392398-51392614_Ledidi_run-10_target-10.88_2	1096	1112	0.4174303614169066	0.040948540118391635	0.04037702657875231	0.4174303614169066	addition	HNF4G_MA0484.1
ISL1_chr5:51392398-51392614_Ledidi_run-10_target-10.88_3	999	1032	1.8655339420839656	0.04695064795138151	0.18363995032204497	1.8655339420839656	addition	NDF2_MOUSE.H11MO.0.A
ISL1_chr5:51392398-51392614_Ledidi_run-10_target-10.88_3	1013	1031				-0.40305298240052206	removal	FOXA2_HUMAN.H11MO.0.A
ISL1_chr5:51392398-51392614_Ledidi_run-10_target-10.88_3	1028	1060	1.8202643545393649	0.04554980170166938	0.17918369004167545	1.8202643545393649	addition	ARNTL_bHLH_1
ISL1_chr5:51392398-51392614_Ledidi_run-10_target-10.88_3	1053	1067	0.46221715703908783	0.018723703125906946	0.04549986137579185	0.46221715703908783	addition	SP2_HUMAN.H11MO.0.A
ISL1_chr5:51392398-51392614_Ledidi_run-10_target-10.88_3	1059	1075	0.6247853689659646	0.03202133761382601	0.06150279634723802	0.6247853689659646	addition	SP2_HUMAN.H11MO.0.A
ISL1_chr5:51392398-51392614_Ledidi_run-10_target-10.88_3	1065	1080	0.8288125852724475	0.024496864293743537	0.08158688435102587	0.8288125852724475	addition	TYY1_HUMAN.H11MO.0.A
ISL1_chr5:51392398-51392614_Ledidi_run-10_target-10.88_3	1070	1102	2.1630781355462263	0.00421626974575668	0.21292968859664516	2.1630781355462263	addition	RFX6_MOUSE.H11MO.0.C
ISL1_chr5:51392398-51392614_Ledidi_run-10_target-10.88_3	1074	1089				-0.35149073920886	removal	FOXA2_HUMAN.H11MO.0.A
ISL1_chr5:51392398-51392614_Ledidi_run-10_target-10.88_3	1092	1113	0.7562113640077346	0.030883593372035726	0.07444014509015877	0.7562113640077346	addition	HNF4G_MA0484.1
ISL1_chr5:51392398-51392614_Ledidi_run-10_target-10.88_4	999	1032	1.9655990433273893	0.018723703125906946	0.19232724793248243	1.9655990433273893	addition	NDF2_MOUSE.H11MO.0.A
ISL1_chr5:51392398-51392614_Ledidi_run-10_target-10.88_4	1013	1031				-0.40305298240052206	removal	FOXA2_HUMAN.H11MO.0.A
ISL1_chr5:51392398-51392614_Ledidi_run-10_target-10.88_4	1028	1059	1.797505646902151	0.03152925435595684	0.17587987508712175	1.797505646902151	addition	ARNTL_bHLH_1
ISL1_chr5:51392398-51392614_Ledidi_run-10_target-10.88_4	1053	1067	0.3132839570728354	0.031044267384158657	0.030653780327049476	0.3132839570728354	addition	SP2_HUMAN.H11MO.0.A
ISL1_chr5:51392398-51392614_Ledidi_run-10_target-10.88_4	1063	1079	0.7876488296682878	0.04286440117339201	0.07706878585517855	0.7876488296682878	addition	TYY1_HUMAN.H11MO.0.A
ISL1_chr5:51392398-51392614_Ledidi_run-10_target-10.88_4	1069	1102	2.1955766916466137	0.04352150009819771	0.2148297864524168	2.1955766916466137	addition	RFX6_MOUSE.H11MO.0.C
ISL1_chr5:51392398-51392614_Ledidi_run-10_target-10.88_4	1074	1089				-0.35149073920886	removal	FOXA2_HUMAN.H11MO.0.A
ISL1_chr5:51392398-51392614_Ledidi_run-10_target-10.88_4	1095	1112	0.44597680431628817	0.04839151109639871	0.04363732863375665	0.44597680431628817	addition	HNF4G_MA0484.1
ISL1_chr5:51392398-51392614_Ledidi_run-10_target-10.88_5	999	1032	1.8533671652767416	0.017268444460892787	0.18070237855016305	1.8533671652767416	addition	NDF2_MOUSE.H11MO.0.A
ISL1_chr5:51392398-51392614_Ledidi_run-10_target-10.88_5	1013	1031				-0.40305298240052206	removal	FOXA2_HUMAN.H11MO.0.A
ISL1_chr5:51392398-51392614_Ledidi_run-10_target-10.88_5	1028	1060	2.059751181549849	0.018128726134506876	0.2008247176818792	2.059751181549849	addition	ARNTL_bHLH_1
ISL1_chr5:51392398-51392614_Ledidi_run-10_target-10.88_5	1053	1067	0.38149542312752294	0.03540025979293725	0.03719561436972512	0.38149542312752294	addition	SP2_HUMAN.H11MO.0.A
ISL1_chr5:51392398-51392614_Ledidi_run-10_target-10.88_5	1059	1075	0.5555852870484852	0.04352150009819771	0.054169289678845406	0.5555852870484852	addition	SP2_HUMAN.H11MO.0.A
ISL1_chr5:51392398-51392614_Ledidi_run-10_target-10.88_5	1065	1080	0.7974069943881412	0.04985515610220864	0.07774678609726954	0.7974069943881412	addition	TYY1_HUMAN.H11MO.0.A
ISL1_chr5:51392398-51392614_Ledidi_run-10_target-10.88_5	1070	1101	2.01751466397291	0.004613797960235575	0.19670667818553958	2.01751466397291	addition	RFX6_MOUSE.H11MO.0.C
ISL1_chr5:51392398-51392614_Ledidi_run-10_target-10.88_5	1074	1089				-0.35149073920886	removal	FOXA2_HUMAN.H11MO.0.A
ISL1_chr5:51392398-51392614_Ledidi_run-10_target-10.88_5	1095	1112	0.4111958949015806	0.04730707420613627	0.04009139562353449	0.4111958949015806	addition	HNF4G_MA0484.1
ISL1_chr5:51392398-51392614_Ledidi_run-10_target-10.88_6	999	1033	1.8584671813516092	0.03707066464076151	0.18658975198878472	1.8584671813516092	addition	NDF2_MOUSE.H11MO.0.A
ISL1_chr5:51392398-51392614_Ledidi_run-10_target-10.88_6	1013	1031				-0.40305298240052206	removal	FOXA2_HUMAN.H11MO.0.A
ISL1_chr5:51392398-51392614_Ledidi_run-10_target-10.88_6	1029	1059	1.8199468955540659	0.0072483988975657705	0.1827223226117034	1.8199468955540659	addition	ARNTL_bHLH_1
ISL1_chr5:51392398-51392614_Ledidi_run-10_target-10.88_6	1052	1068	0.46812978462902555	0.0431917794291362	0.04700014145472682	0.46812978462902555	addition	SP2_HUMAN.H11MO.0.A
ISL1_chr5:51392398-51392614_Ledidi_run-10_target-10.88_6	1066	1080	0.7164993263565869	0.03432639554286543	0.07193639626596848	0.3650085871477269	increase	FOXA2_HUMAN.H11MO.0.A
ISL1_chr5:51392398-51392614_Ledidi_run-10_target-10.88_6	1070	1101	1.9397576800964433	0.004029949362472612	0.19475130262150128	1.9397576800964433	addition	RFX6_MOUSE.H11MO.0.C
ISL1_chr5:51392398-51392614_Ledidi_run-10_target-10.88_6	1095	1112	0.48116809916722225	0.0373561988327741	0.04830918575771235	0.48116809916722225	addition	HNF4G_MA0484.1
ISL1_chr5:51392398-51392614_Ledidi_run-10_target-10.88_7	999	1033	2.0202573427975183	0.04766601648500149	0.19809669994290358	2.0202573427975183	addition	NDF2_MOUSE.H11MO.0.A
ISL1_chr5:51392398-51392614_Ledidi_run-10_target-10.88_7	1013	1031				-0.40305298240052206	removal	FOXA2_HUMAN.H11MO.0.A
ISL1_chr5:51392398-51392614_Ledidi_run-10_target-10.88_7	1023	1037	0.7774180123770869	0.048758094963275454	0.07622986411959669	0.7774180123770869	addition	NDF2_MOUSE.H11MO.0.A
ISL1_chr5:51392398-51392614_Ledidi_run-10_target-10.88_7	1028	1059	1.8205104284248947	0.029173201786239084	0.178510480047669	1.8205104284248947	addition	ARNTL_bHLH_1
ISL1_chr5:51392398-51392614_Ledidi_run-10_target-10.88_7	1053	1067	0.3007804551979012	0.021117601510266027	0.02949308205434915	0.3007804551979012	addition	SP2_HUMAN.H11MO.0.A
ISL1_chr5:51392398-51392614_Ledidi_run-10_target-10.88_7	1066	1101	2.3271550586210887	0.04167367425347945	0.2281896110967266	2.3271550586210887	addition	RFX6_MOUSE.H11MO.0.C
ISL1_chr5:51392398-51392614_Ledidi_run-10_target-10.88_7	1074	1089				-0.35149073920886	removal	FOXA2_HUMAN.H11MO.0.A
ISL1_chr5:51392398-51392614_Ledidi_run-10_target-10.88_7	1095	1112	0.44675951863553465	0.04418802463977276	0.0438070855801115	0.44675951863553465	addition	HNF4G_MA0484.1
ISL1_chr5:51392398-51392614_Ledidi_run-10_target-10.88_8	999	1032	1.85272515022358	0.04063716777415878	0.18279561106692108	1.85272515022358	addition	NDF2_MOUSE.H11MO.0.A
ISL1_chr5:51392398-51392614_Ledidi_run-10_target-10.88_8	1013	1031				-0.40305298240052206	removal	FOXA2_HUMAN.H11MO.0.A
ISL1_chr5:51392398-51392614_Ledidi_run-10_target-10.88_8	1028	1059	1.7539686039207192	0.008920659983371477	0.17305198383429476	1.7539686039207192	addition	ARNTL_bHLH_1
ISL1_chr5:51392398-51392614_Ledidi_run-10_target-10.88_8	1053	1067	0.30756337176901116	0.04554980170166938	0.030345156418659532	0.30756337176901116	addition	SP2_HUMAN.H11MO.0.A
ISL1_chr5:51392398-51392614_Ledidi_run-10_target-10.88_8	1066	1080	0.695466479657993	0.0373561988327741	0.0686168804424671	0.34397574044913304	increase	FOXA2_HUMAN.H11MO.0.A
ISL1_chr5:51392398-51392614_Ledidi_run-10_target-10.88_8	1070	1102	2.1144666777054706	0.0017224922556354511	0.20861984217419985	2.1144666777054706	addition	RFX6_MOUSE.H11MO.0.C
ISL1_chr5:51392398-51392614_Ledidi_run-10_target-10.88_8	1095	1112	0.4640744358506552	0.04730707420613627	0.045787023548322925	0.4640744358506552	addition	HNF4G_MA0484.1
ISL1_chr5:51392398-51392614_Ledidi_run-10_target-10.88_9	1000	1033	1.9111572317279018	0.019649667726908415	0.183834780540815	1.9111572317279018	addition	NDF2_MOUSE.H11MO.0.A
ISL1_chr5:51392398-51392614_Ledidi_run-10_target-10.88_9	1013	1031				-0.40305298240052206	removal	FOXA2_HUMAN.H11MO.0.A
ISL1_chr5:51392398-51392614_Ledidi_run-10_target-10.88_9	1028	1060	1.9155327053344569	0.02677138457031075	0.18425565864381438	1.9155327053344569	addition	ARNTL_bHLH_1
ISL1_chr5:51392398-51392614_Ledidi_run-10_target-10.88_9	1053	1067	0.29528960965533946	0.045205730885551756	0.028403995069465292	0.29528960965533946	addition	SP2_HUMAN.H11MO.0.A
ISL1_chr5:51392398-51392614_Ledidi_run-10_target-10.88_9	1064	1080	0.8099701119431639	0.028277587506706697	0.0779112651234184	0.8099701119431639	addition	TYY1_HUMAN.H11MO.0.A
ISL1_chr5:51392398-51392614_Ledidi_run-10_target-10.88_9	1070	1102	2.147897199842596	0.003066666664710039	0.20660686823778407	2.147897199842596	addition	RFX6_MOUSE.H11MO.0.C
ISL1_chr5:51392398-51392614_Ledidi_run-10_target-10.88_9	1074	1089				-0.35149073920886	removal	FOXA2_HUMAN.H11MO.0.A
ISL1_chr5:51392398-51392614_Ledidi_run-10_target-10.88_9	1094	1113	0.5374858130880122	0.03911348485364352	0.05170091965876724	0.5374858130880122	addition	HNF4G_MA0484.1
ISL1_chr5:51392398-51392614_Ledidi_run-10_target-5.87_1	1012	1031	0.4977024135973631	0.04730707420613627	0.09802160781674304	0.09464943119684105	increase	FOXA2_HUMAN.H11MO.0.A
ISL1_chr5:51392398-51392614_Ledidi_run-10_target-5.87_1	1072	1089	0.44243226821230497	0.02635488941340899	0.08713625068988091	0.09094152900344499	increase	FOXA2_HUMAN.H11MO.0.A
ISL1_chr5:51392398-51392614_Ledidi_run-10_target-5.87_10	1012	1031	0.5047891315765088	0.0373561988327741	0.09915968163935841	0.10173614917598678	increase	FOXA2_HUMAN.H11MO.0.A
ISL1_chr5:51392398-51392614_Ledidi_run-10_target-5.87_10	1072	1089	0.3883638137862091	0.024169142632964005	0.07628934484983213	0.03687307457734912	increase	FOXA2_HUMAN.H11MO.0.A
ISL1_chr5:51392398-51392614_Ledidi_run-10_target-5.87_2	1012	1032	0.610881996483605	0.048758094963275454	0.10998519371938396	0.2078290140830829	increase	FOXA2_HUMAN.H11MO.0.A
ISL1_chr5:51392398-51392614_Ledidi_run-10_target-5.87_2	1070	1090	0.6356645142907966	0.04221661594611272	0.11444711932460387	0.28417377508193664	increase	FOXA2_HUMAN.H11MO.0.A
ISL1_chr5:51392398-51392614_Ledidi_run-10_target-5.87_3	1012	1031	0.5095943647376551	0.03650576667085745	0.09437672335445138	0.106541382337133	increase	FOXA2_HUMAN.H11MO.0.A
ISL1_chr5:51392398-51392614_Ledidi_run-10_target-5.87_3	1071	1090	0.6197207448222799	0.012837359269226195	0.11477209588300047	0.2682300056134199	increase	FOXA2_HUMAN.H11MO.0.A
ISL1_chr5:51392398-51392614_Ledidi_run-10_target-5.87_4	1012	1032	0.5843669841797834	0.029630840137533875	0.1140382785249877	0.18131400177926132	increase	FOXA2_HUMAN.H11MO.0.A
ISL1_chr5:51392398-51392614_Ledidi_run-10_target-5.87_4	1072	1089	0.41772326439774843	0.020949658132342976	0.08151802422345943	0.06623252518888845	increase	FOXA2_HUMAN.H11MO.0.A
ISL1_chr5:51392398-51392614_Ledidi_run-10_target-5.87_5	1011	1030	0.4811060597434905	0.038815285523608536	0.08573804689638692	0.07805307734296846	increase	FOXA2_HUMAN.H11MO.0.A
ISL1_chr5:51392398-51392614_Ledidi_run-10_target-5.87_5	1071	1090	0.6027086564457673	0.022328356818105913	0.10740888002690498	0.25121791723690734	increase	FOXA2_HUMAN.H11MO.0.A
ISL1_chr5:51392398-51392614_Ledidi_run-10_target-5.87_6	1012	1031	0.5320264821040921	0.045205730885551756	0.1011381135906096	0.12897349970357003	increase	FOXA2_HUMAN.H11MO.0.A
ISL1_chr5:51392398-51392614_Ledidi_run-10_target-5.87_6	1071	1086	0.424845365666638	0.03567363531992702	0.08076300766327213	0.07335462645777802	increase	FOXA2_HUMAN.H11MO.0.A
ISL1_chr5:51392398-51392614_Ledidi_run-10_target-5.87_7	1012	1031	0.50612871774786	0.039716378487932046	0.09687515422024984	0.10307573534733788	increase	FOXA2_HUMAN.H11MO.0.A
ISL1_chr5:51392398-51392614_Ledidi_run-10_target-5.87_7	1072	1089	0.4291085988650656	0.033004280718163914	0.08213318121379079	0.0776178596562056	increase	FOXA2_HUMAN.H11MO.0.A
ISL1_chr5:51392398-51392614_Ledidi_run-10_target-5.87_8	1012	1031	0.5120846653409558	0.02872214971742666	0.09497059979592158	0.1090316829404337	increase	FOXA2_HUMAN.H11MO.0.A
ISL1_chr5:51392398-51392614_Ledidi_run-10_target-5.87_8	1071	1090	0.5656675229022399	0.025741363357414056	0.10490801145027442	0.2141767836933799	increase	FOXA2_HUMAN.H11MO.0.A
ISL1_chr5:51392398-51392614_Ledidi_run-10_target-5.87_9	1013	1031	0.41523568146099665	0.028499063326879095	0.07938640858891662	0.012182699060474589	increase	FOXA2_HUMAN.H11MO.0.A
ISL1_chr5:51392398-51392614_Ledidi_run-10_target-5.87_9	1072	1087	0.3646620870998727	0.04157803279634765	0.06971754773467562	0.013171347891012708	increase	FOXA2_HUMAN.H11MO.0.A
ISL1_chr5:51392398-51392614_Ledidi_run-10_target-6.42_1	986	1000	0.3894494965759247	0.041896181077629685	0.06405636338605437	0.3894494965759247	addition	FOXD2_forkhead_1
ISL1_chr5:51392398-51392614_Ledidi_run-10_target-6.42_1	1011	1032	0.7974399078367589	0.04554980170166938	0.13116232262217004	0.3943869254362368	increase	FOXA2_HUMAN.H11MO.0.A
ISL1_chr5:51392398-51392614_Ledidi_run-10_target-6.42_1	1028	1042	0.4306367021559423	0.04221661594611272	0.07083080431019456	0.4306367021559423	addition	NFYB_HUMAN.H11MO.0.A
ISL1_chr5:51392398-51392614_Ledidi_run-10_target-6.42_1	1071	1089	0.5421884858705166	0.025339702321310897	0.08917875868376056	0.19069774666165662	increase	FOXA2_HUMAN.H11MO.0.A
ISL1_chr5:51392398-51392614_Ledidi_run-10_target-6.42_10	1011	1032	0.915929072904317	0.01657997113026903	0.16248882993964403	0.512876090503795	increase	FOXA2_HUMAN.H11MO.0.A
ISL1_chr5:51392398-51392614_Ledidi_run-10_target-6.42_10	1071	1090	0.5824044230527823	0.017837738624264014	0.10332046012410619	0.2309136838439223	increase	FOXA2_HUMAN.H11MO.0.A
ISL1_chr5:51392398-51392614_Ledidi_run-10_target-6.42_2	1011	1031	0.6518926939579515	0.023978966652746625	0.12294391774753133	0.2488397115574294	increase	FOXA2_HUMAN.H11MO.0.A
ISL1_chr5:51392398-51392614_Ledidi_run-10_target-6.42_2	1071	1089	0.5007181965684109	0.029862159864615646	0.09443311352338872	0.1492274573595509	increase	FOXA2_HUMAN.H11MO.0.A
ISL1_chr5:51392398-51392614_Ledidi_run-10_target-6.42_3	980	1001	0.5878708855745758	0.04253935132010999	0.09359198716037696	0.5878708855745758	addition	FOXD2_forkhead_1
ISL1_chr5:51392398-51392614_Ledidi_run-10_target-6.42_3	1010	1032	0.8545292788187828	0.048453679936282974	0.1360453379370971	0.45147629641826076	increase	FOXA2_HUMAN.H11MO.0.A
ISL1_chr5:51392398-51392614_Ledidi_run-10_target-6.42_3	1026	1043	0.4774234461253273	0.035949002347687255	0.07600820203258082	0.4774234461253273	addition	ETV6_MOUSE.H11MO.0.C
ISL1_chr5:51392398-51392614_Ledidi_run-10_target-6.42_3	1070	1089	0.5323114324675529	0.0431917794291362	0.0847466441617222	0.18082069325869288	increase	FOXA2_HUMAN.H11MO.0.A
ISL1_chr5:51392398-51392614_Ledidi_run-10_target-6.42_4	985	1000	0.3091325405269189	0.043829784824874395	0.04816710434996681	0.3091325405269189	addition	FOXD2_forkhead_1
ISL1_chr5:51392398-51392614_Ledidi_run-10_target-6.42_4	1011	1032	0.9093078850168292	0.029173201786239084	0.1416826831274312	0.5062549026163072	increase	FOXA2_HUMAN.H11MO.0.A
ISL1_chr5:51392398-51392614_Ledidi_run-10_target-6.42_4	1026	1042	0.5016291975372946	0.035949002347687255	0.07816073280924944	0.5016291975372946	addition	ETV6_MOUSE.H11MO.0.C
ISL1_chr5:51392398-51392614_Ledidi_run-10_target-6.42_4	1070	1090	0.658831781870969	0.020128217678028606	0.10265505899949143	0.30734104266210904	increase	FOXA2_HUMAN.H11MO.0.A
ISL1_chr5:51392398-51392614_Ledidi_run-10_target-6.42_5	1011	1032	0.9104423482649111	0.020782944543160292	0.14710841748219	0.5073893658643891	increase	FOXA2_HUMAN.H11MO.0.A
ISL1_chr5:51392398-51392614_Ledidi_run-10_target-6.42_5	1028	1044	0.4541723269917195	0.03202133761382601	0.07338473700754872	0.4541723269917195	addition	NFYB_HUMAN.H11MO.0.A
ISL1_chr5:51392398-51392614_Ledidi_run-10_target-6.42_5	1070	1090	0.6880961251790292	0.048027490240037725	0.11118192408736743	0.3366053859701692	increase	FOXA2_HUMAN.H11MO.0.A
ISL1_chr5:51392398-51392614_Ledidi_run-10_target-6.42_6	1011	1032	0.8392775721499289	0.007975190268131274	0.146795896649863	0.43622458974940687	increase	FOXA2_HUMAN.H11MO.0.A
ISL1_chr5:51392398-51392614_Ledidi_run-10_target-6.42_6	1071	1089	0.48212517318501	0.025339702321310897	0.0843272827056088	0.13063443397615004	increase	FOXA2_HUMAN.H11MO.0.A
ISL1_chr5:51392398-51392614_Ledidi_run-10_target-6.42_7	1010	1032	0.8321948422639457	0.03678719194327901	0.15013347387500933	0.4291418598634236	increase	FOXA2_HUMAN.H11MO.0.A
ISL1_chr5:51392398-51392614_Ledidi_run-10_target-6.42_7	1025	1042	0.5281295138490536	0.045205730885551756	0.09527807016248009	0.5281295138490536	addition	ETV6_MOUSE.H11MO.0.C
ISL1_chr5:51392398-51392614_Ledidi_run-10_target-6.42_7	1071	1089	0.48311021665948584	0.02783135184856953	0.0871562900994194	0.13161947745062585	increase	FOXA2_HUMAN.H11MO.0.A
ISL1_chr5:51392398-51392614_Ledidi_run-10_target-6.42_8	980	1001	0.562780831037881	0.0431917794291362	0.08528547435307718	0.562780831037881	addition	FOXD2_forkhead_1
ISL1_chr5:51392398-51392614_Ledidi_run-10_target-6.42_8	1011	1033	0.9016024600078224	0.019649667726908415	0.13663150775384653	0.49854947760730034	increase	FOXA2_HUMAN.H11MO.0.A
ISL1_chr5:51392398-51392614_Ledidi_run-10_target-6.42_8	1026	1040	0.4779819401188492	0.03707066464076151	0.07243479920959901	0.4779819401188492	addition	ETV6_MOUSE.H11MO.0.C
ISL1_chr5:51392398-51392614_Ledidi_run-10_target-6.42_8	1070	1090	0.701235881609942	0.027622706940374598	0.10626736288478286	0.349745142401082	increase	FOXA2_HUMAN.H11MO.0.A
ISL1_chr5:51392398-51392614_Ledidi_run-10_target-6.42_9	984	1001	0.42755347348321654	0.03911348485364352	0.0711356476087872	0.42755347348321654	addition	FOXD2_forkhead_1
ISL1_chr5:51392398-51392614_Ledidi_run-10_target-6.42_9	1010	1032	0.9692277812393558	0.049127257957482524	0.16125853296709558	0.5661747988388337	increase	FOXA2_HUMAN.H11MO.0.A
ISL1_chr5:51392398-51392614_Ledidi_run-10_target-6.42_9	1024	1040	0.5037511354888413	0.049127257957482524	0.08381328998387216	0.5037511354888413	addition	ETV6_MOUSE.H11MO.0.C
ISL1_chr5:51392398-51392614_Ledidi_run-10_target-6.42_9	1071	1089	0.468626287862028	0.04766601648500149	0.0779692752861611	0.117135548653168	increase	FOXA2_HUMAN.H11MO.0.A
ISL1_chr5:51392398-51392614_Ledidi_run-10_target-7.64_1	985	1001	0.4098427464064825	0.02500086565768001	0.06407823330216167	0.4098427464064825	addition	FOXD2_forkhead_1
ISL1_chr5:51392398-51392614_Ledidi_run-10_target-7.64_1	997	1016	0.6896110732185182	0.021457211786353493	0.10781954694794951	0.6896110732185182	addition	FOXA2_HUMAN.H11MO.0.A
ISL1_chr5:51392398-51392614_Ledidi_run-10_target-7.64_1	1010	1032	0.8976024549035186	0.03252062335264242	0.14033865433074058	0.4945494725029966	increase	FOXA2_HUMAN.H11MO.0.A
ISL1_chr5:51392398-51392614_Ledidi_run-10_target-7.64_1	1028	1043	0.38820895231577346	0.029630840137533875	0.0606958254954843	0.38820895231577346	addition	NFYB_HUMAN.H11MO.0.A
ISL1_chr5:51392398-51392614_Ledidi_run-10_target-7.64_1	1071	1089	0.5176556920782862	0.02304859342677061	0.08093460845171549	0.16616495286942623	increase	FOXA2_HUMAN.H11MO.0.A
ISL1_chr5:51392398-51392614_Ledidi_run-10_target-7.64_10	968	983	0.35813661959479587	0.03904501974656125	0.05125087071815299	0.35813661959479587	addition	FOXA2_HUMAN.H11MO.0.A
ISL1_chr5:51392398-51392614_Ledidi_run-10_target-7.64_10	986	1000	0.39640512022612917	0.04839151109639871	0.05672725562582614	0.39640512022612917	addition	FOXD2_forkhead_1
ISL1_chr5:51392398-51392614_Ledidi_run-10_target-7.64_10	996	1018	0.9532572199089175	0.03459194355839432	0.13641515518288483	0.9532572199089175	addition	FOXA2_HUMAN.H11MO.0.A
ISL1_chr5:51392398-51392614_Ledidi_run-10_target-7.64_10	1009	1032	1.0755921918191584	0.02677138457031075	0.15392180903128044	0.6725392094186364	increase	FOXA2_HUMAN.H11MO.0.A
ISL1_chr5:51392398-51392614_Ledidi_run-10_target-7.64_10	1027	1045	0.485821347843844	0.04839151109639871	0.06952309741080019	0.485821347843844	addition	NFYB_HUMAN.H11MO.0.A
ISL1_chr5:51392398-51392614_Ledidi_run-10_target-7.64_10	1071	1087	0.44003404212379094	0.04659672254190507	0.06297073957415665	0.08854330291493095	increase	FOXA2_HUMAN.H11MO.0.A
ISL1_chr5:51392398-51392614_Ledidi_run-10_target-7.64_2	987	1001	0.46218664403069976	0.04949901644459642	0.06874076107491389	0.46218664403069976	addition	ETV6_MOUSE.H11MO.0.C
ISL1_chr5:51392398-51392614_Ledidi_run-10_target-7.64_2	991	1005	0.5132822897793907	0.04002110100333834	0.0763401878903411	0.5132822897793907	addition	TYY1_HUMAN.H11MO.0.A
ISL1_chr5:51392398-51392614_Ledidi_run-10_target-7.64_2	996	1016	0.8790352192236688	0.04253935132010999	0.13073841652826976	0.8790352192236688	addition	FOXA2_HUMAN.H11MO.0.A
ISL1_chr5:51392398-51392614_Ledidi_run-10_target-7.64_2	1010	1032	0.9166722036352053	0.03567363531992702	0.13633614417018286	0.5136192212346833	increase	FOXA2_HUMAN.H11MO.0.A
ISL1_chr5:51392398-51392614_Ledidi_run-10_target-7.64_2	1028	1042	0.38878408064968095	0.03432639554286543	0.05782363887584471	0.38878408064968095	addition	NFYB_HUMAN.H11MO.0.A
ISL1_chr5:51392398-51392614_Ledidi_run-10_target-7.64_2	1071	1089	0.55642703861088	0.017268444460892787	0.08275708225405097	0.20493629940202007	increase	FOXA2_HUMAN.H11MO.0.A
ISL1_chr5:51392398-51392614_Ledidi_run-10_target-7.64_3	968	984	0.4128790116794501	0.041896181077629685	0.059237974600505235	0.4128790116794501	addition	FOXA2_HUMAN.H11MO.0.A
ISL1_chr5:51392398-51392614_Ledidi_run-10_target-7.64_3	986	1001	0.41981516380649314	0.04950131967956961	0.06023314168796672	0.41981516380649314	addition	FOXD2_forkhead_1
ISL1_chr5:51392398-51392614_Ledidi_run-10_target-7.64_3	995	1017	0.9204685992007767	0.03354123135876334	0.13206458540535243	0.9204685992007767	addition	FOXA2_HUMAN.H11MO.0.A
ISL1_chr5:51392398-51392614_Ledidi_run-10_target-7.64_3	1010	1032	1.0474151278370911	0.03252062335264242	0.15027828730410311	0.6443621454365691	increase	FOXA2_HUMAN.H11MO.0.A
ISL1_chr5:51392398-51392614_Ledidi_run-10_target-7.64_3	1026	1042	0.4234009335693587	0.040328026075753344	0.060747611380363685	0.4234009335693587	addition	NFYB_HUMAN.H11MO.0.A
ISL1_chr5:51392398-51392614_Ledidi_run-10_target-7.64_3	1071	1089	0.46976313036931483	0.027839420844810524	0.06739944535295532	0.11827239116045485	increase	FOXA2_HUMAN.H11MO.0.A
ISL1_chr5:51392398-51392614_Ledidi_run-10_target-7.64_4	997	1016	0.602213190245726	0.029173201786239084	0.09855036769115313	0.602213190245726	addition	FOXA2_HUMAN.H11MO.0.A
ISL1_chr5:51392398-51392614_Ledidi_run-10_target-7.64_4	1012	1032	0.691356804461057	0.02940119156421724	0.11313845061682685	0.2883038220605349	increase	FOXA2_HUMAN.H11MO.0.A
ISL1_chr5:51392398-51392614_Ledidi_run-10_target-7.64_4	1025	1040	0.3942031250316913	0.045205730885551756	0.0645101494721877	0.3942031250316913	addition	NFYB_HUMAN.H11MO.0.A
ISL1_chr5:51392398-51392614_Ledidi_run-10_target-7.64_4	1071	1089	0.5033933216707127	0.023602743782745655	0.08237879499729499	0.15190258246185273	increase	FOXA2_HUMAN.H11MO.0.A
ISL1_chr5:51392398-51392614_Ledidi_run-10_target-7.64_5	986	1002	0.4419384440821372	0.036924948454368396	0.06554198067387476	0.4419384440821372	addition	FOXD2_forkhead_1
ISL1_chr5:51392398-51392614_Ledidi_run-10_target-7.64_5	996	1017	0.8588081538796595	0.03622637481763158	0.12736612570796219	0.8588081538796595	addition	FOXA2_HUMAN.H11MO.0.A
ISL1_chr5:51392398-51392614_Ledidi_run-10_target-7.64_5	1010	1032	0.9414619860683582	0.038815285523608536	0.13962415834683922	0.5384090036678362	increase	FOXA2_HUMAN.H11MO.0.A
ISL1_chr5:51392398-51392614_Ledidi_run-10_target-7.64_5	1070	1087	0.5012032574442928	0.04949901644459642	0.07433128901316301	0.14971251823543286	increase	FOXA2_HUMAN.H11MO.0.A
ISL1_chr5:51392398-51392614_Ledidi_run-10_target-7.64_6	984	1001	0.3947241503473934	0.03328329107543213	0.06315062651764	0.3947241503473934	addition	FOXD2_forkhead_1
ISL1_chr5:51392398-51392614_Ledidi_run-10_target-7.64_6	997	1016	0.5182135822647416	0.023231964537215495	0.08290729706091599	0.5182135822647416	addition	FOXA2_HUMAN.H11MO.0.A
ISL1_chr5:51392398-51392614_Ledidi_run-10_target-7.64_6	1011	1032	0.7307337657525892	0.027622706940374598	0.11690770651924244	0.32768078335206713	increase	FOXA2_HUMAN.H11MO.0.A
ISL1_chr5:51392398-51392614_Ledidi_run-10_target-7.64_6	1072	1090	0.5358375149304888	0.024553670844057802	0.0857268924380094	0.18434677572162883	increase	FOXA2_HUMAN.H11MO.0.A
ISL1_chr5:51392398-51392614_Ledidi_run-10_target-7.64_7	991	1005	0.5363651382845686	0.04589631419228254	0.08261145277185912	0.5363651382845686	addition	TYY1_HUMAN.H11MO.0.A
ISL1_chr5:51392398-51392614_Ledidi_run-10_target-7.64_7	995	1018	0.9946685122165666	0.04730707420613627	0.15319976067691116	0.9946685122165666	addition	FOXA2_HUMAN.H11MO.0.A
ISL1_chr5:51392398-51392614_Ledidi_run-10_target-7.64_7	1011	1032	0.7994290298022619	0.018723703125906946	0.12312879571401998	0.3963760474017399	increase	FOXA2_HUMAN.H11MO.0.A
ISL1_chr5:51392398-51392614_Ledidi_run-10_target-7.64_7	1031	1045	0.37173412514890813	0.048027490240037725	0.05725483244799267	0.37173412514890813	addition	NFYB_HUMAN.H11MO.0.A
ISL1_chr5:51392398-51392614_Ledidi_run-10_target-7.64_7	1071	1088	0.41728780096928064	0.03793350801322296	0.06427105156815235	0.06579706176042066	increase	FOXA2_HUMAN.H11MO.0.A
ISL1_chr5:51392398-51392614_Ledidi_run-10_target-7.64_8	991	1005	0.5483906985380413	0.04730707420613627	0.08100729181184958	0.5483906985380413	addition	TYY1_HUMAN.H11MO.0.A
ISL1_chr5:51392398-51392614_Ledidi_run-10_target-7.64_8	995	1017	0.920102788747098	0.04695064795138151	0.13591593603545107	0.920102788747098	addition	FOXA2_HUMAN.H11MO.0.A
ISL1_chr5:51392398-51392614_Ledidi_run-10_target-7.64_8	1010	1032	1.0683848830005431	0.03567363531992702	0.15781990142305466	0.6653319006000211	increase	FOXA2_HUMAN.H11MO.0.A
ISL1_chr5:51392398-51392614_Ledidi_run-10_target-7.64_8	1028	1042	0.45072103996656443	0.03540025979293725	0.06657970477553427	0.45072103996656443	addition	NFYB_HUMAN.H11MO.0.A
ISL1_chr5:51392398-51392614_Ledidi_run-10_target-7.64_8	1071	1089	0.4633736289940136	0.037643808588512954	0.06844872256568718	0.1118828897851536	increase	FOXA2_HUMAN.H11MO.0.A
ISL1_chr5:51392398-51392614_Ledidi_run-10_target-7.64_9	987	1002	0.49493050520262427	0.044784914079166925	0.07105764412054248	0.49493050520262427	addition	ETV6_MOUSE.H11MO.0.C
ISL1_chr5:51392398-51392614_Ledidi_run-10_target-7.64_9	992	1006	0.5958102240240575	0.049127257957482524	0.0855410414533844	0.5958102240240575	addition	TYY1_HUMAN.H11MO.0.A
ISL1_chr5:51392398-51392614_Ledidi_run-10_target-7.64_9	996	1017	0.9154211152359794	0.02940119156421724	0.13142788157751126	0.9154211152359794	addition	FOXA2_HUMAN.H11MO.0.A
ISL1_chr5:51392398-51392614_Ledidi_run-10_target-7.64_9	1010	1032	1.029453412275993	0.045205730885551756	0.1477996070948139	0.6264004298754711	increase	FOXA2_HUMAN.H11MO.0.A
ISL1_chr5:51392398-51392614_Ledidi_run-10_target-7.64_9	1026	1043	0.4730901143266899	0.028057710553803093	0.06792199839654264	0.4730901143266899	addition	NFYB_HUMAN.H11MO.0.A
ISL1_chr5:51392398-51392614_Ledidi_run-10_target-7.64_9	1071	1090	0.6513339026206078	0.020949658132342976	0.09351262888334451	0.29984316341174777	increase	FOXA2_HUMAN.H11MO.0.A
ISL1_chr5:51392398-51392614_Ledidi_run-1_target-10.88_1	997	1017	0.7605284898838541	0.008399429118864248	0.08107657043512934	0.7605284898838541	addition	FOXA2_HUMAN.H11MO.0.A
ISL1_chr5:51392398-51392614_Ledidi_run-1_target-10.88_1	1011	1032	0.8826040985822808	0.011905479908517468	0.09409050984528976	0.4795511161817588	increase	FOXA2_HUMAN.H11MO.0.A
ISL1_chr5:51392398-51392614_Ledidi_run-1_target-10.88_1	1025	1042	0.5138774391600243	0.027622706940374598	0.054782195467055185	0.5138774391600243	addition	MEOX2_MA0706.1
ISL1_chr5:51392398-51392614_Ledidi_run-1_target-10.88_1	1065	1079	0.6591458746949903	0.027839420844810524	0.07026861931877756	0.6591458746949903	addition	TYY1_HUMAN.H11MO.0.A
ISL1_chr5:51392398-51392614_Ledidi_run-1_target-10.88_1	1069	1090	1.538458989851855	0.04385357714891144	0.1640082920119544	1.186968250642995	increase	FOXA2_HUMAN.H11MO.0.A
ISL1_chr5:51392398-51392614_Ledidi_run-1_target-10.88_1	1080	1108	2.1518683039767765	0.04659672254190507	0.22940113938550735	2.1518683039767765	addition	RFX6_MOUSE.H11MO.0.C
ISL1_chr5:51392398-51392614_Ledidi_run-1_target-10.88_10	968	982	0.2987967935728575	0.04352150009819771	0.031199353174646883	0.2987967935728575	addition	FOXA2_HUMAN.H11MO.0.A
ISL1_chr5:51392398-51392614_Ledidi_run-1_target-10.88_10	995	1018	0.9980076477950555	0.019027824424729438	0.10420859173967058	0.5949546653945335	increase	FOXA2_HUMAN.H11MO.0.A
ISL1_chr5:51392398-51392614_Ledidi_run-1_target-10.88_10	1010	1034	1.576608631099731	0.017268444460892787	0.16462415446865553	1.576608631099731	addition	JUN+JUNB_MA1133.1
ISL1_chr5:51392398-51392614_Ledidi_run-1_target-10.88_10	1024	1045	0.9840496258333591	0.015151753311056958	0.10275114217471648	0.9840496258333591	addition	MEOX2_MA0706.1
ISL1_chr5:51392398-51392614_Ledidi_run-1_target-10.88_10	1053	1067	0.29888014366792826	0.03567363531992702	0.03120805631038726	0.29888014366792826	addition	SP2_HUMAN.H11MO.0.A
ISL1_chr5:51392398-51392614_Ledidi_run-1_target-10.88_10	1064	1080	0.8705801199172472	0.029173201786239084	0.09090303916364371	0.8705801199172472	addition	TYY1_HUMAN.H11MO.0.A
ISL1_chr5:51392398-51392614_Ledidi_run-1_target-10.88_10	1070	1091	1.465203341968913	0.0004994803877970074	0.15299159001053486	1.113712602760053	increase	FOXA2_HUMAN.H11MO.0.A
ISL1_chr5:51392398-51392614_Ledidi_run-1_target-10.88_10	1081	1106	1.5018111617697398	0.000777100821641394	0.1568140550552989	1.5018111617697398	addition	RFX6_MOUSE.H11MO.0.C
ISL1_chr5:51392398-51392614_Ledidi_run-1_target-10.88_2	995	1018	1.0817401123750783	0.02180184363848297	0.1085938472806328	0.6786871299745563	increase	FOXA2_HUMAN.H11MO.0.A
ISL1_chr5:51392398-51392614_Ledidi_run-1_target-10.88_2	1011	1046	2.263443655546306	0.000715452394573681	0.2272228346224869	2.263443655546306	addition	MEOX2_MA0706.1
ISL1_chr5:51392398-51392614_Ledidi_run-1_target-10.88_2	1059	1075	0.49812544283813676	0.03080440211150591	0.05000587261888102	0.49812544283813676	addition	SP2_HUMAN.H11MO.0.A
ISL1_chr5:51392398-51392614_Ledidi_run-1_target-10.88_2	1065	1079	0.7246931956033884	0.030329862935364073	0.07275058150139203	0.7246931956033884	addition	TYY1_HUMAN.H11MO.0.A
ISL1_chr5:51392398-51392614_Ledidi_run-1_target-10.88_2	1069	1091	1.4467252736608494	0.03277300059380061	0.14523401843721576	1.0952345344519894	increase	FOXA2_HUMAN.H11MO.0.A
ISL1_chr5:51392398-51392614_Ledidi_run-1_target-10.88_2	1081	1109	1.847124592137126	0.0032695241999031862	0.18542934996320973	1.847124592137126	addition	RFX6_MOUSE.H11MO.0.C
ISL1_chr5:51392398-51392614_Ledidi_run-1_target-10.88_3	995	1018	0.9643764427454905	0.023602743782745655	0.11610446255675928	0.9643764427454905	addition	FOXA2_HUMAN.H11MO.0.A
ISL1_chr5:51392398-51392614_Ledidi_run-1_target-10.88_3	1010	1032	1.2491749434772503	0.028499063326879095	0.15039229394581197	0.8461219610767283	increase	FOXA2_HUMAN.H11MO.0.A
ISL1_chr5:51392398-51392614_Ledidi_run-1_target-10.88_3	1022	1047	1.3365671275534496	0.022151565562005048	0.16091372739657314	1.3365671275534496	addition	MEOX2_MA0706.1
ISL1_chr5:51392398-51392614_Ledidi_run-1_target-10.88_3	1070	1091	1.0265614752185548	0.003993640638080072	0.12359112383791335	0.6750707360096948	increase	FOXA2_HUMAN.H11MO.0.A
ISL1_chr5:51392398-51392614_Ledidi_run-1_target-10.88_3	1081	1096	0.6282963821986569	0.04914980441716949	0.07564267494325663	0.6282963821986569	addition	TAL1_HUMAN.H11MO.0.A
ISL1_chr5:51392398-51392614_Ledidi_run-1_target-10.88_4	982	1002	0.6115865996797916	0.017767937229578236	0.05984480685540818	0.6115865996797916	addition	FOXD2_forkhead_1
ISL1_chr5:51392398-51392614_Ledidi_run-1_target-10.88_4	996	1017	0.7463556414610232	0.03459194355839432	0.07303219075117855	0.7463556414610232	addition	FOXA2_HUMAN.H11MO.0.A
ISL1_chr5:51392398-51392614_Ledidi_run-1_target-10.88_4	1010	1032	1.0594809066591706	0.023231964537215495	0.10367203967387034	0.6564279242586486	increase	FOXA2_HUMAN.H11MO.0.A
ISL1_chr5:51392398-51392614_Ledidi_run-1_target-10.88_4	1024	1046	0.881383738929225	0.03485942775149378	0.08624492369409881	0.881383738929225	addition	MEOX2_MA0706.1
ISL1_chr5:51392398-51392614_Ledidi_run-1_target-10.88_4	1053	1067	0.4042623666080094	0.037643808588512954	0.03955777196758933	0.4042623666080094	addition	SP2_HUMAN.H11MO.0.A
ISL1_chr5:51392398-51392614_Ledidi_run-1_target-10.88_4	1059	1075	0.5858766853444357	0.022685843285046595	0.057329047258199824	0.5858766853444357	addition	SP2_HUMAN.H11MO.0.A
ISL1_chr5:51392398-51392614_Ledidi_run-1_target-10.88_4	1069	1091	1.4089760842128758	0.04949901644459642	0.13787074744240024	1.0574853450040158	increase	FOXA2_HUMAN.H11MO.0.A
ISL1_chr5:51392398-51392614_Ledidi_run-1_target-10.88_4	1081	1109	2.146357040955267	0.0011133334091176308	0.2100247497671876	2.146357040955267	addition	RFX6_MOUSE.H11MO.0.C
ISL1_chr5:51392398-51392614_Ledidi_run-1_target-10.88_5	1011	1033	1.109498894099942	0.004655448808705771	0.11086453530889344	0.70644591169942	increase	FOXA2_HUMAN.H11MO.0.A
ISL1_chr5:51392398-51392614_Ledidi_run-1_target-10.88_5	1023	1047	1.245413115414647	0.02061745222617939	0.12444550151629875	1.245413115414647	addition	MEOX2_MA0706.1
ISL1_chr5:51392398-51392614_Ledidi_run-1_target-10.88_5	1059	1074	0.5442741743574584	0.028499063326879095	0.05438554625123932	0.5442741743574584	addition	SP2_HUMAN.H11MO.0.A
ISL1_chr5:51392398-51392614_Ledidi_run-1_target-10.88_5	1064	1080	0.880855317753158	0.048758094963275454	0.08801776729691346	0.880855317753158	addition	TYY1_HUMAN.H11MO.0.A
ISL1_chr5:51392398-51392614_Ledidi_run-1_target-10.88_5	1070	1091	1.5392080217221125	0.001822608035333731	0.15380239041191135	1.1877172825132525	increase	FOXA2_HUMAN.H11MO.0.A
ISL1_chr5:51392398-51392614_Ledidi_run-1_target-10.88_5	1081	1109	2.3798841437931193	0.0001569438383406009	0.23780532913885102	2.3798841437931193	addition	RFX6_MOUSE.H11MO.0.C
ISL1_chr5:51392398-51392614_Ledidi_run-1_target-10.88_5	1112	1126	0.3485172303229671	0.04730707420613627	0.034824911491455585	0.3485172303229671	addition	HNF6_HUMAN.H11MO.0.B
ISL1_chr5:51392398-51392614_Ledidi_run-1_target-10.88_6	982	1001	0.5952837381586994	0.014967005529298777	0.061669911351035646	0.5952837381586994	addition	FOXD2_forkhead_1
ISL1_chr5:51392398-51392614_Ledidi_run-1_target-10.88_6	996	1018	0.8135782320974532	0.03941384448049547	0.08428467675897827	0.8135782320974532	addition	FOXA2_HUMAN.H11MO.0.A
ISL1_chr5:51392398-51392614_Ledidi_run-1_target-10.88_6	1010	1033	1.2686470742828801	0.038815285523608536	0.13142867441461722	0.8655940918823581	increase	FOXA2_HUMAN.H11MO.0.A
ISL1_chr5:51392398-51392614_Ledidi_run-1_target-10.88_6	1023	1045	1.0553167573255915	0.02677138457031075	0.10932818536726314	1.0553167573255915	addition	MEOX2_MA0706.1
ISL1_chr5:51392398-51392614_Ledidi_run-1_target-10.88_6	1065	1079	0.5669079706927875	0.033027218663415445	0.05873025257662803	0.5669079706927875	addition	TYY1_HUMAN.H11MO.0.A
ISL1_chr5:51392398-51392614_Ledidi_run-1_target-10.88_6	1070	1091	1.35383478041003	0.006818350081060312	0.14025390841363305	1.00234404120117	increase	FOXA2_HUMAN.H11MO.0.A
ISL1_chr5:51392398-51392614_Ledidi_run-1_target-10.88_6	1081	1106	1.7018389033461814	0.006641392546856022	0.17630626804578192	1.7018389033461814	addition	RFX6_MOUSE.H11MO.0.C
ISL1_chr5:51392398-51392614_Ledidi_run-1_target-10.88_7	995	1017	0.954791837564458	0.04949901644459642	0.09859190287604612	0.954791837564458	addition	FOXA2_HUMAN.H11MO.0.A
ISL1_chr5:51392398-51392614_Ledidi_run-1_target-10.88_7	1009	1032	1.0766169520189637	0.03540025979293725	0.11117157666420936	0.6735639696184417	increase	FOXA2_HUMAN.H11MO.0.A
ISL1_chr5:51392398-51392614_Ledidi_run-1_target-10.88_7	1024	1046	0.8716275875942445	0.041896181077629685	0.09000435391172125	0.8716275875942445	addition	MEOX2_MA0706.1
ISL1_chr5:51392398-51392614_Ledidi_run-1_target-10.88_7	1069	1090	1.5275244028492212	0.040948540118391635	0.15773232619024527	1.1760336636403612	increase	FOXA2_HUMAN.H11MO.0.A
ISL1_chr5:51392398-51392614_Ledidi_run-1_target-10.88_7	1080	1108	2.0981533494355156	0.018875204103307865	0.2166555296223215	2.0981533494355156	addition	RFX6_MOUSE.H11MO.0.C
ISL1_chr5:51392398-51392614_Ledidi_run-1_target-10.88_8	995	1018	1.0931880219363688	0.007770571329917375	0.10323553127718249	0.6901350395358468	increase	FOXA2_HUMAN.H11MO.0.A
ISL1_chr5:51392398-51392614_Ledidi_run-1_target-10.88_8	1009	1034	1.66823581031802	0.03678719194327901	0.15754033772593448	1.66823581031802	addition	JUN+JUNB_MA1133.1
ISL1_chr5:51392398-51392614_Ledidi_run-1_target-10.88_8	1024	1047	1.1830844308442834	0.005468335690316309	0.11172492500204312	1.1830844308442834	addition	MEOX2_MA0706.1
ISL1_chr5:51392398-51392614_Ledidi_run-1_target-10.88_8	1059	1081	1.1768526928802805	0.011608988144207287	0.11113642900082049	1.1768526928802805	addition	NDF2_MOUSE.H11MO.0.A
ISL1_chr5:51392398-51392614_Ledidi_run-1_target-10.88_8	1071	1090	1.5919691342731697	0.00012319737724735474	0.1503380718190243	1.2404783950643097	increase	FOXA2_HUMAN.H11MO.0.A
ISL1_chr5:51392398-51392614_Ledidi_run-1_target-10.88_8	1080	1108	2.372965527297768	0.021976064048050057	0.22409169511306976	2.372965527297768	addition	RFX6_MOUSE.H11MO.0.C
ISL1_chr5:51392398-51392614_Ledidi_run-1_target-10.88_9	994	1017	1.0513885731687775	0.049127257957482524	0.09968941121258951	1.0513885731687775	addition	FOXA2_HUMAN.H11MO.0.A
ISL1_chr5:51392398-51392614_Ledidi_run-1_target-10.88_9	1010	1032	1.2819525912705816	0.02698190734312794	0.12155077797835515	0.8788996088700596	increase	FOXA2_HUMAN.H11MO.0.A
ISL1_chr5:51392398-51392614_Ledidi_run-1_target-10.88_9	1022	1048	1.5182806712406296	0.041262157128128175	0.1439586752548209	1.5182806712406296	addition	MEOX2_MA0706.1
ISL1_chr5:51392398-51392614_Ledidi_run-1_target-10.88_9	1053	1067	0.41182930271491625	0.04659672254190507	0.03904838016643614	0.41182930271491625	addition	SP2_HUMAN.H11MO.0.A
ISL1_chr5:51392398-51392614_Ledidi_run-1_target-10.88_9	1064	1080	0.7991031874292447	0.018723703125906946	0.07576849157950373	0.7991031874292447	addition	TYY1_HUMAN.H11MO.0.A
ISL1_chr5:51392398-51392614_Ledidi_run-1_target-10.88_9	1070	1091	1.5355618118612027	0.006028390463501019	0.14559721953569957	1.1840710726523427	increase	FOXA2_HUMAN.H11MO.0.A
ISL1_chr5:51392398-51392614_Ledidi_run-1_target-10.88_9	1081	1107	2.0510879525116463	0.0006557574009093915	0.1944778130076731	2.0510879525116463	addition	RFX6_MOUSE.H11MO.0.C
ISL1_chr5:51392398-51392614_Ledidi_run-1_target-5.87_1	1015	1031	0.4118041558867054	0.02660979124313303	0.08198293262939624	0.008751173486183317	increase	FOXA2_HUMAN.H11MO.0.A
ISL1_chr5:51392398-51392614_Ledidi_run-1_target-5.87_1	1074	1089	0.3694177835914563	0.03622637481763158	0.0735445546902432	0.01792704438259629	increase	FOXA2_HUMAN.H11MO.0.A
ISL1_chr5:51392398-51392614_Ledidi_run-1_target-5.87_10	1011	1031	0.5740190121401689	0.03793350801322296	0.10656461599779644	0.17096602973964686	increase	FOXA2_HUMAN.H11MO.0.A
ISL1_chr5:51392398-51392614_Ledidi_run-1_target-5.87_10	1070	1090	0.6267921911601768	0.03277300059380061	0.11636177155939106	0.27530145195131683	increase	FOXA2_HUMAN.H11MO.0.A
ISL1_chr5:51392398-51392614_Ledidi_run-1_target-5.87_2	1013	1031	0.4892834096357242	0.027839420844810524	0.09509317719326263	0.08623042723520213	increase	FOXA2_HUMAN.H11MO.0.A
ISL1_chr5:51392398-51392614_Ledidi_run-1_target-5.87_2	1071	1087	0.3833272505773002	0.04286440117339201	0.07450039270551209	0.031836511368440235	increase	FOXA2_HUMAN.H11MO.0.A
ISL1_chr5:51392398-51392614_Ledidi_run-1_target-5.87_3	1012	1030	0.48712588032445514	0.045205730885551756	0.09446644225185843	0.08407289792393308	increase	FOXA2_HUMAN.H11MO.0.A
ISL1_chr5:51392398-51392614_Ledidi_run-1_target-5.87_3	1071	1088	0.38458995208651037	0.03459194355839432	0.07458204535391716	0.033099212877650386	increase	FOXA2_HUMAN.H11MO.0.A
ISL1_chr5:51392398-51392614_Ledidi_run-1_target-5.87_4	1012	1031	0.5005196444807888	0.04452485662729606	0.09880883338069531	0.09746666208026672	increase	FOXA2_HUMAN.H11MO.0.A
ISL1_chr5:51392398-51392614_Ledidi_run-1_target-5.87_4	1074	1089				-0.35149073920886	removal	FOXA2_HUMAN.H11MO.0.A
ISL1_chr5:51392398-51392614_Ledidi_run-1_target-5.87_5	1011	1031	0.5370450166259106	0.0498733870590643	0.10651023774108165	0.13399203422538858	increase	FOXA2_HUMAN.H11MO.0.A
ISL1_chr5:51392398-51392614_Ledidi_run-1_target-5.87_5	1071	1087	0.46850025426845576	0.026562382168414056	0.09291599757762824	0.11700951505959578	increase	FOXA2_HUMAN.H11MO.0.A
ISL1_chr5:51392398-51392614_Ledidi_run-1_target-5.87_6	1010	1030	0.6111785862100938	0.048027490240037725	0.1084151183738118	0.20812560380957174	increase	FOXA2_HUMAN.H11MO.0.A
ISL1_chr5:51392398-51392614_Ledidi_run-1_target-5.87_6	1025	1042	0.4327468053005823	0.04253935132010999	0.07676364516217515	0.4327468053005823	addition	NFYB_HUMAN.H11MO.0.A
ISL1_chr5:51392398-51392614_Ledidi_run-1_target-5.87_6	1072	1089	0.42116063146468874	0.03540025979293725	0.07470840887566337	0.06966989225582876	increase	FOXA2_HUMAN.H11MO.0.A
ISL1_chr5:51392398-51392614_Ledidi_run-1_target-5.87_7	1011	1032	0.6005155333437127	0.04839151109639871	0.10572292870410803	0.1974625509431906	increase	FOXA2_HUMAN.H11MO.0.A
ISL1_chr5:51392398-51392614_Ledidi_run-1_target-5.87_7	1071	1090	0.6135168474026724	0.019492485683982996	0.10801185700486587	0.26202610819381245	increase	FOXA2_HUMAN.H11MO.0.A
ISL1_chr5:51392398-51392614_Ledidi_run-1_target-5.87_8	1011	1032	0.5825398377069511	0.035949002347687255	0.10343713705663224	0.179486855306429	increase	FOXA2_HUMAN.H11MO.0.A
ISL1_chr5:51392398-51392614_Ledidi_run-1_target-5.87_8	1071	1090	0.5338622264119364	0.03080440211150591	0.09479382646189001	0.1823714872030764	increase	FOXA2_HUMAN.H11MO.0.A
ISL1_chr5:51392398-51392614_Ledidi_run-1_target-5.87_9	1012	1031	0.5116513575077968	0.03822531123050392	0.09836267797283035	0.10859837510727471	increase	FOXA2_HUMAN.H11MO.0.A
ISL1_chr5:51392398-51392614_Ledidi_run-1_target-5.87_9	1072	1087	0.35783657083941467	0.03540025979293725	0.06879247532113288	0.006345831630554688	increase	FOXA2_HUMAN.H11MO.0.A
ISL1_chr5:51392398-51392614_Ledidi_run-1_target-6.42_1	1011	1039	1.199195655665097	0.007636864406401452	0.20522121653844655	1.199195655665097	addition	JUN+JUNB_MA1133.1
ISL1_chr5:51392398-51392614_Ledidi_run-1_target-6.42_1	1013	1031				-0.40305298240052206	removal	FOXA2_HUMAN.H11MO.0.A
ISL1_chr5:51392398-51392614_Ledidi_run-1_target-6.42_1	1071	1089	0.4780402977170004	0.03911348485364352	0.0818081778302254	0.12654955850814043	increase	FOXA2_HUMAN.H11MO.0.A
ISL1_chr5:51392398-51392614_Ledidi_run-1_target-6.42_10	1011	1033	1.0734389117063534	0.012415202241707323	0.1826538792043933	1.0734389117063534	addition	JUN+JUNB_MA1133.1
ISL1_chr5:51392398-51392614_Ledidi_run-1_target-6.42_10	1013	1031				-0.40305298240052206	removal	FOXA2_HUMAN.H11MO.0.A
ISL1_chr5:51392398-51392614_Ledidi_run-1_target-6.42_10	1023	1038	0.6089256481504354	0.03848199558280682	0.10361337805886454	0.6089256481504354	addition	JUN+JUNB_MA1133.1
ISL1_chr5:51392398-51392614_Ledidi_run-1_target-6.42_10	1071	1089	0.45249244734601746	0.04385357714891144	0.07699506689864537	0.10100170813715748	increase	FOXA2_HUMAN.H11MO.0.A
ISL1_chr5:51392398-51392614_Ledidi_run-1_target-6.42_2	1011	1039	1.322067584456713	0.012311677030444858	0.2235030750778484	1.322067584456713	addition	JUN+JUNB_MA1133.1
ISL1_chr5:51392398-51392614_Ledidi_run-1_target-6.42_2	1013	1031				-0.40305298240052206	removal	FOXA2_HUMAN.H11MO.0.A
ISL1_chr5:51392398-51392614_Ledidi_run-1_target-6.42_2	1072	1089	0.4581112320257952	0.03406276995681486	0.07744631990772433	0.1066204928169352	increase	FOXA2_HUMAN.H11MO.0.A
ISL1_chr5:51392398-51392614_Ledidi_run-1_target-6.42_3	1010	1039	1.3064962548633638	0.041896181077629685	0.22683566748075953	1.3064962548633638	addition	JUN+JUNB_MA1133.1
ISL1_chr5:51392398-51392614_Ledidi_run-1_target-6.42_3	1013	1031				-0.40305298240052206	removal	FOXA2_HUMAN.H11MO.0.A
ISL1_chr5:51392398-51392614_Ledidi_run-1_target-6.42_3	1072	1090	0.47820893029476497	0.028277587506706697	0.08302728882297297	0.12671819108590499	increase	FOXA2_HUMAN.H11MO.0.A
ISL1_chr5:51392398-51392614_Ledidi_run-1_target-6.42_4	1011	1033	1.065220592132885	0.02128678322634035	0.18189726314082655	1.065220592132885	addition	JUN+JUNB_MA1133.1
ISL1_chr5:51392398-51392614_Ledidi_run-1_target-6.42_4	1013	1031				-0.40305298240052206	removal	FOXA2_HUMAN.H11MO.0.A
ISL1_chr5:51392398-51392614_Ledidi_run-1_target-6.42_4	1023	1040	0.7421566869697698	0.014618334157264224	0.12673081160697616	0.7421566869697698	addition	JUN+JUNB_MA1133.1
ISL1_chr5:51392398-51392614_Ledidi_run-1_target-6.42_4	1071	1089	0.48766287945866127	0.029630840137533875	0.0832734024896127	0.1361721402498013	increase	FOXA2_HUMAN.H11MO.0.A
ISL1_chr5:51392398-51392614_Ledidi_run-1_target-6.42_5	1010	1033	1.1283709520258531	0.03650576667085745	0.19603405701606902	1.1283709520258531	addition	JUN+JUNB_MA1133.1
ISL1_chr5:51392398-51392614_Ledidi_run-1_target-6.42_5	1013	1031				-0.40305298240052206	removal	FOXA2_HUMAN.H11MO.0.A
ISL1_chr5:51392398-51392614_Ledidi_run-1_target-6.42_5	1023	1039	0.7130177854333326	0.01161412637340739	0.12387395204755915	0.7130177854333326	addition	JUN+JUNB_MA1133.1
ISL1_chr5:51392398-51392614_Ledidi_run-1_target-6.42_5	1072	1089	0.4121844797144827	0.02474804221978688	0.0716096028991327	0.060693740505622706	increase	FOXA2_HUMAN.H11MO.0.A
ISL1_chr5:51392398-51392614_Ledidi_run-1_target-6.42_6	1011	1033	1.1557408905956599	0.01372140150133723	0.19124733074110448	1.1557408905956599	addition	JUN+JUNB_MA1133.1
ISL1_chr5:51392398-51392614_Ledidi_run-1_target-6.42_6	1013	1031				-0.40305298240052206	removal	FOXA2_HUMAN.H11MO.0.A
ISL1_chr5:51392398-51392614_Ledidi_run-1_target-6.42_6	1023	1039	0.7459821020045373	0.01508492391231377	0.12344210276706276	0.7459821020045373	addition	JUN+JUNB_MA1133.1
ISL1_chr5:51392398-51392614_Ledidi_run-1_target-6.42_6	1072	1089	0.4198892859340937	0.02719396133312981	0.06948158172399388	0.06839854672523371	increase	FOXA2_HUMAN.H11MO.0.A
ISL1_chr5:51392398-51392614_Ledidi_run-1_target-6.42_7	1010	1033	1.0621575559482166	0.0498733870590643	0.1854138602691248	1.0621575559482166	addition	JUN+JUNB_MA1133.1
ISL1_chr5:51392398-51392614_Ledidi_run-1_target-6.42_7	1013	1031				-0.40305298240052206	removal	FOXA2_HUMAN.H11MO.0.A
ISL1_chr5:51392398-51392614_Ledidi_run-1_target-6.42_7	1023	1038	0.6380313824230331	0.04258546728752456	0.11137694302074737	0.6380313824230331	addition	JUN+JUNB_MA1133.1
ISL1_chr5:51392398-51392614_Ledidi_run-1_target-6.42_7	1071	1089	0.4636377877451272	0.04766601648500149	0.08093419993206	0.11214704853626722	increase	FOXA2_HUMAN.H11MO.0.A
ISL1_chr5:51392398-51392614_Ledidi_run-1_target-6.42_8	1011	1039	1.2244192932585807	0.01769384179489903	0.21357731969406016	1.2244192932585807	addition	JUN+JUNB_MA1133.1
ISL1_chr5:51392398-51392614_Ledidi_run-1_target-6.42_8	1013	1031				-0.40305298240052206	removal	FOXA2_HUMAN.H11MO.0.A
ISL1_chr5:51392398-51392614_Ledidi_run-1_target-6.42_8	1071	1086	0.4549121512737908	0.033027218663415445	0.07935101847892595	0.10342141206493083	increase	FOXA2_HUMAN.H11MO.0.A
ISL1_chr5:51392398-51392614_Ledidi_run-1_target-6.42_9	1010	1033	1.1106098931054005	0.03540025979293725	0.1893158221152535	1.1106098931054005	addition	JUN+JUNB_MA1133.1
ISL1_chr5:51392398-51392614_Ledidi_run-1_target-6.42_9	1013	1031				-0.40305298240052206	removal	FOXA2_HUMAN.H11MO.0.A
ISL1_chr5:51392398-51392614_Ledidi_run-1_target-6.42_9	1023	1038	0.6926891114907585	0.02288372197767206	0.11807657164432633	0.6926891114907585	addition	JUN+JUNB_MA1133.1
ISL1_chr5:51392398-51392614_Ledidi_run-1_target-6.42_9	1071	1089	0.4957532826661104	0.026562382168414056	0.08450666688358348	0.14426254345725043	increase	FOXA2_HUMAN.H11MO.0.A
ISL1_chr5:51392398-51392614_Ledidi_run-1_target-7.64_1	983	997	0.3048103729729288	0.03406276995681486	0.04257506584967017	0.3048103729729288	addition	FOXA2_HUMAN.H11MO.0.A
ISL1_chr5:51392398-51392614_Ledidi_run-1_target-7.64_1	997	1017	0.7263138251351259	0.015027592608732909	0.10144949671840785	0.7263138251351259	addition	FOXA2_HUMAN.H11MO.0.A
ISL1_chr5:51392398-51392614_Ledidi_run-1_target-7.64_1	1011	1033	1.0639870940699885	0.017837738624264014	0.1486147605522997	0.6609341116694665	increase	FOXA2_HUMAN.H11MO.0.A
ISL1_chr5:51392398-51392614_Ledidi_run-1_target-7.64_1	1025	1040	0.5279519674965876	0.03177440233200031	0.07374286367749844	0.5279519674965876	addition	NFYB_HUMAN.H11MO.0.A
ISL1_chr5:51392398-51392614_Ledidi_run-1_target-7.64_1	1053	1067	0.26442233150686345	0.04554980170166938	0.036933776453296326	0.26442233150686345	addition	SP2_HUMAN.H11MO.0.A
ISL1_chr5:51392398-51392614_Ledidi_run-1_target-7.64_1	1070	1090	0.621797939574543	0.026562382168414056	0.08685100826580651	0.270307200365683	increase	FOXA2_HUMAN.H11MO.0.A
ISL1_chr5:51392398-51392614_Ledidi_run-1_target-7.64_10	997	1017	0.6957252221299595	0.008472127727752632	0.10353330075164438	0.6957252221299595	addition	FOXA2_HUMAN.H11MO.0.A
ISL1_chr5:51392398-51392614_Ledidi_run-1_target-7.64_10	1010	1032	1.0453540419673686	0.03650576667085745	0.1555627868249655	0.6423010595668466	increase	FOXA2_HUMAN.H11MO.0.A
ISL1_chr5:51392398-51392614_Ledidi_run-1_target-7.64_10	1025	1041	0.504071680451784	0.0448640872989144	0.0750126676920342	0.504071680451784	addition	NFYB_HUMAN.H11MO.0.A
ISL1_chr5:51392398-51392614_Ledidi_run-1_target-7.64_10	1070	1090	0.6379873474592048	0.024943831367036446	0.0949411259203985	0.28649660825034484	increase	FOXA2_HUMAN.H11MO.0.A
ISL1_chr5:51392398-51392614_Ledidi_run-1_target-7.64_2	983	997	0.3363604534061083	0.03459194355839432	0.05013920626231231	0.3363604534061083	addition	FOXA2_HUMAN.H11MO.0.A
ISL1_chr5:51392398-51392614_Ledidi_run-1_target-7.64_2	997	1016	0.5694056731463546	0.010759982490187198	0.08487783924570425	0.5694056731463546	addition	FOXA2_HUMAN.H11MO.0.A
ISL1_chr5:51392398-51392614_Ledidi_run-1_target-7.64_2	1010	1033	1.049740392043159	0.04589631419228254	0.1564784132782261	0.6466874096426369	increase	FOXA2_HUMAN.H11MO.0.A
ISL1_chr5:51392398-51392614_Ledidi_run-1_target-7.64_2	1025	1042	0.5528436680826152	0.025944390463049208	0.08240904191950464	0.5528436680826152	addition	NFYB_HUMAN.H11MO.0.A
ISL1_chr5:51392398-51392614_Ledidi_run-1_target-7.64_2	1070	1090	0.6783981066916391	0.03354123135876334	0.1011246781687105	0.32690736748277915	increase	FOXA2_HUMAN.H11MO.0.A
ISL1_chr5:51392398-51392614_Ledidi_run-1_target-7.64_3	982	996	0.2855759423224306	0.04452485662729606	0.041550103553243865	0.2855759423224306	addition	FOXA2_HUMAN.H11MO.0.A
ISL1_chr5:51392398-51392614_Ledidi_run-1_target-7.64_3	997	1017	0.6243488375738727	0.017268444460892787	0.09084014095715459	0.6243488375738727	addition	FOXA2_HUMAN.H11MO.0.A
ISL1_chr5:51392398-51392614_Ledidi_run-1_target-7.64_3	1011	1033	1.0666141457128075	0.021457211786353493	0.1551878909872757	0.6635611633122855	increase	FOXA2_HUMAN.H11MO.0.A
ISL1_chr5:51392398-51392614_Ledidi_run-1_target-7.64_3	1024	1040	0.6291175907864683	0.041896181077629685	0.09153397457700307	0.6291175907864683	addition	NFYB_HUMAN.H11MO.0.A
ISL1_chr5:51392398-51392614_Ledidi_run-1_target-7.64_3	1043	1057	0.3058612104238887	0.04352150009819771	0.0445015251028549	0.3058612104238887	addition	ARNTL_bHLH_1
ISL1_chr5:51392398-51392614_Ledidi_run-1_target-7.64_3	1070	1090	0.653879774744297	0.03911348485364352	0.0951367686334107	0.30238903553543706	increase	FOXA2_HUMAN.H11MO.0.A
ISL1_chr5:51392398-51392614_Ledidi_run-1_target-7.64_4	997	1016	0.6471477774319617	0.022151565562005048	0.09459528979489222	0.6471477774319617	addition	FOXA2_HUMAN.H11MO.0.A
ISL1_chr5:51392398-51392614_Ledidi_run-1_target-7.64_4	1009	1032	1.207895723614653	0.03432639554286543	0.1765612894024844	0.804842741214131	increase	FOXA2_HUMAN.H11MO.0.A
ISL1_chr5:51392398-51392614_Ledidi_run-1_target-7.64_4	1025	1040	0.5231366884185586	0.037643808588512954	0.076468263307134	0.5231366884185586	addition	NFYB_HUMAN.H11MO.0.A
ISL1_chr5:51392398-51392614_Ledidi_run-1_target-7.64_4	1070	1089	0.5909166375470303	0.03432639554286543	0.08637583643600087	0.2394258983381703	increase	FOXA2_HUMAN.H11MO.0.A
ISL1_chr5:51392398-51392614_Ledidi_run-1_target-7.64_5	983	997	0.29865856405304053	0.04589631419228254	0.0432482248276487	0.29865856405304053	addition	FOXA2_HUMAN.H11MO.0.A
ISL1_chr5:51392398-51392614_Ledidi_run-1_target-7.64_5	997	1016	0.6841377453537484	0.012837359269226195	0.09906879154111557	0.6841377453537484	addition	FOXA2_HUMAN.H11MO.0.A
ISL1_chr5:51392398-51392614_Ledidi_run-1_target-7.64_5	1010	1032	1.1720182232720027	0.02180184363848297	0.1697179110965223	0.7689652408714807	increase	FOXA2_HUMAN.H11MO.0.A
ISL1_chr5:51392398-51392614_Ledidi_run-1_target-7.64_5	1025	1040	0.5191896391145443	0.03678719194327901	0.07518294448313179	0.5191896391145443	addition	NFYB_HUMAN.H11MO.0.A
ISL1_chr5:51392398-51392614_Ledidi_run-1_target-7.64_5	1071	1090	0.597862021406562	0.019181572505438713	0.08657535470207213	0.246371282197702	increase	FOXA2_HUMAN.H11MO.0.A
ISL1_chr5:51392398-51392614_Ledidi_run-1_target-7.64_6	968	984	0.3989761795025829	0.037643808588512954	0.05377087261214421	0.3989761795025829	addition	FOXA2_HUMAN.H11MO.0.A
ISL1_chr5:51392398-51392614_Ledidi_run-1_target-7.64_6	982	997	0.37857216944727723	0.03111290567104696	0.05102098055886776	0.37857216944727723	addition	FOXA2_HUMAN.H11MO.0.A
ISL1_chr5:51392398-51392614_Ledidi_run-1_target-7.64_6	996	1017	0.7655559732106225	0.03822531123050392	0.10317561505625669	0.7655559732106225	addition	FOXA2_HUMAN.H11MO.0.A
ISL1_chr5:51392398-51392614_Ledidi_run-1_target-7.64_6	1009	1032	1.2670261706718189	0.03459194355839432	0.1707598255725094	0.8639731882712969	increase	FOXA2_HUMAN.H11MO.0.A
ISL1_chr5:51392398-51392614_Ledidi_run-1_target-7.64_6	1025	1040	0.5488019260477346	0.02128678322634035	0.07396320875998834	0.5488019260477346	addition	NFYB_HUMAN.H11MO.0.A
ISL1_chr5:51392398-51392614_Ledidi_run-1_target-7.64_6	1031	1045	0.453332127322684	0.045205730885551756	0.061096539897822585	0.453332127322684	addition	NFYB_HUMAN.H11MO.0.A
ISL1_chr5:51392398-51392614_Ledidi_run-1_target-7.64_6	1071	1090	0.5682598025158652	0.017128717397221594	0.07658558836714961	0.21676906330700518	increase	FOXA2_HUMAN.H11MO.0.A
ISL1_chr5:51392398-51392614_Ledidi_run-1_target-7.64_7	997	1016	0.5504713508901304	0.012944937962181048	0.0817853493567367	0.5504713508901304	addition	FOXA2_HUMAN.H11MO.0.A
ISL1_chr5:51392398-51392614_Ledidi_run-1_target-7.64_7	1011	1033	1.0266860446900714	0.021457211786353493	0.1525381415561134	0.6236330622895494	increase	FOXA2_HUMAN.H11MO.0.A
ISL1_chr5:51392398-51392614_Ledidi_run-1_target-7.64_7	1025	1042	0.5531730234880359	0.027839420844810524	0.08218674579073808	0.5531730234880359	addition	NFYB_HUMAN.H11MO.0.A
ISL1_chr5:51392398-51392614_Ledidi_run-1_target-7.64_7	1070	1089	0.6206275530153955	0.03328329107543213	0.09220868835717425	0.26913681380653554	increase	FOXA2_HUMAN.H11MO.0.A
ISL1_chr5:51392398-51392614_Ledidi_run-1_target-7.64_8	996	1018	0.7919023563645853	0.03080440211150591	0.11719676084820149	0.7919023563645853	addition	FOXA2_HUMAN.H11MO.0.A
ISL1_chr5:51392398-51392614_Ledidi_run-1_target-7.64_8	1010	1033	1.128960037801491	0.04418802463977276	0.16707925982794172	0.725907055400969	increase	FOXA2_HUMAN.H11MO.0.A
ISL1_chr5:51392398-51392614_Ledidi_run-1_target-7.64_8	1025	1042	0.5529335580805534	0.025339702321310897	0.08183082352324436	0.5529335580805534	addition	NFYB_HUMAN.H11MO.0.A
ISL1_chr5:51392398-51392614_Ledidi_run-1_target-7.64_8	1070	1090	0.6829025025125861	0.04730707420613627	0.10106544149839465	0.3314117633037261	increase	FOXA2_HUMAN.H11MO.0.A
ISL1_chr5:51392398-51392614_Ledidi_run-1_target-7.64_9	996	1018	0.7736036547290774	0.04839151109639871	0.1123007983076296	0.7736036547290774	addition	FOXA2_HUMAN.H11MO.0.A
ISL1_chr5:51392398-51392614_Ledidi_run-1_target-7.64_9	1011	1032	1.097917845783533	0.006135779144938373	0.15938012935172002	0.694864863383011	increase	FOXA2_HUMAN.H11MO.0.A
ISL1_chr5:51392398-51392614_Ledidi_run-1_target-7.64_9	1025	1042	0.6116569658799984	0.01537447049358285	0.08879167664067208	0.6116569658799984	addition	NFYB_HUMAN.H11MO.0.A
ISL1_chr5:51392398-51392614_Ledidi_run-1_target-7.64_9	1071	1090	0.6180640667277735	0.016852326364993054	0.08972176860138627	0.2665733275189135	increase	FOXA2_HUMAN.H11MO.0.A
ISL1_chr5:51392398-51392614_Ledidi_run-2_target-10.88_1	997	1016	0.6061794078054196	0.026562382168414056	0.06175044657954491	0.6061794078054196	addition	FOXA2_HUMAN.H11MO.0.A
ISL1_chr5:51392398-51392614_Ledidi_run-2_target-10.88_1	1011	1032	0.6522078946504745	0.025539804036945758	0.06643928882899197	0.2491549122499524	increase	FOXA2_HUMAN.H11MO.0.A
ISL1_chr5:51392398-51392614_Ledidi_run-2_target-10.88_1	1070	1091	1.2613140621702772	0.0011240173947810379	0.12848787935250305	0.9098233229614172	increase	FOXA2_HUMAN.H11MO.0.A
ISL1_chr5:51392398-51392614_Ledidi_run-2_target-10.88_1	1081	1116	2.0061751343678855	0.018875204103307865	0.2043655869348848	2.0061751343678855	addition	MAFB_HUMAN.H11MO.0.B
ISL1_chr5:51392398-51392614_Ledidi_run-2_target-10.88_1	1123	1137	0.5599758857225909	0.03485942775149378	0.05704377379352649	0.5599758857225909	addition	NFYB_HUMAN.H11MO.0.A
ISL1_chr5:51392398-51392614_Ledidi_run-2_target-10.88_1	1128	1147	0.984733650545424	0.005517174021622669	0.10031311176212773	0.984733650545424	addition	ARNTL_bHLH_1
ISL1_chr5:51392398-51392614_Ledidi_run-2_target-10.88_1	1138	1160	1.0538868688726062	0.012944937962181048	0.10735763036360255	1.0538868688726062	addition	RFX6_MOUSE.H11MO.0.C
ISL1_chr5:51392398-51392614_Ledidi_run-2_target-10.88_10	1012	1031	0.5448367019109489	0.03512886189237361	0.05723448019686198	0.14178371951042684	increase	FOXA2_HUMAN.H11MO.0.A
ISL1_chr5:51392398-51392614_Ledidi_run-2_target-10.88_10	1069	1091	1.234726621646289	0.04452485662729606	0.12970663710298896	0.8832358824374291	increase	FOXA2_HUMAN.H11MO.0.A
ISL1_chr5:51392398-51392614_Ledidi_run-2_target-10.88_10	1083	1118	2.109134417399175	0.002849478827464732	0.22156218849016426	2.109134417399175	addition	ZN143_MOUSE.H11MO.0.A
ISL1_chr5:51392398-51392614_Ledidi_run-2_target-10.88_10	1128	1150	1.3076785563368505	0.002823379931793247	0.13737015545027562	1.3076785563368505	addition	ARNTL_bHLH_1
ISL1_chr5:51392398-51392614_Ledidi_run-2_target-10.88_10	1140	1160	1.106209793369187	0.00035179680201428146	0.11620608943945886	1.106209793369187	addition	RFX6_MOUSE.H11MO.0.C
ISL1_chr5:51392398-51392614_Ledidi_run-2_target-10.88_2	996	1016	0.7399625386416141	0.026148895682375883	0.0696086874091299	0.7399625386416141	addition	FOXA2_HUMAN.H11MO.0.A
ISL1_chr5:51392398-51392614_Ledidi_run-2_target-10.88_2	1011	1033	0.9594633459517151	0.007440286613760191	0.09025725038928993	0.556410363551193	increase	FOXA2_HUMAN.H11MO.0.A
ISL1_chr5:51392398-51392614_Ledidi_run-2_target-10.88_2	1031	1046	0.34519688365060297	0.04351560386716606	0.03247286276512225	0.34519688365060297	addition	HNF4G_MA0484.1
ISL1_chr5:51392398-51392614_Ledidi_run-2_target-10.88_2	1065	1079	0.6188022557886326	0.04418802463977276	0.05821107223931696	0.6188022557886326	addition	TYY1_HUMAN.H11MO.0.A
ISL1_chr5:51392398-51392614_Ledidi_run-2_target-10.88_2	1070	1091	1.2767900654504825	0.0020209193450569686	0.12010835131759322	0.9252993262416225	increase	FOXA2_HUMAN.H11MO.0.A
ISL1_chr5:51392398-51392614_Ledidi_run-2_target-10.88_2	1081	1114	1.975955492001769	0.009717268897818232	0.18587923171029758	1.975955492001769	addition	MAFB_HUMAN.H11MO.0.B
ISL1_chr5:51392398-51392614_Ledidi_run-2_target-10.88_2	1104	1118	0.531620821018036	0.02872214971742666	0.05000986619993244	0.531620821018036	addition	ZN143_MOUSE.H11MO.0.A
ISL1_chr5:51392398-51392614_Ledidi_run-2_target-10.88_2	1126	1150	1.4369651356935016	0.020453172647154634	0.13517610922835122	1.4369651356935016	addition	ARNTL_bHLH_1
ISL1_chr5:51392398-51392614_Ledidi_run-2_target-10.88_2	1140	1160	1.054660913267858	0.0006127144153241328	0.0992125384739864	1.054660913267858	addition	RFX6_MOUSE.H11MO.0.C
ISL1_chr5:51392398-51392614_Ledidi_run-2_target-10.88_3	996	1017	0.8985024953560856	0.017409202472093384	0.08903158422023198	0.8985024953560856	addition	FOXA2_HUMAN.H11MO.0.A
ISL1_chr5:51392398-51392614_Ledidi_run-2_target-10.88_3	1007	1021	0.6711615922651059	0.027839420844810524	0.06650463425085361	0.6711615922651059	addition	CEBPB_HUMAN.H11MO.0.A
ISL1_chr5:51392398-51392614_Ledidi_run-2_target-10.88_3	1011	1032	1.0552069778048039	0.019492485683982996	0.10455925208863534	0.6521539954042819	increase	FOXA2_HUMAN.H11MO.0.A
ISL1_chr5:51392398-51392614_Ledidi_run-2_target-10.88_3	1022	1036	0.5174702881779583	0.03622637481763158	0.05127553877869324	0.5174702881779583	addition	ARNTL_bHLH_1
ISL1_chr5:51392398-51392614_Ledidi_run-2_target-10.88_3	1070	1091	0.9948054226557042	0.012208947280681752	0.0985741310988947	0.6433146834468442	increase	FOXA2_HUMAN.H11MO.0.A
ISL1_chr5:51392398-51392614_Ledidi_run-2_target-10.88_3	1081	1095	0.6921770371208567	0.02286655598660098	0.06858703063625142	0.6921770371208567	addition	TAL1_HUMAN.H11MO.0.A
ISL1_chr5:51392398-51392614_Ledidi_run-2_target-10.88_3	1085	1103	0.8877934894842427	0.041896181077629685	0.08797044108137395	0.8877934894842427	addition	FOXA2_HUMAN.H11MO.0.A
ISL1_chr5:51392398-51392614_Ledidi_run-2_target-10.88_3	1093	1116	1.1305119071357432	0.013607933731941467	0.11202113137397787	1.1305119071357432	addition	ZN143_MOUSE.H11MO.0.A
ISL1_chr5:51392398-51392614_Ledidi_run-2_target-10.88_3	1126	1160	1.7446087062090774	0.03406276995681486	0.17287128055960096	1.7446087062090774	addition	ARNTL_bHLH_1
ISL1_chr5:51392398-51392614_Ledidi_run-2_target-10.88_4	1012	1032	0.7412219406789009	0.04221661594611272	0.0746134594550319	0.33816895827837884	increase	FOXA2_HUMAN.H11MO.0.A
ISL1_chr5:51392398-51392614_Ledidi_run-2_target-10.88_4	1070	1091	1.3129926643629237	0.0028758063035161313	0.13216948871948841	0.9615019251540637	increase	FOXA2_HUMAN.H11MO.0.A
ISL1_chr5:51392398-51392614_Ledidi_run-2_target-10.88_4	1081	1116	2.164051295298532	0.004066573173943283	0.21783941451122574	2.164051295298532	addition	MAFB_HUMAN.H11MO.0.B
ISL1_chr5:51392398-51392614_Ledidi_run-2_target-10.88_4	1126	1145	1.1175589637977046	0.04286440117339201	0.11249658956068334	1.1175589637977046	addition	ARNTL_bHLH_1
ISL1_chr5:51392398-51392614_Ledidi_run-2_target-10.88_4	1135	1160	1.580095820180035	0.017997805386058652	0.15905683432155904	1.580095820180035	addition	RFX6_MOUSE.H11MO.0.C
ISL1_chr5:51392398-51392614_Ledidi_run-2_target-10.88_5	1011	1032	0.8491887184215767	0.022151565562005048	0.0837959244674423	0.44613573602105466	increase	FOXA2_HUMAN.H11MO.0.A
ISL1_chr5:51392398-51392614_Ledidi_run-2_target-10.88_5	1022	1037	0.5712481989847802	0.04949901644459642	0.056369414590511625	0.5712481989847802	addition	ETV6_MOUSE.H11MO.0.C
ISL1_chr5:51392398-51392614_Ledidi_run-2_target-10.88_5	1030	1046	0.48568464081867013	0.04352150009819771	0.047926206029545435	0.48568464081867013	addition	HNF4G_MA0484.1
ISL1_chr5:51392398-51392614_Ledidi_run-2_target-10.88_5	1070	1091	1.1859555888832944	0.006468707099690169	0.11702727885095339	0.8344648496744345	increase	FOXA2_HUMAN.H11MO.0.A
ISL1_chr5:51392398-51392614_Ledidi_run-2_target-10.88_5	1081	1116	1.8091618991630982	0.0155298172841976	0.17852379637524102	1.8091618991630982	addition	MAFB_HUMAN.H11MO.0.B
ISL1_chr5:51392398-51392614_Ledidi_run-2_target-10.88_5	1122	1136	0.5713149700018931	0.03822531123050392	0.05637600339578568	0.5713149700018931	addition	NFYB_HUMAN.H11MO.0.A
ISL1_chr5:51392398-51392614_Ledidi_run-2_target-10.88_5	1126	1160	2.176046297970885	0.017409202472093384	0.21472707687562775	2.176046297970885	addition	ARNTL_bHLH_1
ISL1_chr5:51392398-51392614_Ledidi_run-2_target-10.88_6	1013	1032	0.6874302826507162	0.014066997210211825	0.0696725679858105	0.2843773002501941	increase	FOXA2_HUMAN.H11MO.0.A
ISL1_chr5:51392398-51392614_Ledidi_run-2_target-10.88_6	1064	1080	0.7687223149724127	0.04385357714891144	0.07791169388931088	0.7687223149724127	addition	TYY1_HUMAN.H11MO.0.A
ISL1_chr5:51392398-51392614_Ledidi_run-2_target-10.88_6	1070	1091	1.3359235241934326	0.0042930740821483385	0.13539878139250244	0.9844327849845727	increase	FOXA2_HUMAN.H11MO.0.A
ISL1_chr5:51392398-51392614_Ledidi_run-2_target-10.88_6	1081	1116	2.153692034256966	0.005975353775446093	0.21828141480568022	2.153692034256966	addition	MAFB_HUMAN.H11MO.0.B
ISL1_chr5:51392398-51392614_Ledidi_run-2_target-10.88_6	1128	1160	1.8481172650856825	0.004450694996010048	0.18731074124480634	1.8481172650856825	addition	ARNTL_bHLH_1
ISL1_chr5:51392398-51392614_Ledidi_run-2_target-10.88_7	997	1016	0.618117481910646	0.01372140150133723	0.06014841108303654	0.618117481910646	addition	FOXA2_HUMAN.H11MO.0.A
ISL1_chr5:51392398-51392614_Ledidi_run-2_target-10.88_7	1011	1032	0.8536494133396	0.019649667726908415	0.08306779428989791	0.4505964309390779	increase	FOXA2_HUMAN.H11MO.0.A
ISL1_chr5:51392398-51392614_Ledidi_run-2_target-10.88_7	1069	1091	1.2596903163127038	0.02698190734312794	0.12257923970810744	0.9081995771038438	increase	FOXA2_HUMAN.H11MO.0.A
ISL1_chr5:51392398-51392614_Ledidi_run-2_target-10.88_7	1081	1116	2.0448643416768193	0.023231964537215495	0.19898376058226455	2.0448643416768193	addition	MAFB_HUMAN.H11MO.0.B
ISL1_chr5:51392398-51392614_Ledidi_run-2_target-10.88_7	1126	1145	1.0446517537178348	0.02514104809188975	0.10165404629393507	1.0446517537178348	addition	ARNTL_bHLH_1
ISL1_chr5:51392398-51392614_Ledidi_run-2_target-10.88_7	1135	1160	1.5286938306788986	0.010864891557109247	0.14875571010151137	1.5286938306788986	addition	RFX6_MOUSE.H11MO.0.C
ISL1_chr5:51392398-51392614_Ledidi_run-2_target-10.88_8	996	1016	0.712832007710454	0.024169142632964005	0.06986891316403988	0.712832007710454	addition	FOXA2_HUMAN.H11MO.0.A
ISL1_chr5:51392398-51392614_Ledidi_run-2_target-10.88_8	1011	1032	0.8536290872319183	0.03227007350256728	0.0836692740014161	0.45057610483139626	increase	FOXA2_HUMAN.H11MO.0.A
ISL1_chr5:51392398-51392614_Ledidi_run-2_target-10.88_8	1064	1079	0.6818178850678902	0.035949002347687255	0.06682903417665811	0.6818178850678902	addition	TYY1_HUMAN.H11MO.0.A
ISL1_chr5:51392398-51392614_Ledidi_run-2_target-10.88_8	1069	1091	1.2413930194459688	0.0431917794291362	0.12167632785836767	0.8899022802371088	increase	FOXA2_HUMAN.H11MO.0.A
ISL1_chr5:51392398-51392614_Ledidi_run-2_target-10.88_8	1081	1116	1.9980784608457052	0.0431917794291362	0.1958435774007398	1.9980784608457052	addition	MAFB_HUMAN.H11MO.0.B
ISL1_chr5:51392398-51392614_Ledidi_run-2_target-10.88_8	1126	1145	0.988605052678194	0.037643808588512954	0.09689907275763149	0.988605052678194	addition	ARNTL_bHLH_1
ISL1_chr5:51392398-51392614_Ledidi_run-2_target-10.88_8	1135	1160	1.4373033389054823	0.01604714572790736	0.14087866578679586	1.4373033389054823	addition	RFX6_MOUSE.H11MO.0.C
ISL1_chr5:51392398-51392614_Ledidi_run-2_target-10.88_9	996	1016	0.6122856605574761	0.03277300059380061	0.06228844227329358	0.6122856605574761	addition	FOXA2_HUMAN.H11MO.0.A
ISL1_chr5:51392398-51392614_Ledidi_run-2_target-10.88_9	1011	1032	0.6407996710950383	0.04554980170166938	0.06518920153283908	0.23774668869451626	increase	FOXA2_HUMAN.H11MO.0.A
ISL1_chr5:51392398-51392614_Ledidi_run-2_target-10.88_9	1069	1091	1.206795409150765	0.04385357714891144	0.12276852296381173	0.8553046699419051	increase	FOXA2_HUMAN.H11MO.0.A
ISL1_chr5:51392398-51392614_Ledidi_run-2_target-10.88_9	1081	1116	2.0365440380875794	0.009984047033610301	0.20717969393230715	2.0365440380875794	addition	MAFB_HUMAN.H11MO.0.B
ISL1_chr5:51392398-51392614_Ledidi_run-2_target-10.88_9	1128	1145	0.925191191827798	0.0011902376852814197	0.09412063985208387	0.925191191827798	addition	ARNTL_bHLH_1
ISL1_chr5:51392398-51392614_Ledidi_run-2_target-10.88_9	1135	1160	1.4867334914956798	0.017409202472093384	0.1512469084715855	1.4867334914956798	addition	RFX6_MOUSE.H11MO.0.C
ISL1_chr5:51392398-51392614_Ledidi_run-2_target-5.87_1	1011	1031	0.5889265531236965	0.03567363531992702	0.1087577482708701	0.1858735707231744	increase	FOXA2_HUMAN.H11MO.0.A
ISL1_chr5:51392398-51392614_Ledidi_run-2_target-5.87_1	1071	1087	0.40666971496190496	0.03540025979293725	0.07510016699811417	0.05517897575304498	increase	FOXA2_HUMAN.H11MO.0.A
ISL1_chr5:51392398-51392614_Ledidi_run-2_target-5.87_10	1012	1032	0.6145960093705966	0.03380105311733138	0.11274166629199937	0.2115430269700745	increase	FOXA2_HUMAN.H11MO.0.A
ISL1_chr5:51392398-51392614_Ledidi_run-2_target-5.87_10	1072	1087	0.3818844547214306	0.04766601648500149	0.07005299269742618	0.03039371551257064	increase	FOXA2_HUMAN.H11MO.0.A
ISL1_chr5:51392398-51392614_Ledidi_run-2_target-5.87_2	1011	1032	0.6489177533217292	0.03328329107543213	0.12201459011137702	0.24586477092120712	increase	FOXA2_HUMAN.H11MO.0.A
ISL1_chr5:51392398-51392614_Ledidi_run-2_target-5.87_2	1072	1088	0.3928551378127172	0.04077988813294336	0.07386769489353426	0.04136439860385721	increase	FOXA2_HUMAN.H11MO.0.A
ISL1_chr5:51392398-51392614_Ledidi_run-2_target-5.87_3	1011	1032	0.7437682449676656	0.021628895742405483	0.12946546951657253	0.3407152625671435	increase	FOXA2_HUMAN.H11MO.0.A
ISL1_chr5:51392398-51392614_Ledidi_run-2_target-5.87_3	1071	1089	0.4710481881070785	0.03941384448049547	0.0819939211586869	0.11955744889821851	increase	FOXA2_HUMAN.H11MO.0.A
ISL1_chr5:51392398-51392614_Ledidi_run-2_target-5.87_4	1012	1032	0.5964470337885954	0.0431917794291362	0.10773807456258769	0.19339405138807336	increase	FOXA2_HUMAN.H11MO.0.A
ISL1_chr5:51392398-51392614_Ledidi_run-2_target-5.87_4	1071	1089	0.48149150009404806	0.040328026075753344	0.08697330056095358	0.13000076088518808	increase	FOXA2_HUMAN.H11MO.0.A
ISL1_chr5:51392398-51392614_Ledidi_run-2_target-5.87_5	1012	1032	0.5926559927597386	0.04385357714891144	0.1132490998073157	0.1896030103592165	increase	FOXA2_HUMAN.H11MO.0.A
ISL1_chr5:51392398-51392614_Ledidi_run-2_target-5.87_5	1074	1089	0.37993987226728354	0.027407557497725457	0.0726017268716285	0.02844913305842356	increase	FOXA2_HUMAN.H11MO.0.A
ISL1_chr5:51392398-51392614_Ledidi_run-2_target-5.87_6	1012	1030	0.5012363492783982	0.03622637481763158	0.09246011691240716	0.09818336687787615	increase	FOXA2_HUMAN.H11MO.0.A
ISL1_chr5:51392398-51392614_Ledidi_run-2_target-5.87_6	1071	1087	0.4384084940206108	0.04221661594611272	0.08087063252873504	0.08691775481175079	increase	FOXA2_HUMAN.H11MO.0.A
ISL1_chr5:51392398-51392614_Ledidi_run-2_target-5.87_7	1011	1031	0.5548921063551266	0.03567363531992702	0.10309259386312444	0.15183912395460458	increase	FOXA2_HUMAN.H11MO.0.A
ISL1_chr5:51392398-51392614_Ledidi_run-2_target-5.87_7	1071	1089	0.468207709190515	0.0498733870590643	0.08698762634094856	0.11671696998165504	increase	FOXA2_HUMAN.H11MO.0.A
ISL1_chr5:51392398-51392614_Ledidi_run-2_target-5.87_8	1012	1031	0.5464475499084034	0.03328329107543213	0.10268939865532192	0.14339456750788132	increase	FOXA2_HUMAN.H11MO.0.A
ISL1_chr5:51392398-51392614_Ledidi_run-2_target-5.87_8	1075	1089	0.33844505805482195	0.03678719194327901	0.06360119922825318	-0.013045681154038036	decrease	FOXA2_HUMAN.H11MO.0.A
ISL1_chr5:51392398-51392614_Ledidi_run-2_target-5.87_9	1012	1031	0.5680980935179862	0.023602743782745655	0.10712945758656196	0.16504511111746417	increase	FOXA2_HUMAN.H11MO.0.A
ISL1_chr5:51392398-51392614_Ledidi_run-2_target-5.87_9	1072	1087	0.35574417372274536	0.03911348485364352	0.06708468274289461	0.004253434513885379	increase	FOXA2_HUMAN.H11MO.0.A
ISL1_chr5:51392398-51392614_Ledidi_run-2_target-6.42_1	982	996	0.3458908396287045	0.039716378487932046	0.06006901764213726	0.3458908396287045	addition	FOXD2_forkhead_1
ISL1_chr5:51392398-51392614_Ledidi_run-2_target-6.42_1	1011	1032	0.7299901930478119	0.018424025822484025	0.1267735041258873	0.3269372106472898	increase	FOXA2_HUMAN.H11MO.0.A
ISL1_chr5:51392398-51392614_Ledidi_run-2_target-6.42_1	1071	1087	0.45021408957874565	0.03080440211150591	0.07818628015322596	0.09872335036988567	increase	FOXA2_HUMAN.H11MO.0.A
ISL1_chr5:51392398-51392614_Ledidi_run-2_target-6.42_10	985	999	0.3325291224056288	0.0448640872989144	0.05780468589316906	0.3325291224056288	addition	FOXD2_forkhead_1
ISL1_chr5:51392398-51392614_Ledidi_run-2_target-6.42_10	1011	1032	0.7270151501394503	0.02698190734312794	0.1263795546367902	0.3239621677389282	increase	FOXA2_HUMAN.H11MO.0.A
ISL1_chr5:51392398-51392614_Ledidi_run-2_target-6.42_10	1070	1089	0.565259347452141	0.0498733870590643	0.09826098475606969	0.21376860824328103	increase	FOXA2_HUMAN.H11MO.0.A
ISL1_chr5:51392398-51392614_Ledidi_run-2_target-6.42_2	985	999	0.2890618890559733	0.03678719194327901	0.05119320238522504	0.2890618890559733	addition	FOXD2_forkhead_1
ISL1_chr5:51392398-51392614_Ledidi_run-2_target-6.42_2	1011	1032	0.708986970147464	0.04286440117339201	0.12556243083369073	0.30593398774694197	increase	FOXA2_HUMAN.H11MO.0.A
ISL1_chr5:51392398-51392614_Ledidi_run-2_target-6.42_2	1028	1043	0.35849528021505894	0.0498733870590643	0.06348993806874255	0.35849528021505894	addition	NFYB_HUMAN.H11MO.0.A
ISL1_chr5:51392398-51392614_Ledidi_run-2_target-6.42_2	1071	1089	0.43373882870846825	0.040948540118391635	0.07681565948703617	0.08224808949960827	increase	FOXA2_HUMAN.H11MO.0.A
ISL1_chr5:51392398-51392614_Ledidi_run-2_target-6.42_3	985	1000	0.3946863700587381	0.03512886189237361	0.07053048950407315	0.3946863700587381	addition	FOXD2_forkhead_1
ISL1_chr5:51392398-51392614_Ledidi_run-2_target-6.42_3	1011	1031	0.6254341457454705	0.028946858544220307	0.11176513758360847	0.22238116334494845	increase	FOXA2_HUMAN.H11MO.0.A
ISL1_chr5:51392398-51392614_Ledidi_run-2_target-6.42_3	1071	1088	0.4107356861949012	0.03622637481763158	0.07339850372792574	0.059244946986041214	increase	FOXA2_HUMAN.H11MO.0.A
ISL1_chr5:51392398-51392614_Ledidi_run-2_target-6.42_4	985	1000	0.3612359201572125	0.03080440211150591	0.06460798386085928	0.3612359201572125	addition	FOXD2_forkhead_1
ISL1_chr5:51392398-51392614_Ledidi_run-2_target-6.42_4	1011	1032	0.7458444806962166	0.04286440117339201	0.1333962252440471	0.3427914982956945	increase	FOXA2_HUMAN.H11MO.0.A
ISL1_chr5:51392398-51392614_Ledidi_run-2_target-6.42_4	1074	1089	0.3552101830404768	0.03459194355839432	0.06353026510515412	0.00371944383161682	increase	FOXA2_HUMAN.H11MO.0.A
ISL1_chr5:51392398-51392614_Ledidi_run-2_target-6.42_5	984	999	0.37114161997536455	0.04730707420613627	0.06402033789881315	0.37114161997536455	addition	FOXD2_forkhead_1
ISL1_chr5:51392398-51392614_Ledidi_run-2_target-6.42_5	1011	1032	0.7147029674885768	0.024943831367036446	0.12328319706892557	0.3116499850880547	increase	FOXA2_HUMAN.H11MO.0.A
ISL1_chr5:51392398-51392614_Ledidi_run-2_target-6.42_5	1072	1089	0.42617648806784136	0.038815285523608536	0.07351361664165759	0.07468574885898138	increase	FOXA2_HUMAN.H11MO.0.A
ISL1_chr5:51392398-51392614_Ledidi_run-2_target-6.42_6	1012	1031	0.5647434778878409	0.03911348485364352	0.10604604127570803	0.16169049548731879	increase	FOXA2_HUMAN.H11MO.0.A
ISL1_chr5:51392398-51392614_Ledidi_run-2_target-6.42_6	1071	1089	0.4945027569126157	0.019181572505438713	0.09285642388759265	0.1430120177037557	increase	FOXA2_HUMAN.H11MO.0.A
ISL1_chr5:51392398-51392614_Ledidi_run-2_target-6.42_7	982	996	0.36690671354713794	0.03650576667085745	0.06726275782498904	0.36690671354713794	addition	FOXD2_forkhead_1
ISL1_chr5:51392398-51392614_Ledidi_run-2_target-6.42_7	1011	1031	0.6256358308758864	0.029862159864615646	0.1146939803090687	0.2225828484753643	increase	FOXA2_HUMAN.H11MO.0.A
ISL1_chr5:51392398-51392614_Ledidi_run-2_target-6.42_7	1071	1088	0.43591362163625935	0.04624528289440415	0.07991337111624333	0.08442288242739937	increase	FOXA2_HUMAN.H11MO.0.A
ISL1_chr5:51392398-51392614_Ledidi_run-2_target-6.42_8	982	1001	0.42371787316377113	0.04452485662729606	0.07390696781047855	0.42371787316377113	addition	FOXD2_forkhead_1
ISL1_chr5:51392398-51392614_Ledidi_run-2_target-6.42_8	1011	1032	0.7062938084222367	0.01604714572790736	0.12319526050209056	0.3032408260217146	increase	FOXA2_HUMAN.H11MO.0.A
ISL1_chr5:51392398-51392614_Ledidi_run-2_target-6.42_8	1072	1090	0.41700362762361687	0.0498733870590643	0.0727358358841743	0.06551288841475689	increase	FOXA2_HUMAN.H11MO.0.A
ISL1_chr5:51392398-51392614_Ledidi_run-2_target-6.42_9	985	1000	0.3482727117314487	0.027407557497725457	0.06226147394804344	0.3482727117314487	addition	FOXD2_forkhead_1
ISL1_chr5:51392398-51392614_Ledidi_run-2_target-6.42_9	1011	1031	0.6057788691047126	0.041262157128128175	0.10829641257142598	0.2027258867041905	increase	FOXA2_HUMAN.H11MO.0.A
ISL1_chr5:51392398-51392614_Ledidi_run-2_target-6.42_9	1074	1089	0.34979885484961337	0.04221661594611272	0.06253430588919726	-0.0016918843592466093	decrease	FOXA2_HUMAN.H11MO.0.A
ISL1_chr5:51392398-51392614_Ledidi_run-2_target-7.64_1	994	1018	1.120971454922336	0.03941384448049547	0.15458761721953548	1.120971454922336	addition	FOXA2_HUMAN.H11MO.0.A
ISL1_chr5:51392398-51392614_Ledidi_run-2_target-7.64_1	1010	1032	1.2212337189445162	0.028946858544220307	0.1684142890979007	0.8181807365439941	increase	FOXA2_HUMAN.H11MO.0.A
ISL1_chr5:51392398-51392614_Ledidi_run-2_target-7.64_1	1025	1040	0.489275010773194	0.035949002347687255	0.06747349162939291	0.489275010773194	addition	NFYB_HUMAN.H11MO.0.A
ISL1_chr5:51392398-51392614_Ledidi_run-2_target-7.64_1	1053	1067	0.2500358072429303	0.03793350801322296	0.034481198866857514	0.2500358072429303	addition	SP2_HUMAN.H11MO.0.A
ISL1_chr5:51392398-51392614_Ledidi_run-2_target-7.64_1	1071	1090	0.6759379073348306	0.018128726134506876	0.09321524649393513	0.32444716812597063	increase	FOXA2_HUMAN.H11MO.0.A
ISL1_chr5:51392398-51392614_Ledidi_run-2_target-7.64_10	994	1017	0.9922387644248779	0.03277300059380061	0.14202490815344881	0.9922387644248779	addition	FOXA2_HUMAN.H11MO.0.A
ISL1_chr5:51392398-51392614_Ledidi_run-2_target-7.64_10	1010	1032	1.079771940139935	0.049127257957482524	0.15455404094591382	0.676718957739413	increase	FOXA2_HUMAN.H11MO.0.A
ISL1_chr5:51392398-51392614_Ledidi_run-2_target-7.64_10	1025	1040	0.4504890492269258	0.026562382168414056	0.0644811189952583	0.4504890492269258	addition	NFYB_HUMAN.H11MO.0.A
ISL1_chr5:51392398-51392614_Ledidi_run-2_target-7.64_10	1070	1090	0.6807335943813939	0.045205730885551756	0.09743736052785937	0.32924285517253393	increase	FOXA2_HUMAN.H11MO.0.A
ISL1_chr5:51392398-51392614_Ledidi_run-2_target-7.64_2	985	1000	0.36039798289317143	0.03354123135876334	0.050612788512956475	0.36039798289317143	addition	HNF6_HUMAN.H11MO.0.B
ISL1_chr5:51392398-51392614_Ledidi_run-2_target-7.64_2	994	1017	1.0806037784537907	0.0431917794291362	0.1517554844955811	1.0806037784537907	addition	FOXA2_HUMAN.H11MO.0.A
ISL1_chr5:51392398-51392614_Ledidi_run-2_target-7.64_2	1010	1032	1.1366277333624388	0.031044267384158657	0.15962325489398346	0.7335747509619168	increase	FOXA2_HUMAN.H11MO.0.A
ISL1_chr5:51392398-51392614_Ledidi_run-2_target-7.64_2	1071	1090	0.6476802357498719	0.011707052189679684	0.09095750906504634	0.2961894965410119	increase	FOXA2_HUMAN.H11MO.0.A
ISL1_chr5:51392398-51392614_Ledidi_run-2_target-7.64_3	994	1019	1.1024506631285182	0.04286440117339201	0.15655996559795946	1.1024506631285182	addition	FOXA2_HUMAN.H11MO.0.A
ISL1_chr5:51392398-51392614_Ledidi_run-2_target-7.64_3	1010	1032	1.0596087450749518	0.039716378487932046	0.1504759480169976	0.6565557626744298	increase	FOXA2_HUMAN.H11MO.0.A
ISL1_chr5:51392398-51392614_Ledidi_run-2_target-7.64_3	1025	1042	0.5128387843745541	0.04452485662729606	0.07282867626124301	0.5128387843745541	addition	NFYB_HUMAN.H11MO.0.A
ISL1_chr5:51392398-51392614_Ledidi_run-2_target-7.64_3	1053	1067	0.2850293807893247	0.04002110100333834	0.040477267185953236	0.2850293807893247	addition	SP2_HUMAN.H11MO.0.A
ISL1_chr5:51392398-51392614_Ledidi_run-2_target-7.64_3	1070	1089	0.5852356794344948	0.035949002347687255	0.08310982151251317	0.23374494022563486	increase	FOXA2_HUMAN.H11MO.0.A
ISL1_chr5:51392398-51392614_Ledidi_run-2_target-7.64_4	994	1017	1.118042612444142	0.028499063326879095	0.15680233652746642	0.71498963004362	increase	FOXA2_HUMAN.H11MO.0.A
ISL1_chr5:51392398-51392614_Ledidi_run-2_target-7.64_4	1007	1032	1.4712290742976255	0.03707066464076151	0.20633574592715684	1.4712290742976255	addition	CEBPB_HUMAN.H11MO.0.A
ISL1_chr5:51392398-51392614_Ledidi_run-2_target-7.64_4	1023	1040	0.7141822414242431	0.04258546728752456	0.10016205367784163	0.7141822414242431	addition	NFYB_HUMAN.H11MO.0.A
ISL1_chr5:51392398-51392614_Ledidi_run-2_target-7.64_4	1070	1089	0.6631837738623498	0.03277300059380061	0.09300966182441879	0.31169303465348985	increase	FOXA2_HUMAN.H11MO.0.A
ISL1_chr5:51392398-51392614_Ledidi_run-2_target-7.64_5	985	1000	0.4193421335664972	0.038815285523608536	0.05813774519821506	0.4193421335664972	addition	HNF6_HUMAN.H11MO.0.B
ISL1_chr5:51392398-51392614_Ledidi_run-2_target-7.64_5	994	1017	1.1159883713361245	0.03328329107543213	0.15472103178638047	1.1159883713361245	addition	FOXA2_HUMAN.H11MO.0.A
ISL1_chr5:51392398-51392614_Ledidi_run-2_target-7.64_5	1010	1032	1.2327201827095073	0.017550999021701732	0.1709047723717411	0.8296672003089853	increase	FOXA2_HUMAN.H11MO.0.A
ISL1_chr5:51392398-51392614_Ledidi_run-2_target-7.64_5	1024	1045	0.7837272325773919	0.04766601648500149	0.10865622723136478	0.7837272325773919	addition	NFYB_HUMAN.H11MO.0.A
ISL1_chr5:51392398-51392614_Ledidi_run-2_target-7.64_5	1070	1089	0.590710705592107	0.03080440211150591	0.08189634605873887	0.23921996638324705	increase	FOXA2_HUMAN.H11MO.0.A
ISL1_chr5:51392398-51392614_Ledidi_run-2_target-7.64_6	994	1018	1.1406999413576218	0.037643808588512954	0.15655264855938578	1.1406999413576218	addition	FOXA2_HUMAN.H11MO.0.A
ISL1_chr5:51392398-51392614_Ledidi_run-2_target-7.64_6	1010	1032	1.1583630110509486	0.048027490240037725	0.15897677452093206	0.7553100286504266	increase	FOXA2_HUMAN.H11MO.0.A
ISL1_chr5:51392398-51392614_Ledidi_run-2_target-7.64_6	1025	1045	0.6806759043690578	0.04253935132010999	0.09341774447073717	0.6806759043690578	addition	NFYB_HUMAN.H11MO.0.A
ISL1_chr5:51392398-51392614_Ledidi_run-2_target-7.64_6	1070	1091	0.718871469423537	0.025339702321310897	0.098659803890311	0.367380730214677	increase	FOXA2_HUMAN.H11MO.0.A
ISL1_chr5:51392398-51392614_Ledidi_run-2_target-7.64_7	986	1001	0.29960872866802046	0.04446442694330786	0.041590426793388806	0.29960872866802046	addition	FOXD2_forkhead_1
ISL1_chr5:51392398-51392614_Ledidi_run-2_target-7.64_7	995	1018	1.051144172556633	0.017409202472093384	0.14591542426807877	1.051144172556633	addition	FOXA2_HUMAN.H11MO.0.A
ISL1_chr5:51392398-51392614_Ledidi_run-2_target-7.64_7	1010	1033	1.1550780354147998	0.019808011404068904	0.16034308708609493	0.7520250530142778	increase	FOXA2_HUMAN.H11MO.0.A
ISL1_chr5:51392398-51392614_Ledidi_run-2_target-7.64_7	1025	1042	0.48472713878259777	0.0431917794291362	0.06728778787564836	0.48472713878259777	addition	NFYB_HUMAN.H11MO.0.A
ISL1_chr5:51392398-51392614_Ledidi_run-2_target-7.64_7	1070	1091	0.735814240589197	0.01490435278529703	0.1021426459863499	0.384323501380337	increase	FOXA2_HUMAN.H11MO.0.A
ISL1_chr5:51392398-51392614_Ledidi_run-2_target-7.64_8	995	1018	1.1634547970415616	0.02872214971742666	0.16357602145536307	1.1634547970415616	addition	FOXA2_HUMAN.H11MO.0.A
ISL1_chr5:51392398-51392614_Ledidi_run-2_target-7.64_8	1009	1032	1.281220377158023	0.04624528289440415	0.18013328273342663	0.878167394757501	increase	FOXA2_HUMAN.H11MO.0.A
ISL1_chr5:51392398-51392614_Ledidi_run-2_target-7.64_8	1026	1040	0.41796903597118185	0.03177440233200031	0.05876439047700889	0.41796903597118185	addition	NFYB_HUMAN.H11MO.0.A
ISL1_chr5:51392398-51392614_Ledidi_run-2_target-7.64_8	1071	1089	0.5876839772190334	0.01112996078508421	0.08262547639237561	0.23619323801017345	increase	FOXA2_HUMAN.H11MO.0.A
ISL1_chr5:51392398-51392614_Ledidi_run-2_target-7.64_9	995	1017	0.9616631475702819	0.012415202241707323	0.13757699667258447	0.9616631475702819	addition	FOXA2_HUMAN.H11MO.0.A
ISL1_chr5:51392398-51392614_Ledidi_run-2_target-7.64_9	1010	1033	1.1882090095726878	0.035949002347687255	0.16998699323077632	0.7851560271721658	increase	FOXA2_HUMAN.H11MO.0.A
ISL1_chr5:51392398-51392614_Ledidi_run-2_target-7.64_9	1025	1040	0.47631540234707614	0.04839151109639871	0.06814240796205123	0.47631540234707614	addition	NFYB_HUMAN.H11MO.0.A
ISL1_chr5:51392398-51392614_Ledidi_run-2_target-7.64_9	1070	1090	0.6261137692358769	0.033027218663415445	0.08957279080981753	0.27462303002701693	increase	FOXA2_HUMAN.H11MO.0.A
ISL1_chr5:51392398-51392614_Ledidi_run-3_target-10.88_1	995	1015	0.598706901819684	0.040948540118391635	0.059246016034670786	0.598706901819684	addition	FOXA2_HUMAN.H11MO.0.A
ISL1_chr5:51392398-51392614_Ledidi_run-3_target-10.88_1	1009	1032	1.0674479429284995	0.040948540118391635	0.10563104876643829	0.6643949605279775	increase	FOXA2_HUMAN.H11MO.0.A
ISL1_chr5:51392398-51392614_Ledidi_run-3_target-10.88_1	1025	1046	0.7770871609892769	0.021457211786353493	0.07689792494520703	0.7770871609892769	addition	MEOX2_MA0706.1
ISL1_chr5:51392398-51392614_Ledidi_run-3_target-10.88_1	1053	1067	0.45796902400853545	0.04286440117339201	0.04531907024509962	0.45796902400853545	addition	SP2_HUMAN.H11MO.0.A
ISL1_chr5:51392398-51392614_Ledidi_run-3_target-10.88_1	1058	1079	1.5667424757975765	0.0020209193450569686	0.1550395520098065	1.5667424757975765	addition	NDF2_MOUSE.H11MO.0.A
ISL1_chr5:51392398-51392614_Ledidi_run-3_target-10.88_1	1069	1097	2.0896523327910588	0.007061102905827672	0.20678494809253578	1.7381615935821988	increase	FOXA2_HUMAN.H11MO.0.A
ISL1_chr5:51392398-51392614_Ledidi_run-3_target-10.88_1	1125	1150	1.126348436694915	0.011707052189679684	0.11145964300433481	1.126348436694915	addition	RFX6_MOUSE.H11MO.0.C
ISL1_chr5:51392398-51392614_Ledidi_run-3_target-10.88_10	1000	1018	0.5631200191663139	0.03707066464076151	0.05800995390339055	0.16006703676579187	increase	FOXA2_HUMAN.H11MO.0.A
ISL1_chr5:51392398-51392614_Ledidi_run-3_target-10.88_10	1009	1032	1.3304747166309658	0.03459194355839432	0.1370591958276555	1.3304747166309658	addition	NDF2_MOUSE.H11MO.0.A
ISL1_chr5:51392398-51392614_Ledidi_run-3_target-10.88_10	1023	1045	0.9551685709141626	0.04624528289440415	0.09839693650161853	0.9551685709141626	addition	MEOX2_MA0706.1
ISL1_chr5:51392398-51392614_Ledidi_run-3_target-10.88_10	1058	1081	1.8130734191758475	0.001284432476246556	0.18677422554709505	1.8130734191758475	addition	NDF2_MOUSE.H11MO.0.A
ISL1_chr5:51392398-51392614_Ledidi_run-3_target-10.88_10	1071	1092	1.7020661781452637	2.189451248653996e-05	0.17533878600321184	1.3505754389364037	increase	FOXA2_HUMAN.H11MO.0.A
ISL1_chr5:51392398-51392614_Ledidi_run-3_target-10.88_10	1126	1150	0.7678764683840864	0.022151565562005048	0.07910299229000284	0.7678764683840864	addition	RFX6_MOUSE.H11MO.0.C
ISL1_chr5:51392398-51392614_Ledidi_run-3_target-10.88_2	998	1015	0.4772374684479662	0.02379017014912958	0.0458790722450955	0.4772374684479662	addition	FOXA2_HUMAN.H11MO.0.A
ISL1_chr5:51392398-51392614_Ledidi_run-3_target-10.88_2	1010	1032	1.0268124658465974	0.026148895682375883	0.09871228982909809	0.6237594834460753	increase	FOXA2_HUMAN.H11MO.0.A
ISL1_chr5:51392398-51392614_Ledidi_run-3_target-10.88_2	1023	1046	1.1127924045832112	0.017906046611370977	0.10697794389384402	1.1127924045832112	addition	MEOX2_MA0706.1
ISL1_chr5:51392398-51392614_Ledidi_run-3_target-10.88_2	1053	1067	0.5083646169589318	0.020453172647154634	0.04887147076728762	0.5083646169589318	addition	SP2_HUMAN.H11MO.0.A
ISL1_chr5:51392398-51392614_Ledidi_run-3_target-10.88_2	1058	1081	1.9177319978574205	0.0027975076472585097	0.18436055568429222	1.9177319978574205	addition	NDF2_MOUSE.H11MO.0.A
ISL1_chr5:51392398-51392614_Ledidi_run-3_target-10.88_2	1071	1092	1.782018690838104	8.781325431282208e-07	0.17131380007725855	1.430527951629244	increase	FOXA2_HUMAN.H11MO.0.A
ISL1_chr5:51392398-51392614_Ledidi_run-3_target-10.88_2	1083	1097	0.5973274053895468	0.03459194355839432	0.05742388013867868	0.5973274053895468	addition	RFX6_MOUSE.H11MO.0.C
ISL1_chr5:51392398-51392614_Ledidi_run-3_target-10.88_2	1125	1150	1.0990046947819323	0.009884285565796883	0.10565246679724372	1.0990046947819323	addition	RFX6_MOUSE.H11MO.0.C
ISL1_chr5:51392398-51392614_Ledidi_run-3_target-10.88_3	995	1017	0.89768126558743	0.03380105311733138	0.0876812015498475	0.89768126558743	addition	FOXA2_HUMAN.H11MO.0.A
ISL1_chr5:51392398-51392614_Ledidi_run-3_target-10.88_3	1009	1032	1.152295992747047	0.04589631419228254	0.11255074719535309	0.7492430103465251	increase	FOXA2_HUMAN.H11MO.0.A
ISL1_chr5:51392398-51392614_Ledidi_run-3_target-10.88_3	1023	1046	1.1318067953210216	0.04695064795138151	0.11054946063855908	1.1318067953210216	addition	MEOX2_MA0706.1
ISL1_chr5:51392398-51392614_Ledidi_run-3_target-10.88_3	1059	1075	0.5685108935901639	0.03567363531992702	0.05552941801848056	0.5685108935901639	addition	SP2_HUMAN.H11MO.0.A
ISL1_chr5:51392398-51392614_Ledidi_run-3_target-10.88_3	1065	1080	0.8873108217712447	0.03876256734186707	0.08666826632521263	0.8873108217712447	addition	TYY1_HUMAN.H11MO.0.A
ISL1_chr5:51392398-51392614_Ledidi_run-3_target-10.88_3	1070	1092	1.4540370422330033	0.0008189819353512372	0.14202336603019927	1.1025463030241434	increase	FOXA2_HUMAN.H11MO.0.A
ISL1_chr5:51392398-51392614_Ledidi_run-3_target-10.88_3	1097	1112	0.3539704764427958	0.04766601648500149	0.03457413881458965	0.3539704764427958	addition	HNF4G_MA0484.1
ISL1_chr5:51392398-51392614_Ledidi_run-3_target-10.88_3	1125	1150	1.1123997876685632	0.02180184363848297	0.10865387718963736	1.1123997876685632	addition	RFX6_MOUSE.H11MO.0.C
ISL1_chr5:51392398-51392614_Ledidi_run-3_target-10.88_4	997	1016	0.5794620496689376	0.024169142632964005	0.05395452857259576	0.5794620496689376	addition	FOXA2_HUMAN.H11MO.0.A
ISL1_chr5:51392398-51392614_Ledidi_run-3_target-10.88_4	1010	1032	1.0307262801437411	0.040948540118391635	0.095972377421979	0.6276732977432191	increase	FOXA2_HUMAN.H11MO.0.A
ISL1_chr5:51392398-51392614_Ledidi_run-3_target-10.88_4	1024	1045	0.8177513497257041	0.04766601648500149	0.07614198132433694	0.8177513497257041	addition	MEOX2_MA0706.1
ISL1_chr5:51392398-51392614_Ledidi_run-3_target-10.88_4	1036	1050	0.444262295316153	0.04385357714891144	0.04136588879298833	0.444262295316153	addition	ZN143_MOUSE.H11MO.0.A
ISL1_chr5:51392398-51392614_Ledidi_run-3_target-10.88_4	1053	1067	0.4897088314147737	0.02677138457031075	0.04559747985552549	0.4897088314147737	addition	SP2_HUMAN.H11MO.0.A
ISL1_chr5:51392398-51392614_Ledidi_run-3_target-10.88_4	1061	1096	2.606896572567557	2.2589122006988817e-06	0.24273181598476998	2.255405833358697	increase	FOXA2_HUMAN.H11MO.0.A
ISL1_chr5:51392398-51392614_Ledidi_run-3_target-10.88_4	1117	1131	0.21395741103872545	0.028057710553803093	0.019921876253678583	0.21395741103872545	addition	ETV6_MOUSE.H11MO.0.C
ISL1_chr5:51392398-51392614_Ledidi_run-3_target-10.88_4	1124	1150	1.6220945114849066	0.040948540118391635	0.15103550735956794	1.6220945114849066	addition	RFX6_MOUSE.H11MO.0.C
ISL1_chr5:51392398-51392614_Ledidi_run-3_target-10.88_5	1000	1015	0.4644628643793305	0.03181022215170738	0.04469165807762525	0.4644628643793305	addition	FOXA2_HUMAN.H11MO.0.A
ISL1_chr5:51392398-51392614_Ledidi_run-3_target-10.88_5	1011	1032	0.937472562023524	0.01151168380137576	0.09020571161291571	0.534419579623002	increase	FOXA2_HUMAN.H11MO.0.A
ISL1_chr5:51392398-51392614_Ledidi_run-3_target-10.88_5	1023	1045	0.8614152174038594	0.0431917794291362	0.08288730340265658	0.8614152174038594	addition	MEOX2_MA0706.1
ISL1_chr5:51392398-51392614_Ledidi_run-3_target-10.88_5	1053	1067	0.4391571585166969	0.04002110100333834	0.042256686327328076	0.4391571585166969	addition	SP2_HUMAN.H11MO.0.A
ISL1_chr5:51392398-51392614_Ledidi_run-3_target-10.88_5	1061	1096	2.6743305205095846	7.120664100105014e-06	0.2573300781944943	2.3228397813007247	increase	FOXA2_HUMAN.H11MO.0.A
ISL1_chr5:51392398-51392614_Ledidi_run-3_target-10.88_5	1117	1131	0.26942181200909054	0.03567363531992702	0.025924370761169397	0.26942181200909054	addition	ETV6_MOUSE.H11MO.0.C
ISL1_chr5:51392398-51392614_Ledidi_run-3_target-10.88_5	1125	1150	1.4738442760545887	0.01049000961358211	0.14181660041458435	1.4738442760545887	addition	RFX6_MOUSE.H11MO.0.C
ISL1_chr5:51392398-51392614_Ledidi_run-3_target-10.88_6	1010	1032	0.9328568510090487	0.04554980170166938	0.09252553611578533	0.5298038686085267	increase	FOXA2_HUMAN.H11MO.0.A
ISL1_chr5:51392398-51392614_Ledidi_run-3_target-10.88_6	1025	1047	0.8638222762785415	0.02128678322634035	0.08567833224891522	0.8638222762785415	addition	MEOX2_MA0706.1
ISL1_chr5:51392398-51392614_Ledidi_run-3_target-10.88_6	1061	1096	2.6490785624230937	1.094373794962686e-05	0.2627492245309705	2.2975878232142337	increase	FOXA2_HUMAN.H11MO.0.A
ISL1_chr5:51392398-51392614_Ledidi_run-3_target-10.88_6	1125	1150	1.2104969124095692	0.0057166170612137105	0.12006330410292694	1.2104969124095692	addition	RFX6_MOUSE.H11MO.0.C
ISL1_chr5:51392398-51392614_Ledidi_run-3_target-10.88_7	999	1015	0.5137288131847398	0.048758094963275454	0.05119787339342907	0.5137288131847398	addition	FOXA2_HUMAN.H11MO.0.A
ISL1_chr5:51392398-51392614_Ledidi_run-3_target-10.88_7	1011	1032	0.9303039763339729	0.02474804221978688	0.09271347834761705	0.5272509939334509	increase	FOXA2_HUMAN.H11MO.0.A
ISL1_chr5:51392398-51392614_Ledidi_run-3_target-10.88_7	1023	1048	1.1204725739619368	0.02514104809188975	0.11166555488076887	1.1204725739619368	addition	MEOX2_MA0706.1
ISL1_chr5:51392398-51392614_Ledidi_run-3_target-10.88_7	1053	1067	0.4995613917839572	0.03056627161134241	0.04978595755656556	0.4995613917839572	addition	SP2_HUMAN.H11MO.0.A
ISL1_chr5:51392398-51392614_Ledidi_run-3_target-10.88_7	1058	1079	1.507401323423641	0.0026469247613959248	0.15022661787509697	1.507401323423641	addition	NDF2_MOUSE.H11MO.0.A
ISL1_chr5:51392398-51392614_Ledidi_run-3_target-10.88_7	1069	1096	1.9649618044939645	0.018723703125906946	0.19582679247782217	1.6134710652851045	increase	FOXA2_HUMAN.H11MO.0.A
ISL1_chr5:51392398-51392614_Ledidi_run-3_target-10.88_7	1116	1131	0.15097967040567983	0.042279514855268006	0.015046533992306856	0.15097967040567983	addition	ETV6_MOUSE.H11MO.0.C
ISL1_chr5:51392398-51392614_Ledidi_run-3_target-10.88_7	1125	1150	1.1291917075979923	0.0032397826656513033	0.11253449796619132	1.1291917075979923	addition	RFX6_MOUSE.H11MO.0.C
ISL1_chr5:51392398-51392614_Ledidi_run-3_target-10.88_8	996	1016	0.6708316496040388	0.033027218663415445	0.06951553328478703	0.6708316496040388	addition	FOXA2_HUMAN.H11MO.0.A
ISL1_chr5:51392398-51392614_Ledidi_run-3_target-10.88_8	1011	1032	0.7444600525814102	0.019181572505438713	0.07714534279198647	0.3414070701808882	increase	FOXA2_HUMAN.H11MO.0.A
ISL1_chr5:51392398-51392614_Ledidi_run-3_target-10.88_8	1058	1079	1.483176136579031	0.0023465044539142826	0.15369546167122392	1.483176136579031	addition	NDF2_MOUSE.H11MO.0.A
ISL1_chr5:51392398-51392614_Ledidi_run-3_target-10.88_8	1069	1095	1.9929149846593233	0.014660613519821092	0.20651760845155262	1.6414242454504633	increase	FOXA2_HUMAN.H11MO.0.A
ISL1_chr5:51392398-51392614_Ledidi_run-3_target-10.88_8	1125	1150	1.1477585813188496	0.0088444134942203	0.11893751570854635	1.1477585813188496	addition	RFX6_MOUSE.H11MO.0.C
ISL1_chr5:51392398-51392614_Ledidi_run-3_target-10.88_9	998	1016	0.6302845607215484	0.03822531123050392	0.06697722709668347	0.6302845607215484	addition	FOXA2_HUMAN.H11MO.0.A
ISL1_chr5:51392398-51392614_Ledidi_run-3_target-10.88_9	1010	1032	1.2405364531130738	0.008997513375031244	0.1318256814775059	0.8374834707125518	increase	FOXA2_HUMAN.H11MO.0.A
ISL1_chr5:51392398-51392614_Ledidi_run-3_target-10.88_9	1023	1045	1.0429593552154404	0.01657997113026903	0.11083013917857325	1.0429593552154404	addition	MEOX2_MA0706.1
ISL1_chr5:51392398-51392614_Ledidi_run-3_target-10.88_9	1058	1079	1.3632322500899918	0.0016124172714877085	0.14486395778959557	1.3632322500899918	addition	NDF2_MOUSE.H11MO.0.A
ISL1_chr5:51392398-51392614_Ledidi_run-3_target-10.88_9	1069	1097	1.8673538647212502	0.040328026075753344	0.1984344717632376	1.5158631255123902	increase	FOXA2_HUMAN.H11MO.0.A
ISL1_chr5:51392398-51392614_Ledidi_run-3_target-10.88_9	1124	1145	0.6853428212215427	0.04766601648500149	0.07282799649016958	0.6853428212215427	addition	FOXD2_forkhead_1
ISL1_chr5:51392398-51392614_Ledidi_run-3_target-5.87_1	1011	1031	0.5699818511530733	0.03227007350256728	0.10655209905023776	0.16692886875255125	increase	FOXA2_HUMAN.H11MO.0.A
ISL1_chr5:51392398-51392614_Ledidi_run-3_target-5.87_1	1071	1090	0.4906832098027114	0.028057710553803093	0.09172805391508156	0.13919247059385143	increase	FOXA2_HUMAN.H11MO.0.A
ISL1_chr5:51392398-51392614_Ledidi_run-3_target-5.87_10	1012	1032	0.607372445738815	0.04352150009819771	0.11550052047251914	0.20431946333829293	increase	FOXA2_HUMAN.H11MO.0.A
ISL1_chr5:51392398-51392614_Ledidi_run-3_target-5.87_10	1071	1086	0.42172205394978324	0.03622637481763158	0.08019645452748424	0.07023131474092326	increase	FOXA2_HUMAN.H11MO.0.A
ISL1_chr5:51392398-51392614_Ledidi_run-3_target-5.87_2	1012	1031	0.5269937483664837	0.04589631419228254	0.09783081656208867	0.12394076596596165	increase	FOXA2_HUMAN.H11MO.0.A
ISL1_chr5:51392398-51392614_Ledidi_run-3_target-5.87_2	1072	1089	0.44416766336399416	0.038815285523608536	0.08245502974573436	0.09267692415513418	increase	FOXA2_HUMAN.H11MO.0.A
ISL1_chr5:51392398-51392614_Ledidi_run-3_target-5.87_3	1011	1031	0.6104061605769597	0.029862159864615646	0.11424312058169571	0.20735317817643767	increase	FOXA2_HUMAN.H11MO.0.A
ISL1_chr5:51392398-51392614_Ledidi_run-3_target-5.87_3	1071	1088	0.44084785976670093	0.03009516326587541	0.08250872690063528	0.08935712055784095	increase	FOXA2_HUMAN.H11MO.0.A
ISL1_chr5:51392398-51392614_Ledidi_run-3_target-5.87_4	1013	1031	0.4697388744906846	0.028249794497624988	0.08752472599725175	0.06668589209016251	increase	FOXA2_HUMAN.H11MO.0.A
ISL1_chr5:51392398-51392614_Ledidi_run-3_target-5.87_4	1071	1090	0.5254545216892408	0.02698190734312794	0.09790601871035864	0.1739637824803808	increase	FOXA2_HUMAN.H11MO.0.A
ISL1_chr5:51392398-51392614_Ledidi_run-3_target-5.87_5	1012	1031	0.5106081955357418	0.04157803279634765	0.10178099835595798	0.10755521313521971	increase	FOXA2_HUMAN.H11MO.0.A
ISL1_chr5:51392398-51392614_Ledidi_run-3_target-5.87_5	1071	1086	0.4008488051188348	0.04157803279634765	0.07990234377648565	0.049358065909974824	increase	FOXA2_HUMAN.H11MO.0.A
ISL1_chr5:51392398-51392614_Ledidi_run-3_target-5.87_6	1011	1031	0.6423217957880911	0.025539804036945758	0.12205899274194147	0.23926881338756906	increase	FOXA2_HUMAN.H11MO.0.A
ISL1_chr5:51392398-51392614_Ledidi_run-3_target-5.87_6	1074	1089				-0.35149073920886	removal	FOXA2_HUMAN.H11MO.0.A
ISL1_chr5:51392398-51392614_Ledidi_run-3_target-5.87_7	1011	1032	0.8910400000695898	0.02474804221978688	0.16237084746409874	0.48798701766906777	increase	FOXA2_HUMAN.H11MO.0.A
ISL1_chr5:51392398-51392614_Ledidi_run-3_target-5.87_7	1026	1040	0.4148632016930007	0.04352150009819771	0.07559895137738029	0.4148632016930007	addition	ETV6_MOUSE.H11MO.0.C
ISL1_chr5:51392398-51392614_Ledidi_run-3_target-5.87_7	1074	1089				-0.35149073920886	removal	FOXA2_HUMAN.H11MO.0.A
ISL1_chr5:51392398-51392614_Ledidi_run-3_target-5.87_8	1011	1032	0.8039117111124684	0.013950928018901005	0.1447967434336559	0.40085872871194633	increase	FOXA2_HUMAN.H11MO.0.A
ISL1_chr5:51392398-51392614_Ledidi_run-3_target-5.87_8	1071	1089	0.5128871076445851	0.019027824424729438	0.09237877979569967	0.16139636843572513	increase	FOXA2_HUMAN.H11MO.0.A
ISL1_chr5:51392398-51392614_Ledidi_run-3_target-5.87_9	1013	1030	0.4284195134038946	0.015657718532026327	0.08396576873975967	0.02536653100337255	increase	FOXA2_HUMAN.H11MO.0.A
ISL1_chr5:51392398-51392614_Ledidi_run-3_target-5.87_9	1072	1089	0.4183995025706786	0.03202133761382601	0.08200195083215066	0.06690876336181861	increase	FOXA2_HUMAN.H11MO.0.A
ISL1_chr5:51392398-51392614_Ledidi_run-3_target-6.42_1	1011	1032	1.0055441021490914	0.01372140150133723	0.17374975910151752	0.6024911197485694	increase	FOXA2_HUMAN.H11MO.0.A
ISL1_chr5:51392398-51392614_Ledidi_run-3_target-6.42_1	1022	1042	0.7820234911632301	0.0373561988327741	0.13512723401284754	0.7820234911632301	addition	CEBPB_HUMAN.H11MO.0.A
ISL1_chr5:51392398-51392614_Ledidi_run-3_target-6.42_1	1071	1090	0.5919883664994858	0.023978966652746625	0.10229072583724017	0.24049762729062585	increase	FOXA2_HUMAN.H11MO.0.A
ISL1_chr5:51392398-51392614_Ledidi_run-3_target-6.42_10	1011	1032	0.8932002424068441	0.02872214971742666	0.16038705358907812	0.4901472600063221	increase	FOXA2_HUMAN.H11MO.0.A
ISL1_chr5:51392398-51392614_Ledidi_run-3_target-6.42_10	1023	1043	0.7433248202869415	0.029981717161078544	0.13347474857843816	0.7433248202869415	addition	CEBPB_HUMAN.H11MO.0.A
ISL1_chr5:51392398-51392614_Ledidi_run-3_target-6.42_10	1072	1089	0.4276177548802693	0.040948540118391635	0.07678496770535304	0.07612701567140934	increase	FOXA2_HUMAN.H11MO.0.A
ISL1_chr5:51392398-51392614_Ledidi_run-3_target-6.42_2	1011	1032	0.8757517462222593	0.018128726134506876	0.156961593100943	0.4726987638217372	increase	FOXA2_HUMAN.H11MO.0.A
ISL1_chr5:51392398-51392614_Ledidi_run-3_target-6.42_2	1023	1039	0.6068686839022778	0.03941384448049547	0.10876949528137062	0.6068686839022778	addition	CEBPB_HUMAN.H11MO.0.A
ISL1_chr5:51392398-51392614_Ledidi_run-3_target-6.42_2	1075	1089	0.29753278741680655	0.048027490240037725	0.05332700792680319	-0.05395795179205343	decrease	FOXA2_HUMAN.H11MO.0.A
ISL1_chr5:51392398-51392614_Ledidi_run-3_target-6.42_3	1011	1032	0.9335805303070144	0.019492485683982996	0.17113807504099696	0.5305275479064924	increase	FOXA2_HUMAN.H11MO.0.A
ISL1_chr5:51392398-51392614_Ledidi_run-3_target-6.42_3	1022	1039	0.6674668275939287	0.03406276995681486	0.12235579504917585	0.6674668275939287	addition	CEBPB_HUMAN.H11MO.0.A
ISL1_chr5:51392398-51392614_Ledidi_run-3_target-6.42_3	1072	1086	0.3439347160436237	0.04624528289440415	0.06304793569776035	-0.007556023165236292	decrease	FOXA2_HUMAN.H11MO.0.A
ISL1_chr5:51392398-51392614_Ledidi_run-3_target-6.42_4	1010	1031	0.7316136756649052	0.03941384448049547	0.13447081286662887	0.32856069326438314	increase	FOXA2_HUMAN.H11MO.0.A
ISL1_chr5:51392398-51392614_Ledidi_run-3_target-6.42_4	1074	1090	0.39198607686735953	0.031044267384158657	0.07204715841437788	0.04049533765849955	increase	FOXA2_HUMAN.H11MO.0.A
ISL1_chr5:51392398-51392614_Ledidi_run-3_target-6.42_5	1011	1032	0.7239908208960758	0.03080440211150591	0.1314907858807629	0.32093783849555374	increase	FOXA2_HUMAN.H11MO.0.A
ISL1_chr5:51392398-51392614_Ledidi_run-3_target-6.42_5	1071	1087	0.4160879577447034	0.040328026075753344	0.07556964947657291	0.06459721853584344	increase	FOXA2_HUMAN.H11MO.0.A
ISL1_chr5:51392398-51392614_Ledidi_run-3_target-6.42_6	1010	1032	1.0338613186153764	0.03380105311733138	0.18862279458469172	0.6308083362148544	increase	FOXA2_HUMAN.H11MO.0.A
ISL1_chr5:51392398-51392614_Ledidi_run-3_target-6.42_6	1022	1039	0.718963066880278	0.03678719194327901	0.13117119330836496	0.718963066880278	addition	CEBPB_HUMAN.H11MO.0.A
ISL1_chr5:51392398-51392614_Ledidi_run-3_target-6.42_6	1072	1086	0.3275923662051541	0.04695064795138151	0.05976757857715721	-0.023898373003705897	decrease	FOXA2_HUMAN.H11MO.0.A
ISL1_chr5:51392398-51392614_Ledidi_run-3_target-6.42_7	1011	1032	0.6652111814408381	0.03622637481763158	0.12592965553110583	0.26215819904031606	increase	FOXA2_HUMAN.H11MO.0.A
ISL1_chr5:51392398-51392614_Ledidi_run-3_target-6.42_7	1071	1088	0.4408985923912978	0.02304859342677061	0.08346553607791926	0.08940785318243782	increase	FOXA2_HUMAN.H11MO.0.A
ISL1_chr5:51392398-51392614_Ledidi_run-3_target-6.42_8	1011	1032	0.705689773634538	0.02719396133312981	0.1279032673361459	0.30263679123401593	increase	FOXA2_HUMAN.H11MO.0.A
ISL1_chr5:51392398-51392614_Ledidi_run-3_target-6.42_8	1074	1089				-0.35149073920886	removal	FOXA2_HUMAN.H11MO.0.A
ISL1_chr5:51392398-51392614_Ledidi_run-3_target-6.42_9	1011	1032	0.8860635183103504	0.01769384179489903	0.16104285487809283	0.4830105359098283	increase	FOXA2_HUMAN.H11MO.0.A
ISL1_chr5:51392398-51392614_Ledidi_run-3_target-6.42_9	1071	1089	0.4289756139581631	0.045205730885551756	0.07796671019323949	0.0774848747493031	increase	FOXA2_HUMAN.H11MO.0.A
ISL1_chr5:51392398-51392614_Ledidi_run-3_target-7.64_1	941	956	0.35326612425663556	0.021976064048050057	0.054258797322162086	0.35326612425663556	addition	ELK1_HUMAN.H11MO.0.B
ISL1_chr5:51392398-51392614_Ledidi_run-3_target-7.64_1	999	1018	0.6388156604247567	0.02236806839201988	0.09811687865103565	0.23576267802423462	increase	FOXA2_HUMAN.H11MO.0.A
ISL1_chr5:51392398-51392614_Ledidi_run-3_target-7.64_1	1011	1032	0.8643633182576747	0.021117601510266027	0.13275916052450001	0.8643633182576747	addition	HNF6_HUMAN.H11MO.0.B
ISL1_chr5:51392398-51392614_Ledidi_run-3_target-7.64_1	1070	1089	0.5202939047341095	0.04157803279634765	0.07991290301137356	0.16880316552524954	increase	FOXA2_HUMAN.H11MO.0.A
ISL1_chr5:51392398-51392614_Ledidi_run-3_target-7.64_10	941	957	0.3457040455633131	0.024943831367036446	0.050038226575328734	0.3457040455633131	addition	ETV6_MOUSE.H11MO.0.C
ISL1_chr5:51392398-51392614_Ledidi_run-3_target-7.64_10	999	1018	0.6530106459560467	0.01657997113026903	0.0945186933094949	0.24995766355552468	increase	FOXA2_HUMAN.H11MO.0.A
ISL1_chr5:51392398-51392614_Ledidi_run-3_target-7.64_10	1010	1032	0.9689884317095128	0.019027824424729438	0.14025425307287334	0.9689884317095128	addition	HNF6_HUMAN.H11MO.0.B
ISL1_chr5:51392398-51392614_Ledidi_run-3_target-7.64_10	1070	1090	0.6305496211890373	0.03328329107543213	0.09126761811720344	0.27905888198017736	increase	FOXA2_HUMAN.H11MO.0.A
ISL1_chr5:51392398-51392614_Ledidi_run-3_target-7.64_2	941	957	0.3531480052801939	0.01760243271025676	0.05282974396923128	0.3531480052801939	addition	ETV6_MOUSE.H11MO.0.C
ISL1_chr5:51392398-51392614_Ledidi_run-3_target-7.64_2	1001	1018	0.5101589258648135	0.03009516326587541	0.0763180452220657	0.10710594346429142	increase	FOXA2_HUMAN.H11MO.0.A
ISL1_chr5:51392398-51392614_Ledidi_run-3_target-7.64_2	1011	1032	0.9862054200419912	0.01094352402842608	0.14753298634817075	0.9862054200419912	addition	HNF6_HUMAN.H11MO.0.B
ISL1_chr5:51392398-51392614_Ledidi_run-3_target-7.64_2	1070	1089	0.5760791679984005	0.03793350801322296	0.08617948989182682	0.22458842878954055	increase	FOXA2_HUMAN.H11MO.0.A
ISL1_chr5:51392398-51392614_Ledidi_run-3_target-7.64_3	941	957	0.3774407853436662	0.02054751045858569	0.055121480488322425	0.3774407853436662	addition	ETV6_MOUSE.H11MO.0.C
ISL1_chr5:51392398-51392614_Ledidi_run-3_target-7.64_3	999	1018	0.6469160730507045	0.04949901644459642	0.09447567163622363	0.24386309065018247	increase	FOXA2_HUMAN.H11MO.0.A
ISL1_chr5:51392398-51392614_Ledidi_run-3_target-7.64_3	1009	1032	1.0798241764060683	0.027622706940374598	0.15769760339066324	1.0798241764060683	addition	HNF6_HUMAN.H11MO.0.B
ISL1_chr5:51392398-51392614_Ledidi_run-3_target-7.64_3	1070	1089	0.5838725515021013	0.03678719194327901	0.08526879103959606	0.23238181229324129	increase	FOXA2_HUMAN.H11MO.0.A
ISL1_chr5:51392398-51392614_Ledidi_run-3_target-7.64_4	941	957	0.3720947106505027	0.022151565562005048	0.05657957249720922	0.3720947106505027	addition	ETV6_MOUSE.H11MO.0.C
ISL1_chr5:51392398-51392614_Ledidi_run-3_target-7.64_4	1001	1016	0.5259368305954315	0.027622706940374598	0.07997233011886797	0.5259368305954315	addition	MAFB_HUMAN.H11MO.0.B
ISL1_chr5:51392398-51392614_Ledidi_run-3_target-7.64_4	1009	1032	1.022776956108634	0.0498733870590643	0.15552030512730763	1.022776956108634	addition	HNF6_HUMAN.H11MO.0.B
ISL1_chr5:51392398-51392614_Ledidi_run-3_target-7.64_4	1013	1031				-0.40305298240052206	removal	FOXA2_HUMAN.H11MO.0.A
ISL1_chr5:51392398-51392614_Ledidi_run-3_target-7.64_4	1028	1042	0.4328544687156728	0.03567363531992702	0.065818513653753	0.4328544687156728	addition	NFYB_HUMAN.H11MO.0.A
ISL1_chr5:51392398-51392614_Ledidi_run-3_target-7.64_4	1071	1090	0.5346461545162637	0.02872214971742666	0.08129664301576171	0.18315541530740376	increase	FOXA2_HUMAN.H11MO.0.A
ISL1_chr5:51392398-51392614_Ledidi_run-3_target-7.64_5	941	956	0.3719998243786399	0.025246739956696088	0.05483572459337752	0.3719998243786399	addition	ELK1_HUMAN.H11MO.0.B
ISL1_chr5:51392398-51392614_Ledidi_run-3_target-7.64_5	999	1021	0.8895667196411163	0.028888249839704776	0.13112918998591727	0.48651373724059427	increase	FOXA2_HUMAN.H11MO.0.A
ISL1_chr5:51392398-51392614_Ledidi_run-3_target-7.64_5	1011	1032	0.9506884377259539	0.012311677030444858	0.140139016012509	0.9506884377259539	addition	HNF6_HUMAN.H11MO.0.B
ISL1_chr5:51392398-51392614_Ledidi_run-3_target-7.64_5	1025	1042	0.43564018083794265	0.0498733870590643	0.06421681789269759	0.43564018083794265	addition	NFYB_HUMAN.H11MO.0.A
ISL1_chr5:51392398-51392614_Ledidi_run-3_target-7.64_5	1071	1089	0.5618012558410932	0.012944937962181048	0.08281396098230182	0.2103105166322332	increase	FOXA2_HUMAN.H11MO.0.A
ISL1_chr5:51392398-51392614_Ledidi_run-3_target-7.64_6	985	1002	0.41538621700988765	0.04695064795138151	0.060420402066679764	0.41538621700988765	addition	ETV6_MOUSE.H11MO.0.C
ISL1_chr5:51392398-51392614_Ledidi_run-3_target-7.64_6	999	1016	0.6200853599246998	0.049127257957482524	0.09019511295296632	0.6200853599246998	addition	MAFB_HUMAN.H11MO.0.B
ISL1_chr5:51392398-51392614_Ledidi_run-3_target-7.64_6	1006	1032	1.2166787357158118	0.04452485662729606	0.17697317673922508	1.2166787357158118	addition	MAFB_HUMAN.H11MO.0.B
ISL1_chr5:51392398-51392614_Ledidi_run-3_target-7.64_6	1013	1031				-0.40305298240052206	removal	FOXA2_HUMAN.H11MO.0.A
ISL1_chr5:51392398-51392614_Ledidi_run-3_target-7.64_6	1028	1045	0.42513088297802337	0.049127257957482524	0.06183782183577681	0.42513088297802337	addition	NFYB_HUMAN.H11MO.0.A
ISL1_chr5:51392398-51392614_Ledidi_run-3_target-7.64_6	1071	1090	0.5787978305560069	0.03380105311733138	0.08418959562320645	0.22730709134714688	increase	FOXA2_HUMAN.H11MO.0.A
ISL1_chr5:51392398-51392614_Ledidi_run-3_target-7.64_7	941	956	0.3414991213202487	0.038815285523608536	0.05186143636945658	0.3414991213202487	addition	ELK1_HUMAN.H11MO.0.B
ISL1_chr5:51392398-51392614_Ledidi_run-3_target-7.64_7	999	1018	0.6356882561902916	0.04221661594611272	0.09653818704355432	0.2326352737897695	increase	FOXA2_HUMAN.H11MO.0.A
ISL1_chr5:51392398-51392614_Ledidi_run-3_target-7.64_7	1010	1032	0.8774084704065304	0.03459194355839432	0.133246795429785	0.8774084704065304	addition	HNF6_HUMAN.H11MO.0.B
ISL1_chr5:51392398-51392614_Ledidi_run-3_target-7.64_7	1030	1045	0.4167918653728373	0.04695064795138151	0.06329569669688886	0.4167918653728373	addition	NFYB_HUMAN.H11MO.0.A
ISL1_chr5:51392398-51392614_Ledidi_run-3_target-7.64_7	1053	1067	0.26550292482947624	0.04286440117339201	0.04032034691250628	0.26550292482947624	addition	SP2_HUMAN.H11MO.0.A
ISL1_chr5:51392398-51392614_Ledidi_run-3_target-7.64_7	1071	1089	0.48894158945746824	0.02436070752121386	0.07425264531281221	0.13745085024860826	increase	FOXA2_HUMAN.H11MO.0.A
ISL1_chr5:51392398-51392614_Ledidi_run-3_target-7.64_8	999	1018	0.6089663834597019	0.04839151109639871	0.0905836002551286	0.20591340105917982	increase	FOXA2_HUMAN.H11MO.0.A
ISL1_chr5:51392398-51392614_Ledidi_run-3_target-7.64_8	1010	1032	1.018074634180835	0.026148895682375883	0.1514383522594326	1.018074634180835	addition	HNF6_HUMAN.H11MO.0.B
ISL1_chr5:51392398-51392614_Ledidi_run-3_target-7.64_8	1026	1040	0.36449365210178986	0.040948540118391635	0.05421834139668129	0.36449365210178986	addition	NFYB_HUMAN.H11MO.0.A
ISL1_chr5:51392398-51392614_Ledidi_run-3_target-7.64_8	1071	1090	0.5097584151884078	0.022685843285046595	0.07582643929501943	0.15826767597954783	increase	FOXA2_HUMAN.H11MO.0.A
ISL1_chr5:51392398-51392614_Ledidi_run-3_target-7.64_9	941	957	0.35201914867342654	0.03851923235268358	0.05342898846905897	0.35201914867342654	addition	ETV6_MOUSE.H11MO.0.C
ISL1_chr5:51392398-51392614_Ledidi_run-3_target-7.64_9	1000	1018	0.6009835208905709	0.03056627161134241	0.09121646287925561	0.19793053849004888	increase	FOXA2_HUMAN.H11MO.0.A
ISL1_chr5:51392398-51392614_Ledidi_run-3_target-7.64_9	1010	1032	0.8701917123714642	0.041896181077629685	0.13207651669340956	0.8701917123714642	addition	HNF6_HUMAN.H11MO.0.B
ISL1_chr5:51392398-51392614_Ledidi_run-3_target-7.64_9	1028	1042	0.37476177533789734	0.03941384448049547	0.05688083346780761	0.37476177533789734	addition	NFYB_HUMAN.H11MO.0.A
ISL1_chr5:51392398-51392614_Ledidi_run-3_target-7.64_9	1070	1090	0.5591583465791463	0.04695064795138151	0.08486829470595368	0.20766760737028633	increase	FOXA2_HUMAN.H11MO.0.A
ISL1_chr5:51392398-51392614_Ledidi_run-4_target-10.88_1	985	1000	0.4560321756037235	0.04839151109639871	0.04832418944576816	0.4560321756037235	addition	HNF6_HUMAN.H11MO.0.B
ISL1_chr5:51392398-51392614_Ledidi_run-4_target-10.88_1	1001	1016	0.39525855632867624	0.04589631419228254	0.041884214267998286	0.39525855632867624	addition	ETV6_MOUSE.H11MO.0.C
ISL1_chr5:51392398-51392614_Ledidi_run-4_target-10.88_1	1009	1033	1.4167265358583365	0.022506446489954136	0.150125726153052	1.0136735534578145	increase	FOXA2_HUMAN.H11MO.0.A
ISL1_chr5:51392398-51392614_Ledidi_run-4_target-10.88_1	1023	1047	1.4861898209440676	0.02379017014912958	0.15748651586830484	1.4861898209440676	addition	MEOX2_MA0706.1
ISL1_chr5:51392398-51392614_Ledidi_run-4_target-10.88_1	1042	1060	0.6167047374648651	0.015151753311056958	0.06535011817072217	0.6167047374648651	addition	TAL1_HUMAN.H11MO.0.A
ISL1_chr5:51392398-51392614_Ledidi_run-4_target-10.88_1	1053	1067	0.4021359195351395	0.02436070752121386	0.042612985219382386	0.4021359195351395	addition	SP2_HUMAN.H11MO.0.A
ISL1_chr5:51392398-51392614_Ledidi_run-4_target-10.88_1	1070	1102	1.799009794962637	0.018875204103307865	0.19063499199694883	1.799009794962637	addition	RFX6_MOUSE.H11MO.0.C
ISL1_chr5:51392398-51392614_Ledidi_run-4_target-10.88_1	1074	1089				-0.35149073920886	removal	FOXA2_HUMAN.H11MO.0.A
ISL1_chr5:51392398-51392614_Ledidi_run-4_target-10.88_10	984	1001	0.5161702901940443	0.027622706940374598	0.05097349813836374	0.5161702901940443	addition	HNF6_HUMAN.H11MO.0.B
ISL1_chr5:51392398-51392614_Ledidi_run-4_target-10.88_10	997	1017	0.8548565056726345	0.006135779144938373	0.08441986555268607	0.45180352327211243	increase	FOXA2_HUMAN.H11MO.0.A
ISL1_chr5:51392398-51392614_Ledidi_run-4_target-10.88_10	1012	1047	2.257062023401465	0.0002294803978881326	0.22289222962595373	2.257062023401465	addition	MEOX2_MA0706.1
ISL1_chr5:51392398-51392614_Ledidi_run-4_target-10.88_10	1053	1068	0.4334652899573799	0.030204899467385925	0.04280610986421075	0.4334652899573799	addition	SP2_HUMAN.H11MO.0.A
ISL1_chr5:51392398-51392614_Ledidi_run-4_target-10.88_10	1059	1079	0.8637060954427547	0.03152925435595684	0.0852937913795734	0.8637060954427547	addition	SP2_HUMAN.H11MO.0.A
ISL1_chr5:51392398-51392614_Ledidi_run-4_target-10.88_10	1070	1103	2.199952437974029	0.008920659983371477	0.2172524719688949	2.199952437974029	addition	RFX6_MOUSE.H11MO.0.C
ISL1_chr5:51392398-51392614_Ledidi_run-4_target-10.88_10	1074	1089				-0.35149073920886	removal	FOXA2_HUMAN.H11MO.0.A
ISL1_chr5:51392398-51392614_Ledidi_run-4_target-10.88_2	985	999	0.4445629971205596	0.03432639554286543	0.044781748230907976	0.4445629971205596	addition	HNF6_HUMAN.H11MO.0.B
ISL1_chr5:51392398-51392614_Ledidi_run-4_target-10.88_2	996	1017	0.9145323889414643	0.03277300059380061	0.09212273503609024	0.5114794065409423	increase	FOXA2_HUMAN.H11MO.0.A
ISL1_chr5:51392398-51392614_Ledidi_run-4_target-10.88_2	1007	1022	1.1485313680154872	0.03056627161134241	0.11569393514733266	1.1485313680154872	addition	JUN+JUNB_MA1133.1
ISL1_chr5:51392398-51392614_Ledidi_run-4_target-10.88_2	1012	1047	2.5197013929066614	1.6549161705862053e-05	0.25381472170436725	2.5197013929066614	addition	MEOX2_MA0706.1
ISL1_chr5:51392398-51392614_Ledidi_run-4_target-10.88_2	1038	1052	0.5408783301180087	0.04839151109639871	0.05448379050839009	0.5408783301180087	addition	TAL1_HUMAN.H11MO.0.A
ISL1_chr5:51392398-51392614_Ledidi_run-4_target-10.88_2	1043	1057	0.40735492505967796	0.04385357714891144	0.04103370233869437	0.40735492505967796	addition	HNF1B_MA0153.2
ISL1_chr5:51392398-51392614_Ledidi_run-4_target-10.88_2	1053	1068	0.3685950535339675	0.04575919742798208	0.03712934048363877	0.3685950535339675	addition	SP2_HUMAN.H11MO.0.A
ISL1_chr5:51392398-51392614_Ledidi_run-4_target-10.88_2	1060	1075	0.5198591304886522	0.03650576667085745	0.05236648314832257	0.5198591304886522	addition	SP2_HUMAN.H11MO.0.A
ISL1_chr5:51392398-51392614_Ledidi_run-4_target-10.88_2	1066	1080	0.6610031465076203	0.048758094963275454	0.06658421118821742	0.3095124072987603	increase	FOXA2_HUMAN.H11MO.0.A
ISL1_chr5:51392398-51392614_Ledidi_run-4_target-10.88_2	1070	1102	1.9614109020519432	0.018723703125906946	0.1975769683081123	1.9614109020519432	addition	RFX6_MOUSE.H11MO.0.C
ISL1_chr5:51392398-51392614_Ledidi_run-4_target-10.88_3	986	1000	0.3879360336790004	0.04452485662729606	0.0399840290223014	0.3879360336790004	addition	HNF6_HUMAN.H11MO.0.B
ISL1_chr5:51392398-51392614_Ledidi_run-4_target-10.88_3	1001	1015	0.43346382330105926	0.0498733870590643	0.0446765151631375	0.43346382330105926	addition	ETV6_MOUSE.H11MO.0.C
ISL1_chr5:51392398-51392614_Ledidi_run-4_target-10.88_3	1005	1022	1.1656669467509126	0.04414605486833611	0.120143675716889	1.1656669467509126	addition	ETV6_MOUSE.H11MO.0.C
ISL1_chr5:51392398-51392614_Ledidi_run-4_target-10.88_3	1012	1047	2.559624702728697	2.5899260205479053e-06	0.2638169685592779	2.559624702728697	addition	MEOX2_MA0706.1
ISL1_chr5:51392398-51392614_Ledidi_run-4_target-10.88_3	1013	1031				-0.40305298240052206	removal	FOXA2_HUMAN.H11MO.0.A
ISL1_chr5:51392398-51392614_Ledidi_run-4_target-10.88_3	1038	1052	0.43941810840161954	0.03152925435595684	0.04529021507136736	0.43941810840161954	addition	ARNTL_bHLH_1
ISL1_chr5:51392398-51392614_Ledidi_run-4_target-10.88_3	1053	1067	0.36866860062714624	0.029862159864615646	0.03799816141669493	0.36866860062714624	addition	SP2_HUMAN.H11MO.0.A
ISL1_chr5:51392398-51392614_Ledidi_run-4_target-10.88_3	1059	1074	0.595928125367108	0.04063716777415878	0.06142148548025932	0.595928125367108	addition	SP2_HUMAN.H11MO.0.A
ISL1_chr5:51392398-51392614_Ledidi_run-4_target-10.88_3	1064	1080	0.7795216892241017	0.025339702321310897	0.08034421950924094	0.7795216892241017	addition	TYY1_HUMAN.H11MO.0.A
ISL1_chr5:51392398-51392614_Ledidi_run-4_target-10.88_3	1070	1103	2.226493839429608	0.0071854615245605545	0.2294816324471478	2.226493839429608	addition	RFX6_MOUSE.H11MO.0.C
ISL1_chr5:51392398-51392614_Ledidi_run-4_target-10.88_3	1074	1089				-0.35149073920886	removal	FOXA2_HUMAN.H11MO.0.A
ISL1_chr5:51392398-51392614_Ledidi_run-4_target-10.88_4	980	994	0.4886016179841946	0.04221661594611272	0.0481816021204997	0.4886016179841946	addition	HNF6_HUMAN.H11MO.0.B
ISL1_chr5:51392398-51392614_Ledidi_run-4_target-10.88_4	986	1000	0.3939793435736625	0.049127257957482524	0.038850784109306626	0.3939793435736625	addition	HNF6_HUMAN.H11MO.0.B
ISL1_chr5:51392398-51392614_Ledidi_run-4_target-10.88_4	998	1033	2.461303796510359	0.0006685879949842233	0.24271217256790506	2.058250814109837	increase	FOXA2_HUMAN.H11MO.0.A
ISL1_chr5:51392398-51392614_Ledidi_run-4_target-10.88_4	1023	1047	1.5672098446959084	0.00876876938813353	0.15454447631180587	1.5672098446959084	addition	MEOX2_MA0706.1
ISL1_chr5:51392398-51392614_Ledidi_run-4_target-10.88_4	1044	1059	0.3814523941360157	0.03822531123050392	0.037615486330149786	0.3814523941360157	addition	HNF1B_MA0153.2
ISL1_chr5:51392398-51392614_Ledidi_run-4_target-10.88_4	1064	1080	0.7322568313333635	0.028946858544220307	0.07220874020614329	0.7322568313333635	addition	TYY1_HUMAN.H11MO.0.A
ISL1_chr5:51392398-51392614_Ledidi_run-4_target-10.88_4	1070	1102	2.0600131071976735	0.011608988144207287	0.20314040772829228	2.0600131071976735	addition	RFX6_MOUSE.H11MO.0.C
ISL1_chr5:51392398-51392614_Ledidi_run-4_target-10.88_4	1074	1089				-0.35149073920886	removal	FOXA2_HUMAN.H11MO.0.A
ISL1_chr5:51392398-51392614_Ledidi_run-4_target-10.88_5	985	1000	0.4570750757425981	0.03009516326587541	0.04616029295212175	0.4570750757425981	addition	HNF6_HUMAN.H11MO.0.B
ISL1_chr5:51392398-51392614_Ledidi_run-4_target-10.88_5	997	1016	0.746719794325786	0.007838232648483491	0.07541169118273579	0.746719794325786	addition	FOXA2_HUMAN.H11MO.0.A
ISL1_chr5:51392398-51392614_Ledidi_run-4_target-10.88_5	1010	1032	1.6335978868873848	0.004739817942324022	0.16497805508685054	1.2305449044868628	increase	FOXA2_HUMAN.H11MO.0.A
ISL1_chr5:51392398-51392614_Ledidi_run-4_target-10.88_5	1022	1047	1.555753081797023	0.04221661594611272	0.1571164603544449	1.555753081797023	addition	MEOX2_MA0706.1
ISL1_chr5:51392398-51392614_Ledidi_run-4_target-10.88_5	1042	1058	0.4441189819116116	0.02719396133312981	0.04485184906950167	0.4441189819116116	addition	TAL1_HUMAN.H11MO.0.A
ISL1_chr5:51392398-51392614_Ledidi_run-4_target-10.88_5	1053	1068	0.47653670576991214	0.026411032943306753	0.04812573493542634	0.47653670576991214	addition	SP2_HUMAN.H11MO.0.A
ISL1_chr5:51392398-51392614_Ledidi_run-4_target-10.88_5	1059	1073	0.5883122711070943	0.03177440233200031	0.05941401800899077	0.5883122711070943	addition	SP2_HUMAN.H11MO.0.A
ISL1_chr5:51392398-51392614_Ledidi_run-4_target-10.88_5	1063	1080	0.7492188897742871	0.048758094963275454	0.07566407636875958	0.7492188897742871	addition	TYY1_HUMAN.H11MO.0.A
ISL1_chr5:51392398-51392614_Ledidi_run-4_target-10.88_5	1070	1103	2.025876480670389	0.03380105311733138	0.20459451148288293	2.025876480670389	addition	RFX6_MOUSE.H11MO.0.C
ISL1_chr5:51392398-51392614_Ledidi_run-4_target-10.88_5	1074	1089				-0.35149073920886	removal	FOXA2_HUMAN.H11MO.0.A
ISL1_chr5:51392398-51392614_Ledidi_run-4_target-10.88_6	1010	1032	1.3083512400394657	0.0026469247613959248	0.13867202732596154	0.9052982576389437	increase	FOXA2_HUMAN.H11MO.0.A
ISL1_chr5:51392398-51392614_Ledidi_run-4_target-10.88_6	1024	1047	0.9856861876219667	0.022328356818105913	0.1044727881639896	0.9856861876219667	addition	MEOX2_MA0706.1
ISL1_chr5:51392398-51392614_Ledidi_run-4_target-10.88_6	1043	1061	0.7339506906413638	0.03822531123050392	0.07779136604437921	0.7339506906413638	addition	RFX6_MOUSE.H11MO.0.C
ISL1_chr5:51392398-51392614_Ledidi_run-4_target-10.88_6	1052	1068	0.636634144257799	0.018723703125906946	0.0674767942639735	0.636634144257799	addition	SP2_HUMAN.H11MO.0.A
ISL1_chr5:51392398-51392614_Ledidi_run-4_target-10.88_6	1059	1075	0.6795453852090247	0.027622706940374598	0.07202495273677	0.6795453852090247	addition	SP2_HUMAN.H11MO.0.A
ISL1_chr5:51392398-51392614_Ledidi_run-4_target-10.88_6	1065	1080	0.7617625813752675	0.028888249839704776	0.08073914577952299	0.7617625813752675	addition	TYY1_HUMAN.H11MO.0.A
ISL1_chr5:51392398-51392614_Ledidi_run-4_target-10.88_6	1070	1104	2.378640399268435	0.009471636751927517	0.25211187665174584	2.378640399268435	addition	RFX6_MOUSE.H11MO.0.C
ISL1_chr5:51392398-51392614_Ledidi_run-4_target-10.88_6	1074	1089				-0.35149073920886	removal	FOXA2_HUMAN.H11MO.0.A
ISL1_chr5:51392398-51392614_Ledidi_run-4_target-10.88_7	983	997	0.42026779440258333	0.045205730885551756	0.04450612075850672	0.42026779440258333	addition	HNF6_HUMAN.H11MO.0.B
ISL1_chr5:51392398-51392614_Ledidi_run-4_target-10.88_7	1001	1016	0.49413488643232273	0.03793350801322296	0.05232860385557247	0.49413488643232273	addition	ETV6_MOUSE.H11MO.0.C
ISL1_chr5:51392398-51392614_Ledidi_run-4_target-10.88_7	1010	1032	1.3852070131489755	0.0048690775908961734	0.1466926360378752	0.9821540307484535	increase	FOXA2_HUMAN.H11MO.0.A
ISL1_chr5:51392398-51392614_Ledidi_run-4_target-10.88_7	1023	1047	1.2218156937851194	0.02436070752121386	0.12938958810664683	1.2218156937851194	addition	MEOX2_MA0706.1
ISL1_chr5:51392398-51392614_Ledidi_run-4_target-10.88_7	1038	1052	0.5391125853438123	0.045205730885551756	0.05709171662760887	0.5391125853438123	addition	TAL1_HUMAN.H11MO.0.A
ISL1_chr5:51392398-51392614_Ledidi_run-4_target-10.88_7	1042	1059	0.506635362224169	0.04157803279634765	0.05365239714294905	0.506635362224169	addition	TAL1_HUMAN.H11MO.0.A
ISL1_chr5:51392398-51392614_Ledidi_run-4_target-10.88_7	1070	1103	2.177557805492329	0.00980044781104384	0.23060213497357332	2.177557805492329	addition	RFX6_MOUSE.H11MO.0.C
ISL1_chr5:51392398-51392614_Ledidi_run-4_target-10.88_7	1074	1089				-0.35149073920886	removal	FOXA2_HUMAN.H11MO.0.A
ISL1_chr5:51392398-51392614_Ledidi_run-4_target-10.88_8	976	990	0.3856559664450861	0.049127257957482524	0.04003908407574401	0.3856559664450861	addition	RFX6_MOUSE.H11MO.0.C
ISL1_chr5:51392398-51392614_Ledidi_run-4_target-10.88_8	985	1000	0.49161741908589995	0.028946858544220307	0.05104007947115071	0.49161741908589995	addition	HNF6_HUMAN.H11MO.0.B
ISL1_chr5:51392398-51392614_Ledidi_run-4_target-10.88_8	999	1016	0.6406260778223816	0.03941384448049547	0.06651026724021085	0.6406260778223816	addition	ETV6_MOUSE.H11MO.0.C
ISL1_chr5:51392398-51392614_Ledidi_run-4_target-10.88_8	1006	1020	0.9050823803191286	0.021117601510266027	0.09396631369433815	0.9050823803191286	addition	ETV6_MOUSE.H11MO.0.C
ISL1_chr5:51392398-51392614_Ledidi_run-4_target-10.88_8	1010	1032	1.7224484217716802	0.002002067893157552	0.17882585302947443	1.3193954393711582	increase	FOXA2_HUMAN.H11MO.0.A
ISL1_chr5:51392398-51392614_Ledidi_run-4_target-10.88_8	1022	1047	1.5884153830226335	0.03152925435595684	0.16491044506400557	1.5884153830226335	addition	MEOX2_MA0706.1
ISL1_chr5:51392398-51392614_Ledidi_run-4_target-10.88_8	1042	1060	0.6717206210867124	0.010669284683339778	0.06973852542984442	0.6717206210867124	addition	TAL1_HUMAN.H11MO.0.A
ISL1_chr5:51392398-51392614_Ledidi_run-4_target-10.88_8	1052	1068	0.48608222948254376	0.04695064795138151	0.05046541204425504	0.48608222948254376	addition	SP2_HUMAN.H11MO.0.A
ISL1_chr5:51392398-51392614_Ledidi_run-4_target-10.88_8	1059	1075	0.5940791390173734	0.0448640872989144	0.061677730060865514	0.5940791390173734	addition	SP2_HUMAN.H11MO.0.A
ISL1_chr5:51392398-51392614_Ledidi_run-4_target-10.88_8	1065	1079	0.5924162345215578	0.03512886189237361	0.06150508610171293	0.5924162345215578	addition	TYY1_HUMAN.H11MO.0.A
ISL1_chr5:51392398-51392614_Ledidi_run-4_target-10.88_8	1070	1099	1.5391503349114313	0.021457211786353493	0.15979571179149216	1.5391503349114313	addition	RFX6_MOUSE.H11MO.0.C
ISL1_chr5:51392398-51392614_Ledidi_run-4_target-10.88_8	1074	1089				-0.35149073920886	removal	FOXA2_HUMAN.H11MO.0.A
ISL1_chr5:51392398-51392614_Ledidi_run-4_target-10.88_9	980	994	0.47192035785927294	0.037643808588512954	0.04821179287663486	0.47192035785927294	addition	HNF6_HUMAN.H11MO.0.B
ISL1_chr5:51392398-51392614_Ledidi_run-4_target-10.88_9	985	1000	0.5050933376646315	0.019808011404068904	0.05160077325190754	0.5050933376646315	addition	HNF6_HUMAN.H11MO.0.B
ISL1_chr5:51392398-51392614_Ledidi_run-4_target-10.88_9	1000	1015	0.3896249827788134	0.048027490240037725	0.03980442601481527	0.3896249827788134	addition	ETV6_MOUSE.H11MO.0.C
ISL1_chr5:51392398-51392614_Ledidi_run-4_target-10.88_9	1007	1034	2.0916907259718895	0.04352150009819771	0.21368893789618323	1.6886377435713675	increase	FOXA2_HUMAN.H11MO.0.A
ISL1_chr5:51392398-51392614_Ledidi_run-4_target-10.88_9	1024	1047	1.3233109912255112	0.00737580781243537	0.13519059806986264	1.3233109912255112	addition	MEOX2_MA0706.1
ISL1_chr5:51392398-51392614_Ledidi_run-4_target-10.88_9	1038	1052	0.5055559308471986	0.03941384448049547	0.0516480321724704	0.5055559308471986	addition	TAL1_HUMAN.H11MO.0.A
ISL1_chr5:51392398-51392614_Ledidi_run-4_target-10.88_9	1059	1074	0.5604983929488592	0.0431917794291362	0.05726100173155756	0.5604983929488592	addition	SP2_HUMAN.H11MO.0.A
ISL1_chr5:51392398-51392614_Ledidi_run-4_target-10.88_9	1064	1080	0.7785915631757963	0.04157803279634765	0.07954158907151979	0.7785915631757963	addition	TYY1_HUMAN.H11MO.0.A
ISL1_chr5:51392398-51392614_Ledidi_run-4_target-10.88_9	1070	1102	2.129033028955824	0.010579295409016252	0.21750385994185362	2.129033028955824	addition	RFX6_MOUSE.H11MO.0.C
ISL1_chr5:51392398-51392614_Ledidi_run-4_target-10.88_9	1074	1089				-0.35149073920886	removal	FOXA2_HUMAN.H11MO.0.A
ISL1_chr5:51392398-51392614_Ledidi_run-4_target-5.87_1	1012	1032	0.5651563453686095	0.03540025979293725	0.10172905373202377	0.16210336296808742	increase	FOXA2_HUMAN.H11MO.0.A
ISL1_chr5:51392398-51392614_Ledidi_run-4_target-5.87_1	1071	1089	0.5184758120118134	0.02379017014912958	0.0933264824347029	0.16698507280295338	increase	FOXA2_HUMAN.H11MO.0.A
ISL1_chr5:51392398-51392614_Ledidi_run-4_target-5.87_10	1012	1031	0.5383009123232212	0.04659672254190507	0.10091247397806315	0.13524792992269913	increase	FOXA2_HUMAN.H11MO.0.A
ISL1_chr5:51392398-51392614_Ledidi_run-4_target-5.87_10	1070	1089	0.5512132366451434	0.03128588042916564	0.10333308030122297	0.19972249743628345	increase	FOXA2_HUMAN.H11MO.0.A
ISL1_chr5:51392398-51392614_Ledidi_run-4_target-5.87_2	1012	1031	0.472344606083782	0.041896181077629685	0.08842973490217292	0.06929162368325992	increase	FOXA2_HUMAN.H11MO.0.A
ISL1_chr5:51392398-51392614_Ledidi_run-4_target-5.87_2	1074	1089	0.3446075585388524	0.04949901644459642	0.06451551400053569	-0.006883180670007594	decrease	FOXA2_HUMAN.H11MO.0.A
ISL1_chr5:51392398-51392614_Ledidi_run-4_target-5.87_3	1011	1031	0.5582507125232579	0.03793350801322296	0.09808507266040649	0.1551977301227358	increase	FOXA2_HUMAN.H11MO.0.A
ISL1_chr5:51392398-51392614_Ledidi_run-4_target-5.87_3	1071	1090	0.5835664047154225	0.021628895742405483	0.10253305893684765	0.23207566550656256	increase	FOXA2_HUMAN.H11MO.0.A
ISL1_chr5:51392398-51392614_Ledidi_run-4_target-5.87_4	1012	1030	0.4558470495904112	0.03941384448049547	0.08223579094428819	0.05279406718988916	increase	FOXA2_HUMAN.H11MO.0.A
ISL1_chr5:51392398-51392614_Ledidi_run-4_target-5.87_4	1071	1089	0.544439915003277	0.014183944016136011	0.09821813494715952	0.19294917579441706	increase	FOXA2_HUMAN.H11MO.0.A
ISL1_chr5:51392398-51392614_Ledidi_run-4_target-5.87_5	1011	1031	0.547486984746682	0.048758094963275454	0.09670470986129184	0.14443400234615994	increase	FOXA2_HUMAN.H11MO.0.A
ISL1_chr5:51392398-51392614_Ledidi_run-4_target-5.87_5	1070	1089	0.5867502902224571	0.04452485662729606	0.10363993694433732	0.23525955101359708	increase	FOXA2_HUMAN.H11MO.0.A
ISL1_chr5:51392398-51392614_Ledidi_run-4_target-5.87_6	1013	1030	0.39390835063700036	0.025339702321310897	0.08135167805425261	-0.009144631763521704	decrease	FOXA2_HUMAN.H11MO.0.A
ISL1_chr5:51392398-51392614_Ledidi_run-4_target-5.87_6	1074	1089	0.36557131709051216	0.048758094963275454	0.07549938975836207	0.014080577881652179	increase	FOXA2_HUMAN.H11MO.0.A
ISL1_chr5:51392398-51392614_Ledidi_run-4_target-5.87_7	1012	1031	0.594943592649763	0.041262157128128175	0.1106630803704782	0.19189061024924098	increase	FOXA2_HUMAN.H11MO.0.A
ISL1_chr5:51392398-51392614_Ledidi_run-4_target-5.87_7	1071	1088	0.44832206229361726	0.030329862935364073	0.08339059538483604	0.09683132308475728	increase	FOXA2_HUMAN.H11MO.0.A
ISL1_chr5:51392398-51392614_Ledidi_run-4_target-5.87_8	1012	1031	0.5315982810756383	0.04730707420613627	0.09853107914584011	0.12854529867511627	increase	FOXA2_HUMAN.H11MO.0.A
ISL1_chr5:51392398-51392614_Ledidi_run-4_target-5.87_8	1071	1090	0.5329447042340021	0.021697131464278374	0.09878063700090332	0.1814539650251421	increase	FOXA2_HUMAN.H11MO.0.A
ISL1_chr5:51392398-51392614_Ledidi_run-4_target-5.87_9	1012	1031	0.5591688573860146	0.03277300059380061	0.10158263230845604	0.15611587498549256	increase	FOXA2_HUMAN.H11MO.0.A
ISL1_chr5:51392398-51392614_Ledidi_run-4_target-5.87_9	1071	1089	0.46461889072531637	0.02940119156421724	0.08440600601533604	0.11312815151645639	increase	FOXA2_HUMAN.H11MO.0.A
ISL1_chr5:51392398-51392614_Ledidi_run-4_target-6.42_1	1012	1031	0.5452449923151372	0.0498733870590643	0.09179578574768502	0.14219200991461517	increase	FOXA2_HUMAN.H11MO.0.A
ISL1_chr5:51392398-51392614_Ledidi_run-4_target-6.42_1	1071	1089	0.5338947886755814	0.018875204103307865	0.0898849000427741	0.1824040494667214	increase	FOXA2_HUMAN.H11MO.0.A
ISL1_chr5:51392398-51392614_Ledidi_run-4_target-6.42_10	1011	1032	0.6703143252226077	0.023602743782745655	0.11184629941138499	0.26726134282208563	increase	FOXA2_HUMAN.H11MO.0.A
ISL1_chr5:51392398-51392614_Ledidi_run-4_target-6.42_10	1070	1089	0.5887481203435678	0.02677138457031075	0.09823644828710563	0.23725738113470785	increase	FOXA2_HUMAN.H11MO.0.A
ISL1_chr5:51392398-51392614_Ledidi_run-4_target-6.42_2	1011	1032	0.6730683061874807	0.03512886189237361	0.11477086037379398	0.27001532378695864	increase	FOXA2_HUMAN.H11MO.0.A
ISL1_chr5:51392398-51392614_Ledidi_run-4_target-6.42_2	1071	1090	0.6405557991513782	0.025944390463049208	0.1092268637672993	0.2890650599425182	increase	FOXA2_HUMAN.H11MO.0.A
ISL1_chr5:51392398-51392614_Ledidi_run-4_target-6.42_3	1011	1032	0.6665648530415285	0.029173201786239084	0.11147304710430019	0.2635118706410064	increase	FOXA2_HUMAN.H11MO.0.A
ISL1_chr5:51392398-51392614_Ledidi_run-4_target-6.42_3	1071	1090	0.637687845747462	0.018723703125906946	0.10664379758771617	0.286197106538602	increase	FOXA2_HUMAN.H11MO.0.A
ISL1_chr5:51392398-51392614_Ledidi_run-4_target-6.42_4	1011	1031	0.683018563793617	0.030329862935364073	0.11894145207013657	0.27996558139309496	increase	FOXA2_HUMAN.H11MO.0.A
ISL1_chr5:51392398-51392614_Ledidi_run-4_target-6.42_4	1072	1086	0.32519825491691634	0.04624528289440415	0.05663030948333051	-0.02629248429194364	decrease	FOXA2_HUMAN.H11MO.0.A
ISL1_chr5:51392398-51392614_Ledidi_run-4_target-6.42_5	1011	1032	0.7052600277876876	0.028277587506706697	0.12479917545924847	0.30220704538716553	increase	FOXA2_HUMAN.H11MO.0.A
ISL1_chr5:51392398-51392614_Ledidi_run-4_target-6.42_5	1071	1089	0.4444431009586016	0.0448640872989144	0.07864635787196861	0.09295236174974164	increase	FOXA2_HUMAN.H11MO.0.A
ISL1_chr5:51392398-51392614_Ledidi_run-4_target-6.42_6	1010	1032	0.773488476040015	0.04253935132010999	0.13697063325169442	0.37043549363949296	increase	FOXA2_HUMAN.H11MO.0.A
ISL1_chr5:51392398-51392614_Ledidi_run-4_target-6.42_6	1071	1089	0.511796623443624	0.023978966652746625	0.09062980222801098	0.160305884234764	increase	FOXA2_HUMAN.H11MO.0.A
ISL1_chr5:51392398-51392614_Ledidi_run-4_target-6.42_7	986	1000	0.30739550724259324	0.048027490240037725	0.05260329854826344	0.30739550724259324	addition	FOXD2_forkhead_1
ISL1_chr5:51392398-51392614_Ledidi_run-4_target-6.42_7	1011	1032	0.6881319687303296	0.04659672254190507	0.11775712571868764	0.2850789863298075	increase	FOXA2_HUMAN.H11MO.0.A
ISL1_chr5:51392398-51392614_Ledidi_run-4_target-6.42_7	1071	1089	0.4970434175865388	0.030329862935364073	0.08505694673708955	0.14555267837767882	increase	FOXA2_HUMAN.H11MO.0.A
ISL1_chr5:51392398-51392614_Ledidi_run-4_target-6.42_8	1011	1032	0.6767767049601793	0.04766601648500149	0.1179900677779607	0.2737237225596572	increase	FOXA2_HUMAN.H11MO.0.A
ISL1_chr5:51392398-51392614_Ledidi_run-4_target-6.42_8	1071	1089	0.46424713328400213	0.048027490240037725	0.08093740567670152	0.11275639407514215	increase	FOXA2_HUMAN.H11MO.0.A
ISL1_chr5:51392398-51392614_Ledidi_run-4_target-6.42_9	1011	1032	0.6885801611083933	0.029862159864615646	0.12038417965322308	0.2855271787078712	increase	FOXA2_HUMAN.H11MO.0.A
ISL1_chr5:51392398-51392614_Ledidi_run-4_target-6.42_9	1071	1089	0.47079698151524996	0.029630840137533875	0.08230923805834892	0.11930624230638998	increase	FOXA2_HUMAN.H11MO.0.A
ISL1_chr5:51392398-51392614_Ledidi_run-4_target-7.64_1	984	1000	0.4172498864429874	0.04157803279634765	0.05958154180759608	0.4172498864429874	addition	ETV6_MOUSE.H11MO.0.C
ISL1_chr5:51392398-51392614_Ledidi_run-4_target-7.64_1	994	1008	0.4773202204541497	0.035949002347687255	0.06815933471676532	0.4773202204541497	addition	JUN+JUNB_MA1133.1
ISL1_chr5:51392398-51392614_Ledidi_run-4_target-7.64_1	999	1014	0.4560424706854722	0.03252181692656771	0.06512096088227118	0.4560424706854722	addition	ETV6_MOUSE.H11MO.0.C
ISL1_chr5:51392398-51392614_Ledidi_run-4_target-7.64_1	1011	1032	0.946478319223617	0.01671564782903964	0.1351531525329981	0.543425336823095	increase	FOXA2_HUMAN.H11MO.0.A
ISL1_chr5:51392398-51392614_Ledidi_run-4_target-7.64_1	1022	1037	0.68072252551084	0.04286440117339201	0.0972043346946204	0.68072252551084	addition	ETV6_MOUSE.H11MO.0.C
ISL1_chr5:51392398-51392614_Ledidi_run-4_target-7.64_1	1028	1045	0.5790471188991217	0.029630840137533875	0.08268551111510056	0.5790471188991217	addition	NFYB_HUMAN.H11MO.0.A
ISL1_chr5:51392398-51392614_Ledidi_run-4_target-7.64_1	1070	1090	0.6264523150916141	0.025741363357414056	0.08945477521944493	0.27496157588275416	increase	FOXA2_HUMAN.H11MO.0.A
ISL1_chr5:51392398-51392614_Ledidi_run-4_target-7.64_10	982	1002	0.5316686567115213	0.015151753311056958	0.07537450865613086	0.5316686567115213	addition	FOXD2_forkhead_1
ISL1_chr5:51392398-51392614_Ledidi_run-4_target-7.64_10	1001	1016	0.3304437002762127	0.04949901644459642	0.046846905929885656	0.3304437002762127	addition	ETV6_MOUSE.H11MO.0.C
ISL1_chr5:51392398-51392614_Ledidi_run-4_target-7.64_10	1011	1032	0.993016578865509	0.021628895742405483	0.1407796675138435	0.589963596464987	increase	FOXA2_HUMAN.H11MO.0.A
ISL1_chr5:51392398-51392614_Ledidi_run-4_target-7.64_10	1025	1040	0.5660647184827827	0.02677138457031075	0.08025082818895875	0.5660647184827827	addition	ETV6_MOUSE.H11MO.0.C
ISL1_chr5:51392398-51392614_Ledidi_run-4_target-7.64_10	1030	1045	0.48302527359947356	0.03432639554286543	0.06847835057880428	0.48302527359947356	addition	NFYB_HUMAN.H11MO.0.A
ISL1_chr5:51392398-51392614_Ledidi_run-4_target-7.64_10	1070	1091	0.800572102153092	0.014660613519821092	0.11349687080827212	0.44908136294423207	increase	FOXA2_HUMAN.H11MO.0.A
ISL1_chr5:51392398-51392614_Ledidi_run-4_target-7.64_2	982	1001	0.4695533670512876	0.03851923235268358	0.06731855234352442	0.4695533670512876	addition	FOXD2_forkhead_1
ISL1_chr5:51392398-51392614_Ledidi_run-4_target-7.64_2	1001	1016	0.35250088126251033	0.04385357714891144	0.05053706498885965	0.35250088126251033	addition	ETV6_MOUSE.H11MO.0.C
ISL1_chr5:51392398-51392614_Ledidi_run-4_target-7.64_2	1011	1043	1.4008619136712044	0.013272650097199943	0.20083765271184667	1.4008619136712044	addition	MEOX2_MA0706.1
ISL1_chr5:51392398-51392614_Ledidi_run-4_target-7.64_2	1013	1031				-0.40305298240052206	removal	FOXA2_HUMAN.H11MO.0.A
ISL1_chr5:51392398-51392614_Ledidi_run-4_target-7.64_2	1071	1089	0.5767855352909304	0.022328356818105913	0.08269212825009764	0.22529479608207037	increase	FOXA2_HUMAN.H11MO.0.A
ISL1_chr5:51392398-51392614_Ledidi_run-4_target-7.64_3	985	1001	0.4312811640153211	0.0448640872989144	0.06428751466345392	0.4312811640153211	addition	ETV6_MOUSE.H11MO.0.C
ISL1_chr5:51392398-51392614_Ledidi_run-4_target-7.64_3	995	1011	0.5226571303875525	0.045205730885551756	0.07790817391819804	0.5226571303875525	addition	ETV6_MOUSE.H11MO.0.C
ISL1_chr5:51392398-51392614_Ledidi_run-4_target-7.64_3	1010	1032	0.9791349684385375	0.03380105311733138	0.14595154830076662	0.5760819860380155	increase	FOXA2_HUMAN.H11MO.0.A
ISL1_chr5:51392398-51392614_Ledidi_run-4_target-7.64_3	1026	1043	0.479603401479781	0.03277300059380061	0.07149051078005922	0.479603401479781	addition	ETV6_MOUSE.H11MO.0.C
ISL1_chr5:51392398-51392614_Ledidi_run-4_target-7.64_3	1070	1089	0.5793660400793179	0.03650576667085745	0.08636130187170252	0.22787530087045793	increase	FOXA2_HUMAN.H11MO.0.A
ISL1_chr5:51392398-51392614_Ledidi_run-4_target-7.64_4	982	1001	0.49127476185613905	0.03080440211150591	0.06849132396700727	0.49127476185613905	addition	FOXD2_forkhead_1
ISL1_chr5:51392398-51392614_Ledidi_run-4_target-7.64_4	1000	1015	0.2990037920157337	0.04776666871559125	0.04168576767293866	0.2990037920157337	addition	ETV6_MOUSE.H11MO.0.C
ISL1_chr5:51392398-51392614_Ledidi_run-4_target-7.64_4	1010	1042	1.5410338058800066	0.049127257957482524	0.2148440217931354	1.5410338058800066	addition	MEOX2_MA0706.1
ISL1_chr5:51392398-51392614_Ledidi_run-4_target-7.64_4	1013	1031				-0.40305298240052206	removal	FOXA2_HUMAN.H11MO.0.A
ISL1_chr5:51392398-51392614_Ledidi_run-4_target-7.64_4	1070	1090	0.6543569079394849	0.04589631419228254	0.0912275053625826	0.3028661687306249	increase	FOXA2_HUMAN.H11MO.0.A
ISL1_chr5:51392398-51392614_Ledidi_run-4_target-7.64_5	968	984	0.42074492544542313	0.03822531123050392	0.06336946650448658	0.42074492544542313	addition	FOXA2_HUMAN.H11MO.0.A
ISL1_chr5:51392398-51392614_Ledidi_run-4_target-7.64_5	982	1001	0.5572696782577626	0.03202133761382601	0.08393180778814179	0.5572696782577626	addition	TAL1_HUMAN.H11MO.0.A
ISL1_chr5:51392398-51392614_Ledidi_run-4_target-7.64_5	1010	1032	0.8613866846089386	0.03793350801322296	0.12973564589032088	0.45833370220841657	increase	FOXA2_HUMAN.H11MO.0.A
ISL1_chr5:51392398-51392614_Ledidi_run-4_target-7.64_5	1025	1042	0.4566120231032491	0.04063716777415878	0.06877150157653067	0.4566120231032491	addition	NFYB_HUMAN.H11MO.0.A
ISL1_chr5:51392398-51392614_Ledidi_run-4_target-7.64_5	1071	1090	0.5671350646908673	0.019808011404068904	0.08541765880456131	0.2156443254820073	increase	FOXA2_HUMAN.H11MO.0.A
ISL1_chr5:51392398-51392614_Ledidi_run-4_target-7.64_6	1011	1032	0.812222263031191	0.020128217678028606	0.12642457163019435	0.409169280630669	increase	FOXA2_HUMAN.H11MO.0.A
ISL1_chr5:51392398-51392614_Ledidi_run-4_target-7.64_6	1071	1090	0.5935881789734996	0.02304859342677061	0.09239359060586347	0.2420974397646396	increase	FOXA2_HUMAN.H11MO.0.A
ISL1_chr5:51392398-51392614_Ledidi_run-4_target-7.64_7	982	1001	0.5565099808235465	0.019649667726908415	0.0820922089550195	0.5565099808235465	addition	FOXD2_forkhead_1
ISL1_chr5:51392398-51392614_Ledidi_run-4_target-7.64_7	1011	1032	0.9567086047538558	0.00869372317853655	0.14112653033516923	0.5536556223533338	increase	FOXA2_HUMAN.H11MO.0.A
ISL1_chr5:51392398-51392614_Ledidi_run-4_target-7.64_7	1026	1044	0.5324331730588445	0.03009516326587541	0.07854057753402537	0.5324331730588445	addition	ETV6_MOUSE.H11MO.0.C
ISL1_chr5:51392398-51392614_Ledidi_run-4_target-7.64_7	1071	1090	0.5696341650063457	0.01769384179489903	0.08402819089141557	0.2181434257974857	increase	FOXA2_HUMAN.H11MO.0.A
ISL1_chr5:51392398-51392614_Ledidi_run-4_target-7.64_8	982	1001	0.5487672815395874	0.011707395126641894	0.07973123577945307	0.5487672815395874	addition	FOXD2_forkhead_1
ISL1_chr5:51392398-51392614_Ledidi_run-4_target-7.64_8	1011	1033	1.0285336929170528	0.02677138457031075	0.14943722983449273	0.6254807105165308	increase	FOXA2_HUMAN.H11MO.0.A
ISL1_chr5:51392398-51392614_Ledidi_run-4_target-7.64_8	1028	1043	0.4886134457523985	0.02872214971742666	0.0709913931803624	0.4886134457523985	addition	NFYB_HUMAN.H11MO.0.A
ISL1_chr5:51392398-51392614_Ledidi_run-4_target-7.64_8	1071	1090	0.5926835000242825	0.014660613519821092	0.0861118901813001	0.2411927608154225	increase	FOXA2_HUMAN.H11MO.0.A
ISL1_chr5:51392398-51392614_Ledidi_run-4_target-7.64_9	968	984	0.379669568677944	0.04286440117339201	0.05677831506766699	0.379669568677944	addition	FOXA2_HUMAN.H11MO.0.A
ISL1_chr5:51392398-51392614_Ledidi_run-4_target-7.64_9	1011	1032	0.9559089912869111	0.02379017014912958	0.14295299481677146	0.552856008886389	increase	FOXA2_HUMAN.H11MO.0.A
ISL1_chr5:51392398-51392614_Ledidi_run-4_target-7.64_9	1023	1044	0.8016549571772009	0.03678719194327901	0.11988481956206985	0.8016549571772009	addition	MEOX2_MA0706.1
ISL1_chr5:51392398-51392614_Ledidi_run-4_target-7.64_9	1070	1090	0.6780237738241932	0.01671564782903964	0.10139618929062466	0.32653303461533323	increase	FOXA2_HUMAN.H11MO.0.A
ISL1_chr5:51392398-51392614_Ledidi_run-5_target-10.88_1	983	1001	0.5855640141012666	0.02635488941340899	0.06187819225574292	0.5855640141012666	addition	HNF6_HUMAN.H11MO.0.B
ISL1_chr5:51392398-51392614_Ledidi_run-5_target-10.88_1	993	1009	0.6585497657922228	0.0431917794291362	0.06959080140914946	0.6585497657922228	addition	JUN+JUNB_MA1133.1
ISL1_chr5:51392398-51392614_Ledidi_run-5_target-10.88_1	999	1016	0.6583856009149643	0.02940119156421724	0.06957345364598093	0.6583856009149643	addition	ETV6_MOUSE.H11MO.0.C
ISL1_chr5:51392398-51392614_Ledidi_run-5_target-10.88_1	1009	1032	1.2647900189617016	0.02940119156421724	0.13365390985744938	0.8617370365611796	increase	FOXA2_HUMAN.H11MO.0.A
ISL1_chr5:51392398-51392614_Ledidi_run-5_target-10.88_1	1022	1047	1.2331638541756467	0.022506446489954136	0.1303118842926665	1.2331638541756467	addition	MEOX2_MA0706.1
ISL1_chr5:51392398-51392614_Ledidi_run-5_target-10.88_1	1042	1073	2.1563091195248676	0.025339702321310897	0.22786323450145718	2.1563091195248676	addition	RFX6_MOUSE.H11MO.0.C
ISL1_chr5:51392398-51392614_Ledidi_run-5_target-10.88_1	1066	1080	0.5393888333088999	0.02940119156421724	0.05699873135017636	0.5393888333088999	addition	HNF4G_MA0484.1
ISL1_chr5:51392398-51392614_Ledidi_run-5_target-10.88_1	1070	1092	1.057060176741822	0.04221661594611272	0.11170251461355737	0.705569437532962	increase	FOXA2_HUMAN.H11MO.0.A
ISL1_chr5:51392398-51392614_Ledidi_run-5_target-10.88_1	1082	1097	0.5483555256431734	0.039329364511850456	0.05794626688650854	0.5483555256431734	addition	RFX6_MOUSE.H11MO.0.C
ISL1_chr5:51392398-51392614_Ledidi_run-5_target-10.88_10	973	992	0.7399276529933032	0.03851923235268358	0.07454830897302106	0.7399276529933032	addition	RFX6_MOUSE.H11MO.0.C
ISL1_chr5:51392398-51392614_Ledidi_run-5_target-10.88_10	983	1000	0.6731886155746306	0.027407557497725457	0.06782429702141714	0.6731886155746306	addition	HNF6_HUMAN.H11MO.0.B
ISL1_chr5:51392398-51392614_Ledidi_run-5_target-10.88_10	991	1016	1.1857715405094822	0.03851923235268358	0.11946744092576317	1.1857715405094822	addition	ETV6_MOUSE.H11MO.0.C
ISL1_chr5:51392398-51392614_Ledidi_run-5_target-10.88_10	1009	1032	1.377086861624249	0.03354123135876334	0.13874261412957567	0.9740338792237271	increase	FOXA2_HUMAN.H11MO.0.A
ISL1_chr5:51392398-51392614_Ledidi_run-5_target-10.88_10	1022	1047	1.210448921161431	0.029862159864615646	0.12195370696818528	1.210448921161431	addition	MEOX2_MA0706.1
ISL1_chr5:51392398-51392614_Ledidi_run-5_target-10.88_10	1043	1073	1.9315334544729525	0.000983090866377467	0.19460355640618232	1.9315334544729525	addition	RFX6_MOUSE.H11MO.0.C
ISL1_chr5:51392398-51392614_Ledidi_run-5_target-10.88_10	1069	1091	1.0330109086831163	0.04286440117339201	0.10407668382371862	0.6815201694742563	increase	FOXA2_HUMAN.H11MO.0.A
ISL1_chr5:51392398-51392614_Ledidi_run-5_target-10.88_10	1081	1095	0.4931097889668834	0.04452485662729606	0.04968120971937393	0.4931097889668834	addition	RFX6_MOUSE.H11MO.0.C
ISL1_chr5:51392398-51392614_Ledidi_run-5_target-10.88_2	982	1001	0.7412414833548124	0.03622637481763158	0.07952537473064193	0.7412414833548124	addition	HNF6_HUMAN.H11MO.0.B
ISL1_chr5:51392398-51392614_Ledidi_run-5_target-10.88_2	992	1011	0.8081369062582406	0.03678719194327901	0.08670236589158241	0.8081369062582406	addition	ETV6_MOUSE.H11MO.0.C
ISL1_chr5:51392398-51392614_Ledidi_run-5_target-10.88_2	1001	1016	0.6189439806096073	0.048758094963275454	0.06640447560015075	0.6189439806096073	addition	ETV6_MOUSE.H11MO.0.C
ISL1_chr5:51392398-51392614_Ledidi_run-5_target-10.88_2	1007	1032	1.4350462875482677	0.02436070752121386	0.15396142328216822	1.4350462875482677	addition	CEBPB_HUMAN.H11MO.0.A
ISL1_chr5:51392398-51392614_Ledidi_run-5_target-10.88_2	1013	1031				-0.40305298240052206	removal	FOXA2_HUMAN.H11MO.0.A
ISL1_chr5:51392398-51392614_Ledidi_run-5_target-10.88_2	1022	1040	0.8537907636981816	0.029862159864615646	0.09160041895841639	0.8537907636981816	addition	ETV6_MOUSE.H11MO.0.C
ISL1_chr5:51392398-51392614_Ledidi_run-5_target-10.88_2	1043	1073	2.0871576116805883	0.0026714777508129246	0.22392431470454993	2.0871576116805883	addition	RFX6_MOUSE.H11MO.0.C
ISL1_chr5:51392398-51392614_Ledidi_run-5_target-10.88_2	1070	1090	0.8831411641987303	0.00295618004322918	0.09474932744602094	0.5316504249898704	increase	FOXA2_HUMAN.H11MO.0.A
ISL1_chr5:51392398-51392614_Ledidi_run-5_target-10.88_3	985	1001	0.5122459767591823	0.048758094963275454	0.05307442759806005	0.5122459767591823	addition	ETV6_MOUSE.H11MO.0.C
ISL1_chr5:51392398-51392614_Ledidi_run-5_target-10.88_3	991	1011	0.8952797981734598	0.04659672254190507	0.09276102689724318	0.8952797981734598	addition	ETV6_MOUSE.H11MO.0.C
ISL1_chr5:51392398-51392614_Ledidi_run-5_target-10.88_3	1001	1016	0.6153182377301787	0.018326328984452484	0.0637538697029715	0.6153182377301787	addition	ETV6_MOUSE.H11MO.0.C
ISL1_chr5:51392398-51392614_Ledidi_run-5_target-10.88_3	1009	1031	1.344939900617102	0.04157803279634765	0.13935085606851455	0.9418869182165799	increase	FOXA2_HUMAN.H11MO.0.A
ISL1_chr5:51392398-51392614_Ledidi_run-5_target-10.88_3	1021	1045	1.3765523000332047	0.035949002347687255	0.14262625515437147	1.3765523000332047	addition	MEOX2_MA0706.1
ISL1_chr5:51392398-51392614_Ledidi_run-5_target-10.88_3	1036	1051	0.5455391606287145	0.029630840137533875	0.05652397480186973	0.5455391606287145	addition	ARNTL_bHLH_1
ISL1_chr5:51392398-51392614_Ledidi_run-5_target-10.88_3	1043	1073	2.0590498338860352	0.0016124172714877085	0.2133406532946928	2.0590498338860352	addition	RFX6_MOUSE.H11MO.0.C
ISL1_chr5:51392398-51392614_Ledidi_run-5_target-10.88_3	1070	1091	1.059365774431039	0.0029291549138868913	0.1097621741231082	0.707875035222179	increase	FOXA2_HUMAN.H11MO.0.A
ISL1_chr5:51392398-51392614_Ledidi_run-5_target-10.88_3	1081	1097	0.5661673440781678	0.01966277147270923	0.05866128593488076	0.5661673440781678	addition	RFX6_MOUSE.H11MO.0.C
ISL1_chr5:51392398-51392614_Ledidi_run-5_target-10.88_4	983	1000	0.5342751429811257	0.031044267384158657	0.05597148916380511	0.5342751429811257	addition	HNF6_HUMAN.H11MO.0.B
ISL1_chr5:51392398-51392614_Ledidi_run-5_target-10.88_4	994	1016	0.9111196348859562	0.027622706940374598	0.09545030017005848	0.9111196348859562	addition	ETV6_MOUSE.H11MO.0.C
ISL1_chr5:51392398-51392614_Ledidi_run-5_target-10.88_4	1007	1033	1.6575864284181931	0.02436070752121386	0.173651314374468	1.6575864284181931	addition	CEBPB_HUMAN.H11MO.0.A
ISL1_chr5:51392398-51392614_Ledidi_run-5_target-10.88_4	1013	1031				-0.40305298240052206	removal	FOXA2_HUMAN.H11MO.0.A
ISL1_chr5:51392398-51392614_Ledidi_run-5_target-10.88_4	1023	1046	1.1147903714796152	0.029862159864615646	0.11678716110397416	1.1147903714796152	addition	MEOX2_MA0706.1
ISL1_chr5:51392398-51392614_Ledidi_run-5_target-10.88_4	1043	1074	2.118853780826213	0.0017063325434534056	0.2219743946376923	2.118853780826213	addition	RFX6_MOUSE.H11MO.0.C
ISL1_chr5:51392398-51392614_Ledidi_run-5_target-10.88_4	1065	1080	0.7320338870582299	0.042279514855268006	0.07668900063064565	0.7320338870582299	addition	HNF4G_MA0484.1
ISL1_chr5:51392398-51392614_Ledidi_run-5_target-10.88_4	1070	1092	1.0512891735020737	0.016852326364993054	0.11013467752658608	0.6997984342932138	increase	FOXA2_HUMAN.H11MO.0.A
ISL1_chr5:51392398-51392614_Ledidi_run-5_target-10.88_5	966	980	0.3886571374338029	0.025741363357414056	0.039165020431095085	0.3886571374338029	addition	JUN+JUNB_MA1133.1
ISL1_chr5:51392398-51392614_Ledidi_run-5_target-10.88_5	976	991	0.532296475563881	0.038815285523608536	0.05363957157331271	0.532296475563881	addition	RFX6_MOUSE.H11MO.0.C
ISL1_chr5:51392398-51392614_Ledidi_run-5_target-10.88_5	983	1000	0.6487854721810464	0.02635488941340899	0.0653781799586691	0.6487854721810464	addition	HNF6_HUMAN.H11MO.0.B
ISL1_chr5:51392398-51392614_Ledidi_run-5_target-10.88_5	992	1016	0.9586654429334092	0.017268444460892787	0.09660481705540978	0.9586654429334092	addition	ETV6_MOUSE.H11MO.0.C
ISL1_chr5:51392398-51392614_Ledidi_run-5_target-10.88_5	1010	1031	1.2278241527894318	0.018128726134506876	0.12372796842816385	0.8247711703889098	increase	FOXA2_HUMAN.H11MO.0.A
ISL1_chr5:51392398-51392614_Ledidi_run-5_target-10.88_5	1021	1046	1.4294132027487283	0.04949901644459642	0.14404211809867037	1.4294132027487283	addition	ETV6_MOUSE.H11MO.0.C
ISL1_chr5:51392398-51392614_Ledidi_run-5_target-10.88_5	1042	1073	2.0040083600336964	0.048758094963275454	0.20194413225763333	2.0040083600336964	addition	RFX6_MOUSE.H11MO.0.C
ISL1_chr5:51392398-51392614_Ledidi_run-5_target-10.88_5	1070	1091	0.9791667928229622	0.012208947280681752	0.09867074023024439	0.6276760536141022	increase	FOXA2_HUMAN.H11MO.0.A
ISL1_chr5:51392398-51392614_Ledidi_run-5_target-10.88_5	1081	1095	0.49950545015116443	0.04352150009819771	0.05033521650929605	0.49950545015116443	addition	RFX6_MOUSE.H11MO.0.C
ISL1_chr5:51392398-51392614_Ledidi_run-5_target-10.88_6	974	990	0.5179264093622309	0.025741363357414056	0.0555115890024523	0.5179264093622309	addition	RFX6_MOUSE.H11MO.0.C
ISL1_chr5:51392398-51392614_Ledidi_run-5_target-10.88_6	982	1001	0.7248678797394548	0.03851923235268358	0.07769167027169938	0.7248678797394548	addition	HNF6_HUMAN.H11MO.0.B
ISL1_chr5:51392398-51392614_Ledidi_run-5_target-10.88_6	994	1016	0.8800027834104227	0.022685843285046595	0.09431910007031162	0.8800027834104227	addition	ETV6_MOUSE.H11MO.0.C
ISL1_chr5:51392398-51392614_Ledidi_run-5_target-10.88_6	1007	1033	1.701622174455169	0.023416678294447074	0.18238064149331806	1.701622174455169	addition	CEBPB_HUMAN.H11MO.0.A
ISL1_chr5:51392398-51392614_Ledidi_run-5_target-10.88_6	1013	1031				-0.40305298240052206	removal	FOXA2_HUMAN.H11MO.0.A
ISL1_chr5:51392398-51392614_Ledidi_run-5_target-10.88_6	1023	1042	1.056782909905169	0.011415134027489077	0.11326647473278913	1.056782909905169	addition	MEOX2_MA0706.1
ISL1_chr5:51392398-51392614_Ledidi_run-5_target-10.88_6	1043	1072	1.6729823986130672	0.007838232648483491	0.17931101724375176	1.6729823986130672	addition	RFX6_MOUSE.H11MO.0.C
ISL1_chr5:51392398-51392614_Ledidi_run-5_target-10.88_6	1070	1091	0.9191215148664122	0.004371209193470033	0.09851186356649287	0.5676307756575523	increase	FOXA2_HUMAN.H11MO.0.A
ISL1_chr5:51392398-51392614_Ledidi_run-5_target-10.88_7	986	1002	0.5015376692856062	0.042708166725914605	0.051434720573608685	0.5015376692856062	addition	FOXD2_forkhead_1
ISL1_chr5:51392398-51392614_Ledidi_run-5_target-10.88_7	992	1016	0.9643807403123903	0.03152925435595684	0.09890115327766316	0.9643807403123903	addition	ETV6_MOUSE.H11MO.0.C
ISL1_chr5:51392398-51392614_Ledidi_run-5_target-10.88_7	1009	1033	1.4754970472491737	0.028057710553803093	0.15131820196187204	1.0724440648486517	increase	FOXA2_HUMAN.H11MO.0.A
ISL1_chr5:51392398-51392614_Ledidi_run-5_target-10.88_7	1023	1045	1.2016152197875893	0.00869372317853655	0.12323051059116887	1.2016152197875893	addition	MEOX2_MA0706.1
ISL1_chr5:51392398-51392614_Ledidi_run-5_target-10.88_7	1036	1051	0.6139571443862177	0.02635488941340899	0.06296379334907541	0.6139571443862177	addition	ARNTL_bHLH_1
ISL1_chr5:51392398-51392614_Ledidi_run-5_target-10.88_7	1042	1073	2.146859873473151	0.04063716777415878	0.2201691806321785	2.146859873473151	addition	RFX6_MOUSE.H11MO.0.C
ISL1_chr5:51392398-51392614_Ledidi_run-5_target-10.88_7	1065	1079	0.6077782087557928	0.04286440117339201	0.06233011845872088	0.6077782087557928	addition	HNF4G_MA0484.1
ISL1_chr5:51392398-51392614_Ledidi_run-5_target-10.88_7	1069	1091	1.0818411616981294	0.04352150009819771	0.11094719552417964	0.7303504224892694	increase	FOXA2_HUMAN.H11MO.0.A
ISL1_chr5:51392398-51392614_Ledidi_run-5_target-10.88_7	1081	1097	0.5319010737419498	0.04183438095990113	0.054548610754779014	0.5319010737419498	addition	RFX6_MOUSE.H11MO.0.C
ISL1_chr5:51392398-51392614_Ledidi_run-5_target-10.88_8	983	1001	0.6151114747130983	0.04839151109639871	0.06643330960149048	0.6151114747130983	addition	HNF6_HUMAN.H11MO.0.B
ISL1_chr5:51392398-51392614_Ledidi_run-5_target-10.88_8	992	1011	0.7887193976511937	0.045205730885551756	0.08518332381508908	0.7887193976511937	addition	ETV6_MOUSE.H11MO.0.C
ISL1_chr5:51392398-51392614_Ledidi_run-5_target-10.88_8	1001	1015	0.5028041382439912	0.04385357714891144	0.05430388532493815	0.5028041382439912	addition	ETV6_MOUSE.H11MO.0.C
ISL1_chr5:51392398-51392614_Ledidi_run-5_target-10.88_8	1009	1032	1.274725099010293	0.03707066464076151	0.13767294326421076	0.871672116609771	increase	FOXA2_HUMAN.H11MO.0.A
ISL1_chr5:51392398-51392614_Ledidi_run-5_target-10.88_8	1022	1045	1.169104125913393	0.031044267384158657	0.12626566004058074	1.169104125913393	addition	ETV6_MOUSE.H11MO.0.C
ISL1_chr5:51392398-51392614_Ledidi_run-5_target-10.88_8	1042	1073	1.95824022301513	0.03485942775149378	0.21149398825689908	1.95824022301513	addition	RFX6_MOUSE.H11MO.0.C
ISL1_chr5:51392398-51392614_Ledidi_run-5_target-10.88_8	1065	1090	1.1283314414621541	0.03876803922389531	0.12186212591581674	0.7768407022532942	increase	FOXA2_HUMAN.H11MO.0.A
ISL1_chr5:51392398-51392614_Ledidi_run-5_target-10.88_9	974	989	0.40402876875826466	0.04221661594611272	0.04110146107734093	0.40402876875826466	addition	RFX6_MOUSE.H11MO.0.C
ISL1_chr5:51392398-51392614_Ledidi_run-5_target-10.88_9	982	1000	0.5813457812975269	0.02677138457031075	0.059139751547674625	0.5813457812975269	addition	HNF6_HUMAN.H11MO.0.B
ISL1_chr5:51392398-51392614_Ledidi_run-5_target-10.88_9	992	1016	0.9555736427584982	0.048027490240037725	0.0972095947649468	0.9555736427584982	addition	ETV6_MOUSE.H11MO.0.C
ISL1_chr5:51392398-51392614_Ledidi_run-5_target-10.88_9	1009	1032	1.4290896532610493	0.04452485662729606	0.1453799266326085	1.0260366708605273	increase	FOXA2_HUMAN.H11MO.0.A
ISL1_chr5:51392398-51392614_Ledidi_run-5_target-10.88_9	1022	1048	1.3265105092598288	0.022328356818105913	0.13494464820560204	1.3265105092598288	addition	MEOX2_MA0706.1
ISL1_chr5:51392398-51392614_Ledidi_run-5_target-10.88_9	1043	1073	2.1666655410211044	0.0013341979037284676	0.22041281781886263	2.1666655410211044	addition	RFX6_MOUSE.H11MO.0.C
ISL1_chr5:51392398-51392614_Ledidi_run-5_target-10.88_9	1066	1080	0.6167813465745979	0.019808011404068904	0.0627445777868193	0.6167813465745979	addition	HNF4G_MA0484.1
ISL1_chr5:51392398-51392614_Ledidi_run-5_target-10.88_9	1070	1091	1.0478513106853606	0.0071854615245605545	0.10659691386170393	0.6963605714765007	increase	FOXA2_HUMAN.H11MO.0.A
ISL1_chr5:51392398-51392614_Ledidi_run-5_target-10.88_9	1081	1096	0.5103785329772172	0.029173201786239084	0.051920321100759136	0.5103785329772172	addition	RFX6_MOUSE.H11MO.0.C
ISL1_chr5:51392398-51392614_Ledidi_run-5_target-5.87_1	1012	1031	0.5484556283588315	0.0448640872989144	0.10317997826971466	0.14540264595830948	increase	FOXA2_HUMAN.H11MO.0.A
ISL1_chr5:51392398-51392614_Ledidi_run-5_target-5.87_1	1071	1089	0.4557549630358355	0.048027490240037725	0.08574036759011208	0.10426422382697553	increase	FOXA2_HUMAN.H11MO.0.A
ISL1_chr5:51392398-51392614_Ledidi_run-5_target-5.87_10	1012	1031	0.49944177878615026	0.024943831367036446	0.09573741694596684	0.0963887963856282	increase	FOXA2_HUMAN.H11MO.0.A
ISL1_chr5:51392398-51392614_Ledidi_run-5_target-5.87_10	1071	1089	0.4887360620055312	0.03622637481763158	0.09368525047799017	0.13724532279667123	increase	FOXA2_HUMAN.H11MO.0.A
ISL1_chr5:51392398-51392614_Ledidi_run-5_target-5.87_2	1011	1031	0.5228696764855305	0.038815285523608536	0.10156463158274284	0.11981669408500845	increase	FOXA2_HUMAN.H11MO.0.A
ISL1_chr5:51392398-51392614_Ledidi_run-5_target-5.87_2	1071	1089	0.465443942612614	0.03485942775149378	0.09040999063401917	0.11395320340375403	increase	FOXA2_HUMAN.H11MO.0.A
ISL1_chr5:51392398-51392614_Ledidi_run-5_target-5.87_3	1012	1030	0.4691958246204574	0.04695064795138151	0.09373657928986823	0.06614284221993533	increase	FOXA2_HUMAN.H11MO.0.A
ISL1_chr5:51392398-51392614_Ledidi_run-5_target-5.87_3	1072	1089	0.40688392053133016	0.032762235265294926	0.08128782243428885	0.055393181322470175	increase	FOXA2_HUMAN.H11MO.0.A
ISL1_chr5:51392398-51392614_Ledidi_run-5_target-5.87_4	1012	1031	0.5337946325958836	0.024169142632964005	0.10229670846802688	0.1307416501953615	increase	FOXA2_HUMAN.H11MO.0.A
ISL1_chr5:51392398-51392614_Ledidi_run-5_target-5.87_4	1071	1089	0.4920704190882119	0.028499063326879095	0.09430065634495631	0.14057967987935194	increase	FOXA2_HUMAN.H11MO.0.A
ISL1_chr5:51392398-51392614_Ledidi_run-5_target-5.87_5	1011	1031	0.5358129163194623	0.046752993653437686	0.10217194038672932	0.1327599339189402	increase	FOXA2_HUMAN.H11MO.0.A
ISL1_chr5:51392398-51392614_Ledidi_run-5_target-5.87_5	1075	1089	0.32802729679121834	0.03707066464076151	0.06255016329802304	-0.023463442417641645	decrease	FOXA2_HUMAN.H11MO.0.A
ISL1_chr5:51392398-51392614_Ledidi_run-5_target-5.87_6	1012	1030	0.4937935270702888	0.04157803279634765	0.09699121344578586	0.09074054466976672	increase	FOXA2_HUMAN.H11MO.0.A
ISL1_chr5:51392398-51392614_Ledidi_run-5_target-5.87_6	1072	1086	0.32538111856546714	0.04221661594611272	0.06391154964961603	-0.02610962064339284	decrease	FOXA2_HUMAN.H11MO.0.A
ISL1_chr5:51392398-51392614_Ledidi_run-5_target-5.87_7	1013	1030	0.3531738578789375	0.043829784824874395	0.07062268956964256	-0.04987912452158455	decrease	FOXA2_HUMAN.H11MO.0.A
ISL1_chr5:51392398-51392614_Ledidi_run-5_target-5.87_7	1072	1087	0.35081173348495787	0.039329364511850456	0.07015034549864371	-0.0006790057239021152	decrease	FOXA2_HUMAN.H11MO.0.A
ISL1_chr5:51392398-51392614_Ledidi_run-5_target-5.87_8	1013	1031	0.4525433630698462	0.018185236051570915	0.0894217408009376	0.04949038066932415	increase	FOXA2_HUMAN.H11MO.0.A
ISL1_chr5:51392398-51392614_Ledidi_run-5_target-5.87_8	1071	1086	0.426085867879314	0.03911348485364352	0.0841937881443771	0.07459512867045404	increase	FOXA2_HUMAN.H11MO.0.A
ISL1_chr5:51392398-51392614_Ledidi_run-5_target-5.87_9	1012	1031	0.5110437269356001	0.04385357714891144	0.10127981555106756	0.10799074453507801	increase	FOXA2_HUMAN.H11MO.0.A
ISL1_chr5:51392398-51392614_Ledidi_run-5_target-5.87_9	1071	1087	0.4375100942077297	0.04589631419228254	0.0867067519031947	0.0860193549988697	increase	FOXA2_HUMAN.H11MO.0.A
ISL1_chr5:51392398-51392614_Ledidi_run-5_target-6.42_1	1011	1031	0.618180437815886	0.03406276995681486	0.10088394303610992	0.215127455415364	increase	FOXA2_HUMAN.H11MO.0.A
ISL1_chr5:51392398-51392614_Ledidi_run-5_target-6.42_1	1070	1090	0.6883162774168818	0.026562382168414056	0.11232975984664434	0.33682553820802186	increase	FOXA2_HUMAN.H11MO.0.A
ISL1_chr5:51392398-51392614_Ledidi_run-5_target-6.42_10	1011	1031	0.6024649494405756	0.0498733870590643	0.10091864542398343	0.19941196704005354	increase	FOXA2_HUMAN.H11MO.0.A
ISL1_chr5:51392398-51392614_Ledidi_run-5_target-6.42_10	1028	1043	0.3767034697151509	0.03822531123050392	0.06310143673166062	0.3767034697151509	addition	NFYB_HUMAN.H11MO.0.A
ISL1_chr5:51392398-51392614_Ledidi_run-5_target-6.42_10	1071	1089	0.5603924404887957	0.03328329107543213	0.09387109748456451	0.20890170127993568	increase	FOXA2_HUMAN.H11MO.0.A
ISL1_chr5:51392398-51392614_Ledidi_run-5_target-6.42_2	1011	1031	0.6384118311019871	0.03009516326587541	0.10635906296580445	0.235358848701465	increase	FOXA2_HUMAN.H11MO.0.A
ISL1_chr5:51392398-51392614_Ledidi_run-5_target-6.42_2	1070	1090	0.6155697265480511	0.03432639554286543	0.10255358080183832	0.2640789873391911	increase	FOXA2_HUMAN.H11MO.0.A
ISL1_chr5:51392398-51392614_Ledidi_run-5_target-6.42_3	1011	1032	0.6792158339713168	0.04286440117339201	0.11376829723955684	0.27616285157079473	increase	FOXA2_HUMAN.H11MO.0.A
ISL1_chr5:51392398-51392614_Ledidi_run-5_target-6.42_3	1071	1091	0.6019514166520197	0.013383563189678808	0.10082654771609952	0.2504606774431597	increase	FOXA2_HUMAN.H11MO.0.A
ISL1_chr5:51392398-51392614_Ledidi_run-5_target-6.42_4	1011	1031	0.6639744754618555	0.04352150009819771	0.11401669620312734	0.26092149306133344	increase	FOXA2_HUMAN.H11MO.0.A
ISL1_chr5:51392398-51392614_Ledidi_run-5_target-6.42_4	1071	1089	0.5681848419496403	0.01933645676324567	0.09756784470778308	0.21669410274078027	increase	FOXA2_HUMAN.H11MO.0.A
ISL1_chr5:51392398-51392614_Ledidi_run-5_target-6.42_5	1011	1032	0.6872221360158646	0.022198570170202873	0.11495346851024443	0.2841691536153425	increase	FOXA2_HUMAN.H11MO.0.A
ISL1_chr5:51392398-51392614_Ledidi_run-5_target-6.42_5	1071	1090	0.5882673781923533	0.014183944016136011	0.09840104384105236	0.23677663898349333	increase	FOXA2_HUMAN.H11MO.0.A
ISL1_chr5:51392398-51392614_Ledidi_run-5_target-6.42_6	1011	1032	0.6547328010646837	0.0431917794291362	0.11246237836280744	0.2516798186641616	increase	FOXA2_HUMAN.H11MO.0.A
ISL1_chr5:51392398-51392614_Ledidi_run-5_target-6.42_6	1071	1090	0.589104110764415	0.017837738624264014	0.10118944597267483	0.23761337155555506	increase	FOXA2_HUMAN.H11MO.0.A
ISL1_chr5:51392398-51392614_Ledidi_run-5_target-6.42_7	1013	1032	0.6119544782433501	0.018275832888547196	0.10226706004112261	0.20890149584282808	increase	FOXA2_HUMAN.H11MO.0.A
ISL1_chr5:51392398-51392614_Ledidi_run-5_target-6.42_7	1025	1040	0.4138834783717328	0.03540025979293725	0.06916633187189299	0.4138834783717328	addition	NFYB_HUMAN.H11MO.0.A
ISL1_chr5:51392398-51392614_Ledidi_run-5_target-6.42_7	1071	1090	0.588729786030435	0.024553670844057802	0.09838585469429241	0.23723904682157504	increase	FOXA2_HUMAN.H11MO.0.A
ISL1_chr5:51392398-51392614_Ledidi_run-5_target-6.42_8	1011	1031	0.5573227182891374	0.040328026075753344	0.0975414553423911	0.1542697358886153	increase	FOXA2_HUMAN.H11MO.0.A
ISL1_chr5:51392398-51392614_Ledidi_run-5_target-6.42_8	1071	1087	0.4732307786383252	0.025539804036945758	0.08282386011985195	0.12174003942946521	increase	FOXA2_HUMAN.H11MO.0.A
ISL1_chr5:51392398-51392614_Ledidi_run-5_target-6.42_9	1013	1032	0.6019428395873854	0.009968787029940277	0.09994887650931486	0.1988898571868633	increase	FOXA2_HUMAN.H11MO.0.A
ISL1_chr5:51392398-51392614_Ledidi_run-5_target-6.42_9	1070	1090	0.7300084484619276	0.012624659359276865	0.12121337686497302	0.3785177092530676	increase	FOXA2_HUMAN.H11MO.0.A
ISL1_chr5:51392398-51392614_Ledidi_run-5_target-7.64_1	995	1009	0.45981231863768024	0.04730707420613627	0.06643264942833188	0.45981231863768024	addition	JUN+JUNB_MA1133.1
ISL1_chr5:51392398-51392614_Ledidi_run-5_target-7.64_1	1001	1015	0.4539432923727388	0.049127257957482524	0.06558470571621103	0.4539432923727388	addition	ETV6_MOUSE.H11MO.0.C
ISL1_chr5:51392398-51392614_Ledidi_run-5_target-7.64_1	1010	1033	1.1969377721544754	0.019808011404068904	0.17293087675565977	0.7938847897539534	increase	FOXA2_HUMAN.H11MO.0.A
ISL1_chr5:51392398-51392614_Ledidi_run-5_target-7.64_1	1023	1042	0.8487250170411544	0.03459194355839432	0.12262188121710228	0.8487250170411544	addition	MEOX2_MA0706.1
ISL1_chr5:51392398-51392614_Ledidi_run-5_target-7.64_1	1071	1089	0.5156431258107199	0.027622706940374598	0.07449895885478708	0.16415238660185993	increase	FOXA2_HUMAN.H11MO.0.A
ISL1_chr5:51392398-51392614_Ledidi_run-5_target-7.64_10	994	1010	0.5702174196503086	0.02940119156421724	0.08147059851551537	0.5702174196503086	addition	ETV6_MOUSE.H11MO.0.C
ISL1_chr5:51392398-51392614_Ledidi_run-5_target-7.64_10	1010	1033	1.1117815468972756	0.03707066464076151	0.15884731844876662	0.7087285644967536	increase	FOXA2_HUMAN.H11MO.0.A
ISL1_chr5:51392398-51392614_Ledidi_run-5_target-7.64_10	1023	1046	1.1274989175347085	0.04286440117339201	0.16109295940745064	1.1274989175347085	addition	MEOX2_MA0706.1
ISL1_chr5:51392398-51392614_Ledidi_run-5_target-7.64_10	1071	1089	0.5269426931395933	0.02304859342677061	0.07528766241443074	0.17545195393073332	increase	FOXA2_HUMAN.H11MO.0.A
ISL1_chr5:51392398-51392614_Ledidi_run-5_target-7.64_2	986	1002	0.44308359221532206	0.0390380804434048	0.06183400568489742	0.44308359221532206	addition	FOXD2_forkhead_1
ISL1_chr5:51392398-51392614_Ledidi_run-5_target-7.64_2	994	1011	0.6072096401996075	0.04452485662729606	0.08473842183210657	0.6072096401996075	addition	ETV6_MOUSE.H11MO.0.C
ISL1_chr5:51392398-51392614_Ledidi_run-5_target-7.64_2	1010	1045	1.769109585928977	0.04286440117339201	0.24688599197863975	1.769109585928977	addition	MEOX2_MA0706.1
ISL1_chr5:51392398-51392614_Ledidi_run-5_target-7.64_2	1013	1031				-0.40305298240052206	removal	FOXA2_HUMAN.H11MO.0.A
ISL1_chr5:51392398-51392614_Ledidi_run-5_target-7.64_2	1070	1090	0.6291320593524854	0.03459194355839432	0.08779777906027268	0.2776413201436254	increase	FOXA2_HUMAN.H11MO.0.A
ISL1_chr5:51392398-51392614_Ledidi_run-5_target-7.64_3	993	1009	0.66169074943404	0.03567363531992702	0.0941161131690105	0.66169074943404	addition	JUN+JUNB_MA1133.1
ISL1_chr5:51392398-51392614_Ledidi_run-5_target-7.64_3	999	1016	0.6697108674019929	0.023416678294447074	0.09525686106513309	0.6697108674019929	addition	ETV6_MOUSE.H11MO.0.C
ISL1_chr5:51392398-51392614_Ledidi_run-5_target-7.64_3	1010	1033	1.2895724072437205	0.03056627161134241	0.1834233631399465	0.8865194248431985	increase	FOXA2_HUMAN.H11MO.0.A
ISL1_chr5:51392398-51392614_Ledidi_run-5_target-7.64_3	1023	1043	0.9521520162897135	0.03851923235268358	0.1354301038602583	0.9521520162897135	addition	MEOX2_MA0706.1
ISL1_chr5:51392398-51392614_Ledidi_run-5_target-7.64_3	1070	1090	0.6278000845713487	0.04949901644459642	0.08929564733611461	0.27630934536248875	increase	FOXA2_HUMAN.H11MO.0.A
ISL1_chr5:51392398-51392614_Ledidi_run-5_target-7.64_4	1011	1032	0.807711265896855	0.020453172647154634	0.13310782626950993	0.404658283496333	increase	FOXA2_HUMAN.H11MO.0.A
ISL1_chr5:51392398-51392614_Ledidi_run-5_target-7.64_4	1031	1045	0.3845304575251616	0.037643808588512954	0.06336919577166154	0.3845304575251616	addition	NFYB_HUMAN.H11MO.0.A
ISL1_chr5:51392398-51392614_Ledidi_run-5_target-7.64_4	1074	1089				-0.35149073920886	removal	FOXA2_HUMAN.H11MO.0.A
ISL1_chr5:51392398-51392614_Ledidi_run-5_target-7.64_5	994	1009	0.5647973283100027	0.04730707420613627	0.08134226661900434	0.5647973283100027	addition	JUN+JUNB_MA1133.1
ISL1_chr5:51392398-51392614_Ledidi_run-5_target-7.64_5	999	1016	0.6413598181707436	0.021117601510266027	0.0923688174738075	0.6413598181707436	addition	ETV6_MOUSE.H11MO.0.C
ISL1_chr5:51392398-51392614_Ledidi_run-5_target-7.64_5	1010	1033	1.2321763951994436	0.019649667726908415	0.17745838345209772	0.8291234127989215	increase	FOXA2_HUMAN.H11MO.0.A
ISL1_chr5:51392398-51392614_Ledidi_run-5_target-7.64_5	1023	1045	1.0468240027149363	0.029760043546961653	0.150763880889455	1.0468240027149363	addition	MEOX2_MA0706.1
ISL1_chr5:51392398-51392614_Ledidi_run-5_target-7.64_5	1074	1089	0.3660027834250994	0.024553670844057802	0.05271182156924321	0.014512044216239417	increase	FOXA2_HUMAN.H11MO.0.A
ISL1_chr5:51392398-51392614_Ledidi_run-5_target-7.64_6	994	1008	0.5031231357987288	0.04063716777415878	0.07243500948077922	0.5031231357987288	addition	JUN+JUNB_MA1133.1
ISL1_chr5:51392398-51392614_Ledidi_run-5_target-7.64_6	999	1015	0.5172013908172429	0.030329862935364073	0.07446186625436008	0.5172013908172429	addition	ETV6_MOUSE.H11MO.0.C
ISL1_chr5:51392398-51392614_Ledidi_run-5_target-7.64_6	1009	1033	1.277117785643897	0.040948540118391635	0.18386759091157098	0.8740648032433751	increase	FOXA2_HUMAN.H11MO.0.A
ISL1_chr5:51392398-51392614_Ledidi_run-5_target-7.64_6	1023	1045	1.087153682366016	0.018875204103307865	0.15651831865022606	1.087153682366016	addition	MEOX2_MA0706.1
ISL1_chr5:51392398-51392614_Ledidi_run-5_target-7.64_6	1071	1089	0.5577340922465814	0.02061745222617939	0.08029738921764962	0.20624335303772146	increase	FOXA2_HUMAN.H11MO.0.A
ISL1_chr5:51392398-51392614_Ledidi_run-5_target-7.64_7	986	1000	0.309083730309188	0.04624528289440415	0.04524656677492287	0.309083730309188	addition	FOXD2_forkhead_1
ISL1_chr5:51392398-51392614_Ledidi_run-5_target-7.64_7	999	1016	0.6029258665088043	0.03459194355839432	0.08826192647548713	0.6029258665088043	addition	ETV6_MOUSE.H11MO.0.C
ISL1_chr5:51392398-51392614_Ledidi_run-5_target-7.64_7	1010	1033	1.1461938238980358	0.03851923235268358	0.1677905703355134	0.7431408414975138	increase	FOXA2_HUMAN.H11MO.0.A
ISL1_chr5:51392398-51392614_Ledidi_run-5_target-7.64_7	1024	1045	0.8572251835689844	0.039716378487932046	0.12548863853396613	0.8572251835689844	addition	MEOX2_MA0706.1
ISL1_chr5:51392398-51392614_Ledidi_run-5_target-7.64_7	1071	1089	0.5413359361947561	0.019808011404068904	0.07924581653068428	0.18984519698589608	increase	FOXA2_HUMAN.H11MO.0.A
ISL1_chr5:51392398-51392614_Ledidi_run-5_target-7.64_8	994	1009	0.4927081989010167	0.04221661594611272	0.0671010306311128	0.4927081989010167	addition	JUN+JUNB_MA1133.1
ISL1_chr5:51392398-51392614_Ledidi_run-5_target-7.64_8	1000	1014	0.43440166272144143	0.04452485662729606	0.059160369852772975	0.43440166272144143	addition	ETV6_MOUSE.H11MO.0.C
ISL1_chr5:51392398-51392614_Ledidi_run-5_target-7.64_8	1010	1033	1.2658717634547285	0.01591637661675091	0.17239676580194463	0.8628187810542065	increase	FOXA2_HUMAN.H11MO.0.A
ISL1_chr5:51392398-51392614_Ledidi_run-5_target-7.64_8	1023	1046	1.1510589760529684	0.02436070752121386	0.1567606217688784	1.1510589760529684	addition	MEOX2_MA0706.1
ISL1_chr5:51392398-51392614_Ledidi_run-5_target-7.64_8	1070	1090	0.7028172588208306	0.01769384179489903	0.09571540014434693	0.3513265196119706	increase	FOXA2_HUMAN.H11MO.0.A
ISL1_chr5:51392398-51392614_Ledidi_run-5_target-7.64_9	999	1016	0.592722782125331	0.016852326364993054	0.08840524771651301	0.592722782125331	addition	ETV6_MOUSE.H11MO.0.C
ISL1_chr5:51392398-51392614_Ledidi_run-5_target-7.64_9	1010	1033	1.2201018137645128	0.019492485683982996	0.18197951274700774	0.8170488313639908	increase	FOXA2_HUMAN.H11MO.0.A
ISL1_chr5:51392398-51392614_Ledidi_run-5_target-7.64_9	1023	1045	1.0151443089989145	0.01644528931493413	0.1514098779589024	1.0151443089989145	addition	MEOX2_MA0706.1
ISL1_chr5:51392398-51392614_Ledidi_run-5_target-7.64_9	1071	1090	0.565469649844788	0.03512886189237361	0.08434041339097353	0.213978910635928	increase	FOXA2_HUMAN.H11MO.0.A
ISL1_chr5:51392398-51392614_Ledidi_run-6_target-10.88_1	997	1016	0.5286422166909549	0.028499063326879095	0.05130821947682223	0.5286422166909549	addition	FOXA2_HUMAN.H11MO.0.A
ISL1_chr5:51392398-51392614_Ledidi_run-6_target-10.88_1	1011	1032	0.9202953333952636	0.045205730885551756	0.08932074181457893	0.5172423509947415	increase	FOXA2_HUMAN.H11MO.0.A
ISL1_chr5:51392398-51392614_Ledidi_run-6_target-10.88_1	1024	1045	0.7037524978028822	0.03793350801322296	0.06830382908246069	0.7037524978028822	addition	MEOX2_MA0706.1
ISL1_chr5:51392398-51392614_Ledidi_run-6_target-10.88_1	1058	1079	1.4621690746758627	0.012944937962181048	0.1419131681636936	1.4621690746758627	addition	NDF2_MOUSE.H11MO.0.A
ISL1_chr5:51392398-51392614_Ledidi_run-6_target-10.88_1	1069	1097	2.1256441392932106	0.011707052189679684	0.206307806272376	1.7741534000843506	increase	FOXA2_HUMAN.H11MO.0.A
ISL1_chr5:51392398-51392614_Ledidi_run-6_target-10.88_1	1097	1123	1.6035639967362796	0.04766601648500149	0.15563647944101666	1.6035639967362796	addition	RFX6_MOUSE.H11MO.0.C
ISL1_chr5:51392398-51392614_Ledidi_run-6_target-10.88_1	1114	1128	0.4940028405320218	0.040948540118391635	0.04794623918393588	0.4940028405320218	addition	JUN+JUNB_MA1133.1
ISL1_chr5:51392398-51392614_Ledidi_run-6_target-10.88_1	1131	1150	0.5690503325779233	0.04839151109639871	0.05523009407009837	0.5690503325779233	addition	ETV6_MOUSE.H11MO.0.C
ISL1_chr5:51392398-51392614_Ledidi_run-6_target-10.88_10	1011	1031	0.7109867324390619	0.03567363531992702	0.07030465004891741	0.3079337500385398	increase	FOXA2_HUMAN.H11MO.0.A
ISL1_chr5:51392398-51392614_Ledidi_run-6_target-10.88_10	1028	1043	0.431237331090777	0.041896181077629685	0.04264213137474367	0.431237331090777	addition	NFYB_HUMAN.H11MO.0.A
ISL1_chr5:51392398-51392614_Ledidi_run-6_target-10.88_10	1053	1067	0.40701800250717346	0.03678719194327901	0.04024724643132326	0.40701800250717346	addition	SP2_HUMAN.H11MO.0.A
ISL1_chr5:51392398-51392614_Ledidi_run-6_target-10.88_10	1058	1079	1.517082352356629	0.009231760790509119	0.1500139721481551	1.517082352356629	addition	NDF2_MOUSE.H11MO.0.A
ISL1_chr5:51392398-51392614_Ledidi_run-6_target-10.88_10	1069	1092	1.9368277640954616	0.0020784968292550535	0.1915197456535231	1.5853370248866017	increase	FOXA2_HUMAN.H11MO.0.A
ISL1_chr5:51392398-51392614_Ledidi_run-6_target-10.88_10	1082	1097	0.6607165551445431	0.04575919742798208	0.06533377357353805	0.6607165551445431	addition	RFX6_MOUSE.H11MO.0.C
ISL1_chr5:51392398-51392614_Ledidi_run-6_target-10.88_10	1094	1108	0.49210583117254014	0.04624528289440415	0.048661004023141004	0.49210583117254014	addition	FOXA2_HUMAN.H11MO.0.A
ISL1_chr5:51392398-51392614_Ledidi_run-6_target-10.88_10	1098	1123	1.7397072843486452	0.005616071550537298	0.17202783994871101	1.7397072843486452	addition	RFX6_MOUSE.H11MO.0.C
ISL1_chr5:51392398-51392614_Ledidi_run-6_target-10.88_10	1128	1150	0.7206376519570767	0.03876256734186707	0.07125896394593863	0.7206376519570767	addition	ETV6_MOUSE.H11MO.0.C
ISL1_chr5:51392398-51392614_Ledidi_run-6_target-10.88_2	1011	1031	0.6751674470957474	0.04157803279634765	0.06756059049245268	0.2721144646952253	increase	FOXA2_HUMAN.H11MO.0.A
ISL1_chr5:51392398-51392614_Ledidi_run-6_target-10.88_2	1024	1040	0.5835894534570156	0.04589631419228254	0.058396843998215396	0.5835894534570156	addition	ETV6_MOUSE.H11MO.0.C
ISL1_chr5:51392398-51392614_Ledidi_run-6_target-10.88_2	1030	1045	0.499114469265027	0.03432639554286543	0.04994385972238729	0.499114469265027	addition	NFYB_HUMAN.H11MO.0.A
ISL1_chr5:51392398-51392614_Ledidi_run-6_target-10.88_2	1053	1067	0.46957073894767687	0.04352150009819771	0.046987568102914566	0.46957073894767687	addition	SP2_HUMAN.H11MO.0.A
ISL1_chr5:51392398-51392614_Ledidi_run-6_target-10.88_2	1058	1079	1.538785268461357	0.0013727426630138048	0.15397845649331723	1.538785268461357	addition	NDF2_MOUSE.H11MO.0.A
ISL1_chr5:51392398-51392614_Ledidi_run-6_target-10.88_2	1069	1099	2.023797511403014	0.012624659359276865	0.20251117777625013	1.6723067721941538	increase	FOXA2_HUMAN.H11MO.0.A
ISL1_chr5:51392398-51392614_Ledidi_run-6_target-10.88_2	1097	1123	1.78983392740379	0.03128588042916564	0.1790996256395007	1.78983392740379	addition	RFX6_MOUSE.H11MO.0.C
ISL1_chr5:51392398-51392614_Ledidi_run-6_target-10.88_2	1113	1128	0.6130404309110986	0.03177440233200031	0.06134385430793429	0.6130404309110986	addition	HNF4G_MA0484.1
ISL1_chr5:51392398-51392614_Ledidi_run-6_target-10.88_2	1131	1150	0.6514976575564315	0.03540025979293725	0.0651920744080546	0.6514976575564315	addition	ETV6_MOUSE.H11MO.0.C
ISL1_chr5:51392398-51392614_Ledidi_run-6_target-10.88_3	995	1018	0.8421779363536384	0.048758094963275454	0.08293871453999384	0.8421779363536384	addition	FOXA2_HUMAN.H11MO.0.A
ISL1_chr5:51392398-51392614_Ledidi_run-6_target-10.88_3	1011	1033	1.172671190924106	0.017837738624264014	0.11548609498656913	0.7696182085235841	increase	FOXA2_HUMAN.H11MO.0.A
ISL1_chr5:51392398-51392614_Ledidi_run-6_target-10.88_3	1024	1043	0.7352332161238064	0.03432639554286543	0.0724066675225842	0.7352332161238064	addition	MEOX2_MA0706.1
ISL1_chr5:51392398-51392614_Ledidi_run-6_target-10.88_3	1058	1079	1.429625687137194	0.0007294204729301245	0.14079128845133396	1.429625687137194	addition	NDF2_MOUSE.H11MO.0.A
ISL1_chr5:51392398-51392614_Ledidi_run-6_target-10.88_3	1069	1097	1.8963870601477026	0.013950928018901005	0.18675852008177457	1.5448963209388427	increase	FOXA2_HUMAN.H11MO.0.A
ISL1_chr5:51392398-51392614_Ledidi_run-6_target-10.88_3	1098	1123	1.0191554566442118	0.021457211786353493	0.1003676774726113	1.0191554566442118	addition	ZNF76_HUMAN.H11MO.0.C
ISL1_chr5:51392398-51392614_Ledidi_run-6_target-10.88_3	1133	1149	0.3627081898724924	0.044784914079166925	0.03571994672693561	0.3627081898724924	addition	ETV6_MOUSE.H11MO.0.C
ISL1_chr5:51392398-51392614_Ledidi_run-6_target-10.88_4	995	1016	0.7360523761048896	0.03793350801322296	0.06966899534363638	0.7360523761048896	addition	FOXA2_HUMAN.H11MO.0.A
ISL1_chr5:51392398-51392614_Ledidi_run-6_target-10.88_4	1010	1032	1.0627706775610446	0.040328026075753344	0.1005936096262292	0.6597176951605226	increase	FOXA2_HUMAN.H11MO.0.A
ISL1_chr5:51392398-51392614_Ledidi_run-6_target-10.88_4	1023	1045	0.8850336855257805	0.03851923235268358	0.0837704078100419	0.8850336855257805	addition	MEOX2_MA0706.1
ISL1_chr5:51392398-51392614_Ledidi_run-6_target-10.88_4	1043	1057	0.3247858633963161	0.02872214971742666	0.03074170471995376	0.3247858633963161	addition	ARNTL_bHLH_1
ISL1_chr5:51392398-51392614_Ledidi_run-6_target-10.88_4	1053	1067	0.4159273202661429	0.04157803279634765	0.03936844643075199	0.4159273202661429	addition	SP2_HUMAN.H11MO.0.A
ISL1_chr5:51392398-51392614_Ledidi_run-6_target-10.88_4	1058	1081	1.6823501874406341	0.006583360706463241	0.15923818899331274	1.6823501874406341	addition	NDF2_MOUSE.H11MO.0.A
ISL1_chr5:51392398-51392614_Ledidi_run-6_target-10.88_4	1071	1092	1.6176020068099706	1.8599477005871105e-06	0.15310962961179422	1.2661112676011106	increase	FOXA2_HUMAN.H11MO.0.A
ISL1_chr5:51392398-51392614_Ledidi_run-6_target-10.88_4	1082	1097	0.6943114941217532	0.021044739073579583	0.06571812797749665	0.6943114941217532	addition	RFX6_MOUSE.H11MO.0.C
ISL1_chr5:51392398-51392614_Ledidi_run-6_target-10.88_4	1098	1123	1.570094980668416	0.008327306644069232	0.1486129838695973	1.570094980668416	addition	RFX6_MOUSE.H11MO.0.C
ISL1_chr5:51392398-51392614_Ledidi_run-6_target-10.88_4	1114	1128	0.4668158878495632	0.03406276995681486	0.04418516259540223	0.4668158878495632	addition	JUN+JUNB_MA1133.1
ISL1_chr5:51392398-51392614_Ledidi_run-6_target-10.88_4	1133	1149	0.37730054886024256	0.046752993653437686	0.035712336560611596	0.37730054886024256	addition	ETV6_MOUSE.H11MO.0.C
ISL1_chr5:51392398-51392614_Ledidi_run-6_target-10.88_5	996	1016	0.733993488642295	0.03128588042916564	0.0761156721282268	0.733993488642295	addition	FOXA2_HUMAN.H11MO.0.A
ISL1_chr5:51392398-51392614_Ledidi_run-6_target-10.88_5	1011	1032	0.8854511464800132	0.018424025822484025	0.09182194419149729	0.48239816407949115	increase	FOXA2_HUMAN.H11MO.0.A
ISL1_chr5:51392398-51392614_Ledidi_run-6_target-10.88_5	1053	1067	0.5058546921380866	0.01769384179489903	0.05245750880233221	0.5058546921380866	addition	SP2_HUMAN.H11MO.0.A
ISL1_chr5:51392398-51392614_Ledidi_run-6_target-10.88_5	1058	1079	1.4541343041647417	0.001021504462593179	0.1507948117236647	1.4541343041647417	addition	NDF2_MOUSE.H11MO.0.A
ISL1_chr5:51392398-51392614_Ledidi_run-6_target-10.88_5	1069	1097	1.8285707821295647	0.026562382168414056	0.18962415371460975	1.4770800429207047	increase	FOXA2_HUMAN.H11MO.0.A
ISL1_chr5:51392398-51392614_Ledidi_run-6_target-10.88_5	1098	1122	1.0706840153650452	0.02304859342677061	0.11103073082733488	1.0706840153650452	addition	ZNF76_HUMAN.H11MO.0.C
ISL1_chr5:51392398-51392614_Ledidi_run-6_target-10.88_5	1129	1150	0.5918300131415926	0.02286655598660098	0.06137321370419285	0.5918300131415926	addition	ETV6_MOUSE.H11MO.0.C
ISL1_chr5:51392398-51392614_Ledidi_run-6_target-10.88_6	997	1016	0.5295171492376878	0.019492485683982996	0.051962090079050643	0.5295171492376878	addition	FOXA2_HUMAN.H11MO.0.A
ISL1_chr5:51392398-51392614_Ledidi_run-6_target-10.88_6	1011	1032	0.93919919723787	0.009311087800832092	0.09216463217348954	0.5361462148373479	increase	FOXA2_HUMAN.H11MO.0.A
ISL1_chr5:51392398-51392614_Ledidi_run-6_target-10.88_6	1024	1046	0.8747984834719895	0.04286440117339201	0.0858449205368118	0.8747984834719895	addition	MEOX2_MA0706.1
ISL1_chr5:51392398-51392614_Ledidi_run-6_target-10.88_6	1053	1067	0.49759813400850206	0.03650576667085745	0.04882984262122744	0.49759813400850206	addition	SP2_HUMAN.H11MO.0.A
ISL1_chr5:51392398-51392614_Ledidi_run-6_target-10.88_6	1058	1079	1.5671249992575	0.0003276989076248833	0.15378366969564927	1.5671249992575	addition	NDF2_MOUSE.H11MO.0.A
ISL1_chr5:51392398-51392614_Ledidi_run-6_target-10.88_6	1069	1098	1.8619771147224875	0.02698190734312794	0.1827178264190853	1.5104863755136275	increase	FOXA2_HUMAN.H11MO.0.A
ISL1_chr5:51392398-51392614_Ledidi_run-6_target-10.88_6	1098	1122	1.0280016346731218	0.010226322809106769	0.10087891132364135	1.0280016346731218	addition	ZNF76_HUMAN.H11MO.0.C
ISL1_chr5:51392398-51392614_Ledidi_run-6_target-10.88_6	1131	1150	0.6114546049312555	0.048758094963275454	0.06000270115222711	0.6114546049312555	addition	ETV6_MOUSE.H11MO.0.C
ISL1_chr5:51392398-51392614_Ledidi_run-6_target-10.88_7	1010	1032	0.8305059901236925	0.049127257957482524	0.08302339285561758	0.42745300772317046	increase	FOXA2_HUMAN.H11MO.0.A
ISL1_chr5:51392398-51392614_Ledidi_run-6_target-10.88_7	1028	1043	0.4400376628550613	0.0448640872989144	0.043989351297806296	0.4400376628550613	addition	NFYB_HUMAN.H11MO.0.A
ISL1_chr5:51392398-51392614_Ledidi_run-6_target-10.88_7	1053	1067	0.46353303139531743	0.04554980170166938	0.04633811847805827	0.46353303139531743	addition	SP2_HUMAN.H11MO.0.A
ISL1_chr5:51392398-51392614_Ledidi_run-6_target-10.88_7	1058	1079	1.4635593649274776	0.003360316086181123	0.14630799243699005	1.4635593649274776	addition	NDF2_MOUSE.H11MO.0.A
ISL1_chr5:51392398-51392614_Ledidi_run-6_target-10.88_7	1069	1096	1.8960556166559166	0.015402859906307144	0.1895434496676891	1.5445648774470566	increase	FOXA2_HUMAN.H11MO.0.A
ISL1_chr5:51392398-51392614_Ledidi_run-6_target-10.88_7	1097	1123	1.6582751358211292	0.029862159864615646	0.1657731909236143	1.6582751358211292	addition	RFX6_MOUSE.H11MO.0.C
ISL1_chr5:51392398-51392614_Ledidi_run-6_target-10.88_7	1114	1130	0.5368320586033386	0.04950131967956961	0.05366562003035868	0.5368320586033386	addition	FOXD2_forkhead_1
ISL1_chr5:51392398-51392614_Ledidi_run-6_target-10.88_7	1132	1150	0.5445824582997236	0.015151753311056958	0.05444040610828353	0.5445824582997236	addition	ETV6_MOUSE.H11MO.0.C
ISL1_chr5:51392398-51392614_Ledidi_run-6_target-10.88_8	996	1016	0.6381884973058332	0.0431917794291362	0.060530399599062285	0.6381884973058332	addition	FOXA2_HUMAN.H11MO.0.A
ISL1_chr5:51392398-51392614_Ledidi_run-6_target-10.88_8	1009	1033	1.2318443629581606	0.03567363531992702	0.11683700324980496	0.8287913805576386	increase	FOXA2_HUMAN.H11MO.0.A
ISL1_chr5:51392398-51392614_Ledidi_run-6_target-10.88_8	1023	1038	0.8401382247218834	0.025822880328996038	0.07968476817671652	0.8401382247218834	addition	MEOX2_MA0706.1
ISL1_chr5:51392398-51392614_Ledidi_run-6_target-10.88_8	1028	1045	0.7600317144512343	0.009884285565796883	0.07208688902715689	0.7600317144512343	addition	MEOX2_MA0706.1
ISL1_chr5:51392398-51392614_Ledidi_run-6_target-10.88_8	1036	1051	0.6491508497201719	0.03822531123050392	0.061570148160791184	0.6491508497201719	addition	ARNTL_bHLH_1
ISL1_chr5:51392398-51392614_Ledidi_run-6_target-10.88_8	1042	1060	0.6735002805337968	0.03485942775149378	0.06387962378340198	0.6735002805337968	addition	ARNTL_bHLH_1
ISL1_chr5:51392398-51392614_Ledidi_run-6_target-10.88_8	1052	1081	2.010227939232073	0.03406276995681486	0.1906645152029516	2.010227939232073	addition	NDF2_MOUSE.H11MO.0.A
ISL1_chr5:51392398-51392614_Ledidi_run-6_target-10.88_8	1071	1096	1.72996166816543	2.6533631169837625e-05	0.16408204081894026	1.37847092895657	increase	FOXA2_HUMAN.H11MO.0.A
ISL1_chr5:51392398-51392614_Ledidi_run-6_target-10.88_8	1098	1123	1.087311867245253	0.021628895742405483	0.10312849901087706	1.087311867245253	addition	ZNF76_HUMAN.H11MO.0.C
ISL1_chr5:51392398-51392614_Ledidi_run-6_target-10.88_8	1115	1130	0.26879230041245705	0.03406276995681486	0.025494200258705458	0.26879230041245705	addition	FOXD2_forkhead_1
ISL1_chr5:51392398-51392614_Ledidi_run-6_target-10.88_8	1131	1150	0.5678085128776322	0.02940119156421724	0.05385505430656755	0.5678085128776322	addition	ETV6_MOUSE.H11MO.0.C
ISL1_chr5:51392398-51392614_Ledidi_run-6_target-10.88_9	1011	1032	0.893691125409469	0.012005853811777855	0.08634388187671241	0.490638143008947	increase	FOXA2_HUMAN.H11MO.0.A
ISL1_chr5:51392398-51392614_Ledidi_run-6_target-10.88_9	1023	1046	0.8972048067417748	0.04695064795138151	0.08668335585970627	0.8972048067417748	addition	MEOX2_MA0706.1
ISL1_chr5:51392398-51392614_Ledidi_run-6_target-10.88_9	1052	1081	2.0608817962025	0.045205730885551756	0.1991118959491126	2.0608817962025	addition	NDF2_MOUSE.H11MO.0.A
ISL1_chr5:51392398-51392614_Ledidi_run-6_target-10.88_9	1071	1097	1.9298213981916579	1.9030343392495973e-06	0.18644950823727513	1.578330658982798	increase	FOXA2_HUMAN.H11MO.0.A
ISL1_chr5:51392398-51392614_Ledidi_run-6_target-10.88_9	1098	1123	1.242515743412267	0.02474804221978688	0.12004553869771208	1.242515743412267	addition	ZNF76_HUMAN.H11MO.0.C
ISL1_chr5:51392398-51392614_Ledidi_run-6_target-10.88_9	1114	1130	0.49581557102506313	0.046752993653437686	0.047903173568617334	0.49581557102506313	addition	FOXD2_forkhead_1
ISL1_chr5:51392398-51392614_Ledidi_run-6_target-10.88_9	1132	1150	0.5529388324084064	0.021976064048050057	0.053422131957105434	0.5529388324084064	addition	ETV6_MOUSE.H11MO.0.C
ISL1_chr5:51392398-51392614_Ledidi_run-6_target-5.87_1	1011	1025	0.4866596876039534	0.0498733870590643	0.09404072034358088	0.4866596876039534	addition	FOXA2_HUMAN.H11MO.0.A
ISL1_chr5:51392398-51392614_Ledidi_run-6_target-5.87_1	1015	1032	0.4399373559062772	0.022370952942964574	0.08501223115308747	0.03688437350575513	increase	FOXA2_HUMAN.H11MO.0.A
ISL1_chr5:51392398-51392614_Ledidi_run-6_target-5.87_1	1071	1089	0.4569867386207662	0.03851923235268358	0.08830680490292464	0.10549599941190624	increase	FOXA2_HUMAN.H11MO.0.A
ISL1_chr5:51392398-51392614_Ledidi_run-6_target-5.87_10	999	1014	0.3114635842071073	0.048758094963275454	0.05705384744986667	0.3114635842071073	addition	FOXA2_HUMAN.H11MO.0.A
ISL1_chr5:51392398-51392614_Ledidi_run-6_target-5.87_10	1011	1031	0.5805088703841761	0.040948540118391635	0.10633751813557096	0.17745588798365403	increase	FOXA2_HUMAN.H11MO.0.A
ISL1_chr5:51392398-51392614_Ledidi_run-6_target-5.87_10	1071	1087	0.4188947235409666	0.029173201786239084	0.07673306564971782	0.06740398433210659	increase	FOXA2_HUMAN.H11MO.0.A
ISL1_chr5:51392398-51392614_Ledidi_run-6_target-5.87_2	997	1015	0.4256070553550666	0.04554980170166938	0.07642197100286548	0.4256070553550666	addition	FOXA2_HUMAN.H11MO.0.A
ISL1_chr5:51392398-51392614_Ledidi_run-6_target-5.87_2	1011	1031	0.5850428803598822	0.03485942775149378	0.10505025580695784	0.1819898979593601	increase	FOXA2_HUMAN.H11MO.0.A
ISL1_chr5:51392398-51392614_Ledidi_run-6_target-5.87_2	1071	1089	0.4576333219137121	0.022685843285046595	0.08217260502896964	0.1061425827048521	increase	FOXA2_HUMAN.H11MO.0.A
ISL1_chr5:51392398-51392614_Ledidi_run-6_target-5.87_3	1000	1014	0.38799188580787014	0.029173201786239084	0.07320320768368606	0.38799188580787014	addition	FOXA2_HUMAN.H11MO.0.A
ISL1_chr5:51392398-51392614_Ledidi_run-6_target-5.87_3	1012	1031	0.589083412409667	0.040328026075753344	0.11114354954060389	0.18603043000914493	increase	FOXA2_HUMAN.H11MO.0.A
ISL1_chr5:51392398-51392614_Ledidi_run-6_target-5.87_3	1072	1089	0.40538673287060467	0.03707066464076151	0.07648512838547586	0.05389599366174469	increase	FOXA2_HUMAN.H11MO.0.A
ISL1_chr5:51392398-51392614_Ledidi_run-6_target-5.87_4	1013	1031	0.4517466483812784	0.01804514407909901	0.08626262682336538	0.04869366598075636	increase	FOXA2_HUMAN.H11MO.0.A
ISL1_chr5:51392398-51392614_Ledidi_run-6_target-5.87_4	1072	1087	0.4081760680709221	0.04730707420613627	0.07794266977828838	0.05668532886206212	increase	FOXA2_HUMAN.H11MO.0.A
ISL1_chr5:51392398-51392614_Ledidi_run-6_target-5.87_5	997	1014	0.3619262987144535	0.03380105311733138	0.06661706961955838	0.3619262987144535	addition	FOXA2_HUMAN.H11MO.0.A
ISL1_chr5:51392398-51392614_Ledidi_run-6_target-5.87_5	1012	1032	0.5988100139939981	0.03650576667085745	0.11021848518004326	0.19575703159347607	increase	FOXA2_HUMAN.H11MO.0.A
ISL1_chr5:51392398-51392614_Ledidi_run-6_target-5.87_5	1071	1090	0.5775845054449713	0.014301773721714803	0.10631166441088818	0.22609376623611133	increase	FOXA2_HUMAN.H11MO.0.A
ISL1_chr5:51392398-51392614_Ledidi_run-6_target-5.87_6	1012	1030	0.5095070751662161	0.026148895682375883	0.09996770102547323	0.10645409276569401	increase	FOXA2_HUMAN.H11MO.0.A
ISL1_chr5:51392398-51392614_Ledidi_run-6_target-5.87_6	1074	1089				-0.35149073920886	removal	FOXA2_HUMAN.H11MO.0.A
ISL1_chr5:51392398-51392614_Ledidi_run-6_target-5.87_7	997	1016	0.4855909454950418	0.03459194355839432	0.08851694515392787	0.4855909454950418	addition	FOXA2_HUMAN.H11MO.0.A
ISL1_chr5:51392398-51392614_Ledidi_run-6_target-5.87_7	1011	1032	0.5991338494084513	0.039716378487932046	0.1092143471371442	0.1960808670079292	increase	FOXA2_HUMAN.H11MO.0.A
ISL1_chr5:51392398-51392614_Ledidi_run-6_target-5.87_7	1071	1087	0.46827347426548926	0.024169142632964005	0.08536019426050193	0.11678273505662928	increase	FOXA2_HUMAN.H11MO.0.A
ISL1_chr5:51392398-51392614_Ledidi_run-6_target-5.87_8	997	1014	0.35059667774037107	0.04107583660088764	0.06562701237697001	0.35059667774037107	addition	FOXA2_HUMAN.H11MO.0.A
ISL1_chr5:51392398-51392614_Ledidi_run-6_target-5.87_8	1012	1032	0.6119840090763101	0.03252062335264242	0.11455522738267526	0.20893102667578806	increase	FOXA2_HUMAN.H11MO.0.A
ISL1_chr5:51392398-51392614_Ledidi_run-6_target-5.87_8	1071	1087	0.46564747251391814	0.022427980325434683	0.0871629835140815	0.11415673330505816	increase	FOXA2_HUMAN.H11MO.0.A
ISL1_chr5:51392398-51392614_Ledidi_run-6_target-5.87_9	999	1015	0.3855587355540857	0.03252062335264242	0.0708611862399765	0.3855587355540857	addition	FOXA2_HUMAN.H11MO.0.A
ISL1_chr5:51392398-51392614_Ledidi_run-6_target-5.87_9	1013	1031	0.49829487927035054	0.013835731196489563	0.0915807709340558	0.09524189686982848	increase	FOXA2_HUMAN.H11MO.0.A
ISL1_chr5:51392398-51392614_Ledidi_run-6_target-5.87_9	1071	1089	0.47907639791407197	0.0373561988327741	0.08804863883314601	0.127585658705212	increase	FOXA2_HUMAN.H11MO.0.A
ISL1_chr5:51392398-51392614_Ledidi_run-6_target-6.42_1	1011	1032	0.8030845870565009	0.01996752521216228	0.14430019328568405	0.4000316046559788	increase	FOXA2_HUMAN.H11MO.0.A
ISL1_chr5:51392398-51392614_Ledidi_run-6_target-6.42_1	1028	1042	0.4398395740679084	0.041262157128128175	0.07903144522461965	0.4398395740679084	addition	NFYB_HUMAN.H11MO.0.A
ISL1_chr5:51392398-51392614_Ledidi_run-6_target-6.42_1	1053	1067	0.24034944054473084	0.04659672254190507	0.043186572480279226	0.24034944054473084	addition	SP2_HUMAN.H11MO.0.A
ISL1_chr5:51392398-51392614_Ledidi_run-6_target-6.42_1	1072	1089	0.4255713485540462	0.033027218663415445	0.0764676957358635	0.07408060934518623	increase	FOXA2_HUMAN.H11MO.0.A
ISL1_chr5:51392398-51392614_Ledidi_run-6_target-6.42_10	1011	1032	0.8251720502901159	0.02940119156421724	0.1473100014339119	0.4221190678895938	increase	FOXA2_HUMAN.H11MO.0.A
ISL1_chr5:51392398-51392614_Ledidi_run-6_target-6.42_10	1071	1090	0.5082852598824326	0.0448640872989144	0.09073926138893403	0.15679452067357258	increase	FOXA2_HUMAN.H11MO.0.A
ISL1_chr5:51392398-51392614_Ledidi_run-6_target-6.42_2	1011	1032	0.8925552322492141	0.019492485683982996	0.1512071098577725	0.489502249848692	increase	FOXA2_HUMAN.H11MO.0.A
ISL1_chr5:51392398-51392614_Ledidi_run-6_target-6.42_2	1022	1040	0.7269222701573992	0.04452485662729606	0.12314735446092953	0.7269222701573992	addition	ETV6_MOUSE.H11MO.0.C
ISL1_chr5:51392398-51392614_Ledidi_run-6_target-6.42_2	1071	1089	0.5169101053740999	0.02677138457031075	0.08756935175085138	0.1654193661652399	increase	FOXA2_HUMAN.H11MO.0.A
ISL1_chr5:51392398-51392614_Ledidi_run-6_target-6.42_3	1011	1032	0.8635512984181449	0.025741363357414056	0.14430452941046176	0.46049831601762287	increase	FOXA2_HUMAN.H11MO.0.A
ISL1_chr5:51392398-51392614_Ledidi_run-6_target-6.42_3	1024	1045	0.6996847734686429	0.04695064795138151	0.11692146390841036	0.6996847734686429	addition	ETV6_MOUSE.H11MO.0.C
ISL1_chr5:51392398-51392614_Ledidi_run-6_target-6.42_3	1071	1090	0.5305703880070696	0.030655828011284136	0.08866144987649933	0.1790796487982096	increase	FOXA2_HUMAN.H11MO.0.A
ISL1_chr5:51392398-51392614_Ledidi_run-6_target-6.42_4	1011	1032	0.8222335556603786	0.016990013813824208	0.14941885920191145	0.4191805732598565	increase	FOXA2_HUMAN.H11MO.0.A
ISL1_chr5:51392398-51392614_Ledidi_run-6_target-6.42_4	1072	1089	0.40085561592298036	0.03707066464076151	0.07284473909336647	0.049364876714120376	increase	FOXA2_HUMAN.H11MO.0.A
ISL1_chr5:51392398-51392614_Ledidi_run-6_target-6.42_5	985	1000	0.35497212476280116	0.04839151109639871	0.059081552941663215	0.35497212476280116	addition	ETV6_MOUSE.H11MO.0.C
ISL1_chr5:51392398-51392614_Ledidi_run-6_target-6.42_5	1011	1032	0.7506029775384342	0.018573313143212488	0.12493034371428567	0.3475499951379121	increase	FOXA2_HUMAN.H11MO.0.A
ISL1_chr5:51392398-51392614_Ledidi_run-6_target-6.42_5	1072	1089	0.44466731902745416	0.04002110100333834	0.07401041917897966	0.09317657981859417	increase	FOXA2_HUMAN.H11MO.0.A
ISL1_chr5:51392398-51392614_Ledidi_run-6_target-6.42_6	1000	1016	0.430025630216235	0.040948540118391635	0.07007624764398422	0.430025630216235	addition	ETV6_MOUSE.H11MO.0.C
ISL1_chr5:51392398-51392614_Ledidi_run-6_target-6.42_6	1011	1032	0.9310582243480615	0.013383563189678808	0.15172366974399876	0.5280052419475394	increase	FOXA2_HUMAN.H11MO.0.A
ISL1_chr5:51392398-51392614_Ledidi_run-6_target-6.42_6	1025	1042	0.5893464349915096	0.040948540118391635	0.09603889588115319	0.5893464349915096	addition	ETV6_MOUSE.H11MO.0.C
ISL1_chr5:51392398-51392614_Ledidi_run-6_target-6.42_6	1071	1089	0.4703629051031286	0.03851923235268358	0.0766495415726183	0.11887216589426863	increase	FOXA2_HUMAN.H11MO.0.A
ISL1_chr5:51392398-51392614_Ledidi_run-6_target-6.42_7	1011	1032	0.8293230516530488	0.013162578273640443	0.14455949617075428	0.4262700692525267	increase	FOXA2_HUMAN.H11MO.0.A
ISL1_chr5:51392398-51392614_Ledidi_run-6_target-6.42_7	1025	1040	0.4578809333366147	0.04107583660088764	0.07981333317264053	0.4578809333366147	addition	ETV6_MOUSE.H11MO.0.C
ISL1_chr5:51392398-51392614_Ledidi_run-6_target-6.42_7	1071	1089	0.47489487060262525	0.048758094963275454	0.08277903657875332	0.12340413139376527	increase	FOXA2_HUMAN.H11MO.0.A
ISL1_chr5:51392398-51392614_Ledidi_run-6_target-6.42_8	1011	1032	0.7231746686852563	0.041896181077629685	0.1350104675768421	0.3201216862847342	increase	FOXA2_HUMAN.H11MO.0.A
ISL1_chr5:51392398-51392614_Ledidi_run-6_target-6.42_8	1072	1089	0.4223228015178251	0.028057710553803093	0.07884402118915908	0.0708320623089651	increase	FOXA2_HUMAN.H11MO.0.A
ISL1_chr5:51392398-51392614_Ledidi_run-6_target-6.42_9	1010	1032	0.8759926493849193	0.048758094963275454	0.1579097201110046	0.4729396669843972	increase	FOXA2_HUMAN.H11MO.0.A
ISL1_chr5:51392398-51392614_Ledidi_run-6_target-6.42_9	1072	1089	0.4644940272587308	0.030429599909947893	0.0837314352913362	0.11300328804987081	increase	FOXA2_HUMAN.H11MO.0.A
ISL1_chr5:51392398-51392614_Ledidi_run-6_target-7.64_1	986	1000	0.34367306546078924	0.041262157128128175	0.0518795707926603	0.34367306546078924	addition	FOXD2_forkhead_1
ISL1_chr5:51392398-51392614_Ledidi_run-6_target-7.64_1	1011	1032	0.7504488184093738	0.03707066464076151	0.11328488180689089	0.34739583600885177	increase	FOXA2_HUMAN.H11MO.0.A
ISL1_chr5:51392398-51392614_Ledidi_run-6_target-7.64_1	1028	1045	0.5333333743930753	0.02872214971742666	0.08050996523633827	0.5333333743930753	addition	NFYB_HUMAN.H11MO.0.A
ISL1_chr5:51392398-51392614_Ledidi_run-6_target-7.64_1	1071	1090	0.6278680052659968	0.01769384179489903	0.09478055134745528	0.27637726605713686	increase	FOXA2_HUMAN.H11MO.0.A
ISL1_chr5:51392398-51392614_Ledidi_run-6_target-7.64_10	1011	1032	0.7783991698797894	0.03380105311733138	0.12509680259813954	0.37534618747926735	increase	FOXA2_HUMAN.H11MO.0.A
ISL1_chr5:51392398-51392614_Ledidi_run-6_target-7.64_10	1025	1042	0.4657686236061107	0.03851923235268358	0.07485383825969266	0.4657686236061107	addition	NFYB_HUMAN.H11MO.0.A
ISL1_chr5:51392398-51392614_Ledidi_run-6_target-7.64_10	1071	1087	0.45881206126782415	0.02635488941340899	0.0737358466953791	0.10732132205896416	increase	FOXA2_HUMAN.H11MO.0.A
ISL1_chr5:51392398-51392614_Ledidi_run-6_target-7.64_2	986	1001	0.38627386973167926	0.048109042231787795	0.05589552722756347	0.38627386973167926	addition	FOXD2_forkhead_1
ISL1_chr5:51392398-51392614_Ledidi_run-6_target-7.64_2	994	1008	0.4712771453865212	0.03650576667085745	0.06819587493707263	0.4712771453865212	addition	JUN+JUNB_MA1133.1
ISL1_chr5:51392398-51392614_Ledidi_run-6_target-7.64_2	1000	1014	0.46631525242526006	0.04253935132010999	0.06747786721030331	0.46631525242526006	addition	ETV6_MOUSE.H11MO.0.C
ISL1_chr5:51392398-51392614_Ledidi_run-6_target-7.64_2	1010	1033	1.1924102060330817	0.028277587506706697	0.1725469993195362	0.7893572236325597	increase	FOXA2_HUMAN.H11MO.0.A
ISL1_chr5:51392398-51392614_Ledidi_run-6_target-7.64_2	1023	1040	0.8214548412637144	0.03683740997842484	0.11886812710879086	0.8214548412637144	addition	ETV6_MOUSE.H11MO.0.C
ISL1_chr5:51392398-51392614_Ledidi_run-6_target-7.64_2	1031	1045	0.4484398656174773	0.04286440117339201	0.06489122014895354	0.4484398656174773	addition	NFYB_HUMAN.H11MO.0.A
ISL1_chr5:51392398-51392614_Ledidi_run-6_target-7.64_2	1071	1090	0.5957260052040194	0.017837738624264014	0.08620417209991256	0.24423526599515943	increase	FOXA2_HUMAN.H11MO.0.A
ISL1_chr5:51392398-51392614_Ledidi_run-6_target-7.64_3	1011	1032	0.8991555356523914	0.028277587506706697	0.12897350286067868	0.4961025532518693	increase	FOXA2_HUMAN.H11MO.0.A
ISL1_chr5:51392398-51392614_Ledidi_run-6_target-7.64_3	1026	1040	0.4091183426188014	0.03941384448049547	0.0586833129974756	0.4091183426188014	addition	NFYB_HUMAN.H11MO.0.A
ISL1_chr5:51392398-51392614_Ledidi_run-6_target-7.64_3	1070	1092	1.005443567055765	0.009471636751927517	0.14421929647336296	0.6539528278469051	increase	FOXA2_HUMAN.H11MO.0.A
ISL1_chr5:51392398-51392614_Ledidi_run-6_target-7.64_4	985	1001	0.3763180676887077	0.03056627161134241	0.05807861282794581	0.3763180676887077	addition	ETV6_MOUSE.H11MO.0.C
ISL1_chr5:51392398-51392614_Ledidi_run-6_target-7.64_4	1011	1032	0.8169123922146435	0.01604714572790736	0.12607722725934106	0.41385940981412145	increase	FOXA2_HUMAN.H11MO.0.A
ISL1_chr5:51392398-51392614_Ledidi_run-6_target-7.64_4	1071	1090	0.57880521659995	0.018424025822484025	0.08932923227462816	0.22731447739109	increase	FOXA2_HUMAN.H11MO.0.A
ISL1_chr5:51392398-51392614_Ledidi_run-6_target-7.64_5	985	1001	0.45567799285567134	0.0498733870590643	0.0672413059128098	0.45567799285567134	addition	ETV6_MOUSE.H11MO.0.C
ISL1_chr5:51392398-51392614_Ledidi_run-6_target-7.64_5	994	1008	0.5097835905635733	0.04253935132010999	0.07522530141865547	0.5097835905635733	addition	JUN+JUNB_MA1133.1
ISL1_chr5:51392398-51392614_Ledidi_run-6_target-7.64_5	999	1015	0.5399358007290548	0.04253935132010999	0.07967465824402808	0.5399358007290548	addition	ETV6_MOUSE.H11MO.0.C
ISL1_chr5:51392398-51392614_Ledidi_run-6_target-7.64_5	1011	1032	0.8034692729421145	0.012730601424875655	0.11856250251382132	0.4004162905415924	increase	FOXA2_HUMAN.H11MO.0.A
ISL1_chr5:51392398-51392614_Ledidi_run-6_target-7.64_5	1028	1042	0.38466509317337727	0.0448640872989144	0.05676241470858784	0.38466509317337727	addition	NFYB_HUMAN.H11MO.0.A
ISL1_chr5:51392398-51392614_Ledidi_run-6_target-7.64_5	1070	1090	0.6763651484184421	0.02128678322634035	0.09980661029634674	0.3248744092095821	increase	FOXA2_HUMAN.H11MO.0.A
ISL1_chr5:51392398-51392614_Ledidi_run-6_target-7.64_6	997	1014	0.5900328677948471	0.032045820542122544	0.08220036528736777	0.5900328677948471	addition	ETV6_MOUSE.H11MO.0.C
ISL1_chr5:51392398-51392614_Ledidi_run-6_target-7.64_6	1010	1033	1.1763048852838476	0.03459194355839432	0.16387678812033113	0.7732519028833256	increase	FOXA2_HUMAN.H11MO.0.A
ISL1_chr5:51392398-51392614_Ledidi_run-6_target-7.64_6	1023	1042	0.8753029651663546	0.03525763983357266	0.12194273810998509	0.8753029651663546	addition	ETV6_MOUSE.H11MO.0.C
ISL1_chr5:51392398-51392614_Ledidi_run-6_target-7.64_6	1043	1057	0.29979140129537774	0.0498733870590643	0.041765406711309176	0.29979140129537774	addition	ARNTL_bHLH_1
ISL1_chr5:51392398-51392614_Ledidi_run-6_target-7.64_6	1071	1089	0.5204418922544805	0.013950928018901005	0.0725053060417676	0.16895115304562047	increase	FOXA2_HUMAN.H11MO.0.A
ISL1_chr5:51392398-51392614_Ledidi_run-6_target-7.64_7	995	1009	0.4793470568686595	0.04589631419228254	0.07339509191081538	0.4793470568686595	addition	JUN+JUNB_MA1133.1
ISL1_chr5:51392398-51392614_Ledidi_run-6_target-7.64_7	999	1016	0.5631989279260387	0.04452485662729606	0.08623404793435566	0.5631989279260387	addition	ETV6_MOUSE.H11MO.0.C
ISL1_chr5:51392398-51392614_Ledidi_run-6_target-7.64_7	1010	1032	0.8036516808566607	0.048758094963275454	0.12305090463279396	0.40059869845613866	increase	FOXA2_HUMAN.H11MO.0.A
ISL1_chr5:51392398-51392614_Ledidi_run-6_target-7.64_7	1031	1045	0.4110409459970623	0.039716378487932046	0.0629364206544591	0.4110409459970623	addition	NFYB_HUMAN.H11MO.0.A
ISL1_chr5:51392398-51392614_Ledidi_run-6_target-7.64_7	1071	1090	0.5684368285238834	0.03328329107543213	0.08703604763434311	0.21694608931502346	increase	FOXA2_HUMAN.H11MO.0.A
ISL1_chr5:51392398-51392614_Ledidi_run-6_target-7.64_8	994	1011	0.600096377971728	0.03380105311733138	0.08778966497244041	0.600096377971728	addition	ETV6_MOUSE.H11MO.0.C
ISL1_chr5:51392398-51392614_Ledidi_run-6_target-7.64_8	1010	1032	1.0301955025594203	0.035949002347687255	0.1507099881713788	0.6271425201588983	increase	FOXA2_HUMAN.H11MO.0.A
ISL1_chr5:51392398-51392614_Ledidi_run-6_target-7.64_8	1026	1040	0.414398028108512	0.03707066464076151	0.060623368825932424	0.414398028108512	addition	NFYB_HUMAN.H11MO.0.A
ISL1_chr5:51392398-51392614_Ledidi_run-6_target-7.64_8	1071	1090	0.7327914372148139	0.013607933731941467	0.10720197143198293	0.3813006980059539	increase	FOXA2_HUMAN.H11MO.0.A
ISL1_chr5:51392398-51392614_Ledidi_run-6_target-7.64_9	985	1000	0.3853214069175639	0.045205730885551756	0.05549594736904035	0.3853214069175639	addition	ETV6_MOUSE.H11MO.0.C
ISL1_chr5:51392398-51392614_Ledidi_run-6_target-7.64_9	995	1009	0.41200177357230117	0.04624528289440415	0.05933858937406856	0.41200177357230117	addition	JUN+JUNB_MA1133.1
ISL1_chr5:51392398-51392614_Ledidi_run-6_target-7.64_9	1010	1033	1.1057782350215628	0.01996752521216228	0.15925980137853005	0.7027252526210408	increase	FOXA2_HUMAN.H11MO.0.A
ISL1_chr5:51392398-51392614_Ledidi_run-6_target-7.64_9	1024	1038	0.5716365476113581	0.04839151109639871	0.08233000085366869	0.5716365476113581	addition	ETV6_MOUSE.H11MO.0.C
ISL1_chr5:51392398-51392614_Ledidi_run-6_target-7.64_9	1028	1046	0.6042280524837627	0.037643808588512954	0.08702399502737869	0.6042280524837627	addition	NFYB_HUMAN.H11MO.0.A
ISL1_chr5:51392398-51392614_Ledidi_run-6_target-7.64_9	1070	1089	0.5318369359829735	0.026148895682375883	0.07659785851071911	0.18034619677411357	increase	FOXA2_HUMAN.H11MO.0.A
ISL1_chr5:51392398-51392614_Ledidi_run-7_target-10.88_1	952	982	1.41999332665993	0.0007655137424881635	0.14917383340486057	1.41999332665993	addition	RFX6_MOUSE.H11MO.0.C
ISL1_chr5:51392398-51392614_Ledidi_run-7_target-10.88_1	982	1002	0.8181040609063488	0.020567337796485785	0.08594386790291621	0.8181040609063488	addition	TAL1_HUMAN.H11MO.0.A
ISL1_chr5:51392398-51392614_Ledidi_run-7_target-10.88_1	994	1010	0.5560638612721682	0.024943831367036446	0.05841589269929253	0.5560638612721682	addition	ETV6_MOUSE.H11MO.0.C
ISL1_chr5:51392398-51392614_Ledidi_run-7_target-10.88_1	1009	1032	1.2864136736911882	0.04352150009819771	0.13514095837360324	1.2864136736911882	addition	MAFB_HUMAN.H11MO.0.B
ISL1_chr5:51392398-51392614_Ledidi_run-7_target-10.88_1	1013	1031				-0.40305298240052206	removal	FOXA2_HUMAN.H11MO.0.A
ISL1_chr5:51392398-51392614_Ledidi_run-7_target-10.88_1	1037	1057	0.7398845063544917	0.012519527988208795	0.07772670900459447	0.7398845063544917	addition	NDF2_MOUSE.H11MO.0.A
ISL1_chr5:51392398-51392614_Ledidi_run-7_target-10.88_1	1070	1091	0.8934836761809608	0.011415134027489077	0.0938626841114028	0.5419929369721008	increase	FOXA2_HUMAN.H11MO.0.A
ISL1_chr5:51392398-51392614_Ledidi_run-7_target-10.88_10	943	957	0.3648999258482187	0.04452485662729606	0.03846176788406349	0.3648999258482187	addition	ETV6_MOUSE.H11MO.0.C
ISL1_chr5:51392398-51392614_Ledidi_run-7_target-10.88_10	952	980	1.2360145589251432	0.010313528325908285	0.1302803911406551	1.2360145589251432	addition	RFX6_MOUSE.H11MO.0.C
ISL1_chr5:51392398-51392614_Ledidi_run-7_target-10.88_10	981	1002	0.8234780280518204	0.048027490240037725	0.08679755332625001	0.8234780280518204	addition	FOXD2_forkhead_1
ISL1_chr5:51392398-51392614_Ledidi_run-7_target-10.88_10	992	1011	0.7929624782712072	0.041896181077629685	0.08358110435112821	0.7929624782712072	addition	JUN+JUNB_MA1133.1
ISL1_chr5:51392398-51392614_Ledidi_run-7_target-10.88_10	1009	1033	1.6365057698244372	0.012624659359276865	0.17249360879864756	1.6365057698244372	addition	MAFB_HUMAN.H11MO.0.B
ISL1_chr5:51392398-51392614_Ledidi_run-7_target-10.88_10	1013	1031				-0.40305298240052206	removal	FOXA2_HUMAN.H11MO.0.A
ISL1_chr5:51392398-51392614_Ledidi_run-7_target-10.88_10	1023	1045	1.1363874218337702	0.04446442694330786	0.11977933167111707	1.1363874218337702	addition	MEOX2_MA0706.1
ISL1_chr5:51392398-51392614_Ledidi_run-7_target-10.88_10	1037	1056	0.6594147869464368	0.03941384448049547	0.069504696159907	0.6594147869464368	addition	NDF2_MOUSE.H11MO.0.A
ISL1_chr5:51392398-51392614_Ledidi_run-7_target-10.88_10	1071	1091	0.7397525755060146	0.01996752521216228	0.07797258874364711	0.3882618362971546	increase	FOXA2_HUMAN.H11MO.0.A
ISL1_chr5:51392398-51392614_Ledidi_run-7_target-10.88_2	952	977	1.3447668342561239	0.011036377949139078	0.14060887710154663	1.3447668342561239	addition	RFX6_MOUSE.H11MO.0.C
ISL1_chr5:51392398-51392614_Ledidi_run-7_target-10.88_2	968	1002	1.7823554721786574	0.005666136777456285	0.1863631636018664	1.7823554721786574	addition	FOXA2_HUMAN.H11MO.0.A
ISL1_chr5:51392398-51392614_Ledidi_run-7_target-10.88_2	995	1016	0.7173761995501438	0.03177440233200031	0.07500888578496069	0.7173761995501438	addition	ETV6_MOUSE.H11MO.0.C
ISL1_chr5:51392398-51392614_Ledidi_run-7_target-10.88_2	1010	1032	1.0936365145944285	0.020453172647154634	0.11435068024966168	0.6905835321939064	increase	FOXA2_HUMAN.H11MO.0.A
ISL1_chr5:51392398-51392614_Ledidi_run-7_target-10.88_2	1025	1046	0.8280890760685242	0.03650576667085745	0.08658502883918978	0.8280890760685242	addition	MEOX2_MA0706.1
ISL1_chr5:51392398-51392614_Ledidi_run-7_target-10.88_2	1037	1058	0.7525155547993423	0.014540103116617228	0.0786830582569456	0.7525155547993423	addition	NDF2_MOUSE.H11MO.0.A
ISL1_chr5:51392398-51392614_Ledidi_run-7_target-10.88_2	1053	1067	0.25664752074216945	0.0448640872989144	0.02683507563035217	0.25664752074216945	addition	SP2_HUMAN.H11MO.0.A
ISL1_chr5:51392398-51392614_Ledidi_run-7_target-10.88_2	1070	1091	0.8306783089146128	0.035949002347687255	0.08685575913515543	0.4791875697057528	increase	FOXA2_HUMAN.H11MO.0.A
ISL1_chr5:51392398-51392614_Ledidi_run-7_target-10.88_3	939	958	0.5402523180734287	0.03512886189237361	0.053009560917927905	0.5402523180734287	addition	RFX6_MOUSE.H11MO.0.C
ISL1_chr5:51392398-51392614_Ledidi_run-7_target-10.88_3	952	978	1.5220564758172985	0.003614319814189847	0.14934419117919936	1.5220564758172985	addition	RFX6_MOUSE.H11MO.0.C
ISL1_chr5:51392398-51392614_Ledidi_run-7_target-10.88_3	968	986	0.8134906971438904	0.023231964537215495	0.07981971242658444	0.8134906971438904	addition	FOXA2_HUMAN.H11MO.0.A
ISL1_chr5:51392398-51392614_Ledidi_run-7_target-10.88_3	980	1002	1.1225766714432308	0.016852326364993054	0.1101472302092496	1.1225766714432308	addition	TAL1_HUMAN.H11MO.0.A
ISL1_chr5:51392398-51392614_Ledidi_run-7_target-10.88_3	993	1011	0.8331641406386368	0.03380105311733138	0.08175007082859767	0.8331641406386368	addition	ETV6_MOUSE.H11MO.0.C
ISL1_chr5:51392398-51392614_Ledidi_run-7_target-10.88_3	1001	1016	0.5679067502349442	0.04418802463977276	0.0557230139791646	0.5679067502349442	addition	ETV6_MOUSE.H11MO.0.C
ISL1_chr5:51392398-51392614_Ledidi_run-7_target-10.88_3	1009	1032	1.4221760543367727	0.01933645676324567	0.13954392358227138	1.4221760543367727	addition	MAFB_HUMAN.H11MO.0.B
ISL1_chr5:51392398-51392614_Ledidi_run-7_target-10.88_3	1013	1031				-0.40305298240052206	removal	FOXA2_HUMAN.H11MO.0.A
ISL1_chr5:51392398-51392614_Ledidi_run-7_target-10.88_3	1023	1047	1.1930905699723793	0.015934650334815646	0.11706605438564757	1.1930905699723793	addition	MEOX2_MA0706.1
ISL1_chr5:51392398-51392614_Ledidi_run-7_target-10.88_3	1037	1056	0.742020466965668	0.02029009731337448	0.07280705298263944	0.742020466965668	addition	NDF2_MOUSE.H11MO.0.A
ISL1_chr5:51392398-51392614_Ledidi_run-7_target-10.88_3	1064	1079	0.5191029895837325	0.03793350801322296	0.05093438867073462	0.5191029895837325	addition	ARNTL_bHLH_1
ISL1_chr5:51392398-51392614_Ledidi_run-7_target-10.88_3	1070	1091	0.919223244956191	0.007770571329917375	0.09019419069675835	0.567732505747331	increase	FOXA2_HUMAN.H11MO.0.A
ISL1_chr5:51392398-51392614_Ledidi_run-7_target-10.88_4	952	978	1.4592973403533407	0.0049128957734863145	0.15857332668017554	1.4592973403533407	addition	RFX6_MOUSE.H11MO.0.C
ISL1_chr5:51392398-51392614_Ledidi_run-7_target-10.88_4	968	984	0.7954749360125466	0.009984047033610301	0.08643961953885741	0.7954749360125466	addition	FOXA2_HUMAN.H11MO.0.A
ISL1_chr5:51392398-51392614_Ledidi_run-7_target-10.88_4	975	989	0.4839731211919296	0.04063716777415878	0.0525905349985834	0.4839731211919296	addition	FOXA2_HUMAN.H11MO.0.A
ISL1_chr5:51392398-51392614_Ledidi_run-7_target-10.88_4	981	1002	0.8727595895926914	0.033027218663415445	0.09483769187177972	0.8727595895926914	addition	TAL1_HUMAN.H11MO.0.A
ISL1_chr5:51392398-51392614_Ledidi_run-7_target-10.88_4	994	1011	0.5854994448437076	0.03622637481763158	0.06362280816312743	0.5854994448437076	addition	ETV6_MOUSE.H11MO.0.C
ISL1_chr5:51392398-51392614_Ledidi_run-7_target-10.88_4	1009	1033	1.3328222692943825	0.03793350801322296	0.1448300187158956	1.3328222692943825	addition	MAFB_HUMAN.H11MO.0.B
ISL1_chr5:51392398-51392614_Ledidi_run-7_target-10.88_4	1013	1031				-0.40305298240052206	removal	FOXA2_HUMAN.H11MO.0.A
ISL1_chr5:51392398-51392614_Ledidi_run-7_target-10.88_4	1025	1045	0.7735473529705095	0.03128588042916564	0.08405687704157463	0.7735473529705095	addition	MEOX2_MA0706.1
ISL1_chr5:51392398-51392614_Ledidi_run-7_target-10.88_4	1037	1057	0.6931069721172101	0.028249794497624988	0.07531589024018744	0.6931069721172101	addition	NDF2_MOUSE.H11MO.0.A
ISL1_chr5:51392398-51392614_Ledidi_run-7_target-10.88_4	1071	1089	0.5223457060720369	0.023416678294447074	0.05676025988568741	0.17085496686317692	increase	FOXA2_HUMAN.H11MO.0.A
ISL1_chr5:51392398-51392614_Ledidi_run-7_target-10.88_5	952	983	1.7155346163328158	0.0052301308018024364	0.164664850899715	1.7155346163328158	addition	HNF4G_MA0484.1
ISL1_chr5:51392398-51392614_Ledidi_run-7_target-10.88_5	973	1002	1.4432767752272586	0.02698190734312794	0.13853229934108907	1.4432767752272586	addition	TAL1_HUMAN.H11MO.0.A
ISL1_chr5:51392398-51392614_Ledidi_run-7_target-10.88_5	995	1018	1.0445208073658345	0.04659672254190507	0.10025787959569664	0.6414678249653125	increase	FOXA2_HUMAN.H11MO.0.A
ISL1_chr5:51392398-51392614_Ledidi_run-7_target-10.88_5	1010	1045	2.181264339175755	0.0031520947034764523	0.20936771765703632	2.181264339175755	addition	MEOX2_MA0706.1
ISL1_chr5:51392398-51392614_Ledidi_run-7_target-10.88_5	1037	1059	0.8405241466360538	0.02061745222617939	0.0806773480206973	0.8405241466360538	addition	NDF2_MOUSE.H11MO.0.A
ISL1_chr5:51392398-51392614_Ledidi_run-7_target-10.88_5	1070	1090	0.6593733192162761	0.04624528289440415	0.06328966391135443	0.3078825800074161	increase	FOXA2_HUMAN.H11MO.0.A
ISL1_chr5:51392398-51392614_Ledidi_run-7_target-10.88_6	955	973	0.5791455407652865	0.02677138457031075	0.06351678524257122	0.5791455407652865	addition	RFX6_MOUSE.H11MO.0.C
ISL1_chr5:51392398-51392614_Ledidi_run-7_target-10.88_6	969	983	0.5099839096582388	0.0448640872989144	0.05593160300280565	0.5099839096582388	addition	HNF4G_MA0484.1
ISL1_chr5:51392398-51392614_Ledidi_run-7_target-10.88_6	973	990	0.715334505061168	0.03432639554286543	0.07845307429032797	0.715334505061168	addition	FOXA2_HUMAN.H11MO.0.A
ISL1_chr5:51392398-51392614_Ledidi_run-7_target-10.88_6	980	1002	0.9679481568280117	0.03678719194327901	0.10615803951791834	0.9679481568280117	addition	TAL1_HUMAN.H11MO.0.A
ISL1_chr5:51392398-51392614_Ledidi_run-7_target-10.88_6	994	1009	0.4652683348844724	0.037643808588512954	0.051027499698910024	0.4652683348844724	addition	JUN+JUNB_MA1133.1
ISL1_chr5:51392398-51392614_Ledidi_run-7_target-10.88_6	1002	1016	0.4277172355167651	0.03227007350256728	0.0469091478403955	0.4277172355167651	addition	ETV6_MOUSE.H11MO.0.C
ISL1_chr5:51392398-51392614_Ledidi_run-7_target-10.88_6	1008	1033	1.5891370660220643	0.049127257957482524	0.17428585845650227	1.5891370660220643	addition	MAFB_HUMAN.H11MO.0.B
ISL1_chr5:51392398-51392614_Ledidi_run-7_target-10.88_6	1013	1031				-0.40305298240052206	removal	FOXA2_HUMAN.H11MO.0.A
ISL1_chr5:51392398-51392614_Ledidi_run-7_target-10.88_6	1023	1047	1.3035252633081034	0.04950131967956961	0.14296187811167485	1.3035252633081034	addition	MEOX2_MA0706.1
ISL1_chr5:51392398-51392614_Ledidi_run-7_target-10.88_6	1037	1059	0.8788560812362443	0.029173201786239084	0.09638702025961655	0.8788560812362443	addition	NDF2_MOUSE.H11MO.0.A
ISL1_chr5:51392398-51392614_Ledidi_run-7_target-10.88_6	1070	1091	0.9014805045968419	0.03678719194327901	0.09886831475069248	0.5499897653879819	increase	FOXA2_HUMAN.H11MO.0.A
ISL1_chr5:51392398-51392614_Ledidi_run-7_target-10.88_7	952	977	1.0136464998605172	0.02180184363848297	0.10542324781527836	1.0136464998605172	addition	RFX6_MOUSE.H11MO.0.C
ISL1_chr5:51392398-51392614_Ledidi_run-7_target-10.88_7	968	991	1.1291507391615307	0.03277300059380061	0.11743614584750316	1.1291507391615307	addition	FOXA2_HUMAN.H11MO.0.A
ISL1_chr5:51392398-51392614_Ledidi_run-7_target-10.88_7	981	1002	1.0318991844746952	0.008184773265100686	0.10732159925598218	1.0318991844746952	addition	TAL1_HUMAN.H11MO.0.A
ISL1_chr5:51392398-51392614_Ledidi_run-7_target-10.88_7	1002	1016	0.40815828863342096	0.048758094963275454	0.042450077434669886	0.40815828863342096	addition	ETV6_MOUSE.H11MO.0.C
ISL1_chr5:51392398-51392614_Ledidi_run-7_target-10.88_7	1009	1033	1.475917998360269	0.04063716777415878	0.1535013132463586	1.475917998360269	addition	MAFB_HUMAN.H11MO.0.B
ISL1_chr5:51392398-51392614_Ledidi_run-7_target-10.88_7	1013	1031				-0.40305298240052206	removal	FOXA2_HUMAN.H11MO.0.A
ISL1_chr5:51392398-51392614_Ledidi_run-7_target-10.88_7	1024	1047	1.0787775515323692	0.03485942775149378	0.11219713496609099	1.0787775515323692	addition	MEOX2_MA0706.1
ISL1_chr5:51392398-51392614_Ledidi_run-7_target-10.88_7	1037	1058	0.8173053530615464	0.02474804221978688	0.08500299146538505	0.8173053530615464	addition	NDF2_MOUSE.H11MO.0.A
ISL1_chr5:51392398-51392614_Ledidi_run-7_target-10.88_7	1064	1080	0.5823505629143169	0.03512886189237361	0.060566763381445995	0.5823505629143169	addition	ARNTL_bHLH_1
ISL1_chr5:51392398-51392614_Ledidi_run-7_target-10.88_7	1070	1092	1.033416566499759	0.006818350081060312	0.10747941299211285	0.681925827290899	increase	FOXA2_HUMAN.H11MO.0.A
ISL1_chr5:51392398-51392614_Ledidi_run-7_target-10.88_8	952	976	1.0029576065080008	0.00980044781104384	0.10538812315491404	1.0029576065080008	addition	RFX6_MOUSE.H11MO.0.C
ISL1_chr5:51392398-51392614_Ledidi_run-7_target-10.88_8	968	990	0.9626251376858366	0.015027592608732909	0.10115009438501302	0.9626251376858366	addition	FOXA2_HUMAN.H11MO.0.A
ISL1_chr5:51392398-51392614_Ledidi_run-7_target-10.88_8	980	1002	0.995349038591927	0.04695064795138151	0.10458863503361296	0.995349038591927	addition	TAL1_HUMAN.H11MO.0.A
ISL1_chr5:51392398-51392614_Ledidi_run-7_target-10.88_8	994	1010	0.5598266223641932	0.03678719194327901	0.058825095537721014	0.5598266223641932	addition	ETV6_MOUSE.H11MO.0.C
ISL1_chr5:51392398-51392614_Ledidi_run-7_target-10.88_8	1008	1032	1.3630247258447925	0.048800595932651944	0.14322302033349008	1.3630247258447925	addition	MAFB_HUMAN.H11MO.0.B
ISL1_chr5:51392398-51392614_Ledidi_run-7_target-10.88_8	1013	1031				-0.40305298240052206	removal	FOXA2_HUMAN.H11MO.0.A
ISL1_chr5:51392398-51392614_Ledidi_run-7_target-10.88_8	1025	1042	0.6390725971918512	0.024943831367036446	0.06715205223108132	0.6390725971918512	addition	NFYB_HUMAN.H11MO.0.A
ISL1_chr5:51392398-51392614_Ledidi_run-7_target-10.88_8	1038	1056	0.5800437419878817	0.024169142632964005	0.06094945680574826	0.5800437419878817	addition	NDF2_MOUSE.H11MO.0.A
ISL1_chr5:51392398-51392614_Ledidi_run-7_target-10.88_8	1053	1067	0.2883468955938442	0.02474804221978688	0.030298726433696754	0.2883468955938442	addition	TAL1_HUMAN.H11MO.0.A
ISL1_chr5:51392398-51392614_Ledidi_run-7_target-10.88_8	1064	1079	0.6904964599595669	0.024169142632964005	0.07255553523704245	0.6904964599595669	addition	NDF2_MOUSE.H11MO.0.A
ISL1_chr5:51392398-51392614_Ledidi_run-7_target-10.88_8	1069	1092	1.2273643887895984	0.03177440233200031	0.1289681921971466	0.8758736495807384	increase	FOXA2_HUMAN.H11MO.0.A
ISL1_chr5:51392398-51392614_Ledidi_run-7_target-10.88_9	926	942	0.46158743609554465	0.04766601648500149	0.04840210170394491	0.46158743609554465	addition	ARNTL_bHLH_1
ISL1_chr5:51392398-51392614_Ledidi_run-7_target-10.88_9	952	975	0.9411532300786276	0.029173201786239084	0.09868941569681883	0.9411532300786276	addition	RFX6_MOUSE.H11MO.0.C
ISL1_chr5:51392398-51392614_Ledidi_run-7_target-10.88_9	968	989	0.8343682890156905	0.00737580781243537	0.0874919367933675	0.8343682890156905	addition	FOXA2_HUMAN.H11MO.0.A
ISL1_chr5:51392398-51392614_Ledidi_run-7_target-10.88_9	981	1002	0.8706159573892605	0.03380105311733138	0.0912928706879054	0.8706159573892605	addition	FOXD2_forkhead_1
ISL1_chr5:51392398-51392614_Ledidi_run-7_target-10.88_9	992	1010	0.7786056391754639	0.04624528289440415	0.08164466011773147	0.7786056391754639	addition	JUN+JUNB_MA1133.1
ISL1_chr5:51392398-51392614_Ledidi_run-7_target-10.88_9	1002	1016	0.48531266734675116	0.03459194355839432	0.05088993167107775	0.48531266734675116	addition	ETV6_MOUSE.H11MO.0.C
ISL1_chr5:51392398-51392614_Ledidi_run-7_target-10.88_9	1008	1034	1.564217304935966	0.04949901644459642	0.16402397283818104	1.564217304935966	addition	MAFB_HUMAN.H11MO.0.B
ISL1_chr5:51392398-51392614_Ledidi_run-7_target-10.88_9	1013	1031				-0.40305298240052206	removal	FOXA2_HUMAN.H11MO.0.A
ISL1_chr5:51392398-51392614_Ledidi_run-7_target-10.88_9	1025	1042	0.684044193344894	0.02514104809188975	0.07172893806715137	0.684044193344894	addition	MEOX2_MA0706.1
ISL1_chr5:51392398-51392614_Ledidi_run-7_target-10.88_9	1037	1058	0.6623678167683646	0.029760043546961653	0.06945595119275774	0.6623678167683646	addition	NDF2_MOUSE.H11MO.0.A
ISL1_chr5:51392398-51392614_Ledidi_run-7_target-10.88_9	1070	1091	0.8319242249217389	0.01094352402842608	0.08723565200397405	0.4804334857128789	increase	FOXA2_HUMAN.H11MO.0.A
ISL1_chr5:51392398-51392614_Ledidi_run-7_target-5.87_1	1012	1032	0.5830871343388788	0.04659672254190507	0.1134940158006755	0.18003415193835676	increase	FOXA2_HUMAN.H11MO.0.A
ISL1_chr5:51392398-51392614_Ledidi_run-7_target-5.87_1	1071	1087	0.42134145541578305	0.03443048759357043	0.08201129982512459	0.06985071620692307	increase	FOXA2_HUMAN.H11MO.0.A
ISL1_chr5:51392398-51392614_Ledidi_run-7_target-5.87_10	1015	1031	0.435476445355786	0.026103825455738083	0.08538716420506313	0.03242346295526394	increase	FOXA2_HUMAN.H11MO.0.A
ISL1_chr5:51392398-51392614_Ledidi_run-7_target-5.87_10	1072	1089	0.3964445878732068	0.03177440233200031	0.07773389234699354	0.04495384866434682	increase	FOXA2_HUMAN.H11MO.0.A
ISL1_chr5:51392398-51392614_Ledidi_run-7_target-5.87_2	1012	1031	0.5448026108878703	0.025741363357414056	0.11083023862411504	0.14174962848734823	increase	FOXA2_HUMAN.H11MO.0.A
ISL1_chr5:51392398-51392614_Ledidi_run-7_target-5.87_2	1071	1088	0.40549647469674954	0.04452485662729606	0.08249092451784865	0.05400573548788956	increase	FOXA2_HUMAN.H11MO.0.A
ISL1_chr5:51392398-51392614_Ledidi_run-7_target-5.87_3	1012	1031	0.5959577058321249	0.02677138457031075	0.10895134539249458	0.19290472343160286	increase	FOXA2_HUMAN.H11MO.0.A
ISL1_chr5:51392398-51392614_Ledidi_run-7_target-5.87_3	1070	1089	0.5363405508820969	0.04695064795138151	0.09805230142223664	0.18484981167323689	increase	FOXA2_HUMAN.H11MO.0.A
ISL1_chr5:51392398-51392614_Ledidi_run-7_target-5.87_4	1013	1031	0.4756374722753599	0.029173201786239084	0.09330939011520907	0.07258448987483784	increase	FOXA2_HUMAN.H11MO.0.A
ISL1_chr5:51392398-51392614_Ledidi_run-7_target-5.87_4	1071	1089	0.487659251413352	0.022685843285046595	0.09566779319497394	0.136168512204492	increase	FOXA2_HUMAN.H11MO.0.A
ISL1_chr5:51392398-51392614_Ledidi_run-7_target-5.87_5	1012	1031	0.5304437504124617	0.029630840137533875	0.10131821661317744	0.12739076801193966	increase	FOXA2_HUMAN.H11MO.0.A
ISL1_chr5:51392398-51392614_Ledidi_run-7_target-5.87_5	1071	1089	0.41917212092653666	0.03432639554286543	0.08006460951461161	0.06768138171767668	increase	FOXA2_HUMAN.H11MO.0.A
ISL1_chr5:51392398-51392614_Ledidi_run-7_target-5.87_6	1013	1030	0.4562767861929326	0.01671564782903964	0.09037976285406438	0.05322380379241054	increase	FOXA2_HUMAN.H11MO.0.A
ISL1_chr5:51392398-51392614_Ledidi_run-7_target-5.87_6	1072	1087	0.3716068764887177	0.045205730885551756	0.07360826232739455	0.020116137279857726	increase	FOXA2_HUMAN.H11MO.0.A
ISL1_chr5:51392398-51392614_Ledidi_run-7_target-5.87_7	1011	1030	0.4859122440731577	0.0373561988327741	0.09438099441370304	0.08285926167263563	increase	FOXA2_HUMAN.H11MO.0.A
ISL1_chr5:51392398-51392614_Ledidi_run-7_target-5.87_7	1071	1089	0.48721566286262274	0.03009516326587541	0.0946341635054222	0.13572492365376276	increase	FOXA2_HUMAN.H11MO.0.A
ISL1_chr5:51392398-51392614_Ledidi_run-7_target-5.87_8	1012	1032	0.5402908380716159	0.02677138457031075	0.1054427795692889	0.13723785567109387	increase	FOXA2_HUMAN.H11MO.0.A
ISL1_chr5:51392398-51392614_Ledidi_run-7_target-5.87_8	1072	1089	0.4197707500322987	0.04157803279634765	0.08192216403903523	0.06828001082343871	increase	FOXA2_HUMAN.H11MO.0.A
ISL1_chr5:51392398-51392614_Ledidi_run-7_target-5.87_9	1012	1031	0.510092914751504	0.03941384448049547	0.09851810275822365	0.10703993235098191	increase	FOXA2_HUMAN.H11MO.0.A
ISL1_chr5:51392398-51392614_Ledidi_run-7_target-5.87_9	1072	1089	0.39860179675523444	0.03911348485364352	0.07698497986680569	0.04711105754637446	increase	FOXA2_HUMAN.H11MO.0.A
ISL1_chr5:51392398-51392614_Ledidi_run-7_target-6.42_1	1012	1031	0.5248321879458431	0.038815285523608536	0.09491110148775918	0.12177920554532101	increase	FOXA2_HUMAN.H11MO.0.A
ISL1_chr5:51392398-51392614_Ledidi_run-7_target-6.42_1	1071	1090	0.5320214349776229	0.035949002347687255	0.0962112110662598	0.1805306957687629	increase	FOXA2_HUMAN.H11MO.0.A
ISL1_chr5:51392398-51392614_Ledidi_run-7_target-6.42_10	997	1014	0.4225939204560769	0.03525763983357266	0.07300064366992329	0.4225939204560769	addition	FOXA2_HUMAN.H11MO.0.A
ISL1_chr5:51392398-51392614_Ledidi_run-7_target-6.42_10	1011	1031	0.6405338187986975	0.03177440233200031	0.11064849445584712	0.23748083639817547	increase	FOXA2_HUMAN.H11MO.0.A
ISL1_chr5:51392398-51392614_Ledidi_run-7_target-6.42_10	1070	1089	0.5850484450391118	0.03202133761382601	0.10106371861632574	0.23355770583025182	increase	FOXA2_HUMAN.H11MO.0.A
ISL1_chr5:51392398-51392614_Ledidi_run-7_target-6.42_2	1012	1032	0.5426744158652705	0.03432639554286543	0.0962859484532077	0.13962143346474848	increase	FOXA2_HUMAN.H11MO.0.A
ISL1_chr5:51392398-51392614_Ledidi_run-7_target-6.42_2	1070	1090	0.5888981499998165	0.02940119156421724	0.1044873597452754	0.2374074107909565	increase	FOXA2_HUMAN.H11MO.0.A
ISL1_chr5:51392398-51392614_Ledidi_run-7_target-6.42_3	997	1011	0.35093554424595663	0.0431917794291362	0.058597957009834424	0.35093554424595663	addition	FOXA2_HUMAN.H11MO.0.A
ISL1_chr5:51392398-51392614_Ledidi_run-7_target-6.42_3	1013	1032	0.6583494135840311	0.008114354063320988	0.1099288210247778	0.25529643118350903	increase	FOXA2_HUMAN.H11MO.0.A
ISL1_chr5:51392398-51392614_Ledidi_run-7_target-6.42_3	1071	1089	0.5519648172020277	0.024169142632964005	0.09216510313551175	0.20047407799316774	increase	FOXA2_HUMAN.H11MO.0.A
ISL1_chr5:51392398-51392614_Ledidi_run-7_target-6.42_4	997	1011	0.349039833540011	0.03793350801322296	0.0584972091656072	0.349039833540011	addition	FOXA2_HUMAN.H11MO.0.A
ISL1_chr5:51392398-51392614_Ledidi_run-7_target-6.42_4	1011	1032	0.6624724873257033	0.024553670844057802	0.11102684545920011	0.25941950492518123	increase	FOXA2_HUMAN.H11MO.0.A
ISL1_chr5:51392398-51392614_Ledidi_run-7_target-6.42_4	1071	1090	0.6567204134895515	0.015276840508005205	0.11006282865081247	0.3052296742806915	increase	FOXA2_HUMAN.H11MO.0.A
ISL1_chr5:51392398-51392614_Ledidi_run-7_target-6.42_5	999	1014	0.3326772698562823	0.03432639554286543	0.05904890701627676	0.3326772698562823	addition	FOXA2_HUMAN.H11MO.0.A
ISL1_chr5:51392398-51392614_Ledidi_run-7_target-6.42_5	1013	1031	0.4837468311353073	0.01484993811340797	0.08586316000328892	0.08069384873478525	increase	FOXA2_HUMAN.H11MO.0.A
ISL1_chr5:51392398-51392614_Ledidi_run-7_target-6.42_5	1071	1089	0.48107237480265685	0.025741363357414056	0.08538845452258688	0.12958163559379687	increase	FOXA2_HUMAN.H11MO.0.A
ISL1_chr5:51392398-51392614_Ledidi_run-7_target-6.42_6	999	1014	0.3354418895561788	0.03567363531992702	0.059540514972931134	0.3354418895561788	addition	FOXA2_HUMAN.H11MO.0.A
ISL1_chr5:51392398-51392614_Ledidi_run-7_target-6.42_6	1011	1032	0.6232046051763158	0.03911348485364352	0.11061803633050926	0.22015162277579375	increase	FOXA2_HUMAN.H11MO.0.A
ISL1_chr5:51392398-51392614_Ledidi_run-7_target-6.42_6	1071	1090	0.5898079879978595	0.012730601424875655	0.10469017863870447	0.23831724878899951	increase	FOXA2_HUMAN.H11MO.0.A
ISL1_chr5:51392398-51392614_Ledidi_run-7_target-6.42_7	1000	1016	0.4809110079036306	0.03525763983357266	0.07733620692827227	0.4809110079036306	addition	FOXA2_HUMAN.H11MO.0.A
ISL1_chr5:51392398-51392614_Ledidi_run-7_target-6.42_7	1011	1032	0.8004119861949412	0.013383563189678808	0.12871576232383858	0.3973590037944192	increase	FOXA2_HUMAN.H11MO.0.A
ISL1_chr5:51392398-51392614_Ledidi_run-7_target-6.42_7	1025	1043	0.4419634327770474	0.025741363357414056	0.07107297385637	0.4419634327770474	addition	MEOX2_MA0706.1
ISL1_chr5:51392398-51392614_Ledidi_run-7_target-6.42_7	1070	1089	0.6151619182010777	0.02379017014912958	0.09892534921954795	0.2636711789922177	increase	FOXA2_HUMAN.H11MO.0.A
ISL1_chr5:51392398-51392614_Ledidi_run-7_target-6.42_8	1011	1031	0.5878421889825975	0.03485942775149378	0.10236954991730635	0.18478920658207548	increase	FOXA2_HUMAN.H11MO.0.A
ISL1_chr5:51392398-51392614_Ledidi_run-7_target-6.42_8	1070	1090	0.615987305577735	0.048758094963275454	0.10727087032644701	0.264496566368875	increase	FOXA2_HUMAN.H11MO.0.A
ISL1_chr5:51392398-51392614_Ledidi_run-7_target-6.42_9	1000	1014	0.3354563670076387	0.04766601648500149	0.058106935493501544	0.3354563670076387	addition	FOXA2_HUMAN.H11MO.0.A
ISL1_chr5:51392398-51392614_Ledidi_run-7_target-6.42_9	1012	1032	0.676242530170267	0.0373561988327741	0.117137085305855	0.27318954776974497	increase	FOXA2_HUMAN.H11MO.0.A
ISL1_chr5:51392398-51392614_Ledidi_run-7_target-6.42_9	1072	1090	0.5187265811159838	0.026148895682375883	0.08985255595695613	0.16723584190712382	increase	FOXA2_HUMAN.H11MO.0.A
ISL1_chr5:51392398-51392614_Ledidi_run-7_target-7.64_1	941	958	0.4402155534161808	0.01184700268007442	0.06395565710941394	0.4402155534161808	addition	ETV6_MOUSE.H11MO.0.C
ISL1_chr5:51392398-51392614_Ledidi_run-7_target-7.64_1	994	1009	0.6092006766384261	0.028499063326879095	0.08850625400115188	0.6092006766384261	addition	JUN+JUNB_MA1133.1
ISL1_chr5:51392398-51392614_Ledidi_run-7_target-7.64_1	999	1018	0.813040482521731	0.040328026075753344	0.11812062957047031	0.40998750012120894	increase	FOXA2_HUMAN.H11MO.0.A
ISL1_chr5:51392398-51392614_Ledidi_run-7_target-7.64_1	1011	1032	0.9364717886088472	0.014301773721714803	0.1360530497846457	0.9364717886088472	addition	HNF6_HUMAN.H11MO.0.B
ISL1_chr5:51392398-51392614_Ledidi_run-7_target-7.64_1	1028	1043	0.4047801638448405	0.03650576667085745	0.058807511826095005	0.4047801638448405	addition	NFYB_HUMAN.H11MO.0.A
ISL1_chr5:51392398-51392614_Ledidi_run-7_target-7.64_1	1072	1086	0.3517211673236629	0.0373561988327741	0.051098963225882615	0.00023042811480289416	increase	FOXA2_HUMAN.H11MO.0.A
ISL1_chr5:51392398-51392614_Ledidi_run-7_target-7.64_10	986	1000	0.3026163033020801	0.048758094963275454	0.04596309317426923	0.3026163033020801	addition	FOXD2_forkhead_1
ISL1_chr5:51392398-51392614_Ledidi_run-7_target-7.64_10	1011	1032	0.8123798852017807	0.018573313143212488	0.12338889857879949	0.40932690280125866	increase	FOXA2_HUMAN.H11MO.0.A
ISL1_chr5:51392398-51392614_Ledidi_run-7_target-7.64_10	1071	1089	0.5379569127329487	0.0155298172841976	0.08170796957692127	0.18646617352408867	increase	FOXA2_HUMAN.H11MO.0.A
ISL1_chr5:51392398-51392614_Ledidi_run-7_target-7.64_2	968	983	0.37623144545413445	0.040328026075753344	0.05623154791791437	0.37623144545413445	addition	FOXA2_HUMAN.H11MO.0.A
ISL1_chr5:51392398-51392614_Ledidi_run-7_target-7.64_2	1000	1018	0.6615186451225485	0.035949002347687255	0.0988705698081718	0.2584656627220265	increase	FOXA2_HUMAN.H11MO.0.A
ISL1_chr5:51392398-51392614_Ledidi_run-7_target-7.64_2	1010	1032	1.0391515703535157	0.040948540118391635	0.15531158287893065	1.0391515703535157	addition	HNF6_HUMAN.H11MO.0.B
ISL1_chr5:51392398-51392614_Ledidi_run-7_target-7.64_2	1066	1080	0.41942845183778665	0.041896181077629685	0.06268777204197927	0.41942845183778665	addition	FOXA2_HUMAN.H11MO.0.A
ISL1_chr5:51392398-51392614_Ledidi_run-7_target-7.64_2	1071	1089	0.519941991267951	0.041896181077629685	0.07771052459803986	0.16845125205909106	increase	FOXA2_HUMAN.H11MO.0.A
ISL1_chr5:51392398-51392614_Ledidi_run-7_target-7.64_3	987	1001	0.41894887487722665	0.04418802463977276	0.0649431282551117	0.41894887487722665	addition	ETV6_MOUSE.H11MO.0.C
ISL1_chr5:51392398-51392614_Ledidi_run-7_target-7.64_3	999	1018	0.7425648292504782	0.026562382168414056	0.11510827653584497	0.3395118468499561	increase	FOXA2_HUMAN.H11MO.0.A
ISL1_chr5:51392398-51392614_Ledidi_run-7_target-7.64_3	1011	1032	0.8663201811230417	0.017128717397221594	0.13429214399764836	0.8663201811230417	addition	HNF6_HUMAN.H11MO.0.B
ISL1_chr5:51392398-51392614_Ledidi_run-7_target-7.64_3	1071	1090	0.5404889163048767	0.02029009731337448	0.08378359059286251	0.18899817709601674	increase	FOXA2_HUMAN.H11MO.0.A
ISL1_chr5:51392398-51392614_Ledidi_run-7_target-7.64_4	941	957	0.4059276042253067	0.010401422260290253	0.05983940687876282	0.4059276042253067	addition	ETV6_MOUSE.H11MO.0.C
ISL1_chr5:51392398-51392614_Ledidi_run-7_target-7.64_4	985	1000	0.4133883855262871	0.049127257957482524	0.06093923040210969	0.4133883855262871	addition	ETV6_MOUSE.H11MO.0.C
ISL1_chr5:51392398-51392614_Ledidi_run-7_target-7.64_4	994	1016	0.7762940764846188	0.03152925435595684	0.11443660548532981	0.7762940764846188	addition	ETV6_MOUSE.H11MO.0.C
ISL1_chr5:51392398-51392614_Ledidi_run-7_target-7.64_4	1010	1032	0.870491201664791	0.03622637481763158	0.12832257934321378	0.46743821926426893	increase	FOXA2_HUMAN.H11MO.0.A
ISL1_chr5:51392398-51392614_Ledidi_run-7_target-7.64_4	1071	1089	0.4795508061019982	0.02029009731337448	0.07069249665871127	0.1280600668931382	increase	FOXA2_HUMAN.H11MO.0.A
ISL1_chr5:51392398-51392614_Ledidi_run-7_target-7.64_5	941	956	0.35840275855214015	0.022198570170202873	0.05546342633667349	0.35840275855214015	addition	ELK1_HUMAN.H11MO.0.B
ISL1_chr5:51392398-51392614_Ledidi_run-7_target-7.64_5	994	1009	0.5246439454620676	0.048758094963275454	0.08118952805962819	0.5246439454620676	addition	JUN+JUNB_MA1133.1
ISL1_chr5:51392398-51392614_Ledidi_run-7_target-7.64_5	1002	1016	0.3709232285635804	0.048758094963275454	0.05740099001220257	0.3709232285635804	addition	ETV6_MOUSE.H11MO.0.C
ISL1_chr5:51392398-51392614_Ledidi_run-7_target-7.64_5	1011	1032	0.7424817997121702	0.02061745222617939	0.11490030035208502	0.33942881731164815	increase	FOXA2_HUMAN.H11MO.0.A
ISL1_chr5:51392398-51392614_Ledidi_run-7_target-7.64_5	1071	1089	0.4630969527156421	0.03650576667085745	0.07166502799097557	0.11160621350678213	increase	FOXA2_HUMAN.H11MO.0.A
ISL1_chr5:51392398-51392614_Ledidi_run-7_target-7.64_6	999	1019	0.9065369682465223	0.01151168380137576	0.13810864921722468	0.5034839858460003	increase	FOXA2_HUMAN.H11MO.0.A
ISL1_chr5:51392398-51392614_Ledidi_run-7_target-7.64_6	1009	1032	1.0676226892088416	0.0448640872989144	0.16264965759255967	1.0676226892088416	addition	HNF6_HUMAN.H11MO.0.B
ISL1_chr5:51392398-51392614_Ledidi_run-7_target-7.64_6	1071	1088	0.4574767835724187	0.027839420844810524	0.06969544854815662	0.10598604436355874	increase	FOXA2_HUMAN.H11MO.0.A
ISL1_chr5:51392398-51392614_Ledidi_run-7_target-7.64_7	999	1014	0.44561932743286203	0.04452485662729606	0.07052751977931089	0.44561932743286203	addition	ETV6_MOUSE.H11MO.0.C
ISL1_chr5:51392398-51392614_Ledidi_run-7_target-7.64_7	1010	1032	0.887013693292978	0.025339702321310897	0.14038636106434443	0.4839607108924559	increase	FOXA2_HUMAN.H11MO.0.A
ISL1_chr5:51392398-51392614_Ledidi_run-7_target-7.64_7	1028	1045	0.47774045461775816	0.02286655598660098	0.07561128364098459	0.47774045461775816	addition	NFYB_HUMAN.H11MO.0.A
ISL1_chr5:51392398-51392614_Ledidi_run-7_target-7.64_7	1072	1088	0.3886331879439604	0.02153231290958839	0.06150840675496477	0.03714244873510042	increase	FOXA2_HUMAN.H11MO.0.A
ISL1_chr5:51392398-51392614_Ledidi_run-7_target-7.64_8	968	983	0.3500903289452742	0.041262157128128175	0.05242369045489316	0.3500903289452742	addition	FOXA2_HUMAN.H11MO.0.A
ISL1_chr5:51392398-51392614_Ledidi_run-7_target-7.64_8	999	1018	0.7674901081253023	0.019181572505438713	0.11492652189727519	0.3644371257247802	increase	FOXA2_HUMAN.H11MO.0.A
ISL1_chr5:51392398-51392614_Ledidi_run-7_target-7.64_8	1010	1032	1.0325730711044276	0.014301773721714803	0.1546209265897735	1.0325730711044276	addition	HNF6_HUMAN.H11MO.0.B
ISL1_chr5:51392398-51392614_Ledidi_run-7_target-7.64_8	1071	1089	0.4633321995306492	0.04589631419228254	0.06938090486291745	0.11184146032178921	increase	FOXA2_HUMAN.H11MO.0.A
ISL1_chr5:51392398-51392614_Ledidi_run-7_target-7.64_9	941	958	0.43454120654665057	0.01490435278529703	0.061456500130320564	0.43454120654665057	addition	ETV6_MOUSE.H11MO.0.C
ISL1_chr5:51392398-51392614_Ledidi_run-7_target-7.64_9	968	982	0.3582300428020243	0.03650576667085745	0.050663928622805644	0.3582300428020243	addition	FOXA2_HUMAN.H11MO.0.A
ISL1_chr5:51392398-51392614_Ledidi_run-7_target-7.64_9	985	1001	0.41451787433146414	0.024943831367036446	0.05862463079237793	0.41451787433146414	addition	ETV6_MOUSE.H11MO.0.C
ISL1_chr5:51392398-51392614_Ledidi_run-7_target-7.64_9	998	1018	0.8449818747077955	0.04385357714891144	0.11950449787210962	0.44192889230727345	increase	FOXA2_HUMAN.H11MO.0.A
ISL1_chr5:51392398-51392614_Ledidi_run-7_target-7.64_9	1009	1032	1.154027596065693	0.040948540118391635	0.1632123629232636	1.154027596065693	addition	HNF6_HUMAN.H11MO.0.B
ISL1_chr5:51392398-51392614_Ledidi_run-7_target-7.64_9	1071	1090	0.503976210876294	0.04352150009819771	0.07127658689849091	0.15248547166743398	increase	FOXA2_HUMAN.H11MO.0.A
ISL1_chr5:51392398-51392614_Ledidi_run-8_target-10.88_1	985	1002	0.41798278883867035	0.0431917794291362	0.0444810933431759	0.41798278883867035	addition	HNF6_HUMAN.H11MO.0.B
ISL1_chr5:51392398-51392614_Ledidi_run-8_target-10.88_1	997	1016	0.708876746562565	0.006525800046691943	0.0754375863663291	0.305823764162043	increase	FOXA2_HUMAN.H11MO.0.A
ISL1_chr5:51392398-51392614_Ledidi_run-8_target-10.88_1	1010	1034	1.4218370451717568	0.03678719194327901	0.15130973813728263	1.4218370451717568	addition	JUN+JUNB_MA1133.1
ISL1_chr5:51392398-51392614_Ledidi_run-8_target-10.88_1	1024	1043	0.8427374172819952	0.014782028252133943	0.08968283556856191	0.8427374172819952	addition	MEOX2_MA0706.1
ISL1_chr5:51392398-51392614_Ledidi_run-8_target-10.88_1	1056	1080	1.78473663425667	0.028499063326879095	0.1899289610510678	1.78473663425667	addition	NDF2_MOUSE.H11MO.0.A
ISL1_chr5:51392398-51392614_Ledidi_run-8_target-10.88_1	1070	1092	1.4835601532726068	0.000884546324385159	0.15787821752489814	1.1320694140637468	increase	FOXA2_HUMAN.H11MO.0.A
ISL1_chr5:51392398-51392614_Ledidi_run-8_target-10.88_10	1001	1016	0.3925391370363089	0.039716378487932046	0.0394939763638192	0.3925391370363089	addition	ETV6_MOUSE.H11MO.0.C
ISL1_chr5:51392398-51392614_Ledidi_run-8_target-10.88_10	1010	1034	1.3157784997601918	0.03822531123050392	0.13238253225370453	1.3157784997601918	addition	JUN+JUNB_MA1133.1
ISL1_chr5:51392398-51392614_Ledidi_run-8_target-10.88_10	1013	1031				-0.40305298240052206	removal	FOXA2_HUMAN.H11MO.0.A
ISL1_chr5:51392398-51392614_Ledidi_run-8_target-10.88_10	1024	1045	1.0163982347983327	0.018424025822484025	0.10226141567545126	1.0163982347983327	addition	MEOX2_MA0706.1
ISL1_chr5:51392398-51392614_Ledidi_run-8_target-10.88_10	1038	1052	0.43808539207424735	0.04286440117339201	0.04407645630074951	0.43808539207424735	addition	ARNTL_bHLH_1
ISL1_chr5:51392398-51392614_Ledidi_run-8_target-10.88_10	1056	1079	1.8700116971094514	0.020949658132342976	0.1881448008555508	1.8700116971094514	addition	NDF2_MOUSE.H11MO.0.A
ISL1_chr5:51392398-51392614_Ledidi_run-8_target-10.88_10	1069	1097	2.3164969044489587	0.0009017190861767691	0.23306637570435465	1.9650061652400987	increase	FOXA2_HUMAN.H11MO.0.A
ISL1_chr5:51392398-51392614_Ledidi_run-8_target-10.88_2	983	1001	0.500477802039767	0.03277300059380061	0.05047036054373794	0.500477802039767	addition	HNF6_HUMAN.H11MO.0.B
ISL1_chr5:51392398-51392614_Ledidi_run-8_target-10.88_2	999	1015	0.4081977514685	0.04589631419228254	0.04116443847417901	0.4081977514685	addition	ETV6_MOUSE.H11MO.0.C
ISL1_chr5:51392398-51392614_Ledidi_run-8_target-10.88_2	1010	1032	1.249927329524592	0.03009516326587541	0.12604811385733578	0.8468743471240701	increase	FOXA2_HUMAN.H11MO.0.A
ISL1_chr5:51392398-51392614_Ledidi_run-8_target-10.88_2	1022	1047	1.19824628165102	0.048758094963275454	0.1208363719802203	1.19824628165102	addition	MEOX2_MA0706.1
ISL1_chr5:51392398-51392614_Ledidi_run-8_target-10.88_2	1053	1067	0.68759936785708	0.02514104809188975	0.06934051393279508	0.68759936785708	addition	TYY1_HUMAN.H11MO.0.A
ISL1_chr5:51392398-51392614_Ledidi_run-8_target-10.88_2	1057	1079	1.6802957379323105	0.018128726134506876	0.1694483379041284	1.6802957379323105	addition	NDF2_MOUSE.H11MO.0.A
ISL1_chr5:51392398-51392614_Ledidi_run-8_target-10.88_2	1069	1096	2.186801525381188	0.00500164488295521	0.22052658674123368	1.835310786172328	increase	FOXA2_HUMAN.H11MO.0.A
ISL1_chr5:51392398-51392614_Ledidi_run-8_target-10.88_3	1011	1044	1.736001567774196	0.012730601424875655	0.1806611760813732	1.736001567774196	addition	MEOX2_MA0706.1
ISL1_chr5:51392398-51392614_Ledidi_run-8_target-10.88_3	1013	1031				-0.40305298240052206	removal	FOXA2_HUMAN.H11MO.0.A
ISL1_chr5:51392398-51392614_Ledidi_run-8_target-10.88_3	1036	1051	0.5028698452671838	0.03793350801322296	0.052332359226097455	0.5028698452671838	addition	ARNTL_bHLH_1
ISL1_chr5:51392398-51392614_Ledidi_run-8_target-10.88_3	1043	1057	0.4480298497308892	0.04157803279634765	0.04662530326843088	0.4480298497308892	addition	ARNTL_bHLH_1
ISL1_chr5:51392398-51392614_Ledidi_run-8_target-10.88_3	1052	1067	0.8371354935137663	0.023416678294447074	0.0871185174052386	0.8371354935137663	addition	TYY1_HUMAN.H11MO.0.A
ISL1_chr5:51392398-51392614_Ledidi_run-8_target-10.88_3	1057	1092	3.051557853395935	0.00395764446545718	0.31756770322604244	2.700067114187075	increase	FOXA2_HUMAN.H11MO.0.A
ISL1_chr5:51392398-51392614_Ledidi_run-8_target-10.88_3	1082	1097	0.7471688657792699	0.037106940588848496	0.07775592403187633	0.7471688657792699	addition	RFX6_MOUSE.H11MO.0.C
ISL1_chr5:51392398-51392614_Ledidi_run-8_target-10.88_4	995	1018	0.9515388361231469	0.01798269740025829	0.08977315481148279	0.9515388361231469	addition	FOXA2_HUMAN.H11MO.0.A
ISL1_chr5:51392398-51392614_Ledidi_run-8_target-10.88_4	1010	1031	1.2797217849391402	0.04002110100333834	0.12073565213905814	0.8766688025386182	increase	FOXA2_HUMAN.H11MO.0.A
ISL1_chr5:51392398-51392614_Ledidi_run-8_target-10.88_4	1021	1045	1.4806949241946976	0.04418802463977276	0.13969651012867768	1.4806949241946976	addition	MEOX2_MA0706.1
ISL1_chr5:51392398-51392614_Ledidi_run-8_target-10.88_4	1036	1053	0.7097455684635507	0.02304859342677061	0.06696111222747418	0.7097455684635507	addition	ARNTL_bHLH_1
ISL1_chr5:51392398-51392614_Ledidi_run-8_target-10.88_4	1043	1059	0.6049583433654968	0.03177440233200031	0.05707493688299686	0.6049583433654968	addition	ARNTL_bHLH_1
ISL1_chr5:51392398-51392614_Ledidi_run-8_target-10.88_4	1056	1073	1.2492433136200027	0.029630840137533875	0.11786015360943622	1.2492433136200027	addition	NDF2_MOUSE.H11MO.0.A
ISL1_chr5:51392398-51392614_Ledidi_run-8_target-10.88_4	1063	1098	2.784741205488405	1.1433487909330331e-05	0.2627270625850438	2.433250466279545	increase	FOXA2_HUMAN.H11MO.0.A
ISL1_chr5:51392398-51392614_Ledidi_run-8_target-10.88_5	985	1000	0.38154333950291563	0.037643808588512954	0.037944522908753234	0.38154333950291563	addition	HNF6_HUMAN.H11MO.0.B
ISL1_chr5:51392398-51392614_Ledidi_run-8_target-10.88_5	995	1017	0.9439734650002762	0.030329862935364073	0.0938782546030644	0.9439734650002762	addition	FOXA2_HUMAN.H11MO.0.A
ISL1_chr5:51392398-51392614_Ledidi_run-8_target-10.88_5	1009	1032	1.1544736457041687	0.048027490240037725	0.11481251842594134	0.7514206633036467	increase	FOXA2_HUMAN.H11MO.0.A
ISL1_chr5:51392398-51392614_Ledidi_run-8_target-10.88_5	1024	1045	0.7791628386244516	0.041262157128128175	0.07748782148406178	0.7791628386244516	addition	MEOX2_MA0706.1
ISL1_chr5:51392398-51392614_Ledidi_run-8_target-10.88_5	1056	1079	1.7785918065220878	0.02128678322634035	0.1768811313436188	1.7785918065220878	addition	NDF2_MOUSE.H11MO.0.A
ISL1_chr5:51392398-51392614_Ledidi_run-8_target-10.88_5	1069	1097	2.1361356335071755	0.0068783016314575415	0.21243890035511348	1.7846448942983155	increase	FOXA2_HUMAN.H11MO.0.A
ISL1_chr5:51392398-51392614_Ledidi_run-8_target-10.88_6	997	1017	0.6153687248776105	0.021117601510266027	0.06101904636404602	0.6153687248776105	addition	FOXA2_HUMAN.H11MO.0.A
ISL1_chr5:51392398-51392614_Ledidi_run-8_target-10.88_6	1010	1033	1.3505076097150963	0.03177440233200031	0.13391432343038254	0.9474546273145743	increase	FOXA2_HUMAN.H11MO.0.A
ISL1_chr5:51392398-51392614_Ledidi_run-8_target-10.88_6	1023	1043	0.9478853217439445	0.014618334157264224	0.0939908969322351	0.9478853217439445	addition	JUN+JUNB_MA1133.1
ISL1_chr5:51392398-51392614_Ledidi_run-8_target-10.88_6	1053	1067	0.7822473646508867	0.01933645676324567	0.07756648377162585	0.7822473646508867	addition	TYY1_HUMAN.H11MO.0.A
ISL1_chr5:51392398-51392614_Ledidi_run-8_target-10.88_6	1059	1094	3.014305263780349	3.4762088880294645e-07	0.2988940211132481	2.662814524571489	increase	FOXA2_HUMAN.H11MO.0.A
ISL1_chr5:51392398-51392614_Ledidi_run-8_target-10.88_7	985	1000	0.4390206184140374	0.04157803279634765	0.047299724423014916	0.4390206184140374	addition	HNF6_HUMAN.H11MO.0.B
ISL1_chr5:51392398-51392614_Ledidi_run-8_target-10.88_7	994	1018	1.1067256307520634	0.03512886189237361	0.11923771948471697	0.7036726483515414	increase	FOXA2_HUMAN.H11MO.0.A
ISL1_chr5:51392398-51392614_Ledidi_run-8_target-10.88_7	1012	1047	1.8918259355976161	0.003094895107111565	0.20382378789710723	1.8918259355976161	addition	MEOX2_MA0706.1
ISL1_chr5:51392398-51392614_Ledidi_run-8_target-10.88_7	1037	1051	0.5671742421646062	0.02940119156421724	0.061106891633316555	0.5671742421646062	addition	ARNTL_bHLH_1
ISL1_chr5:51392398-51392614_Ledidi_run-8_target-10.88_7	1043	1057	0.4280520960522871	0.04286440117339201	0.046117984743196096	0.4280520960522871	addition	ARNTL_bHLH_1
ISL1_chr5:51392398-51392614_Ledidi_run-8_target-10.88_7	1053	1067	0.4752289806088408	0.03009516326587541	0.051200783921791636	0.4752289806088408	addition	SP2_HUMAN.H11MO.0.A
ISL1_chr5:51392398-51392614_Ledidi_run-8_target-10.88_7	1058	1081	1.5647890539841343	0.0068783016314575415	0.16858910021350654	1.5647890539841343	addition	NDF2_MOUSE.H11MO.0.A
ISL1_chr5:51392398-51392614_Ledidi_run-8_target-10.88_7	1071	1092	1.4993082300591354	5.2041224226560264e-05	0.1615342494918408	1.1478174908502754	increase	FOXA2_HUMAN.H11MO.0.A
ISL1_chr5:51392398-51392614_Ledidi_run-8_target-10.88_8	1011	1046	1.9232042789996706	0.010759982490187198	0.2039316883224208	1.9232042789996706	addition	MEOX2_MA0706.1
ISL1_chr5:51392398-51392614_Ledidi_run-8_target-10.88_8	1013	1031				-0.40305298240052206	removal	FOXA2_HUMAN.H11MO.0.A
ISL1_chr5:51392398-51392614_Ledidi_run-8_target-10.88_8	1037	1051	0.5244389666703491	0.04221661594611272	0.055610173637289616	0.5244389666703491	addition	ARNTL_bHLH_1
ISL1_chr5:51392398-51392614_Ledidi_run-8_target-10.88_8	1056	1079	1.7675355328370936	0.03354123135876334	0.18742497056465832	1.7675355328370936	addition	NDF2_MOUSE.H11MO.0.A
ISL1_chr5:51392398-51392614_Ledidi_run-8_target-10.88_8	1069	1097	2.2519291730117144	0.0012722748579196718	0.23878883967212225	1.9004384338028544	increase	FOXA2_HUMAN.H11MO.0.A
ISL1_chr5:51392398-51392614_Ledidi_run-8_target-10.88_9	997	1018	0.7781770622248765	0.017128717397221594	0.0816241887729615	0.7781770622248765	addition	FOXA2_HUMAN.H11MO.0.A
ISL1_chr5:51392398-51392614_Ledidi_run-8_target-10.88_9	1009	1032	1.2112881237598265	0.03485942775149378	0.12705387407531554	0.8082351413593045	increase	FOXA2_HUMAN.H11MO.0.A
ISL1_chr5:51392398-51392614_Ledidi_run-8_target-10.88_9	1055	1071	1.0365048083293598	0.03009516326587541	0.1087205833300561	1.0365048083293598	addition	TYY1_HUMAN.H11MO.0.A
ISL1_chr5:51392398-51392614_Ledidi_run-8_target-10.88_9	1061	1096	3.012563624188398	3.362361452890566e-06	0.31599243139892447	2.661072884979538	increase	FOXA2_HUMAN.H11MO.0.A
ISL1_chr5:51392398-51392614_Ledidi_run-8_target-10.88_9	1087	1101	0.42600091217321356	0.04624528289440415	0.044683890801489365	0.42600091217321356	addition	MAFB_HUMAN.H11MO.0.B
ISL1_chr5:51392398-51392614_Ledidi_run-8_target-5.87_1	1012	1030	0.4686749399084582	0.04352150009819771	0.09143873108011315	0.06562195750793615	increase	FOXA2_HUMAN.H11MO.0.A
ISL1_chr5:51392398-51392614_Ledidi_run-8_target-5.87_1	1071	1086	0.41735503764752413	0.046752993653437686	0.08142619074072181	0.06586429843866415	increase	FOXA2_HUMAN.H11MO.0.A
ISL1_chr5:51392398-51392614_Ledidi_run-8_target-5.87_10	1013	1032	0.5730722727216486	0.019793757214139004	0.10475507496389552	0.17001929032112656	increase	FOXA2_HUMAN.H11MO.0.A
ISL1_chr5:51392398-51392614_Ledidi_run-8_target-5.87_10	1072	1089	0.419194019091081	0.0448640872989144	0.07662681128464231	0.06770327988222102	increase	FOXA2_HUMAN.H11MO.0.A
ISL1_chr5:51392398-51392614_Ledidi_run-8_target-5.87_2	1011	1031	0.6004647057175948	0.04589631419228254	0.10760758963877855	0.19741172331707274	increase	FOXA2_HUMAN.H11MO.0.A
ISL1_chr5:51392398-51392614_Ledidi_run-8_target-5.87_2	1025	1039	0.31914122312765425	0.04253935132010999	0.057192400232912124	0.31914122312765425	addition	ETV6_MOUSE.H11MO.0.C
ISL1_chr5:51392398-51392614_Ledidi_run-8_target-5.87_2	1071	1089	0.5080583292970537	0.029630840137533875	0.09104770303897448	0.15656759008819376	increase	FOXA2_HUMAN.H11MO.0.A
ISL1_chr5:51392398-51392614_Ledidi_run-8_target-5.87_3	1012	1032	0.6201969744719309	0.028277587506706697	0.11467483332033895	0.21714399207140883	increase	FOXA2_HUMAN.H11MO.0.A
ISL1_chr5:51392398-51392614_Ledidi_run-8_target-5.87_3	1074	1089				-0.35149073920886	removal	FOXA2_HUMAN.H11MO.0.A
ISL1_chr5:51392398-51392614_Ledidi_run-8_target-5.87_4	1011	1031	0.5991374239067554	0.04002110100333834	0.10782972012930954	0.19608444150623333	increase	FOXA2_HUMAN.H11MO.0.A
ISL1_chr5:51392398-51392614_Ledidi_run-8_target-5.87_4	1071	1089	0.4921602503703857	0.028057710553803093	0.08857651006035117	0.1406695111615257	increase	FOXA2_HUMAN.H11MO.0.A
ISL1_chr5:51392398-51392614_Ledidi_run-8_target-5.87_5	1013	1031	0.4728319783544427	0.01769384179489903	0.09116966659969483	0.06977899595392062	increase	FOXA2_HUMAN.H11MO.0.A
ISL1_chr5:51392398-51392614_Ledidi_run-8_target-5.87_5	1074	1089				-0.35149073920886	removal	FOXA2_HUMAN.H11MO.0.A
ISL1_chr5:51392398-51392614_Ledidi_run-8_target-5.87_6	1011	1032	0.664086708140802	0.04221661594611272	0.11814806227465856	0.2610337257402799	increase	FOXA2_HUMAN.H11MO.0.A
ISL1_chr5:51392398-51392614_Ledidi_run-8_target-5.87_6	1071	1089	0.4993356056475191	0.025339702321310897	0.08883709538045595	0.14784486643865913	increase	FOXA2_HUMAN.H11MO.0.A
ISL1_chr5:51392398-51392614_Ledidi_run-8_target-5.87_7	1011	1032	0.5632051442538348	0.04695064795138151	0.10265712405661948	0.16015216185331277	increase	FOXA2_HUMAN.H11MO.0.A
ISL1_chr5:51392398-51392614_Ledidi_run-8_target-5.87_7	1071	1087	0.398011292683887	0.0431917794291362	0.07254673552940842	0.04652055347502704	increase	FOXA2_HUMAN.H11MO.0.A
ISL1_chr5:51392398-51392614_Ledidi_run-8_target-5.87_8	1012	1031	0.5953321392675233	0.035949002347687255	0.10841244166012833	0.1922791568670012	increase	FOXA2_HUMAN.H11MO.0.A
ISL1_chr5:51392398-51392614_Ledidi_run-8_target-5.87_8	1071	1089	0.4682334087386515	0.03009516326587541	0.08526723783241123	0.11674266952979151	increase	FOXA2_HUMAN.H11MO.0.A
ISL1_chr5:51392398-51392614_Ledidi_run-8_target-5.87_9	1012	1032	0.560571278356278	0.033027218663415445	0.10593102492944026	0.1575182959557559	increase	FOXA2_HUMAN.H11MO.0.A
ISL1_chr5:51392398-51392614_Ledidi_run-8_target-5.87_9	1071	1088	0.3935321372076681	0.04766601648500149	0.074365677027403	0.04204139799880813	increase	FOXA2_HUMAN.H11MO.0.A
ISL1_chr5:51392398-51392614_Ledidi_run-8_target-6.42_1	1009	1040	1.5847511361491815	0.0498733870590643	0.267726123136893	1.5847511361491815	addition	JUN+JUNB_MA1133.1
ISL1_chr5:51392398-51392614_Ledidi_run-8_target-6.42_1	1013	1031				-0.40305298240052206	removal	FOXA2_HUMAN.H11MO.0.A
ISL1_chr5:51392398-51392614_Ledidi_run-8_target-6.42_1	1072	1089	0.3882404402727282	0.04002110100333834	0.06558891522346466	0.03674970106386821	increase	FOXA2_HUMAN.H11MO.0.A
ISL1_chr5:51392398-51392614_Ledidi_run-8_target-6.42_10	1011	1031	0.6242400664824557	0.018573313143212488	0.11302513171322312	0.2211870840819336	increase	FOXA2_HUMAN.H11MO.0.A
ISL1_chr5:51392398-51392614_Ledidi_run-8_target-6.42_10	1072	1089	0.4431581074041968	0.020949658132342976	0.08023836685361135	0.09166736819533683	increase	FOXA2_HUMAN.H11MO.0.A
ISL1_chr5:51392398-51392614_Ledidi_run-8_target-6.42_2	1011	1030	0.48546828756609506	0.03622637481763158	0.09251104618106691	0.082415305165573	increase	FOXA2_HUMAN.H11MO.0.A
ISL1_chr5:51392398-51392614_Ledidi_run-8_target-6.42_2	1072	1089	0.4351962251392423	0.03485942775149378	0.08293118029094967	0.0837054859303823	increase	FOXA2_HUMAN.H11MO.0.A
ISL1_chr5:51392398-51392614_Ledidi_run-8_target-6.42_3	1011	1032	0.7409348282339879	0.02128678322634035	0.13196222251753845	0.33788184583346587	increase	FOXA2_HUMAN.H11MO.0.A
ISL1_chr5:51392398-51392614_Ledidi_run-8_target-6.42_3	1071	1086	0.42259646492717406	0.04221661594611272	0.07526541689606427	0.07110572571831408	increase	FOXA2_HUMAN.H11MO.0.A
ISL1_chr5:51392398-51392614_Ledidi_run-8_target-6.42_4	1010	1033	1.1656569088702815	0.0448640872989144	0.18665086935543543	1.1656569088702815	addition	JUN+JUNB_MA1133.1
ISL1_chr5:51392398-51392614_Ledidi_run-8_target-6.42_4	1013	1031				-0.40305298240052206	removal	FOXA2_HUMAN.H11MO.0.A
ISL1_chr5:51392398-51392614_Ledidi_run-8_target-6.42_4	1023	1039	0.7689989262403075	0.027214304391552525	0.12313599055082063	0.7689989262403075	addition	JUN+JUNB_MA1133.1
ISL1_chr5:51392398-51392614_Ledidi_run-8_target-6.42_4	1071	1089	0.46755362861302574	0.04286440117339201	0.07486704757361952	0.11606288940416576	increase	FOXA2_HUMAN.H11MO.0.A
ISL1_chr5:51392398-51392614_Ledidi_run-8_target-6.42_5	1012	1032	0.6871144159696142	0.022685843285046595	0.12178753837575129	0.28406143356909214	increase	FOXA2_HUMAN.H11MO.0.A
ISL1_chr5:51392398-51392614_Ledidi_run-8_target-6.42_5	1071	1088	0.4054182976583416	0.03911348485364352	0.07185833295990768	0.053927558449481605	increase	FOXA2_HUMAN.H11MO.0.A
ISL1_chr5:51392398-51392614_Ledidi_run-8_target-6.42_6	1011	1032	0.6680745683570413	0.02514104809188975	0.11727501704529866	0.2650215859565192	increase	FOXA2_HUMAN.H11MO.0.A
ISL1_chr5:51392398-51392614_Ledidi_run-8_target-6.42_6	1071	1089	0.49287685739407405	0.04253935132010999	0.08652049425301861	0.14138611818521407	increase	FOXA2_HUMAN.H11MO.0.A
ISL1_chr5:51392398-51392614_Ledidi_run-8_target-6.42_7	1011	1032	0.6886512346072436	0.04253935132010999	0.12210296015476568	0.2855982522067216	increase	FOXA2_HUMAN.H11MO.0.A
ISL1_chr5:51392398-51392614_Ledidi_run-8_target-6.42_7	1071	1087	0.4360022563532462	0.0431917794291362	0.07730642661992894	0.0845115171443862	increase	FOXA2_HUMAN.H11MO.0.A
ISL1_chr5:51392398-51392614_Ledidi_run-8_target-6.42_8	1011	1032	0.7320909911800415	0.024169142632964005	0.1347973575372719	0.32903800877951944	increase	FOXA2_HUMAN.H11MO.0.A
ISL1_chr5:51392398-51392614_Ledidi_run-8_target-6.42_8	1071	1088	0.3928201156421618	0.03793350801322296	0.07232859605429406	0.04132937643330181	increase	FOXA2_HUMAN.H11MO.0.A
ISL1_chr5:51392398-51392614_Ledidi_run-8_target-6.42_9	1011	1032	0.7423965362724596	0.01372140150133723	0.13284424317404744	0.33934355387193754	increase	FOXA2_HUMAN.H11MO.0.A
ISL1_chr5:51392398-51392614_Ledidi_run-8_target-6.42_9	1026	1043	0.4013879154310911	0.027407557497725457	0.07182424922451772	0.4013879154310911	addition	NFYB_HUMAN.H11MO.0.A
ISL1_chr5:51392398-51392614_Ledidi_run-8_target-6.42_9	1072	1087	0.3792075451349488	0.03056627161134241	0.06785529953072529	0.027716805926088828	increase	FOXA2_HUMAN.H11MO.0.A
ISL1_chr5:51392398-51392614_Ledidi_run-8_target-7.64_1	995	1017	0.9083297957365828	0.03459194355839432	0.1413299868773121	0.9083297957365828	addition	FOXA2_HUMAN.H11MO.0.A
ISL1_chr5:51392398-51392614_Ledidi_run-8_target-7.64_1	1011	1032	0.860799017983934	0.014183944016136011	0.13393451859301683	0.4577460355834119	increase	FOXA2_HUMAN.H11MO.0.A
ISL1_chr5:51392398-51392614_Ledidi_run-8_target-7.64_1	1071	1090	0.5120824711972958	0.028057710553803093	0.079676577025338	0.1605917319884358	increase	FOXA2_HUMAN.H11MO.0.A
ISL1_chr5:51392398-51392614_Ledidi_run-8_target-7.64_10	994	1018	1.17480324207457	0.01644528931493413	0.16050754794887268	1.17480324207457	addition	FOXA2_HUMAN.H11MO.0.A
ISL1_chr5:51392398-51392614_Ledidi_run-8_target-7.64_10	1010	1032	1.1338569294126588	0.03650576667085745	0.154913256064467	0.7308039470121368	increase	FOXA2_HUMAN.H11MO.0.A
ISL1_chr5:51392398-51392614_Ledidi_run-8_target-7.64_10	1024	1040	0.4935429364656443	0.04157803279634765	0.06743032680068016	0.4935429364656443	addition	NFYB_HUMAN.H11MO.0.A
ISL1_chr5:51392398-51392614_Ledidi_run-8_target-7.64_10	1053	1067	0.31322650776569994	0.04352150009819771	0.04279458628772649	0.31322650776569994	addition	SP2_HUMAN.H11MO.0.A
ISL1_chr5:51392398-51392614_Ledidi_run-8_target-7.64_10	1065	1079	0.4783989933787529	0.0498733870590643	0.06536128486744389	0.4783989933787529	addition	TYY1_HUMAN.H11MO.0.A
ISL1_chr5:51392398-51392614_Ledidi_run-8_target-7.64_10	1071	1089	0.5732064341037977	0.023978966652746625	0.07831435589507653	0.2217156948949377	increase	FOXA2_HUMAN.H11MO.0.A
ISL1_chr5:51392398-51392614_Ledidi_run-8_target-7.64_2	994	1017	1.0663317032929327	0.02719396133312981	0.1607395216366382	1.0663317032929327	addition	FOXA2_HUMAN.H11MO.0.A
ISL1_chr5:51392398-51392614_Ledidi_run-8_target-7.64_2	1011	1032	1.034039338356544	0.012415202241707323	0.15587174993261627	0.630986355956022	increase	FOXA2_HUMAN.H11MO.0.A
ISL1_chr5:51392398-51392614_Ledidi_run-8_target-7.64_2	1070	1089	0.553850233904901	0.03252062335264242	0.0834877378036257	0.20235949469604098	increase	FOXA2_HUMAN.H11MO.0.A
ISL1_chr5:51392398-51392614_Ledidi_run-8_target-7.64_3	994	1018	1.0592896187575211	0.02379017014912958	0.153302872673124	1.0592896187575211	addition	FOXA2_HUMAN.H11MO.0.A
ISL1_chr5:51392398-51392614_Ledidi_run-8_target-7.64_3	1011	1032	1.0864820273908868	0.005324226951442083	0.15723822168870863	0.6834290449903648	increase	FOXA2_HUMAN.H11MO.0.A
ISL1_chr5:51392398-51392614_Ledidi_run-8_target-7.64_3	1025	1040	0.537660853252615	0.02474804221978688	0.0778115369658659	0.537660853252615	addition	NFYB_HUMAN.H11MO.0.A
ISL1_chr5:51392398-51392614_Ledidi_run-8_target-7.64_3	1071	1088	0.41022339065934066	0.04063716777415878	0.05936848913855136	0.05873265145048068	increase	FOXA2_HUMAN.H11MO.0.A
ISL1_chr5:51392398-51392614_Ledidi_run-8_target-7.64_4	994	1017	1.1438245347718012	0.02635488941340899	0.1580574899337353	1.1438245347718012	addition	FOXA2_HUMAN.H11MO.0.A
ISL1_chr5:51392398-51392614_Ledidi_run-8_target-7.64_4	1010	1033	1.1512443969076773	0.014301773721714803	0.15908279123581387	0.7481914145071553	increase	FOXA2_HUMAN.H11MO.0.A
ISL1_chr5:51392398-51392614_Ledidi_run-8_target-7.64_4	1025	1040	0.500803971064494	0.04766601648500149	0.06920276336885266	0.500803971064494	addition	NFYB_HUMAN.H11MO.0.A
ISL1_chr5:51392398-51392614_Ledidi_run-8_target-7.64_4	1071	1090	0.6346118528331917	0.02029009731337448	0.08769278284542366	0.2831211136243317	increase	FOXA2_HUMAN.H11MO.0.A
ISL1_chr5:51392398-51392614_Ledidi_run-8_target-7.64_5	995	1017	1.040697616107675	0.017409202472093384	0.1396064206652146	1.040697616107675	addition	FOXA2_HUMAN.H11MO.0.A
ISL1_chr5:51392398-51392614_Ledidi_run-8_target-7.64_5	1009	1033	1.2828088230606798	0.03567363531992702	0.17208490287031544	0.8797558406601578	increase	FOXA2_HUMAN.H11MO.0.A
ISL1_chr5:51392398-51392614_Ledidi_run-8_target-7.64_5	1023	1042	0.8639951725062196	0.02677138457031075	0.11590232516986773	0.8639951725062196	addition	NFYB_HUMAN.H11MO.0.A
ISL1_chr5:51392398-51392614_Ledidi_run-8_target-7.64_5	1043	1057	0.28484441443890995	0.04002110100333834	0.03821101204692374	0.28484441443890995	addition	ARNTL_bHLH_1
ISL1_chr5:51392398-51392614_Ledidi_run-8_target-7.64_5	1070	1089	0.5963474256781898	0.02436070752121386	0.07999819379160886	0.2448566864693298	increase	FOXA2_HUMAN.H11MO.0.A
ISL1_chr5:51392398-51392614_Ledidi_run-8_target-7.64_6	997	1018	0.9865276005911452	0.005975353775446093	0.14183793605215936	0.9865276005911452	addition	FOXA2_HUMAN.H11MO.0.A
ISL1_chr5:51392398-51392614_Ledidi_run-8_target-7.64_6	1009	1032	1.2083048075261962	0.03128588042916564	0.1737239383051435	0.8052518251256742	increase	FOXA2_HUMAN.H11MO.0.A
ISL1_chr5:51392398-51392614_Ledidi_run-8_target-7.64_6	1025	1039	0.4265663403566573	0.049127257957482524	0.06132954543720474	0.4265663403566573	addition	ETV6_MOUSE.H11MO.0.C
ISL1_chr5:51392398-51392614_Ledidi_run-8_target-7.64_6	1071	1090	0.6521238382227104	0.020949658132342976	0.09375905875162165	0.3006330990138504	increase	FOXA2_HUMAN.H11MO.0.A
ISL1_chr5:51392398-51392614_Ledidi_run-8_target-7.64_7	996	1016	1.0380564822113691	0.01013980071985564	0.1509302603636978	0.6350034998108471	increase	FOXA2_HUMAN.H11MO.0.A
ISL1_chr5:51392398-51392614_Ledidi_run-8_target-7.64_7	1006	1033	1.6570125867255396	0.039716378487932046	0.24092459844539177	1.6570125867255396	addition	CEBPB_HUMAN.H11MO.0.A
ISL1_chr5:51392398-51392614_Ledidi_run-8_target-7.64_7	1025	1040	0.5133633455002564	0.03009516326587541	0.07464147156277355	0.5133633455002564	addition	NFYB_HUMAN.H11MO.0.A
ISL1_chr5:51392398-51392614_Ledidi_run-8_target-7.64_7	1031	1045	0.4068352417611818	0.04766601648500149	0.05915260876107132	0.4068352417611818	addition	NFYB_HUMAN.H11MO.0.A
ISL1_chr5:51392398-51392614_Ledidi_run-8_target-7.64_7	1071	1090	0.5473963959503263	0.014782028252133943	0.07958977375386182	0.19590565674146632	increase	FOXA2_HUMAN.H11MO.0.A
ISL1_chr5:51392398-51392614_Ledidi_run-8_target-7.64_8	994	1018	1.1034808958143807	0.03793350801322296	0.15680876103159724	1.1034808958143807	addition	FOXA2_HUMAN.H11MO.0.A
ISL1_chr5:51392398-51392614_Ledidi_run-8_target-7.64_8	1010	1033	1.1657363557216822	0.022685843285046595	0.16565549464750784	0.7626833733211602	increase	FOXA2_HUMAN.H11MO.0.A
ISL1_chr5:51392398-51392614_Ledidi_run-8_target-7.64_8	1028	1042	0.46464352833012246	0.027622706940374598	0.06602758260261929	0.46464352833012246	addition	NFYB_HUMAN.H11MO.0.A
ISL1_chr5:51392398-51392614_Ledidi_run-8_target-7.64_8	1072	1086	0.35036274219754837	0.03567363531992702	0.04978785561582759	-0.00112799701131161	decrease	FOXA2_HUMAN.H11MO.0.A
ISL1_chr5:51392398-51392614_Ledidi_run-8_target-7.64_9	996	1017	0.9095940096113131	0.005767515501131501	0.12584467701321866	0.9095940096113131	addition	FOXA2_HUMAN.H11MO.0.A
ISL1_chr5:51392398-51392614_Ledidi_run-8_target-7.64_9	1010	1033	1.2158149104786	0.035949002347687255	0.16821112837189447	0.812761928078078	increase	FOXA2_HUMAN.H11MO.0.A
ISL1_chr5:51392398-51392614_Ledidi_run-8_target-7.64_9	1025	1045	0.6358610858507863	0.03152925435595684	0.08797302107163246	0.6358610858507863	addition	NFYB_HUMAN.H11MO.0.A
ISL1_chr5:51392398-51392614_Ledidi_run-8_target-7.64_9	1071	1090	0.6757512988926648	0.018573313143212488	0.09349193492022831	0.32426055968380485	increase	FOXA2_HUMAN.H11MO.0.A
ISL1_chr5:51392398-51392614_Ledidi_run-9_target-10.88_1	952	973	0.7725204391474505	0.03678719194327901	0.07760866242085526	0.7725204391474505	addition	RFX6_MOUSE.H11MO.0.C
ISL1_chr5:51392398-51392614_Ledidi_run-9_target-10.88_1	968	987	0.6116374424787838	0.02872214971742666	0.06144609435793964	0.6116374424787838	addition	FOXA2_HUMAN.H11MO.0.A
ISL1_chr5:51392398-51392614_Ledidi_run-9_target-10.88_1	982	1002	0.6624099502023697	0.020782944543160292	0.06654678323618943	0.6624099502023697	addition	HNF6_HUMAN.H11MO.0.B
ISL1_chr5:51392398-51392614_Ledidi_run-9_target-10.88_1	995	1018	1.211927409592922	0.041262157128128175	0.12175220284589293	1.211927409592922	addition	FOXA2_HUMAN.H11MO.0.A
ISL1_chr5:51392398-51392614_Ledidi_run-9_target-10.88_1	1009	1033	1.65830943579002	0.012311677030444858	0.16659646874013892	1.255256453389498	increase	FOXA2_HUMAN.H11MO.0.A
ISL1_chr5:51392398-51392614_Ledidi_run-9_target-10.88_1	1025	1047	0.903207473293671	0.04002110100333834	0.09073769487342048	0.903207473293671	addition	MEOX2_MA0706.1
ISL1_chr5:51392398-51392614_Ledidi_run-9_target-10.88_1	1070	1099	1.3614650133200952	0.020128217678028606	0.13677499424244613	1.3614650133200952	addition	RFX6_MOUSE.H11MO.0.C
ISL1_chr5:51392398-51392614_Ledidi_run-9_target-10.88_1	1074	1089				-0.35149073920886	removal	FOXA2_HUMAN.H11MO.0.A
ISL1_chr5:51392398-51392614_Ledidi_run-9_target-10.88_10	952	975	0.8461787864452264	0.019649667726908415	0.08394159386469294	0.8461787864452264	addition	RFX6_MOUSE.H11MO.0.C
ISL1_chr5:51392398-51392614_Ledidi_run-9_target-10.88_10	968	990	0.9149460405799121	0.04452485662729606	0.09076335896945732	0.9149460405799121	addition	FOXA2_HUMAN.H11MO.0.A
ISL1_chr5:51392398-51392614_Ledidi_run-9_target-10.88_10	984	1001	0.46830715677010004	0.018424025822484025	0.04645643425152139	0.46830715677010004	addition	TAL1_HUMAN.H11MO.0.A
ISL1_chr5:51392398-51392614_Ledidi_run-9_target-10.88_10	996	1016	0.8451144304122171	0.019649667726908415	0.08383600891824725	0.44206144801169506	increase	FOXA2_HUMAN.H11MO.0.A
ISL1_chr5:51392398-51392614_Ledidi_run-9_target-10.88_10	1006	1033	1.8640697246396907	0.04695064795138151	0.18491716675918285	1.8640697246396907	addition	CEBPB_HUMAN.H11MO.0.A
ISL1_chr5:51392398-51392614_Ledidi_run-9_target-10.88_10	1023	1047	1.3530328038447292	0.022151565562005048	0.13422190667656594	1.3530328038447292	addition	MEOX2_MA0706.1
ISL1_chr5:51392398-51392614_Ledidi_run-9_target-10.88_10	1070	1099	1.5657556938485948	0.006999674496280945	0.1553241828438072	1.5657556938485948	addition	RFX6_MOUSE.H11MO.0.C
ISL1_chr5:51392398-51392614_Ledidi_run-9_target-10.88_10	1074	1089				-0.35149073920886	removal	FOXA2_HUMAN.H11MO.0.A
ISL1_chr5:51392398-51392614_Ledidi_run-9_target-10.88_2	952	973	0.6996389344664327	0.017409202472093384	0.07259669064466855	0.6996389344664327	addition	RFX6_MOUSE.H11MO.0.C
ISL1_chr5:51392398-51392614_Ledidi_run-9_target-10.88_2	968	985	0.7221657257353166	0.003210298683984256	0.07493413988655696	0.7221657257353166	addition	FOXA2_HUMAN.H11MO.0.A
ISL1_chr5:51392398-51392614_Ledidi_run-9_target-10.88_2	975	990	0.7763788183868694	0.02660979124313303	0.0805594573499383	0.7763788183868694	addition	FOXA2_HUMAN.H11MO.0.A
ISL1_chr5:51392398-51392614_Ledidi_run-9_target-10.88_2	980	1002	1.015847566270367	0.023231964537215495	0.10540747216549812	1.015847566270367	addition	HNF6_HUMAN.H11MO.0.B
ISL1_chr5:51392398-51392614_Ledidi_run-9_target-10.88_2	994	1018	1.1965550207901832	0.013495322680601614	0.12415823420387066	1.1965550207901832	addition	FOXA2_HUMAN.H11MO.0.A
ISL1_chr5:51392398-51392614_Ledidi_run-9_target-10.88_2	1009	1031	1.343396586063362	0.03354123135876334	0.13939496727111442	0.9403436036628401	increase	FOXA2_HUMAN.H11MO.0.A
ISL1_chr5:51392398-51392614_Ledidi_run-9_target-10.88_2	1021	1046	1.2709473003627734	0.04589631419228254	0.1318774062516666	1.2709473003627734	addition	ETV6_MOUSE.H11MO.0.C
ISL1_chr5:51392398-51392614_Ledidi_run-9_target-10.88_2	1061	1075	0.3712906341506006	0.04730707420613627	0.03852625973031405	0.3712906341506006	addition	RFX6_MOUSE.H11MO.0.C
ISL1_chr5:51392398-51392614_Ledidi_run-9_target-10.88_2	1070	1098	1.3205901893551406	0.02286655598660098	0.13702850530768892	1.3205901893551406	addition	RFX6_MOUSE.H11MO.0.C
ISL1_chr5:51392398-51392614_Ledidi_run-9_target-10.88_2	1074	1089				-0.35149073920886	removal	FOXA2_HUMAN.H11MO.0.A
ISL1_chr5:51392398-51392614_Ledidi_run-9_target-10.88_3	955	972	0.4733868383476318	0.0373561988327741	0.04704460245317997	0.4733868383476318	addition	RFX6_MOUSE.H11MO.0.C
ISL1_chr5:51392398-51392614_Ledidi_run-9_target-10.88_3	968	983	0.49297192788582367	0.03449130720161393	0.048990944591779016	0.49297192788582367	addition	FOXA2_HUMAN.H11MO.0.A
ISL1_chr5:51392398-51392614_Ledidi_run-9_target-10.88_3	996	1018	0.8465101670911652	0.023602743782745655	0.08412514049267725	0.8465101670911652	addition	FOXA2_HUMAN.H11MO.0.A
ISL1_chr5:51392398-51392614_Ledidi_run-9_target-10.88_3	1010	1033	1.4023720883698558	0.011036377949139078	0.1393660153693322	0.9993191059693338	increase	FOXA2_HUMAN.H11MO.0.A
ISL1_chr5:51392398-51392614_Ledidi_run-9_target-10.88_3	1025	1048	0.8845954644945739	0.03540025979293725	0.08791001056196031	0.8845954644945739	addition	MEOX2_MA0706.1
ISL1_chr5:51392398-51392614_Ledidi_run-9_target-10.88_3	1070	1102	2.0814527677435013	0.008472127727752632	0.20685221905484358	2.0814527677435013	addition	RFX6_MOUSE.H11MO.0.C
ISL1_chr5:51392398-51392614_Ledidi_run-9_target-10.88_3	1074	1089				-0.35149073920886	removal	FOXA2_HUMAN.H11MO.0.A
ISL1_chr5:51392398-51392614_Ledidi_run-9_target-10.88_4	952	973	0.8253504820912384	0.007570811209015223	0.08032111095812842	0.8253504820912384	addition	RFX6_MOUSE.H11MO.0.C
ISL1_chr5:51392398-51392614_Ledidi_run-9_target-10.88_4	968	989	0.8262254662296116	0.022328356818105913	0.08040626229636573	0.8262254662296116	addition	FOXA2_HUMAN.H11MO.0.A
ISL1_chr5:51392398-51392614_Ledidi_run-9_target-10.88_4	981	1001	0.7001184780618979	0.03080440211150591	0.06813383548012429	0.7001184780618979	addition	TAL1_HUMAN.H11MO.0.A
ISL1_chr5:51392398-51392614_Ledidi_run-9_target-10.88_4	997	1018	0.9069327778242409	0.003210298683984256	0.08826050248933125	0.9069327778242409	addition	FOXA2_HUMAN.H11MO.0.A
ISL1_chr5:51392398-51392614_Ledidi_run-9_target-10.88_4	1009	1034	1.7344435484595264	0.014301773721714803	0.16879184749906928	1.3313905660590044	increase	FOXA2_HUMAN.H11MO.0.A
ISL1_chr5:51392398-51392614_Ledidi_run-9_target-10.88_4	1025	1048	1.0592731021265247	0.024553670844057802	0.10308589407410089	1.0592731021265247	addition	MEOX2_MA0706.1
ISL1_chr5:51392398-51392614_Ledidi_run-9_target-10.88_4	1053	1067	0.2916235123014408	0.03459194355839432	0.02838009427245213	0.2916235123014408	addition	SP2_HUMAN.H11MO.0.A
ISL1_chr5:51392398-51392614_Ledidi_run-9_target-10.88_4	1064	1078	0.5176094052120037	0.040328026075753344	0.05037249431739994	0.5176094052120037	addition	TYY1_HUMAN.H11MO.0.A
ISL1_chr5:51392398-51392614_Ledidi_run-9_target-10.88_4	1070	1099	1.5037425387454846	0.004739817942324022	0.14634058370087913	1.5037425387454846	addition	RFX6_MOUSE.H11MO.0.C
ISL1_chr5:51392398-51392614_Ledidi_run-9_target-10.88_4	1074	1089				-0.35149073920886	removal	FOXA2_HUMAN.H11MO.0.A
ISL1_chr5:51392398-51392614_Ledidi_run-9_target-10.88_5	955	975	0.6704147947912182	0.019181572505438713	0.07138455153997639	0.6704147947912182	addition	RFX6_MOUSE.H11MO.0.C
ISL1_chr5:51392398-51392614_Ledidi_run-9_target-10.88_5	968	987	0.7747409587572829	0.013950928018901005	0.082493012281692	0.7747409587572829	addition	FOXA2_HUMAN.H11MO.0.A
ISL1_chr5:51392398-51392614_Ledidi_run-9_target-10.88_5	980	1001	0.9214950858248191	0.0155298172841976	0.0981191255905715	0.9214950858248191	addition	HNF6_HUMAN.H11MO.0.B
ISL1_chr5:51392398-51392614_Ledidi_run-9_target-10.88_5	994	1018	1.1094871932589832	0.016178883238902576	0.11813618426306403	1.1094871932589832	addition	FOXA2_HUMAN.H11MO.0.A
ISL1_chr5:51392398-51392614_Ledidi_run-9_target-10.88_5	1010	1031	1.2136645829294785	0.02474804221978688	0.1292288037875923	0.8106116005289565	increase	FOXA2_HUMAN.H11MO.0.A
ISL1_chr5:51392398-51392614_Ledidi_run-9_target-10.88_5	1021	1046	1.3098220752930172	0.0498733870590643	0.13946747919110508	1.3098220752930172	addition	ETV6_MOUSE.H11MO.0.C
ISL1_chr5:51392398-51392614_Ledidi_run-9_target-10.88_5	1070	1092	1.1241199499850074	0.021976064048050057	0.11969425366248132	0.7726292107761474	increase	FOXA2_HUMAN.H11MO.0.A
ISL1_chr5:51392398-51392614_Ledidi_run-9_target-10.88_5	1082	1098	0.6788292764690969	0.00742923408396414	0.07228051028922172	0.6788292764690969	addition	RFX6_MOUSE.H11MO.0.C
ISL1_chr5:51392398-51392614_Ledidi_run-9_target-10.88_6	953	974	0.6438578358619311	0.04589631419228254	0.06348535146889314	0.6438578358619311	addition	RFX6_MOUSE.H11MO.0.C
ISL1_chr5:51392398-51392614_Ledidi_run-9_target-10.88_6	968	989	0.821392380399182	0.012730601424875655	0.0809905247075305	0.821392380399182	addition	FOXA2_HUMAN.H11MO.0.A
ISL1_chr5:51392398-51392614_Ledidi_run-9_target-10.88_6	981	1001	0.9628774174612518	0.007570811209015223	0.0949411622631803	0.9628774174612518	addition	HNF6_HUMAN.H11MO.0.B
ISL1_chr5:51392398-51392614_Ledidi_run-9_target-10.88_6	992	1016	1.3565418526299609	0.03650576667085745	0.13375706794216013	1.3565418526299609	addition	ETV6_MOUSE.H11MO.0.C
ISL1_chr5:51392398-51392614_Ledidi_run-9_target-10.88_6	1006	1033	2.043049046068181	0.018468429370029182	0.20144771024521477	2.043049046068181	addition	CEBPB_HUMAN.H11MO.0.A
ISL1_chr5:51392398-51392614_Ledidi_run-9_target-10.88_6	1013	1031				-0.40305298240052206	removal	FOXA2_HUMAN.H11MO.0.A
ISL1_chr5:51392398-51392614_Ledidi_run-9_target-10.88_6	1023	1046	1.2347142707459682	0.02474804221978688	0.12174468504686341	1.2347142707459682	addition	MEOX2_MA0706.1
ISL1_chr5:51392398-51392614_Ledidi_run-9_target-10.88_6	1045	1059	0.2655272827751638	0.04221661594611272	0.02618138963703827	0.2655272827751638	addition	MEOX2_MA0706.1
ISL1_chr5:51392398-51392614_Ledidi_run-9_target-10.88_6	1070	1097	1.2941941245444148	0.017550999021701732	0.1276094881344234	1.2941941245444148	addition	RFX6_MOUSE.H11MO.0.C
ISL1_chr5:51392398-51392614_Ledidi_run-9_target-10.88_6	1074	1089				-0.35149073920886	removal	FOXA2_HUMAN.H11MO.0.A
ISL1_chr5:51392398-51392614_Ledidi_run-9_target-10.88_7	952	973	0.7878216989111252	0.01591637661675091	0.0769136310984869	0.7878216989111252	addition	RFX6_MOUSE.H11MO.0.C
ISL1_chr5:51392398-51392614_Ledidi_run-9_target-10.88_7	968	985	0.6372144135313632	0.02872214971742666	0.06221010972499104	0.6372144135313632	addition	FOXA2_HUMAN.H11MO.0.A
ISL1_chr5:51392398-51392614_Ledidi_run-9_target-10.88_7	975	989	0.45432294792706474	0.03540025979293725	0.044354741262821386	0.45432294792706474	addition	FOXA2_HUMAN.H11MO.0.A
ISL1_chr5:51392398-51392614_Ledidi_run-9_target-10.88_7	985	1000	0.38690856288240427	0.023978966652746625	0.03777319476667531	0.38690856288240427	addition	HNF6_HUMAN.H11MO.0.B
ISL1_chr5:51392398-51392614_Ledidi_run-9_target-10.88_7	996	1018	0.9849511777382478	0.016852326364993054	0.09615903146522232	0.9849511777382478	addition	FOXA2_HUMAN.H11MO.0.A
ISL1_chr5:51392398-51392614_Ledidi_run-9_target-10.88_7	1009	1032	1.5869652781889814	0.03177440233200031	0.15493259723797548	1.1839122957884594	increase	FOXA2_HUMAN.H11MO.0.A
ISL1_chr5:51392398-51392614_Ledidi_run-9_target-10.88_7	1024	1046	0.9763133902546404	0.04418802463977276	0.09531573963797316	0.9763133902546404	addition	MEOX2_MA0706.1
ISL1_chr5:51392398-51392614_Ledidi_run-9_target-10.88_7	1059	1073	0.43702346738872144	0.04949901644459642	0.04266582374993667	0.43702346738872144	addition	SP2_HUMAN.H11MO.0.A
ISL1_chr5:51392398-51392614_Ledidi_run-9_target-10.88_7	1065	1079	0.6031954615893103	0.03354123135876334	0.058888899959323754	0.6031954615893103	addition	TYY1_HUMAN.H11MO.0.A
ISL1_chr5:51392398-51392614_Ledidi_run-9_target-10.88_7	1070	1102	1.7369204126538733	0.01151168380137576	0.1695724502776895	1.7369204126538733	addition	RFX6_MOUSE.H11MO.0.C
ISL1_chr5:51392398-51392614_Ledidi_run-9_target-10.88_7	1074	1089				-0.35149073920886	removal	FOXA2_HUMAN.H11MO.0.A
ISL1_chr5:51392398-51392614_Ledidi_run-9_target-10.88_8	952	974	0.9003637407605249	0.009311087800832092	0.09435417161760096	0.9003637407605249	addition	RFX6_MOUSE.H11MO.0.C
ISL1_chr5:51392398-51392614_Ledidi_run-9_target-10.88_8	968	991	1.1046710326242288	0.01490435278529703	0.11576467984503354	1.1046710326242288	addition	FOXA2_HUMAN.H11MO.0.A
ISL1_chr5:51392398-51392614_Ledidi_run-9_target-10.88_8	981	1002	0.9621471627082525	0.006244943578331149	0.10082880329552084	0.9621471627082525	addition	TAL1_HUMAN.H11MO.0.A
ISL1_chr5:51392398-51392614_Ledidi_run-9_target-10.88_8	996	1017	0.887977334035742	0.018424025822484025	0.09305613051162706	0.887977334035742	addition	FOXA2_HUMAN.H11MO.0.A
ISL1_chr5:51392398-51392614_Ledidi_run-9_target-10.88_8	1009	1033	1.249791004620159	0.03512886189237361	0.1309726165076977	0.846738022219637	increase	FOXA2_HUMAN.H11MO.0.A
ISL1_chr5:51392398-51392614_Ledidi_run-9_target-10.88_8	1024	1043	0.661190617207831	0.049127257957482524	0.069289877128191	0.661190617207831	addition	ETV6_MOUSE.H11MO.0.C
ISL1_chr5:51392398-51392614_Ledidi_run-9_target-10.88_8	1070	1098	1.272446533918532	0.040328026075753344	0.13334681662564185	1.272446533918532	addition	RFX6_MOUSE.H11MO.0.C
ISL1_chr5:51392398-51392614_Ledidi_run-9_target-10.88_8	1074	1089				-0.35149073920886	removal	FOXA2_HUMAN.H11MO.0.A
ISL1_chr5:51392398-51392614_Ledidi_run-9_target-10.88_9	955	973	0.6271758818840076	0.017409202472093384	0.06424016261030531	0.6271758818840076	addition	RFX6_MOUSE.H11MO.0.C
ISL1_chr5:51392398-51392614_Ledidi_run-9_target-10.88_9	967	990	0.9914704708655772	0.040328026075753344	0.10155400759415704	0.9914704708655772	addition	FOXA2_HUMAN.H11MO.0.A
ISL1_chr5:51392398-51392614_Ledidi_run-9_target-10.88_9	980	1002	1.0798280272180103	0.033027218663415445	0.11060426598559704	1.0798280272180103	addition	HNF6_HUMAN.H11MO.0.B
ISL1_chr5:51392398-51392614_Ledidi_run-9_target-10.88_9	994	1018	1.2079397865040762	0.019181572505438713	0.1237264546515688	1.2079397865040762	addition	FOXA2_HUMAN.H11MO.0.A
ISL1_chr5:51392398-51392614_Ledidi_run-9_target-10.88_9	1009	1031	1.3080433352584029	0.045205730885551756	0.13397982764564687	0.9049903528578809	increase	FOXA2_HUMAN.H11MO.0.A
ISL1_chr5:51392398-51392614_Ledidi_run-9_target-10.88_9	1021	1047	1.5306975852978764	0.04063716777415878	0.15678578310656918	1.5306975852978764	addition	ETV6_MOUSE.H11MO.0.C
ISL1_chr5:51392398-51392614_Ledidi_run-9_target-10.88_9	1070	1098	1.1802652081065528	0.03567363531992702	0.12089181214094154	1.1802652081065528	addition	RFX6_MOUSE.H11MO.0.C
ISL1_chr5:51392398-51392614_Ledidi_run-9_target-10.88_9	1074	1089				-0.35149073920886	removal	FOXA2_HUMAN.H11MO.0.A
ISL1_chr5:51392398-51392614_Ledidi_run-9_target-5.87_1	1011	1031	0.5300242021880998	0.03432639554286543	0.104201302367534	0.1269712197875777	increase	FOXA2_HUMAN.H11MO.0.A
ISL1_chr5:51392398-51392614_Ledidi_run-9_target-5.87_1	1074	1089	0.3851023073344919	0.02872214971742666	0.07571005588675997	0.03361156812563193	increase	FOXA2_HUMAN.H11MO.0.A
ISL1_chr5:51392398-51392614_Ledidi_run-9_target-5.87_10	1011	1032	0.7713089323253343	0.018723703125906946	0.14545740833455859	0.3682559499248122	increase	FOXA2_HUMAN.H11MO.0.A
ISL1_chr5:51392398-51392614_Ledidi_run-9_target-5.87_10	1071	1087	0.4030291958860235	0.04063716777415878	0.07600532012510777	0.0515384566771635	increase	FOXA2_HUMAN.H11MO.0.A
ISL1_chr5:51392398-51392614_Ledidi_run-9_target-5.87_2	1011	1031	0.6244924411378022	0.020453172647154634	0.11672103704016666	0.22143945873728016	increase	FOXA2_HUMAN.H11MO.0.A
ISL1_chr5:51392398-51392614_Ledidi_run-9_target-5.87_2	1072	1089	0.41210136516786067	0.030329862935364073	0.07702398866577641	0.060610625959000686	increase	FOXA2_HUMAN.H11MO.0.A
ISL1_chr5:51392398-51392614_Ledidi_run-9_target-5.87_3	1012	1030	0.4826176491231147	0.03822531123050392	0.09471857251951772	0.07956466672259266	increase	FOXA2_HUMAN.H11MO.0.A
ISL1_chr5:51392398-51392614_Ledidi_run-9_target-5.87_3	1071	1087	0.4072952863143251	0.04985515610220864	0.07993580049075218	0.05580454710546512	increase	FOXA2_HUMAN.H11MO.0.A
ISL1_chr5:51392398-51392614_Ledidi_run-9_target-5.87_4	1011	1031	0.5549784100248367	0.039329364511850456	0.10483316031818339	0.15192542762431466	increase	FOXA2_HUMAN.H11MO.0.A
ISL1_chr5:51392398-51392614_Ledidi_run-9_target-5.87_4	1071	1087	0.4440864171148593	0.048027490240037725	0.0838861147020949	0.09259567790599932	increase	FOXA2_HUMAN.H11MO.0.A
ISL1_chr5:51392398-51392614_Ledidi_run-9_target-5.87_5	1011	1032	0.6742782948831771	0.03512886189237361	0.1327702739761632	0.2712253124826551	increase	FOXA2_HUMAN.H11MO.0.A
ISL1_chr5:51392398-51392614_Ledidi_run-9_target-5.87_5	1074	1089	0.32330719063303337	0.0448640872989144	0.06366152463241989	-0.02818354857582661	decrease	FOXA2_HUMAN.H11MO.0.A
ISL1_chr5:51392398-51392614_Ledidi_run-9_target-5.87_6	1012	1032	0.570929716884479	0.04286440117339201	0.11022955985309543	0.16787673448395696	increase	FOXA2_HUMAN.H11MO.0.A
ISL1_chr5:51392398-51392614_Ledidi_run-9_target-5.87_6	1071	1087	0.44448602204408405	0.03485942775149378	0.08581704038482608	0.09299528283522407	increase	FOXA2_HUMAN.H11MO.0.A
ISL1_chr5:51392398-51392614_Ledidi_run-9_target-5.87_7	1011	1032	0.6182971727389771	0.04659672254190507	0.12008529568874358	0.21524419033845504	increase	FOXA2_HUMAN.H11MO.0.A
ISL1_chr5:51392398-51392614_Ledidi_run-9_target-5.87_7	1071	1089	0.4302294976346075	0.041262157128128175	0.08355890777990381	0.07873875842574751	increase	FOXA2_HUMAN.H11MO.0.A
ISL1_chr5:51392398-51392614_Ledidi_run-9_target-5.87_8	1011	1032	0.7350873048710544	0.01604714572790736	0.13905373458972417	0.3320343224705324	increase	FOXA2_HUMAN.H11MO.0.A
ISL1_chr5:51392398-51392614_Ledidi_run-9_target-5.87_8	1071	1089	0.440708391118956	0.04730707420613627	0.08336716910227349	0.08921765191009601	increase	FOXA2_HUMAN.H11MO.0.A
ISL1_chr5:51392398-51392614_Ledidi_run-9_target-5.87_9	1011	1032	0.6156691118899997	0.025944390463049208	0.11349975440997985	0.21261612948947767	increase	FOXA2_HUMAN.H11MO.0.A
ISL1_chr5:51392398-51392614_Ledidi_run-9_target-5.87_9	1071	1089	0.4932006813593164	0.03941384448049547	0.0909224697618396	0.1417099421504564	increase	FOXA2_HUMAN.H11MO.0.A
ISL1_chr5:51392398-51392614_Ledidi_run-9_target-6.42_1	1011	1032	1.0049917585901766	0.01013980071985564	0.16572004367143908	0.6019387761896546	increase	FOXA2_HUMAN.H11MO.0.A
ISL1_chr5:51392398-51392614_Ledidi_run-9_target-6.42_1	1022	1040	0.7414741451097345	0.01798269740025829	0.1222668013528815	0.7414741451097345	addition	JUN+JUNB_MA1133.1
ISL1_chr5:51392398-51392614_Ledidi_run-9_target-6.42_1	1071	1090	0.5448532486794728	0.031044267384158657	0.08984462150451138	0.19336250947061284	increase	FOXA2_HUMAN.H11MO.0.A
ISL1_chr5:51392398-51392614_Ledidi_run-9_target-6.42_10	1011	1032	0.8909545597495626	0.025741363357414056	0.15813835553720598	0.48790157734904055	increase	FOXA2_HUMAN.H11MO.0.A
ISL1_chr5:51392398-51392614_Ledidi_run-9_target-6.42_10	1022	1038	0.6420361470730503	0.04452485662729606	0.11395703561146261	0.6420361470730503	addition	JUN+JUNB_MA1133.1
ISL1_chr5:51392398-51392614_Ledidi_run-9_target-6.42_10	1071	1089	0.4989317782253717	0.03941384448049547	0.08855698651566722	0.14744103901651173	increase	FOXA2_HUMAN.H11MO.0.A
ISL1_chr5:51392398-51392614_Ledidi_run-9_target-6.42_2	1011	1033	1.06430008139054	0.0155298172841976	0.17214867034539008	0.6612470989900181	increase	FOXA2_HUMAN.H11MO.0.A
ISL1_chr5:51392398-51392614_Ledidi_run-9_target-6.42_2	1023	1041	0.7487245592219085	0.009884285565796883	0.12110488346161603	0.7487245592219085	addition	JUN+JUNB_MA1133.1
ISL1_chr5:51392398-51392614_Ledidi_run-9_target-6.42_2	1071	1089	0.5318598458321773	0.018875204103307865	0.08602739666287437	0.1803691066233173	increase	FOXA2_HUMAN.H11MO.0.A
ISL1_chr5:51392398-51392614_Ledidi_run-9_target-6.42_3	1011	1032	0.9757804866216435	0.017837738624264014	0.16220822570606536	0.5727275042211215	increase	FOXA2_HUMAN.H11MO.0.A
ISL1_chr5:51392398-51392614_Ledidi_run-9_target-6.42_3	1022	1040	0.7983003350039313	0.016990013813824208	0.13270492974282547	0.7983003350039313	addition	JUN+JUNB_MA1133.1
ISL1_chr5:51392398-51392614_Ledidi_run-9_target-6.42_3	1071	1090	0.5823285993906837	0.03540025979293725	0.09680301069771953	0.23083786018182373	increase	FOXA2_HUMAN.H11MO.0.A
ISL1_chr5:51392398-51392614_Ledidi_run-9_target-6.42_4	1011	1032	0.9787456819275082	0.011707052189679684	0.16997397794337926	0.5756926995269862	increase	FOXA2_HUMAN.H11MO.0.A
ISL1_chr5:51392398-51392614_Ledidi_run-9_target-6.42_4	1022	1040	0.7186917459097649	0.020949658132342976	0.12481168215912797	0.7186917459097649	addition	JUN+JUNB_MA1133.1
ISL1_chr5:51392398-51392614_Ledidi_run-9_target-6.42_4	1070	1089	0.5464134443425752	0.027407557497725457	0.09489295171524417	0.19492270513371523	increase	FOXA2_HUMAN.H11MO.0.A
ISL1_chr5:51392398-51392614_Ledidi_run-9_target-6.42_5	1011	1032	0.9604480072980293	0.020453172647154634	0.16690702185551637	0.5573950248975073	increase	FOXA2_HUMAN.H11MO.0.A
ISL1_chr5:51392398-51392614_Ledidi_run-9_target-6.42_5	1022	1040	0.7688449692302012	0.017268444460892787	0.13361017265663322	0.7688449692302012	addition	JUN+JUNB_MA1133.1
ISL1_chr5:51392398-51392614_Ledidi_run-9_target-6.42_5	1070	1090	0.6265105990503559	0.03512886189237361	0.10887525139709348	0.2750198598414959	increase	FOXA2_HUMAN.H11MO.0.A
ISL1_chr5:51392398-51392614_Ledidi_run-9_target-6.42_6	1011	1032	0.9180711173484708	0.03650576667085745	0.1547284110552135	0.5150181349479488	increase	FOXA2_HUMAN.H11MO.0.A
ISL1_chr5:51392398-51392614_Ledidi_run-9_target-6.42_6	1022	1040	0.7652210724045981	0.018275832888547196	0.1289676130767422	0.7652210724045981	addition	JUN+JUNB_MA1133.1
ISL1_chr5:51392398-51392614_Ledidi_run-9_target-6.42_6	1071	1090	0.5247432448466629	0.03432639554286543	0.08843834312267426	0.17325250563780292	increase	FOXA2_HUMAN.H11MO.0.A
ISL1_chr5:51392398-51392614_Ledidi_run-9_target-6.42_7	1011	1032	0.9654190147242661	0.018723703125906946	0.16253716046532732	0.562366032323744	increase	FOXA2_HUMAN.H11MO.0.A
ISL1_chr5:51392398-51392614_Ledidi_run-9_target-6.42_7	1022	1040	0.7259851906898166	0.02635488941340899	0.12222627650264782	0.7259851906898166	addition	JUN+JUNB_MA1133.1
ISL1_chr5:51392398-51392614_Ledidi_run-9_target-6.42_7	1071	1089	0.5355018114856986	0.030329862935364073	0.09015664963651426	0.18401107227683866	increase	FOXA2_HUMAN.H11MO.0.A
ISL1_chr5:51392398-51392614_Ledidi_run-9_target-6.42_8	1011	1032	1.0503698250321007	0.016852326364993054	0.17245276818126934	0.6473168426315787	increase	FOXA2_HUMAN.H11MO.0.A
ISL1_chr5:51392398-51392614_Ledidi_run-9_target-6.42_8	1022	1040	0.8571869419730195	0.013383563189678808	0.1407354414313707	0.8571869419730195	addition	JUN+JUNB_MA1133.1
ISL1_chr5:51392398-51392614_Ledidi_run-9_target-6.42_8	1070	1089	0.5130318673166576	0.0498733870590643	0.0842310618369672	0.16154112810779764	increase	FOXA2_HUMAN.H11MO.0.A
ISL1_chr5:51392398-51392614_Ledidi_run-9_target-6.42_9	1011	1032	0.9290608807384252	0.04253935132010999	0.16067137248044217	0.5260078983379031	increase	FOXA2_HUMAN.H11MO.0.A
ISL1_chr5:51392398-51392614_Ledidi_run-9_target-6.42_9	1022	1039	0.7218670095032735	0.021117601510266027	0.12483935721527616	0.7218670095032735	addition	JUN+JUNB_MA1133.1
ISL1_chr5:51392398-51392614_Ledidi_run-9_target-6.42_9	1071	1090	0.6241711841250628	0.03328329107543213	0.1079438849436951	0.2726804449162028	increase	FOXA2_HUMAN.H11MO.0.A
ISL1_chr5:51392398-51392614_Ledidi_run-9_target-7.64_1	982	1000	0.5725196606343136	0.03177440233200031	0.08069353308564137	0.5725196606343136	addition	FOXA2_HUMAN.H11MO.0.A
ISL1_chr5:51392398-51392614_Ledidi_run-9_target-7.64_1	991	1005	0.5636434374113629	0.04221661594611272	0.07944247768690947	0.5636434374113629	addition	TYY1_HUMAN.H11MO.0.A
ISL1_chr5:51392398-51392614_Ledidi_run-9_target-7.64_1	995	1018	0.9890422971094585	0.048027490240037725	0.13940013385125924	0.9890422971094585	addition	FOXA2_HUMAN.H11MO.0.A
ISL1_chr5:51392398-51392614_Ledidi_run-9_target-7.64_1	1009	1032	1.1223325443871126	0.037643808588512954	0.15818666943813522	0.7192795619865906	increase	FOXA2_HUMAN.H11MO.0.A
ISL1_chr5:51392398-51392614_Ledidi_run-9_target-7.64_1	1028	1045	0.5758312750598629	0.03512886189237361	0.08116028713198954	0.5758312750598629	addition	NFYB_HUMAN.H11MO.0.A
ISL1_chr5:51392398-51392614_Ledidi_run-9_target-7.64_1	1071	1089	0.5686838129584162	0.023602743782745655	0.0801528912131796	0.2171930737495562	increase	FOXA2_HUMAN.H11MO.0.A
ISL1_chr5:51392398-51392614_Ledidi_run-9_target-7.64_10	990	1006	0.6520264529155586	0.048758094963275454	0.08943770858285134	0.6520264529155586	addition	TYY1_HUMAN.H11MO.0.A
ISL1_chr5:51392398-51392614_Ledidi_run-9_target-7.64_10	997	1018	1.0229462256662334	0.005767515501131501	0.1403163414888518	1.0229462256662334	addition	FOXA2_HUMAN.H11MO.0.A
ISL1_chr5:51392398-51392614_Ledidi_run-9_target-7.64_10	1010	1032	1.1524181464058127	0.02677138457031075	0.15807585395186557	0.7493651640052907	increase	FOXA2_HUMAN.H11MO.0.A
ISL1_chr5:51392398-51392614_Ledidi_run-9_target-7.64_10	1026	1040	0.4299962498914951	0.03354123135876334	0.05898208441934946	0.4299962498914951	addition	NFYB_HUMAN.H11MO.0.A
ISL1_chr5:51392398-51392614_Ledidi_run-9_target-7.64_10	1053	1067	0.24514695448822899	0.027407557497725457	0.03362652201831943	0.24514695448822899	addition	SP2_HUMAN.H11MO.0.A
ISL1_chr5:51392398-51392614_Ledidi_run-9_target-7.64_10	1071	1090	0.6407003186464193	0.021117601510266027	0.08788411594622758	0.2892095794375593	increase	FOXA2_HUMAN.H11MO.0.A
ISL1_chr5:51392398-51392614_Ledidi_run-9_target-7.64_2	991	1006	0.6187589007775228	0.04575919742798208	0.08573934530756756	0.6187589007775228	addition	TYY1_HUMAN.H11MO.0.A
ISL1_chr5:51392398-51392614_Ledidi_run-9_target-7.64_2	996	1018	1.0077362179986287	0.015402859906307144	0.13963862736415492	1.0077362179986287	addition	FOXA2_HUMAN.H11MO.0.A
ISL1_chr5:51392398-51392614_Ledidi_run-9_target-7.64_2	1010	1032	1.1341591129070605	0.023978966652746625	0.15715662383695833	0.7311061305065385	increase	FOXA2_HUMAN.H11MO.0.A
ISL1_chr5:51392398-51392614_Ledidi_run-9_target-7.64_2	1028	1045	0.517513537592555	0.03406276995681486	0.07171011494983373	0.517513537592555	addition	NFYB_HUMAN.H11MO.0.A
ISL1_chr5:51392398-51392614_Ledidi_run-9_target-7.64_2	1070	1090	0.6641533903599566	0.025944390463049208	0.0920295074571194	0.3126626511510966	increase	FOXA2_HUMAN.H11MO.0.A
ISL1_chr5:51392398-51392614_Ledidi_run-9_target-7.64_3	995	1017	1.0742153304904427	0.025539804036945758	0.14726359671952297	0.6711623480899207	increase	FOXA2_HUMAN.H11MO.0.A
ISL1_chr5:51392398-51392614_Ledidi_run-9_target-7.64_3	1007	1032	1.4053519281493732	0.03793350801322296	0.19265893319685276	1.4053519281493732	addition	CEBPB_HUMAN.H11MO.0.A
ISL1_chr5:51392398-51392614_Ledidi_run-9_target-7.64_3	1023	1042	0.7935822342820904	0.04766601648500149	0.10879175784964792	0.7935822342820904	addition	NFYB_HUMAN.H11MO.0.A
ISL1_chr5:51392398-51392614_Ledidi_run-9_target-7.64_3	1071	1090	0.610072852512598	0.024943831367036446	0.08363455628670491	0.25858211330373804	increase	FOXA2_HUMAN.H11MO.0.A
ISL1_chr5:51392398-51392614_Ledidi_run-9_target-7.64_4	996	1017	0.82702968226255	0.040328026075753344	0.11722736542783746	0.82702968226255	addition	FOXA2_HUMAN.H11MO.0.A
ISL1_chr5:51392398-51392614_Ledidi_run-9_target-7.64_4	1010	1032	1.0848014180129457	0.031044267384158657	0.15376523355018928	0.6817484356124237	increase	FOXA2_HUMAN.H11MO.0.A
ISL1_chr5:51392398-51392614_Ledidi_run-9_target-7.64_4	1026	1040	0.41211810350767797	0.048758094963275454	0.058415702066645855	0.41211810350767797	addition	NFYB_HUMAN.H11MO.0.A
ISL1_chr5:51392398-51392614_Ledidi_run-9_target-7.64_4	1070	1090	0.7207845118685117	0.027407557497725457	0.1021676382114558	0.3692937726596517	increase	FOXA2_HUMAN.H11MO.0.A
ISL1_chr5:51392398-51392614_Ledidi_run-9_target-7.64_5	995	1017	0.8957019363563613	0.04452485662729606	0.1285680998833296	0.8957019363563613	addition	FOXA2_HUMAN.H11MO.0.A
ISL1_chr5:51392398-51392614_Ledidi_run-9_target-7.64_5	1010	1032	1.1228465871238997	0.03252062335264242	0.16117220060308737	0.7197936047233777	increase	FOXA2_HUMAN.H11MO.0.A
ISL1_chr5:51392398-51392614_Ledidi_run-9_target-7.64_5	1070	1090	0.6818196241439716	0.033027218663415445	0.09786766108372029	0.3303288849351116	increase	FOXA2_HUMAN.H11MO.0.A
ISL1_chr5:51392398-51392614_Ledidi_run-9_target-7.64_6	997	1016	0.5899294183015313	0.022685843285046595	0.0888071314363648	0.5899294183015313	addition	FOXA2_HUMAN.H11MO.0.A
ISL1_chr5:51392398-51392614_Ledidi_run-9_target-7.64_6	1011	1032	0.986120889578062	0.007440286613760191	0.1484492292400679	0.58306790717754	increase	FOXA2_HUMAN.H11MO.0.A
ISL1_chr5:51392398-51392614_Ledidi_run-9_target-7.64_6	1025	1042	0.5248197963014127	0.028499063326879095	0.07900562200260217	0.5248197963014127	addition	NFYB_HUMAN.H11MO.0.A
ISL1_chr5:51392398-51392614_Ledidi_run-9_target-7.64_6	1070	1090	0.6394773821393755	0.0448640872989144	0.09626601109288431	0.28798664293051557	increase	FOXA2_HUMAN.H11MO.0.A
ISL1_chr5:51392398-51392614_Ledidi_run-9_target-7.64_7	982	997	0.4069173647318002	0.029630840137533875	0.05637653982985229	0.4069173647318002	addition	FOXA2_HUMAN.H11MO.0.A
ISL1_chr5:51392398-51392614_Ledidi_run-9_target-7.64_7	994	1018	1.1234492657923525	0.020453172647154634	0.15564875763290623	1.1234492657923525	addition	FOXA2_HUMAN.H11MO.0.A
ISL1_chr5:51392398-51392614_Ledidi_run-9_target-7.64_7	1011	1032	1.07527159317258	0.006641392546856022	0.14897396143405547	0.672218610772058	increase	FOXA2_HUMAN.H11MO.0.A
ISL1_chr5:51392398-51392614_Ledidi_run-9_target-7.64_7	1025	1043	0.5645650956604493	0.04624528289440415	0.07821791194146684	0.5645650956604493	addition	NFYB_HUMAN.H11MO.0.A
ISL1_chr5:51392398-51392614_Ledidi_run-9_target-7.64_7	1071	1089	0.5108473593252998	0.027839420844810524	0.07077556525256576	0.1593566201164398	increase	FOXA2_HUMAN.H11MO.0.A
ISL1_chr5:51392398-51392614_Ledidi_run-9_target-7.64_8	995	1017	0.933120939089507	0.04659672254190507	0.13032698723623296	0.933120939089507	addition	FOXA2_HUMAN.H11MO.0.A
ISL1_chr5:51392398-51392614_Ledidi_run-9_target-7.64_8	1009	1032	1.240422118855712	0.0498733870590643	0.17324707964370586	0.8373691364551901	increase	FOXA2_HUMAN.H11MO.0.A
ISL1_chr5:51392398-51392614_Ledidi_run-9_target-7.64_8	1025	1045	0.6477482272489961	0.029630840137533875	0.0904695966069997	0.6477482272489961	addition	NFYB_HUMAN.H11MO.0.A
ISL1_chr5:51392398-51392614_Ledidi_run-9_target-7.64_8	1070	1090	0.6106788885095686	0.03512886189237361	0.08529220208677497	0.25918814930070866	increase	FOXA2_HUMAN.H11MO.0.A
ISL1_chr5:51392398-51392614_Ledidi_run-9_target-7.64_9	995	1017	0.9805813255625857	0.048027490240037725	0.14106965242861258	0.9805813255625857	addition	FOXA2_HUMAN.H11MO.0.A
ISL1_chr5:51392398-51392614_Ledidi_run-9_target-7.64_9	1010	1032	1.0564886568090972	0.022506446489954136	0.15198993059073782	0.6534356744085752	increase	FOXA2_HUMAN.H11MO.0.A
ISL1_chr5:51392398-51392614_Ledidi_run-9_target-7.64_9	1025	1042	0.5062930332475974	0.045205730885551756	0.07283697982550251	0.5062930332475974	addition	NFYB_HUMAN.H11MO.0.A
ISL1_chr5:51392398-51392614_Ledidi_run-9_target-7.64_9	1071	1090	0.6142737747946017	0.020782944543160292	0.0883714442109835	0.2627830355857417	increase	FOXA2_HUMAN.H11MO.0.A
