id	start	end	attribution	p-value	annotation
ISL1_chr5:51382751-51383709_ref_sequence	1013	1031	0.40305298240052206	0.0498733870590643	FOXA2_HUMAN.H11MO.0.A
ISL1_chr5:51382751-51383709_ref_sequence	1074	1089	0.35149073920886	0.037643808588512954	FOXA2_HUMAN.H11MO.0.A
ISL1_chr5:51392398-51392614_Ledidi_run-10_target-10.88_1	999	1032	1.9271120801018136	0.020782944543160292	NDF2_MOUSE.H11MO.0.A
ISL1_chr5:51392398-51392614_Ledidi_run-10_target-10.88_1	1028	1060	1.8982021854879978	0.003993640638080072	ARNTL_bHLH_1
ISL1_chr5:51392398-51392614_Ledidi_run-10_target-10.88_1	1053	1067	0.3294674999670182	0.02180184363848297	SP2_HUMAN.H11MO.0.A
ISL1_chr5:51392398-51392614_Ledidi_run-10_target-10.88_1	1064	1080	0.8276584158956188	0.04157803279634765	TYY1_HUMAN.H11MO.0.A
ISL1_chr5:51392398-51392614_Ledidi_run-10_target-10.88_1	1070	1101	2.0627944420314117	0.0008429945143283453	RFX6_MOUSE.H11MO.0.C
ISL1_chr5:51392398-51392614_Ledidi_run-10_target-10.88_1	1095	1113	0.5544595062121296	0.01591637661675091	HNF4G_MA0484.1
ISL1_chr5:51392398-51392614_Ledidi_run-10_target-10.88_10	999	1033	1.9688768563356245	0.023978966652746625	NDF2_MOUSE.H11MO.0.A
ISL1_chr5:51392398-51392614_Ledidi_run-10_target-10.88_10	1028	1060	1.843759059109002	0.03459194355839432	ARNTL_bHLH_1
ISL1_chr5:51392398-51392614_Ledidi_run-10_target-10.88_10	1053	1067	0.34266101111932024	0.04589631419228254	SP2_HUMAN.H11MO.0.A
ISL1_chr5:51392398-51392614_Ledidi_run-10_target-10.88_10	1070	1102	1.9968393171855867	0.006525800046691943	RFX6_MOUSE.H11MO.0.C
ISL1_chr5:51392398-51392614_Ledidi_run-10_target-10.88_10	1095	1113	0.5215643091120983	0.04554980170166938	HNF4G_MA0484.1
ISL1_chr5:51392398-51392614_Ledidi_run-10_target-10.88_2	999	1032	1.9682657313420155	0.01657997113026903	NDF2_MOUSE.H11MO.0.A
ISL1_chr5:51392398-51392614_Ledidi_run-10_target-10.88_2	1028	1060	1.7485064818439642	0.041262157128128175	ARNTL_bHLH_1
ISL1_chr5:51392398-51392614_Ledidi_run-10_target-10.88_2	1059	1074	0.5220650281236083	0.03822531123050392	SP2_HUMAN.H11MO.0.A
ISL1_chr5:51392398-51392614_Ledidi_run-10_target-10.88_2	1065	1079	0.6647435158796906	0.027839420844810524	TYY1_HUMAN.H11MO.0.A
ISL1_chr5:51392398-51392614_Ledidi_run-10_target-10.88_2	1069	1102	2.3356493522015684	0.03512886189237361	RFX6_MOUSE.H11MO.0.C
ISL1_chr5:51392398-51392614_Ledidi_run-10_target-10.88_2	1096	1112	0.4174303614169066	0.040948540118391635	HNF4G_MA0484.1
ISL1_chr5:51392398-51392614_Ledidi_run-10_target-10.88_3	999	1032	1.8655339420839656	0.04695064795138151	NDF2_MOUSE.H11MO.0.A
ISL1_chr5:51392398-51392614_Ledidi_run-10_target-10.88_3	1028	1060	1.8202643545393649	0.04554980170166938	ARNTL_bHLH_1
ISL1_chr5:51392398-51392614_Ledidi_run-10_target-10.88_3	1053	1067	0.46221715703908783	0.018723703125906946	SP2_HUMAN.H11MO.0.A
ISL1_chr5:51392398-51392614_Ledidi_run-10_target-10.88_3	1059	1075	0.6247853689659646	0.03202133761382601	SP2_HUMAN.H11MO.0.A
ISL1_chr5:51392398-51392614_Ledidi_run-10_target-10.88_3	1065	1080	0.8288125852724475	0.024496864293743537	TYY1_HUMAN.H11MO.0.A
ISL1_chr5:51392398-51392614_Ledidi_run-10_target-10.88_3	1070	1102	2.1630781355462263	0.00421626974575668	RFX6_MOUSE.H11MO.0.C
ISL1_chr5:51392398-51392614_Ledidi_run-10_target-10.88_3	1092	1113	0.7562113640077346	0.030883593372035726	HNF4G_MA0484.1
ISL1_chr5:51392398-51392614_Ledidi_run-10_target-10.88_4	999	1032	1.9655990433273893	0.018723703125906946	NDF2_MOUSE.H11MO.0.A
ISL1_chr5:51392398-51392614_Ledidi_run-10_target-10.88_4	1028	1059	1.797505646902151	0.03152925435595684	ARNTL_bHLH_1
ISL1_chr5:51392398-51392614_Ledidi_run-10_target-10.88_4	1053	1067	0.3132839570728354	0.031044267384158657	SP2_HUMAN.H11MO.0.A
ISL1_chr5:51392398-51392614_Ledidi_run-10_target-10.88_4	1063	1079	0.7876488296682878	0.04286440117339201	TYY1_HUMAN.H11MO.0.A
ISL1_chr5:51392398-51392614_Ledidi_run-10_target-10.88_4	1069	1102	2.1955766916466137	0.04352150009819771	RFX6_MOUSE.H11MO.0.C
ISL1_chr5:51392398-51392614_Ledidi_run-10_target-10.88_4	1095	1112	0.44597680431628817	0.04839151109639871	HNF4G_MA0484.1
ISL1_chr5:51392398-51392614_Ledidi_run-10_target-10.88_5	999	1032	1.8533671652767416	0.017268444460892787	NDF2_MOUSE.H11MO.0.A
ISL1_chr5:51392398-51392614_Ledidi_run-10_target-10.88_5	1028	1060	2.059751181549849	0.018128726134506876	ARNTL_bHLH_1
ISL1_chr5:51392398-51392614_Ledidi_run-10_target-10.88_5	1053	1067	0.38149542312752294	0.03540025979293725	SP2_HUMAN.H11MO.0.A
ISL1_chr5:51392398-51392614_Ledidi_run-10_target-10.88_5	1059	1075	0.5555852870484852	0.04352150009819771	SP2_HUMAN.H11MO.0.A
ISL1_chr5:51392398-51392614_Ledidi_run-10_target-10.88_5	1065	1080	0.7974069943881412	0.04985515610220864	TYY1_HUMAN.H11MO.0.A
ISL1_chr5:51392398-51392614_Ledidi_run-10_target-10.88_5	1070	1101	2.01751466397291	0.004613797960235575	RFX6_MOUSE.H11MO.0.C
ISL1_chr5:51392398-51392614_Ledidi_run-10_target-10.88_5	1095	1112	0.4111958949015806	0.04730707420613627	HNF4G_MA0484.1
ISL1_chr5:51392398-51392614_Ledidi_run-10_target-10.88_6	999	1033	1.8584671813516092	0.03707066464076151	NDF2_MOUSE.H11MO.0.A
ISL1_chr5:51392398-51392614_Ledidi_run-10_target-10.88_6	1029	1059	1.8199468955540659	0.0072483988975657705	ARNTL_bHLH_1
ISL1_chr5:51392398-51392614_Ledidi_run-10_target-10.88_6	1052	1068	0.46812978462902555	0.0431917794291362	SP2_HUMAN.H11MO.0.A
ISL1_chr5:51392398-51392614_Ledidi_run-10_target-10.88_6	1066	1080	0.7164993263565869	0.03432639554286543	FOXA2_HUMAN.H11MO.0.A
ISL1_chr5:51392398-51392614_Ledidi_run-10_target-10.88_6	1070	1101	1.9397576800964433	0.004029949362472612	RFX6_MOUSE.H11MO.0.C
ISL1_chr5:51392398-51392614_Ledidi_run-10_target-10.88_6	1095	1112	0.48116809916722225	0.0373561988327741	HNF4G_MA0484.1
ISL1_chr5:51392398-51392614_Ledidi_run-10_target-10.88_7	999	1033	2.0202573427975183	0.04766601648500149	NDF2_MOUSE.H11MO.0.A
ISL1_chr5:51392398-51392614_Ledidi_run-10_target-10.88_7	1023	1037	0.7774180123770869	0.048758094963275454	NDF2_MOUSE.H11MO.0.A
ISL1_chr5:51392398-51392614_Ledidi_run-10_target-10.88_7	1028	1059	1.8205104284248947	0.029173201786239084	ARNTL_bHLH_1
ISL1_chr5:51392398-51392614_Ledidi_run-10_target-10.88_7	1053	1067	0.3007804551979012	0.021117601510266027	SP2_HUMAN.H11MO.0.A
ISL1_chr5:51392398-51392614_Ledidi_run-10_target-10.88_7	1066	1101	2.3271550586210887	0.04167367425347945	RFX6_MOUSE.H11MO.0.C
ISL1_chr5:51392398-51392614_Ledidi_run-10_target-10.88_7	1095	1112	0.44675951863553465	0.04418802463977276	HNF4G_MA0484.1
ISL1_chr5:51392398-51392614_Ledidi_run-10_target-10.88_8	999	1032	1.85272515022358	0.04063716777415878	NDF2_MOUSE.H11MO.0.A
ISL1_chr5:51392398-51392614_Ledidi_run-10_target-10.88_8	1028	1059	1.7539686039207192	0.008920659983371477	ARNTL_bHLH_1
ISL1_chr5:51392398-51392614_Ledidi_run-10_target-10.88_8	1053	1067	0.30756337176901116	0.04554980170166938	SP2_HUMAN.H11MO.0.A
ISL1_chr5:51392398-51392614_Ledidi_run-10_target-10.88_8	1066	1080	0.695466479657993	0.0373561988327741	FOXA2_HUMAN.H11MO.0.A
ISL1_chr5:51392398-51392614_Ledidi_run-10_target-10.88_8	1070	1102	2.1144666777054706	0.0017224922556354511	RFX6_MOUSE.H11MO.0.C
ISL1_chr5:51392398-51392614_Ledidi_run-10_target-10.88_8	1095	1112	0.4640744358506552	0.04730707420613627	HNF4G_MA0484.1
ISL1_chr5:51392398-51392614_Ledidi_run-10_target-10.88_9	1000	1033	1.9111572317279018	0.019649667726908415	NDF2_MOUSE.H11MO.0.A
ISL1_chr5:51392398-51392614_Ledidi_run-10_target-10.88_9	1028	1060	1.9155327053344569	0.02677138457031075	ARNTL_bHLH_1
ISL1_chr5:51392398-51392614_Ledidi_run-10_target-10.88_9	1053	1067	0.29528960965533946	0.045205730885551756	SP2_HUMAN.H11MO.0.A
ISL1_chr5:51392398-51392614_Ledidi_run-10_target-10.88_9	1064	1080	0.8099701119431639	0.028277587506706697	TYY1_HUMAN.H11MO.0.A
ISL1_chr5:51392398-51392614_Ledidi_run-10_target-10.88_9	1070	1102	2.147897199842596	0.003066666664710039	RFX6_MOUSE.H11MO.0.C
ISL1_chr5:51392398-51392614_Ledidi_run-10_target-10.88_9	1094	1113	0.5374858130880122	0.03911348485364352	HNF4G_MA0484.1
ISL1_chr5:51392398-51392614_Ledidi_run-10_target-5.87_1	1012	1031	0.4977024135973631	0.04730707420613627	FOXA2_HUMAN.H11MO.0.A
ISL1_chr5:51392398-51392614_Ledidi_run-10_target-5.87_1	1072	1089	0.44243226821230497	0.02635488941340899	FOXA2_HUMAN.H11MO.0.A
ISL1_chr5:51392398-51392614_Ledidi_run-10_target-5.87_10	1012	1031	0.5047891315765088	0.0373561988327741	FOXA2_HUMAN.H11MO.0.A
ISL1_chr5:51392398-51392614_Ledidi_run-10_target-5.87_10	1072	1089	0.3883638137862091	0.024169142632964005	FOXA2_HUMAN.H11MO.0.A
ISL1_chr5:51392398-51392614_Ledidi_run-10_target-5.87_2	1012	1032	0.610881996483605	0.048758094963275454	FOXA2_HUMAN.H11MO.0.A
ISL1_chr5:51392398-51392614_Ledidi_run-10_target-5.87_2	1070	1090	0.6356645142907966	0.04221661594611272	FOXA2_HUMAN.H11MO.0.A
ISL1_chr5:51392398-51392614_Ledidi_run-10_target-5.87_3	1012	1031	0.5095943647376551	0.03650576667085745	FOXA2_HUMAN.H11MO.0.A
ISL1_chr5:51392398-51392614_Ledidi_run-10_target-5.87_3	1071	1090	0.6197207448222799	0.012837359269226195	FOXA2_HUMAN.H11MO.0.A
ISL1_chr5:51392398-51392614_Ledidi_run-10_target-5.87_4	1012	1032	0.5843669841797834	0.029630840137533875	FOXA2_HUMAN.H11MO.0.A
ISL1_chr5:51392398-51392614_Ledidi_run-10_target-5.87_4	1072	1089	0.41772326439774843	0.020949658132342976	FOXA2_HUMAN.H11MO.0.A
ISL1_chr5:51392398-51392614_Ledidi_run-10_target-5.87_5	1011	1030	0.4811060597434905	0.038815285523608536	FOXA2_HUMAN.H11MO.0.A
ISL1_chr5:51392398-51392614_Ledidi_run-10_target-5.87_5	1071	1090	0.6027086564457673	0.022328356818105913	FOXA2_HUMAN.H11MO.0.A
ISL1_chr5:51392398-51392614_Ledidi_run-10_target-5.87_6	1012	1031	0.5320264821040921	0.045205730885551756	FOXA2_HUMAN.H11MO.0.A
ISL1_chr5:51392398-51392614_Ledidi_run-10_target-5.87_6	1071	1086	0.424845365666638	0.03567363531992702	FOXA2_HUMAN.H11MO.0.A
ISL1_chr5:51392398-51392614_Ledidi_run-10_target-5.87_7	1012	1031	0.50612871774786	0.039716378487932046	FOXA2_HUMAN.H11MO.0.A
ISL1_chr5:51392398-51392614_Ledidi_run-10_target-5.87_7	1072	1089	0.4291085988650656	0.033004280718163914	FOXA2_HUMAN.H11MO.0.A
ISL1_chr5:51392398-51392614_Ledidi_run-10_target-5.87_8	1012	1031	0.5120846653409558	0.02872214971742666	FOXA2_HUMAN.H11MO.0.A
ISL1_chr5:51392398-51392614_Ledidi_run-10_target-5.87_8	1071	1090	0.5656675229022399	0.025741363357414056	FOXA2_HUMAN.H11MO.0.A
ISL1_chr5:51392398-51392614_Ledidi_run-10_target-5.87_9	1013	1031	0.41523568146099665	0.028499063326879095	FOXA2_HUMAN.H11MO.0.A
ISL1_chr5:51392398-51392614_Ledidi_run-10_target-5.87_9	1072	1087	0.3646620870998727	0.04157803279634765	FOXA2_HUMAN.H11MO.0.A
ISL1_chr5:51392398-51392614_Ledidi_run-10_target-6.42_1	986	1000	0.3894494965759247	0.041896181077629685	FOXD2_forkhead_1
ISL1_chr5:51392398-51392614_Ledidi_run-10_target-6.42_1	1011	1032	0.7974399078367589	0.04554980170166938	FOXA2_HUMAN.H11MO.0.A
ISL1_chr5:51392398-51392614_Ledidi_run-10_target-6.42_1	1028	1042	0.4306367021559423	0.04221661594611272	NFYB_HUMAN.H11MO.0.A
ISL1_chr5:51392398-51392614_Ledidi_run-10_target-6.42_1	1071	1089	0.5421884858705166	0.025339702321310897	FOXA2_HUMAN.H11MO.0.A
ISL1_chr5:51392398-51392614_Ledidi_run-10_target-6.42_10	1011	1032	0.915929072904317	0.01657997113026903	FOXA2_HUMAN.H11MO.0.A
ISL1_chr5:51392398-51392614_Ledidi_run-10_target-6.42_10	1071	1090	0.5824044230527823	0.017837738624264014	FOXA2_HUMAN.H11MO.0.A
ISL1_chr5:51392398-51392614_Ledidi_run-10_target-6.42_2	1011	1031	0.6518926939579515	0.023978966652746625	FOXA2_HUMAN.H11MO.0.A
ISL1_chr5:51392398-51392614_Ledidi_run-10_target-6.42_2	1071	1089	0.5007181965684109	0.029862159864615646	FOXA2_HUMAN.H11MO.0.A
ISL1_chr5:51392398-51392614_Ledidi_run-10_target-6.42_3	980	1001	0.5878708855745758	0.04253935132010999	FOXD2_forkhead_1
ISL1_chr5:51392398-51392614_Ledidi_run-10_target-6.42_3	1010	1032	0.8545292788187828	0.048453679936282974	FOXA2_HUMAN.H11MO.0.A
ISL1_chr5:51392398-51392614_Ledidi_run-10_target-6.42_3	1026	1043	0.4774234461253273	0.035949002347687255	ETV6_MOUSE.H11MO.0.C
ISL1_chr5:51392398-51392614_Ledidi_run-10_target-6.42_3	1070	1089	0.5323114324675529	0.0431917794291362	FOXA2_HUMAN.H11MO.0.A
ISL1_chr5:51392398-51392614_Ledidi_run-10_target-6.42_4	985	1000	0.3091325405269189	0.043829784824874395	FOXD2_forkhead_1
ISL1_chr5:51392398-51392614_Ledidi_run-10_target-6.42_4	1011	1032	0.9093078850168292	0.029173201786239084	FOXA2_HUMAN.H11MO.0.A
ISL1_chr5:51392398-51392614_Ledidi_run-10_target-6.42_4	1026	1042	0.5016291975372946	0.035949002347687255	ETV6_MOUSE.H11MO.0.C
ISL1_chr5:51392398-51392614_Ledidi_run-10_target-6.42_4	1070	1090	0.658831781870969	0.020128217678028606	FOXA2_HUMAN.H11MO.0.A
ISL1_chr5:51392398-51392614_Ledidi_run-10_target-6.42_5	1011	1032	0.9104423482649111	0.020782944543160292	FOXA2_HUMAN.H11MO.0.A
ISL1_chr5:51392398-51392614_Ledidi_run-10_target-6.42_5	1028	1044	0.4541723269917195	0.03202133761382601	NFYB_HUMAN.H11MO.0.A
ISL1_chr5:51392398-51392614_Ledidi_run-10_target-6.42_5	1070	1090	0.6880961251790292	0.048027490240037725	FOXA2_HUMAN.H11MO.0.A
ISL1_chr5:51392398-51392614_Ledidi_run-10_target-6.42_6	1011	1032	0.8392775721499289	0.007975190268131274	FOXA2_HUMAN.H11MO.0.A
ISL1_chr5:51392398-51392614_Ledidi_run-10_target-6.42_6	1071	1089	0.48212517318501	0.025339702321310897	FOXA2_HUMAN.H11MO.0.A
ISL1_chr5:51392398-51392614_Ledidi_run-10_target-6.42_7	1010	1032	0.8321948422639457	0.03678719194327901	FOXA2_HUMAN.H11MO.0.A
ISL1_chr5:51392398-51392614_Ledidi_run-10_target-6.42_7	1025	1042	0.5281295138490536	0.045205730885551756	ETV6_MOUSE.H11MO.0.C
ISL1_chr5:51392398-51392614_Ledidi_run-10_target-6.42_7	1071	1089	0.48311021665948584	0.02783135184856953	FOXA2_HUMAN.H11MO.0.A
ISL1_chr5:51392398-51392614_Ledidi_run-10_target-6.42_8	980	1001	0.562780831037881	0.0431917794291362	FOXD2_forkhead_1
ISL1_chr5:51392398-51392614_Ledidi_run-10_target-6.42_8	1011	1033	0.9016024600078224	0.019649667726908415	FOXA2_HUMAN.H11MO.0.A
ISL1_chr5:51392398-51392614_Ledidi_run-10_target-6.42_8	1026	1040	0.4779819401188492	0.03707066464076151	ETV6_MOUSE.H11MO.0.C
ISL1_chr5:51392398-51392614_Ledidi_run-10_target-6.42_8	1070	1090	0.701235881609942	0.027622706940374598	FOXA2_HUMAN.H11MO.0.A
ISL1_chr5:51392398-51392614_Ledidi_run-10_target-6.42_9	984	1001	0.42755347348321654	0.03911348485364352	FOXD2_forkhead_1
ISL1_chr5:51392398-51392614_Ledidi_run-10_target-6.42_9	1010	1032	0.9692277812393558	0.049127257957482524	FOXA2_HUMAN.H11MO.0.A
ISL1_chr5:51392398-51392614_Ledidi_run-10_target-6.42_9	1024	1040	0.5037511354888413	0.049127257957482524	ETV6_MOUSE.H11MO.0.C
ISL1_chr5:51392398-51392614_Ledidi_run-10_target-6.42_9	1071	1089	0.468626287862028	0.04766601648500149	FOXA2_HUMAN.H11MO.0.A
ISL1_chr5:51392398-51392614_Ledidi_run-10_target-7.64_1	985	1001	0.4098427464064825	0.02500086565768001	FOXD2_forkhead_1
ISL1_chr5:51392398-51392614_Ledidi_run-10_target-7.64_1	997	1016	0.6896110732185182	0.021457211786353493	FOXA2_HUMAN.H11MO.0.A
ISL1_chr5:51392398-51392614_Ledidi_run-10_target-7.64_1	1010	1032	0.8976024549035186	0.03252062335264242	FOXA2_HUMAN.H11MO.0.A
ISL1_chr5:51392398-51392614_Ledidi_run-10_target-7.64_1	1028	1043	0.38820895231577346	0.029630840137533875	NFYB_HUMAN.H11MO.0.A
ISL1_chr5:51392398-51392614_Ledidi_run-10_target-7.64_1	1071	1089	0.5176556920782862	0.02304859342677061	FOXA2_HUMAN.H11MO.0.A
ISL1_chr5:51392398-51392614_Ledidi_run-10_target-7.64_10	968	983	0.35813661959479587	0.03904501974656125	FOXA2_HUMAN.H11MO.0.A
ISL1_chr5:51392398-51392614_Ledidi_run-10_target-7.64_10	986	1000	0.39640512022612917	0.04839151109639871	FOXD2_forkhead_1
ISL1_chr5:51392398-51392614_Ledidi_run-10_target-7.64_10	996	1018	0.9532572199089175	0.03459194355839432	FOXA2_HUMAN.H11MO.0.A
ISL1_chr5:51392398-51392614_Ledidi_run-10_target-7.64_10	1009	1032	1.0755921918191584	0.02677138457031075	FOXA2_HUMAN.H11MO.0.A
ISL1_chr5:51392398-51392614_Ledidi_run-10_target-7.64_10	1027	1045	0.485821347843844	0.04839151109639871	NFYB_HUMAN.H11MO.0.A
ISL1_chr5:51392398-51392614_Ledidi_run-10_target-7.64_10	1071	1087	0.44003404212379094	0.04659672254190507	FOXA2_HUMAN.H11MO.0.A
ISL1_chr5:51392398-51392614_Ledidi_run-10_target-7.64_2	987	1001	0.46218664403069976	0.04949901644459642	ETV6_MOUSE.H11MO.0.C
ISL1_chr5:51392398-51392614_Ledidi_run-10_target-7.64_2	991	1005	0.5132822897793907	0.04002110100333834	TYY1_HUMAN.H11MO.0.A
ISL1_chr5:51392398-51392614_Ledidi_run-10_target-7.64_2	996	1016	0.8790352192236688	0.04253935132010999	FOXA2_HUMAN.H11MO.0.A
ISL1_chr5:51392398-51392614_Ledidi_run-10_target-7.64_2	1010	1032	0.9166722036352053	0.03567363531992702	FOXA2_HUMAN.H11MO.0.A
ISL1_chr5:51392398-51392614_Ledidi_run-10_target-7.64_2	1028	1042	0.38878408064968095	0.03432639554286543	NFYB_HUMAN.H11MO.0.A
ISL1_chr5:51392398-51392614_Ledidi_run-10_target-7.64_2	1071	1089	0.55642703861088	0.017268444460892787	FOXA2_HUMAN.H11MO.0.A
ISL1_chr5:51392398-51392614_Ledidi_run-10_target-7.64_3	968	984	0.4128790116794501	0.041896181077629685	FOXA2_HUMAN.H11MO.0.A
ISL1_chr5:51392398-51392614_Ledidi_run-10_target-7.64_3	986	1001	0.41981516380649314	0.04950131967956961	FOXD2_forkhead_1
ISL1_chr5:51392398-51392614_Ledidi_run-10_target-7.64_3	995	1017	0.9204685992007767	0.03354123135876334	FOXA2_HUMAN.H11MO.0.A
ISL1_chr5:51392398-51392614_Ledidi_run-10_target-7.64_3	1010	1032	1.0474151278370911	0.03252062335264242	FOXA2_HUMAN.H11MO.0.A
ISL1_chr5:51392398-51392614_Ledidi_run-10_target-7.64_3	1026	1042	0.4234009335693587	0.040328026075753344	NFYB_HUMAN.H11MO.0.A
ISL1_chr5:51392398-51392614_Ledidi_run-10_target-7.64_3	1071	1089	0.46976313036931483	0.027839420844810524	FOXA2_HUMAN.H11MO.0.A
ISL1_chr5:51392398-51392614_Ledidi_run-10_target-7.64_4	997	1016	0.602213190245726	0.029173201786239084	FOXA2_HUMAN.H11MO.0.A
ISL1_chr5:51392398-51392614_Ledidi_run-10_target-7.64_4	1012	1032	0.691356804461057	0.02940119156421724	FOXA2_HUMAN.H11MO.0.A
ISL1_chr5:51392398-51392614_Ledidi_run-10_target-7.64_4	1025	1040	0.3942031250316913	0.045205730885551756	NFYB_HUMAN.H11MO.0.A
ISL1_chr5:51392398-51392614_Ledidi_run-10_target-7.64_4	1071	1089	0.5033933216707127	0.023602743782745655	FOXA2_HUMAN.H11MO.0.A
ISL1_chr5:51392398-51392614_Ledidi_run-10_target-7.64_5	986	1002	0.4419384440821372	0.036924948454368396	FOXD2_forkhead_1
ISL1_chr5:51392398-51392614_Ledidi_run-10_target-7.64_5	996	1017	0.8588081538796595	0.03622637481763158	FOXA2_HUMAN.H11MO.0.A
ISL1_chr5:51392398-51392614_Ledidi_run-10_target-7.64_5	1010	1032	0.9414619860683582	0.038815285523608536	FOXA2_HUMAN.H11MO.0.A
ISL1_chr5:51392398-51392614_Ledidi_run-10_target-7.64_5	1070	1087	0.5012032574442928	0.04949901644459642	FOXA2_HUMAN.H11MO.0.A
ISL1_chr5:51392398-51392614_Ledidi_run-10_target-7.64_6	984	1001	0.3947241503473934	0.03328329107543213	FOXD2_forkhead_1
ISL1_chr5:51392398-51392614_Ledidi_run-10_target-7.64_6	997	1016	0.5182135822647416	0.023231964537215495	FOXA2_HUMAN.H11MO.0.A
ISL1_chr5:51392398-51392614_Ledidi_run-10_target-7.64_6	1011	1032	0.7307337657525892	0.027622706940374598	FOXA2_HUMAN.H11MO.0.A
ISL1_chr5:51392398-51392614_Ledidi_run-10_target-7.64_6	1072	1090	0.5358375149304888	0.024553670844057802	FOXA2_HUMAN.H11MO.0.A
ISL1_chr5:51392398-51392614_Ledidi_run-10_target-7.64_7	991	1005	0.5363651382845686	0.04589631419228254	TYY1_HUMAN.H11MO.0.A
ISL1_chr5:51392398-51392614_Ledidi_run-10_target-7.64_7	995	1018	0.9946685122165666	0.04730707420613627	FOXA2_HUMAN.H11MO.0.A
ISL1_chr5:51392398-51392614_Ledidi_run-10_target-7.64_7	1011	1032	0.7994290298022619	0.018723703125906946	FOXA2_HUMAN.H11MO.0.A
ISL1_chr5:51392398-51392614_Ledidi_run-10_target-7.64_7	1031	1045	0.37173412514890813	0.048027490240037725	NFYB_HUMAN.H11MO.0.A
ISL1_chr5:51392398-51392614_Ledidi_run-10_target-7.64_7	1071	1088	0.41728780096928064	0.03793350801322296	FOXA2_HUMAN.H11MO.0.A
ISL1_chr5:51392398-51392614_Ledidi_run-10_target-7.64_8	991	1005	0.5483906985380413	0.04730707420613627	TYY1_HUMAN.H11MO.0.A
ISL1_chr5:51392398-51392614_Ledidi_run-10_target-7.64_8	995	1017	0.920102788747098	0.04695064795138151	FOXA2_HUMAN.H11MO.0.A
ISL1_chr5:51392398-51392614_Ledidi_run-10_target-7.64_8	1010	1032	1.0683848830005431	0.03567363531992702	FOXA2_HUMAN.H11MO.0.A
ISL1_chr5:51392398-51392614_Ledidi_run-10_target-7.64_8	1028	1042	0.45072103996656443	0.03540025979293725	NFYB_HUMAN.H11MO.0.A
ISL1_chr5:51392398-51392614_Ledidi_run-10_target-7.64_8	1071	1089	0.4633736289940136	0.037643808588512954	FOXA2_HUMAN.H11MO.0.A
ISL1_chr5:51392398-51392614_Ledidi_run-10_target-7.64_9	987	1002	0.49493050520262427	0.044784914079166925	ETV6_MOUSE.H11MO.0.C
ISL1_chr5:51392398-51392614_Ledidi_run-10_target-7.64_9	992	1006	0.5958102240240575	0.049127257957482524	TYY1_HUMAN.H11MO.0.A
ISL1_chr5:51392398-51392614_Ledidi_run-10_target-7.64_9	996	1017	0.9154211152359794	0.02940119156421724	FOXA2_HUMAN.H11MO.0.A
ISL1_chr5:51392398-51392614_Ledidi_run-10_target-7.64_9	1010	1032	1.029453412275993	0.045205730885551756	FOXA2_HUMAN.H11MO.0.A
ISL1_chr5:51392398-51392614_Ledidi_run-10_target-7.64_9	1026	1043	0.4730901143266899	0.028057710553803093	NFYB_HUMAN.H11MO.0.A
ISL1_chr5:51392398-51392614_Ledidi_run-10_target-7.64_9	1071	1090	0.6513339026206078	0.020949658132342976	FOXA2_HUMAN.H11MO.0.A
ISL1_chr5:51392398-51392614_Ledidi_run-1_target-10.88_1	997	1017	0.7605284898838541	0.008399429118864248	FOXA2_HUMAN.H11MO.0.A
ISL1_chr5:51392398-51392614_Ledidi_run-1_target-10.88_1	1011	1032	0.8826040985822808	0.011905479908517468	FOXA2_HUMAN.H11MO.0.A
ISL1_chr5:51392398-51392614_Ledidi_run-1_target-10.88_1	1025	1042	0.5138774391600243	0.027622706940374598	MEOX2_MA0706.1
ISL1_chr5:51392398-51392614_Ledidi_run-1_target-10.88_1	1065	1079	0.6591458746949903	0.027839420844810524	TYY1_HUMAN.H11MO.0.A
ISL1_chr5:51392398-51392614_Ledidi_run-1_target-10.88_1	1069	1090	1.538458989851855	0.04385357714891144	FOXA2_HUMAN.H11MO.0.A
ISL1_chr5:51392398-51392614_Ledidi_run-1_target-10.88_1	1080	1108	2.1518683039767765	0.04659672254190507	RFX6_MOUSE.H11MO.0.C
ISL1_chr5:51392398-51392614_Ledidi_run-1_target-10.88_10	968	982	0.2987967935728575	0.04352150009819771	FOXA2_HUMAN.H11MO.0.A
ISL1_chr5:51392398-51392614_Ledidi_run-1_target-10.88_10	995	1018	0.9980076477950555	0.019027824424729438	FOXA2_HUMAN.H11MO.0.A
ISL1_chr5:51392398-51392614_Ledidi_run-1_target-10.88_10	1010	1034	1.576608631099731	0.017268444460892787	JUN+JUNB_MA1133.1
ISL1_chr5:51392398-51392614_Ledidi_run-1_target-10.88_10	1024	1045	0.9840496258333591	0.015151753311056958	MEOX2_MA0706.1
ISL1_chr5:51392398-51392614_Ledidi_run-1_target-10.88_10	1053	1067	0.29888014366792826	0.03567363531992702	SP2_HUMAN.H11MO.0.A
ISL1_chr5:51392398-51392614_Ledidi_run-1_target-10.88_10	1064	1080	0.8705801199172472	0.029173201786239084	TYY1_HUMAN.H11MO.0.A
ISL1_chr5:51392398-51392614_Ledidi_run-1_target-10.88_10	1070	1091	1.465203341968913	0.0004994803877970074	FOXA2_HUMAN.H11MO.0.A
ISL1_chr5:51392398-51392614_Ledidi_run-1_target-10.88_10	1081	1106	1.5018111617697398	0.000777100821641394	RFX6_MOUSE.H11MO.0.C
ISL1_chr5:51392398-51392614_Ledidi_run-1_target-10.88_2	995	1018	1.0817401123750783	0.02180184363848297	FOXA2_HUMAN.H11MO.0.A
ISL1_chr5:51392398-51392614_Ledidi_run-1_target-10.88_2	1011	1046	2.263443655546306	0.000715452394573681	MEOX2_MA0706.1
ISL1_chr5:51392398-51392614_Ledidi_run-1_target-10.88_2	1059	1075	0.49812544283813676	0.03080440211150591	SP2_HUMAN.H11MO.0.A
ISL1_chr5:51392398-51392614_Ledidi_run-1_target-10.88_2	1065	1079	0.7246931956033884	0.030329862935364073	TYY1_HUMAN.H11MO.0.A
ISL1_chr5:51392398-51392614_Ledidi_run-1_target-10.88_2	1069	1091	1.4467252736608494	0.03277300059380061	FOXA2_HUMAN.H11MO.0.A
ISL1_chr5:51392398-51392614_Ledidi_run-1_target-10.88_2	1081	1109	1.847124592137126	0.0032695241999031862	RFX6_MOUSE.H11MO.0.C
ISL1_chr5:51392398-51392614_Ledidi_run-1_target-10.88_3	995	1018	0.9643764427454905	0.023602743782745655	FOXA2_HUMAN.H11MO.0.A
ISL1_chr5:51392398-51392614_Ledidi_run-1_target-10.88_3	1010	1032	1.2491749434772503	0.028499063326879095	FOXA2_HUMAN.H11MO.0.A
ISL1_chr5:51392398-51392614_Ledidi_run-1_target-10.88_3	1022	1047	1.3365671275534496	0.022151565562005048	MEOX2_MA0706.1
ISL1_chr5:51392398-51392614_Ledidi_run-1_target-10.88_3	1070	1091	1.0265614752185548	0.003993640638080072	FOXA2_HUMAN.H11MO.0.A
ISL1_chr5:51392398-51392614_Ledidi_run-1_target-10.88_3	1081	1096	0.6282963821986569	0.04914980441716949	TAL1_HUMAN.H11MO.0.A
ISL1_chr5:51392398-51392614_Ledidi_run-1_target-10.88_4	982	1002	0.6115865996797916	0.017767937229578236	FOXD2_forkhead_1
ISL1_chr5:51392398-51392614_Ledidi_run-1_target-10.88_4	996	1017	0.7463556414610232	0.03459194355839432	FOXA2_HUMAN.H11MO.0.A
ISL1_chr5:51392398-51392614_Ledidi_run-1_target-10.88_4	1010	1032	1.0594809066591706	0.023231964537215495	FOXA2_HUMAN.H11MO.0.A
ISL1_chr5:51392398-51392614_Ledidi_run-1_target-10.88_4	1024	1046	0.881383738929225	0.03485942775149378	MEOX2_MA0706.1
ISL1_chr5:51392398-51392614_Ledidi_run-1_target-10.88_4	1053	1067	0.4042623666080094	0.037643808588512954	SP2_HUMAN.H11MO.0.A
ISL1_chr5:51392398-51392614_Ledidi_run-1_target-10.88_4	1059	1075	0.5858766853444357	0.022685843285046595	SP2_HUMAN.H11MO.0.A
ISL1_chr5:51392398-51392614_Ledidi_run-1_target-10.88_4	1069	1091	1.4089760842128758	0.04949901644459642	FOXA2_HUMAN.H11MO.0.A
ISL1_chr5:51392398-51392614_Ledidi_run-1_target-10.88_4	1081	1109	2.146357040955267	0.0011133334091176308	RFX6_MOUSE.H11MO.0.C
ISL1_chr5:51392398-51392614_Ledidi_run-1_target-10.88_5	1011	1033	1.109498894099942	0.004655448808705771	FOXA2_HUMAN.H11MO.0.A
ISL1_chr5:51392398-51392614_Ledidi_run-1_target-10.88_5	1023	1047	1.245413115414647	0.02061745222617939	MEOX2_MA0706.1
ISL1_chr5:51392398-51392614_Ledidi_run-1_target-10.88_5	1059	1074	0.5442741743574584	0.028499063326879095	SP2_HUMAN.H11MO.0.A
ISL1_chr5:51392398-51392614_Ledidi_run-1_target-10.88_5	1064	1080	0.880855317753158	0.048758094963275454	TYY1_HUMAN.H11MO.0.A
ISL1_chr5:51392398-51392614_Ledidi_run-1_target-10.88_5	1070	1091	1.5392080217221125	0.001822608035333731	FOXA2_HUMAN.H11MO.0.A
ISL1_chr5:51392398-51392614_Ledidi_run-1_target-10.88_5	1081	1109	2.3798841437931193	0.0001569438383406009	RFX6_MOUSE.H11MO.0.C
ISL1_chr5:51392398-51392614_Ledidi_run-1_target-10.88_5	1112	1126	0.3485172303229671	0.04730707420613627	HNF6_HUMAN.H11MO.0.B
ISL1_chr5:51392398-51392614_Ledidi_run-1_target-10.88_6	982	1001	0.5952837381586994	0.014967005529298777	FOXD2_forkhead_1
ISL1_chr5:51392398-51392614_Ledidi_run-1_target-10.88_6	996	1018	0.8135782320974532	0.03941384448049547	FOXA2_HUMAN.H11MO.0.A
ISL1_chr5:51392398-51392614_Ledidi_run-1_target-10.88_6	1010	1033	1.2686470742828801	0.038815285523608536	FOXA2_HUMAN.H11MO.0.A
ISL1_chr5:51392398-51392614_Ledidi_run-1_target-10.88_6	1023	1045	1.0553167573255915	0.02677138457031075	MEOX2_MA0706.1
ISL1_chr5:51392398-51392614_Ledidi_run-1_target-10.88_6	1065	1079	0.5669079706927875	0.033027218663415445	TYY1_HUMAN.H11MO.0.A
ISL1_chr5:51392398-51392614_Ledidi_run-1_target-10.88_6	1070	1091	1.35383478041003	0.006818350081060312	FOXA2_HUMAN.H11MO.0.A
ISL1_chr5:51392398-51392614_Ledidi_run-1_target-10.88_6	1081	1106	1.7018389033461814	0.006641392546856022	RFX6_MOUSE.H11MO.0.C
ISL1_chr5:51392398-51392614_Ledidi_run-1_target-10.88_7	995	1017	0.954791837564458	0.04949901644459642	FOXA2_HUMAN.H11MO.0.A
ISL1_chr5:51392398-51392614_Ledidi_run-1_target-10.88_7	1009	1032	1.0766169520189637	0.03540025979293725	FOXA2_HUMAN.H11MO.0.A
ISL1_chr5:51392398-51392614_Ledidi_run-1_target-10.88_7	1024	1046	0.8716275875942445	0.041896181077629685	MEOX2_MA0706.1
ISL1_chr5:51392398-51392614_Ledidi_run-1_target-10.88_7	1069	1090	1.5275244028492212	0.040948540118391635	FOXA2_HUMAN.H11MO.0.A
ISL1_chr5:51392398-51392614_Ledidi_run-1_target-10.88_7	1080	1108	2.0981533494355156	0.018875204103307865	RFX6_MOUSE.H11MO.0.C
ISL1_chr5:51392398-51392614_Ledidi_run-1_target-10.88_8	995	1018	1.0931880219363688	0.007770571329917375	FOXA2_HUMAN.H11MO.0.A
ISL1_chr5:51392398-51392614_Ledidi_run-1_target-10.88_8	1009	1034	1.66823581031802	0.03678719194327901	JUN+JUNB_MA1133.1
ISL1_chr5:51392398-51392614_Ledidi_run-1_target-10.88_8	1024	1047	1.1830844308442834	0.005468335690316309	MEOX2_MA0706.1
ISL1_chr5:51392398-51392614_Ledidi_run-1_target-10.88_8	1059	1081	1.1768526928802805	0.011608988144207287	NDF2_MOUSE.H11MO.0.A
ISL1_chr5:51392398-51392614_Ledidi_run-1_target-10.88_8	1071	1090	1.5919691342731697	0.00012319737724735474	FOXA2_HUMAN.H11MO.0.A
ISL1_chr5:51392398-51392614_Ledidi_run-1_target-10.88_8	1080	1108	2.372965527297768	0.021976064048050057	RFX6_MOUSE.H11MO.0.C
ISL1_chr5:51392398-51392614_Ledidi_run-1_target-10.88_9	994	1017	1.0513885731687775	0.049127257957482524	FOXA2_HUMAN.H11MO.0.A
ISL1_chr5:51392398-51392614_Ledidi_run-1_target-10.88_9	1010	1032	1.2819525912705816	0.02698190734312794	FOXA2_HUMAN.H11MO.0.A
ISL1_chr5:51392398-51392614_Ledidi_run-1_target-10.88_9	1022	1048	1.5182806712406296	0.041262157128128175	MEOX2_MA0706.1
ISL1_chr5:51392398-51392614_Ledidi_run-1_target-10.88_9	1053	1067	0.41182930271491625	0.04659672254190507	SP2_HUMAN.H11MO.0.A
ISL1_chr5:51392398-51392614_Ledidi_run-1_target-10.88_9	1064	1080	0.7991031874292447	0.018723703125906946	TYY1_HUMAN.H11MO.0.A
ISL1_chr5:51392398-51392614_Ledidi_run-1_target-10.88_9	1070	1091	1.5355618118612027	0.006028390463501019	FOXA2_HUMAN.H11MO.0.A
ISL1_chr5:51392398-51392614_Ledidi_run-1_target-10.88_9	1081	1107	2.0510879525116463	0.0006557574009093915	RFX6_MOUSE.H11MO.0.C
ISL1_chr5:51392398-51392614_Ledidi_run-1_target-5.87_1	1015	1031	0.4118041558867054	0.02660979124313303	FOXA2_HUMAN.H11MO.0.A
ISL1_chr5:51392398-51392614_Ledidi_run-1_target-5.87_1	1074	1089	0.3694177835914563	0.03622637481763158	FOXA2_HUMAN.H11MO.0.A
ISL1_chr5:51392398-51392614_Ledidi_run-1_target-5.87_10	1011	1031	0.5740190121401689	0.03793350801322296	FOXA2_HUMAN.H11MO.0.A
ISL1_chr5:51392398-51392614_Ledidi_run-1_target-5.87_10	1070	1090	0.6267921911601768	0.03277300059380061	FOXA2_HUMAN.H11MO.0.A
ISL1_chr5:51392398-51392614_Ledidi_run-1_target-5.87_2	1013	1031	0.4892834096357242	0.027839420844810524	FOXA2_HUMAN.H11MO.0.A
ISL1_chr5:51392398-51392614_Ledidi_run-1_target-5.87_2	1071	1087	0.3833272505773002	0.04286440117339201	FOXA2_HUMAN.H11MO.0.A
ISL1_chr5:51392398-51392614_Ledidi_run-1_target-5.87_3	1012	1030	0.48712588032445514	0.045205730885551756	FOXA2_HUMAN.H11MO.0.A
ISL1_chr5:51392398-51392614_Ledidi_run-1_target-5.87_3	1071	1088	0.38458995208651037	0.03459194355839432	FOXA2_HUMAN.H11MO.0.A
ISL1_chr5:51392398-51392614_Ledidi_run-1_target-5.87_4	1012	1031	0.5005196444807888	0.04452485662729606	FOXA2_HUMAN.H11MO.0.A
ISL1_chr5:51392398-51392614_Ledidi_run-1_target-5.87_5	1011	1031	0.5370450166259106	0.0498733870590643	FOXA2_HUMAN.H11MO.0.A
ISL1_chr5:51392398-51392614_Ledidi_run-1_target-5.87_5	1071	1087	0.46850025426845576	0.026562382168414056	FOXA2_HUMAN.H11MO.0.A
ISL1_chr5:51392398-51392614_Ledidi_run-1_target-5.87_6	1010	1030	0.6111785862100938	0.048027490240037725	FOXA2_HUMAN.H11MO.0.A
ISL1_chr5:51392398-51392614_Ledidi_run-1_target-5.87_6	1025	1042	0.4327468053005823	0.04253935132010999	NFYB_HUMAN.H11MO.0.A
ISL1_chr5:51392398-51392614_Ledidi_run-1_target-5.87_6	1072	1089	0.42116063146468874	0.03540025979293725	FOXA2_HUMAN.H11MO.0.A
ISL1_chr5:51392398-51392614_Ledidi_run-1_target-5.87_7	1011	1032	0.6005155333437127	0.04839151109639871	FOXA2_HUMAN.H11MO.0.A
ISL1_chr5:51392398-51392614_Ledidi_run-1_target-5.87_7	1071	1090	0.6135168474026724	0.019492485683982996	FOXA2_HUMAN.H11MO.0.A
ISL1_chr5:51392398-51392614_Ledidi_run-1_target-5.87_8	1011	1032	0.5825398377069511	0.035949002347687255	FOXA2_HUMAN.H11MO.0.A
ISL1_chr5:51392398-51392614_Ledidi_run-1_target-5.87_8	1071	1090	0.5338622264119364	0.03080440211150591	FOXA2_HUMAN.H11MO.0.A
ISL1_chr5:51392398-51392614_Ledidi_run-1_target-5.87_9	1012	1031	0.5116513575077968	0.03822531123050392	FOXA2_HUMAN.H11MO.0.A
ISL1_chr5:51392398-51392614_Ledidi_run-1_target-5.87_9	1072	1087	0.35783657083941467	0.03540025979293725	FOXA2_HUMAN.H11MO.0.A
ISL1_chr5:51392398-51392614_Ledidi_run-1_target-6.42_1	1011	1039	1.199195655665097	0.007636864406401452	JUN+JUNB_MA1133.1
ISL1_chr5:51392398-51392614_Ledidi_run-1_target-6.42_1	1071	1089	0.4780402977170004	0.03911348485364352	FOXA2_HUMAN.H11MO.0.A
ISL1_chr5:51392398-51392614_Ledidi_run-1_target-6.42_10	1011	1033	1.0734389117063534	0.012415202241707323	JUN+JUNB_MA1133.1
ISL1_chr5:51392398-51392614_Ledidi_run-1_target-6.42_10	1023	1038	0.6089256481504354	0.03848199558280682	JUN+JUNB_MA1133.1
ISL1_chr5:51392398-51392614_Ledidi_run-1_target-6.42_10	1071	1089	0.45249244734601746	0.04385357714891144	FOXA2_HUMAN.H11MO.0.A
ISL1_chr5:51392398-51392614_Ledidi_run-1_target-6.42_2	1011	1039	1.322067584456713	0.012311677030444858	JUN+JUNB_MA1133.1
ISL1_chr5:51392398-51392614_Ledidi_run-1_target-6.42_2	1072	1089	0.4581112320257952	0.03406276995681486	FOXA2_HUMAN.H11MO.0.A
ISL1_chr5:51392398-51392614_Ledidi_run-1_target-6.42_3	1010	1039	1.3064962548633638	0.041896181077629685	JUN+JUNB_MA1133.1
ISL1_chr5:51392398-51392614_Ledidi_run-1_target-6.42_3	1072	1090	0.47820893029476497	0.028277587506706697	FOXA2_HUMAN.H11MO.0.A
ISL1_chr5:51392398-51392614_Ledidi_run-1_target-6.42_4	1011	1033	1.065220592132885	0.02128678322634035	JUN+JUNB_MA1133.1
ISL1_chr5:51392398-51392614_Ledidi_run-1_target-6.42_4	1023	1040	0.7421566869697698	0.014618334157264224	JUN+JUNB_MA1133.1
ISL1_chr5:51392398-51392614_Ledidi_run-1_target-6.42_4	1071	1089	0.48766287945866127	0.029630840137533875	FOXA2_HUMAN.H11MO.0.A
ISL1_chr5:51392398-51392614_Ledidi_run-1_target-6.42_5	1010	1033	1.1283709520258531	0.03650576667085745	JUN+JUNB_MA1133.1
ISL1_chr5:51392398-51392614_Ledidi_run-1_target-6.42_5	1023	1039	0.7130177854333326	0.01161412637340739	JUN+JUNB_MA1133.1
ISL1_chr5:51392398-51392614_Ledidi_run-1_target-6.42_5	1072	1089	0.4121844797144827	0.02474804221978688	FOXA2_HUMAN.H11MO.0.A
ISL1_chr5:51392398-51392614_Ledidi_run-1_target-6.42_6	1011	1033	1.1557408905956599	0.01372140150133723	JUN+JUNB_MA1133.1
ISL1_chr5:51392398-51392614_Ledidi_run-1_target-6.42_6	1023	1039	0.7459821020045373	0.01508492391231377	JUN+JUNB_MA1133.1
ISL1_chr5:51392398-51392614_Ledidi_run-1_target-6.42_6	1072	1089	0.4198892859340937	0.02719396133312981	FOXA2_HUMAN.H11MO.0.A
ISL1_chr5:51392398-51392614_Ledidi_run-1_target-6.42_7	1010	1033	1.0621575559482166	0.0498733870590643	JUN+JUNB_MA1133.1
ISL1_chr5:51392398-51392614_Ledidi_run-1_target-6.42_7	1023	1038	0.6380313824230331	0.04258546728752456	JUN+JUNB_MA1133.1
ISL1_chr5:51392398-51392614_Ledidi_run-1_target-6.42_7	1071	1089	0.4636377877451272	0.04766601648500149	FOXA2_HUMAN.H11MO.0.A
ISL1_chr5:51392398-51392614_Ledidi_run-1_target-6.42_8	1011	1039	1.2244192932585807	0.01769384179489903	JUN+JUNB_MA1133.1
ISL1_chr5:51392398-51392614_Ledidi_run-1_target-6.42_8	1071	1086	0.4549121512737908	0.033027218663415445	FOXA2_HUMAN.H11MO.0.A
ISL1_chr5:51392398-51392614_Ledidi_run-1_target-6.42_9	1010	1033	1.1106098931054005	0.03540025979293725	JUN+JUNB_MA1133.1
ISL1_chr5:51392398-51392614_Ledidi_run-1_target-6.42_9	1023	1038	0.6926891114907585	0.02288372197767206	JUN+JUNB_MA1133.1
ISL1_chr5:51392398-51392614_Ledidi_run-1_target-6.42_9	1071	1089	0.4957532826661104	0.026562382168414056	FOXA2_HUMAN.H11MO.0.A
ISL1_chr5:51392398-51392614_Ledidi_run-1_target-7.64_1	983	997	0.3048103729729288	0.03406276995681486	FOXA2_HUMAN.H11MO.0.A
ISL1_chr5:51392398-51392614_Ledidi_run-1_target-7.64_1	997	1017	0.7263138251351259	0.015027592608732909	FOXA2_HUMAN.H11MO.0.A
ISL1_chr5:51392398-51392614_Ledidi_run-1_target-7.64_1	1011	1033	1.0639870940699885	0.017837738624264014	FOXA2_HUMAN.H11MO.0.A
ISL1_chr5:51392398-51392614_Ledidi_run-1_target-7.64_1	1025	1040	0.5279519674965876	0.03177440233200031	NFYB_HUMAN.H11MO.0.A
ISL1_chr5:51392398-51392614_Ledidi_run-1_target-7.64_1	1053	1067	0.26442233150686345	0.04554980170166938	SP2_HUMAN.H11MO.0.A
ISL1_chr5:51392398-51392614_Ledidi_run-1_target-7.64_1	1070	1090	0.621797939574543	0.026562382168414056	FOXA2_HUMAN.H11MO.0.A
ISL1_chr5:51392398-51392614_Ledidi_run-1_target-7.64_10	997	1017	0.6957252221299595	0.008472127727752632	FOXA2_HUMAN.H11MO.0.A
ISL1_chr5:51392398-51392614_Ledidi_run-1_target-7.64_10	1010	1032	1.0453540419673686	0.03650576667085745	FOXA2_HUMAN.H11MO.0.A
ISL1_chr5:51392398-51392614_Ledidi_run-1_target-7.64_10	1025	1041	0.504071680451784	0.0448640872989144	NFYB_HUMAN.H11MO.0.A
ISL1_chr5:51392398-51392614_Ledidi_run-1_target-7.64_10	1070	1090	0.6379873474592048	0.024943831367036446	FOXA2_HUMAN.H11MO.0.A
ISL1_chr5:51392398-51392614_Ledidi_run-1_target-7.64_2	983	997	0.3363604534061083	0.03459194355839432	FOXA2_HUMAN.H11MO.0.A
ISL1_chr5:51392398-51392614_Ledidi_run-1_target-7.64_2	997	1016	0.5694056731463546	0.010759982490187198	FOXA2_HUMAN.H11MO.0.A
ISL1_chr5:51392398-51392614_Ledidi_run-1_target-7.64_2	1010	1033	1.049740392043159	0.04589631419228254	FOXA2_HUMAN.H11MO.0.A
ISL1_chr5:51392398-51392614_Ledidi_run-1_target-7.64_2	1025	1042	0.5528436680826152	0.025944390463049208	NFYB_HUMAN.H11MO.0.A
ISL1_chr5:51392398-51392614_Ledidi_run-1_target-7.64_2	1070	1090	0.6783981066916391	0.03354123135876334	FOXA2_HUMAN.H11MO.0.A
ISL1_chr5:51392398-51392614_Ledidi_run-1_target-7.64_3	982	996	0.2855759423224306	0.04452485662729606	FOXA2_HUMAN.H11MO.0.A
ISL1_chr5:51392398-51392614_Ledidi_run-1_target-7.64_3	997	1017	0.6243488375738727	0.017268444460892787	FOXA2_HUMAN.H11MO.0.A
ISL1_chr5:51392398-51392614_Ledidi_run-1_target-7.64_3	1011	1033	1.0666141457128075	0.021457211786353493	FOXA2_HUMAN.H11MO.0.A
ISL1_chr5:51392398-51392614_Ledidi_run-1_target-7.64_3	1024	1040	0.6291175907864683	0.041896181077629685	NFYB_HUMAN.H11MO.0.A
ISL1_chr5:51392398-51392614_Ledidi_run-1_target-7.64_3	1043	1057	0.3058612104238887	0.04352150009819771	ARNTL_bHLH_1
ISL1_chr5:51392398-51392614_Ledidi_run-1_target-7.64_3	1070	1090	0.653879774744297	0.03911348485364352	FOXA2_HUMAN.H11MO.0.A
ISL1_chr5:51392398-51392614_Ledidi_run-1_target-7.64_4	997	1016	0.6471477774319617	0.022151565562005048	FOXA2_HUMAN.H11MO.0.A
ISL1_chr5:51392398-51392614_Ledidi_run-1_target-7.64_4	1009	1032	1.207895723614653	0.03432639554286543	FOXA2_HUMAN.H11MO.0.A
ISL1_chr5:51392398-51392614_Ledidi_run-1_target-7.64_4	1025	1040	0.5231366884185586	0.037643808588512954	NFYB_HUMAN.H11MO.0.A
ISL1_chr5:51392398-51392614_Ledidi_run-1_target-7.64_4	1070	1089	0.5909166375470303	0.03432639554286543	FOXA2_HUMAN.H11MO.0.A
ISL1_chr5:51392398-51392614_Ledidi_run-1_target-7.64_5	983	997	0.29865856405304053	0.04589631419228254	FOXA2_HUMAN.H11MO.0.A
ISL1_chr5:51392398-51392614_Ledidi_run-1_target-7.64_5	997	1016	0.6841377453537484	0.012837359269226195	FOXA2_HUMAN.H11MO.0.A
ISL1_chr5:51392398-51392614_Ledidi_run-1_target-7.64_5	1010	1032	1.1720182232720027	0.02180184363848297	FOXA2_HUMAN.H11MO.0.A
ISL1_chr5:51392398-51392614_Ledidi_run-1_target-7.64_5	1025	1040	0.5191896391145443	0.03678719194327901	NFYB_HUMAN.H11MO.0.A
ISL1_chr5:51392398-51392614_Ledidi_run-1_target-7.64_5	1071	1090	0.597862021406562	0.019181572505438713	FOXA2_HUMAN.H11MO.0.A
ISL1_chr5:51392398-51392614_Ledidi_run-1_target-7.64_6	968	984	0.3989761795025829	0.037643808588512954	FOXA2_HUMAN.H11MO.0.A
ISL1_chr5:51392398-51392614_Ledidi_run-1_target-7.64_6	982	997	0.37857216944727723	0.03111290567104696	FOXA2_HUMAN.H11MO.0.A
ISL1_chr5:51392398-51392614_Ledidi_run-1_target-7.64_6	996	1017	0.7655559732106225	0.03822531123050392	FOXA2_HUMAN.H11MO.0.A
ISL1_chr5:51392398-51392614_Ledidi_run-1_target-7.64_6	1009	1032	1.2670261706718189	0.03459194355839432	FOXA2_HUMAN.H11MO.0.A
ISL1_chr5:51392398-51392614_Ledidi_run-1_target-7.64_6	1025	1040	0.5488019260477346	0.02128678322634035	NFYB_HUMAN.H11MO.0.A
ISL1_chr5:51392398-51392614_Ledidi_run-1_target-7.64_6	1031	1045	0.453332127322684	0.045205730885551756	NFYB_HUMAN.H11MO.0.A
ISL1_chr5:51392398-51392614_Ledidi_run-1_target-7.64_6	1071	1090	0.5682598025158652	0.017128717397221594	FOXA2_HUMAN.H11MO.0.A
ISL1_chr5:51392398-51392614_Ledidi_run-1_target-7.64_7	997	1016	0.5504713508901304	0.012944937962181048	FOXA2_HUMAN.H11MO.0.A
ISL1_chr5:51392398-51392614_Ledidi_run-1_target-7.64_7	1011	1033	1.0266860446900714	0.021457211786353493	FOXA2_HUMAN.H11MO.0.A
ISL1_chr5:51392398-51392614_Ledidi_run-1_target-7.64_7	1025	1042	0.5531730234880359	0.027839420844810524	NFYB_HUMAN.H11MO.0.A
ISL1_chr5:51392398-51392614_Ledidi_run-1_target-7.64_7	1070	1089	0.6206275530153955	0.03328329107543213	FOXA2_HUMAN.H11MO.0.A
ISL1_chr5:51392398-51392614_Ledidi_run-1_target-7.64_8	996	1018	0.7919023563645853	0.03080440211150591	FOXA2_HUMAN.H11MO.0.A
ISL1_chr5:51392398-51392614_Ledidi_run-1_target-7.64_8	1010	1033	1.128960037801491	0.04418802463977276	FOXA2_HUMAN.H11MO.0.A
ISL1_chr5:51392398-51392614_Ledidi_run-1_target-7.64_8	1025	1042	0.5529335580805534	0.025339702321310897	NFYB_HUMAN.H11MO.0.A
ISL1_chr5:51392398-51392614_Ledidi_run-1_target-7.64_8	1070	1090	0.6829025025125861	0.04730707420613627	FOXA2_HUMAN.H11MO.0.A
ISL1_chr5:51392398-51392614_Ledidi_run-1_target-7.64_9	996	1018	0.7736036547290774	0.04839151109639871	FOXA2_HUMAN.H11MO.0.A
ISL1_chr5:51392398-51392614_Ledidi_run-1_target-7.64_9	1011	1032	1.097917845783533	0.006135779144938373	FOXA2_HUMAN.H11MO.0.A
ISL1_chr5:51392398-51392614_Ledidi_run-1_target-7.64_9	1025	1042	0.6116569658799984	0.01537447049358285	NFYB_HUMAN.H11MO.0.A
ISL1_chr5:51392398-51392614_Ledidi_run-1_target-7.64_9	1071	1090	0.6180640667277735	0.016852326364993054	FOXA2_HUMAN.H11MO.0.A
ISL1_chr5:51392398-51392614_Ledidi_run-2_target-10.88_1	997	1016	0.6061794078054196	0.026562382168414056	FOXA2_HUMAN.H11MO.0.A
ISL1_chr5:51392398-51392614_Ledidi_run-2_target-10.88_1	1011	1032	0.6522078946504745	0.025539804036945758	FOXA2_HUMAN.H11MO.0.A
ISL1_chr5:51392398-51392614_Ledidi_run-2_target-10.88_1	1070	1091	1.2613140621702772	0.0011240173947810379	FOXA2_HUMAN.H11MO.0.A
ISL1_chr5:51392398-51392614_Ledidi_run-2_target-10.88_1	1081	1116	2.0061751343678855	0.018875204103307865	MAFB_HUMAN.H11MO.0.B
ISL1_chr5:51392398-51392614_Ledidi_run-2_target-10.88_1	1123	1137	0.5599758857225909	0.03485942775149378	NFYB_HUMAN.H11MO.0.A
ISL1_chr5:51392398-51392614_Ledidi_run-2_target-10.88_1	1128	1147	0.984733650545424	0.005517174021622669	ARNTL_bHLH_1
ISL1_chr5:51392398-51392614_Ledidi_run-2_target-10.88_1	1138	1160	1.0538868688726062	0.012944937962181048	RFX6_MOUSE.H11MO.0.C
ISL1_chr5:51392398-51392614_Ledidi_run-2_target-10.88_10	1012	1031	0.5448367019109489	0.03512886189237361	FOXA2_HUMAN.H11MO.0.A
ISL1_chr5:51392398-51392614_Ledidi_run-2_target-10.88_10	1069	1091	1.234726621646289	0.04452485662729606	FOXA2_HUMAN.H11MO.0.A
ISL1_chr5:51392398-51392614_Ledidi_run-2_target-10.88_10	1083	1118	2.109134417399175	0.002849478827464732	ZN143_MOUSE.H11MO.0.A
ISL1_chr5:51392398-51392614_Ledidi_run-2_target-10.88_10	1128	1150	1.3076785563368505	0.002823379931793247	ARNTL_bHLH_1
ISL1_chr5:51392398-51392614_Ledidi_run-2_target-10.88_10	1140	1160	1.106209793369187	0.00035179680201428146	RFX6_MOUSE.H11MO.0.C
ISL1_chr5:51392398-51392614_Ledidi_run-2_target-10.88_2	996	1016	0.7399625386416141	0.026148895682375883	FOXA2_HUMAN.H11MO.0.A
ISL1_chr5:51392398-51392614_Ledidi_run-2_target-10.88_2	1011	1033	0.9594633459517151	0.007440286613760191	FOXA2_HUMAN.H11MO.0.A
ISL1_chr5:51392398-51392614_Ledidi_run-2_target-10.88_2	1031	1046	0.34519688365060297	0.04351560386716606	HNF4G_MA0484.1
ISL1_chr5:51392398-51392614_Ledidi_run-2_target-10.88_2	1065	1079	0.6188022557886326	0.04418802463977276	TYY1_HUMAN.H11MO.0.A
ISL1_chr5:51392398-51392614_Ledidi_run-2_target-10.88_2	1070	1091	1.2767900654504825	0.0020209193450569686	FOXA2_HUMAN.H11MO.0.A
ISL1_chr5:51392398-51392614_Ledidi_run-2_target-10.88_2	1081	1114	1.975955492001769	0.009717268897818232	MAFB_HUMAN.H11MO.0.B
ISL1_chr5:51392398-51392614_Ledidi_run-2_target-10.88_2	1104	1118	0.531620821018036	0.02872214971742666	ZN143_MOUSE.H11MO.0.A
ISL1_chr5:51392398-51392614_Ledidi_run-2_target-10.88_2	1126	1150	1.4369651356935016	0.020453172647154634	ARNTL_bHLH_1
ISL1_chr5:51392398-51392614_Ledidi_run-2_target-10.88_2	1140	1160	1.054660913267858	0.0006127144153241328	RFX6_MOUSE.H11MO.0.C
ISL1_chr5:51392398-51392614_Ledidi_run-2_target-10.88_3	996	1017	0.8985024953560856	0.017409202472093384	FOXA2_HUMAN.H11MO.0.A
ISL1_chr5:51392398-51392614_Ledidi_run-2_target-10.88_3	1007	1021	0.6711615922651059	0.027839420844810524	CEBPB_HUMAN.H11MO.0.A
ISL1_chr5:51392398-51392614_Ledidi_run-2_target-10.88_3	1011	1032	1.0552069778048039	0.019492485683982996	FOXA2_HUMAN.H11MO.0.A
ISL1_chr5:51392398-51392614_Ledidi_run-2_target-10.88_3	1022	1036	0.5174702881779583	0.03622637481763158	ARNTL_bHLH_1
ISL1_chr5:51392398-51392614_Ledidi_run-2_target-10.88_3	1070	1091	0.9948054226557042	0.012208947280681752	FOXA2_HUMAN.H11MO.0.A
ISL1_chr5:51392398-51392614_Ledidi_run-2_target-10.88_3	1081	1095	0.6921770371208567	0.02286655598660098	TAL1_HUMAN.H11MO.0.A
ISL1_chr5:51392398-51392614_Ledidi_run-2_target-10.88_3	1085	1103	0.8877934894842427	0.041896181077629685	FOXA2_HUMAN.H11MO.0.A
ISL1_chr5:51392398-51392614_Ledidi_run-2_target-10.88_3	1093	1116	1.1305119071357432	0.013607933731941467	ZN143_MOUSE.H11MO.0.A
ISL1_chr5:51392398-51392614_Ledidi_run-2_target-10.88_3	1126	1160	1.7446087062090774	0.03406276995681486	ARNTL_bHLH_1
ISL1_chr5:51392398-51392614_Ledidi_run-2_target-10.88_4	1012	1032	0.7412219406789009	0.04221661594611272	FOXA2_HUMAN.H11MO.0.A
ISL1_chr5:51392398-51392614_Ledidi_run-2_target-10.88_4	1070	1091	1.3129926643629237	0.0028758063035161313	FOXA2_HUMAN.H11MO.0.A
ISL1_chr5:51392398-51392614_Ledidi_run-2_target-10.88_4	1081	1116	2.164051295298532	0.004066573173943283	MAFB_HUMAN.H11MO.0.B
ISL1_chr5:51392398-51392614_Ledidi_run-2_target-10.88_4	1126	1145	1.1175589637977046	0.04286440117339201	ARNTL_bHLH_1
ISL1_chr5:51392398-51392614_Ledidi_run-2_target-10.88_4	1135	1160	1.580095820180035	0.017997805386058652	RFX6_MOUSE.H11MO.0.C
ISL1_chr5:51392398-51392614_Ledidi_run-2_target-10.88_5	1011	1032	0.8491887184215767	0.022151565562005048	FOXA2_HUMAN.H11MO.0.A
ISL1_chr5:51392398-51392614_Ledidi_run-2_target-10.88_5	1022	1037	0.5712481989847802	0.04949901644459642	ETV6_MOUSE.H11MO.0.C
ISL1_chr5:51392398-51392614_Ledidi_run-2_target-10.88_5	1030	1046	0.48568464081867013	0.04352150009819771	HNF4G_MA0484.1
ISL1_chr5:51392398-51392614_Ledidi_run-2_target-10.88_5	1070	1091	1.1859555888832944	0.006468707099690169	FOXA2_HUMAN.H11MO.0.A
ISL1_chr5:51392398-51392614_Ledidi_run-2_target-10.88_5	1081	1116	1.8091618991630982	0.0155298172841976	MAFB_HUMAN.H11MO.0.B
ISL1_chr5:51392398-51392614_Ledidi_run-2_target-10.88_5	1122	1136	0.5713149700018931	0.03822531123050392	NFYB_HUMAN.H11MO.0.A
ISL1_chr5:51392398-51392614_Ledidi_run-2_target-10.88_5	1126	1160	2.176046297970885	0.017409202472093384	ARNTL_bHLH_1
ISL1_chr5:51392398-51392614_Ledidi_run-2_target-10.88_6	1013	1032	0.6874302826507162	0.014066997210211825	FOXA2_HUMAN.H11MO.0.A
ISL1_chr5:51392398-51392614_Ledidi_run-2_target-10.88_6	1064	1080	0.7687223149724127	0.04385357714891144	TYY1_HUMAN.H11MO.0.A
ISL1_chr5:51392398-51392614_Ledidi_run-2_target-10.88_6	1070	1091	1.3359235241934326	0.0042930740821483385	FOXA2_HUMAN.H11MO.0.A
ISL1_chr5:51392398-51392614_Ledidi_run-2_target-10.88_6	1081	1116	2.153692034256966	0.005975353775446093	MAFB_HUMAN.H11MO.0.B
ISL1_chr5:51392398-51392614_Ledidi_run-2_target-10.88_6	1128	1160	1.8481172650856825	0.004450694996010048	ARNTL_bHLH_1
ISL1_chr5:51392398-51392614_Ledidi_run-2_target-10.88_7	997	1016	0.618117481910646	0.01372140150133723	FOXA2_HUMAN.H11MO.0.A
ISL1_chr5:51392398-51392614_Ledidi_run-2_target-10.88_7	1011	1032	0.8536494133396	0.019649667726908415	FOXA2_HUMAN.H11MO.0.A
ISL1_chr5:51392398-51392614_Ledidi_run-2_target-10.88_7	1069	1091	1.2596903163127038	0.02698190734312794	FOXA2_HUMAN.H11MO.0.A
ISL1_chr5:51392398-51392614_Ledidi_run-2_target-10.88_7	1081	1116	2.0448643416768193	0.023231964537215495	MAFB_HUMAN.H11MO.0.B
ISL1_chr5:51392398-51392614_Ledidi_run-2_target-10.88_7	1126	1145	1.0446517537178348	0.02514104809188975	ARNTL_bHLH_1
ISL1_chr5:51392398-51392614_Ledidi_run-2_target-10.88_7	1135	1160	1.5286938306788986	0.010864891557109247	RFX6_MOUSE.H11MO.0.C
ISL1_chr5:51392398-51392614_Ledidi_run-2_target-10.88_8	996	1016	0.712832007710454	0.024169142632964005	FOXA2_HUMAN.H11MO.0.A
ISL1_chr5:51392398-51392614_Ledidi_run-2_target-10.88_8	1011	1032	0.8536290872319183	0.03227007350256728	FOXA2_HUMAN.H11MO.0.A
ISL1_chr5:51392398-51392614_Ledidi_run-2_target-10.88_8	1064	1079	0.6818178850678902	0.035949002347687255	TYY1_HUMAN.H11MO.0.A
ISL1_chr5:51392398-51392614_Ledidi_run-2_target-10.88_8	1069	1091	1.2413930194459688	0.0431917794291362	FOXA2_HUMAN.H11MO.0.A
ISL1_chr5:51392398-51392614_Ledidi_run-2_target-10.88_8	1081	1116	1.9980784608457052	0.0431917794291362	MAFB_HUMAN.H11MO.0.B
ISL1_chr5:51392398-51392614_Ledidi_run-2_target-10.88_8	1126	1145	0.988605052678194	0.037643808588512954	ARNTL_bHLH_1
ISL1_chr5:51392398-51392614_Ledidi_run-2_target-10.88_8	1135	1160	1.4373033389054823	0.01604714572790736	RFX6_MOUSE.H11MO.0.C
ISL1_chr5:51392398-51392614_Ledidi_run-2_target-10.88_9	996	1016	0.6122856605574761	0.03277300059380061	FOXA2_HUMAN.H11MO.0.A
ISL1_chr5:51392398-51392614_Ledidi_run-2_target-10.88_9	1011	1032	0.6407996710950383	0.04554980170166938	FOXA2_HUMAN.H11MO.0.A
ISL1_chr5:51392398-51392614_Ledidi_run-2_target-10.88_9	1069	1091	1.206795409150765	0.04385357714891144	FOXA2_HUMAN.H11MO.0.A
ISL1_chr5:51392398-51392614_Ledidi_run-2_target-10.88_9	1081	1116	2.0365440380875794	0.009984047033610301	MAFB_HUMAN.H11MO.0.B
ISL1_chr5:51392398-51392614_Ledidi_run-2_target-10.88_9	1128	1145	0.925191191827798	0.0011902376852814197	ARNTL_bHLH_1
ISL1_chr5:51392398-51392614_Ledidi_run-2_target-10.88_9	1135	1160	1.4867334914956798	0.017409202472093384	RFX6_MOUSE.H11MO.0.C
ISL1_chr5:51392398-51392614_Ledidi_run-2_target-5.87_1	1011	1031	0.5889265531236965	0.03567363531992702	FOXA2_HUMAN.H11MO.0.A
ISL1_chr5:51392398-51392614_Ledidi_run-2_target-5.87_1	1071	1087	0.40666971496190496	0.03540025979293725	FOXA2_HUMAN.H11MO.0.A
ISL1_chr5:51392398-51392614_Ledidi_run-2_target-5.87_10	1012	1032	0.6145960093705966	0.03380105311733138	FOXA2_HUMAN.H11MO.0.A
ISL1_chr5:51392398-51392614_Ledidi_run-2_target-5.87_10	1072	1087	0.3818844547214306	0.04766601648500149	FOXA2_HUMAN.H11MO.0.A
ISL1_chr5:51392398-51392614_Ledidi_run-2_target-5.87_2	1011	1032	0.6489177533217292	0.03328329107543213	FOXA2_HUMAN.H11MO.0.A
ISL1_chr5:51392398-51392614_Ledidi_run-2_target-5.87_2	1072	1088	0.3928551378127172	0.04077988813294336	FOXA2_HUMAN.H11MO.0.A
ISL1_chr5:51392398-51392614_Ledidi_run-2_target-5.87_3	1011	1032	0.7437682449676656	0.021628895742405483	FOXA2_HUMAN.H11MO.0.A
ISL1_chr5:51392398-51392614_Ledidi_run-2_target-5.87_3	1071	1089	0.4710481881070785	0.03941384448049547	FOXA2_HUMAN.H11MO.0.A
ISL1_chr5:51392398-51392614_Ledidi_run-2_target-5.87_4	1012	1032	0.5964470337885954	0.0431917794291362	FOXA2_HUMAN.H11MO.0.A
ISL1_chr5:51392398-51392614_Ledidi_run-2_target-5.87_4	1071	1089	0.48149150009404806	0.040328026075753344	FOXA2_HUMAN.H11MO.0.A
ISL1_chr5:51392398-51392614_Ledidi_run-2_target-5.87_5	1012	1032	0.5926559927597386	0.04385357714891144	FOXA2_HUMAN.H11MO.0.A
ISL1_chr5:51392398-51392614_Ledidi_run-2_target-5.87_5	1074	1089	0.37993987226728354	0.027407557497725457	FOXA2_HUMAN.H11MO.0.A
ISL1_chr5:51392398-51392614_Ledidi_run-2_target-5.87_6	1012	1030	0.5012363492783982	0.03622637481763158	FOXA2_HUMAN.H11MO.0.A
ISL1_chr5:51392398-51392614_Ledidi_run-2_target-5.87_6	1071	1087	0.4384084940206108	0.04221661594611272	FOXA2_HUMAN.H11MO.0.A
ISL1_chr5:51392398-51392614_Ledidi_run-2_target-5.87_7	1011	1031	0.5548921063551266	0.03567363531992702	FOXA2_HUMAN.H11MO.0.A
ISL1_chr5:51392398-51392614_Ledidi_run-2_target-5.87_7	1071	1089	0.468207709190515	0.0498733870590643	FOXA2_HUMAN.H11MO.0.A
ISL1_chr5:51392398-51392614_Ledidi_run-2_target-5.87_8	1012	1031	0.5464475499084034	0.03328329107543213	FOXA2_HUMAN.H11MO.0.A
ISL1_chr5:51392398-51392614_Ledidi_run-2_target-5.87_8	1075	1089	0.33844505805482195	0.03678719194327901	FOXA2_HUMAN.H11MO.0.A
ISL1_chr5:51392398-51392614_Ledidi_run-2_target-5.87_9	1012	1031	0.5680980935179862	0.023602743782745655	FOXA2_HUMAN.H11MO.0.A
ISL1_chr5:51392398-51392614_Ledidi_run-2_target-5.87_9	1072	1087	0.35574417372274536	0.03911348485364352	FOXA2_HUMAN.H11MO.0.A
ISL1_chr5:51392398-51392614_Ledidi_run-2_target-6.42_1	982	996	0.3458908396287045	0.039716378487932046	FOXD2_forkhead_1
ISL1_chr5:51392398-51392614_Ledidi_run-2_target-6.42_1	1011	1032	0.7299901930478119	0.018424025822484025	FOXA2_HUMAN.H11MO.0.A
ISL1_chr5:51392398-51392614_Ledidi_run-2_target-6.42_1	1071	1087	0.45021408957874565	0.03080440211150591	FOXA2_HUMAN.H11MO.0.A
ISL1_chr5:51392398-51392614_Ledidi_run-2_target-6.42_10	985	999	0.3325291224056288	0.0448640872989144	FOXD2_forkhead_1
ISL1_chr5:51392398-51392614_Ledidi_run-2_target-6.42_10	1011	1032	0.7270151501394503	0.02698190734312794	FOXA2_HUMAN.H11MO.0.A
ISL1_chr5:51392398-51392614_Ledidi_run-2_target-6.42_10	1070	1089	0.565259347452141	0.0498733870590643	FOXA2_HUMAN.H11MO.0.A
ISL1_chr5:51392398-51392614_Ledidi_run-2_target-6.42_2	985	999	0.2890618890559733	0.03678719194327901	FOXD2_forkhead_1
ISL1_chr5:51392398-51392614_Ledidi_run-2_target-6.42_2	1011	1032	0.708986970147464	0.04286440117339201	FOXA2_HUMAN.H11MO.0.A
ISL1_chr5:51392398-51392614_Ledidi_run-2_target-6.42_2	1028	1043	0.35849528021505894	0.0498733870590643	NFYB_HUMAN.H11MO.0.A
ISL1_chr5:51392398-51392614_Ledidi_run-2_target-6.42_2	1071	1089	0.43373882870846825	0.040948540118391635	FOXA2_HUMAN.H11MO.0.A
ISL1_chr5:51392398-51392614_Ledidi_run-2_target-6.42_3	985	1000	0.3946863700587381	0.03512886189237361	FOXD2_forkhead_1
ISL1_chr5:51392398-51392614_Ledidi_run-2_target-6.42_3	1011	1031	0.6254341457454705	0.028946858544220307	FOXA2_HUMAN.H11MO.0.A
ISL1_chr5:51392398-51392614_Ledidi_run-2_target-6.42_3	1071	1088	0.4107356861949012	0.03622637481763158	FOXA2_HUMAN.H11MO.0.A
ISL1_chr5:51392398-51392614_Ledidi_run-2_target-6.42_4	985	1000	0.3612359201572125	0.03080440211150591	FOXD2_forkhead_1
ISL1_chr5:51392398-51392614_Ledidi_run-2_target-6.42_4	1011	1032	0.7458444806962166	0.04286440117339201	FOXA2_HUMAN.H11MO.0.A
ISL1_chr5:51392398-51392614_Ledidi_run-2_target-6.42_4	1074	1089	0.3552101830404768	0.03459194355839432	FOXA2_HUMAN.H11MO.0.A
ISL1_chr5:51392398-51392614_Ledidi_run-2_target-6.42_5	984	999	0.37114161997536455	0.04730707420613627	FOXD2_forkhead_1
ISL1_chr5:51392398-51392614_Ledidi_run-2_target-6.42_5	1011	1032	0.7147029674885768	0.024943831367036446	FOXA2_HUMAN.H11MO.0.A
ISL1_chr5:51392398-51392614_Ledidi_run-2_target-6.42_5	1072	1089	0.42617648806784136	0.038815285523608536	FOXA2_HUMAN.H11MO.0.A
ISL1_chr5:51392398-51392614_Ledidi_run-2_target-6.42_6	1012	1031	0.5647434778878409	0.03911348485364352	FOXA2_HUMAN.H11MO.0.A
ISL1_chr5:51392398-51392614_Ledidi_run-2_target-6.42_6	1071	1089	0.4945027569126157	0.019181572505438713	FOXA2_HUMAN.H11MO.0.A
ISL1_chr5:51392398-51392614_Ledidi_run-2_target-6.42_7	982	996	0.36690671354713794	0.03650576667085745	FOXD2_forkhead_1
ISL1_chr5:51392398-51392614_Ledidi_run-2_target-6.42_7	1011	1031	0.6256358308758864	0.029862159864615646	FOXA2_HUMAN.H11MO.0.A
ISL1_chr5:51392398-51392614_Ledidi_run-2_target-6.42_7	1071	1088	0.43591362163625935	0.04624528289440415	FOXA2_HUMAN.H11MO.0.A
ISL1_chr5:51392398-51392614_Ledidi_run-2_target-6.42_8	982	1001	0.42371787316377113	0.04452485662729606	FOXD2_forkhead_1
ISL1_chr5:51392398-51392614_Ledidi_run-2_target-6.42_8	1011	1032	0.7062938084222367	0.01604714572790736	FOXA2_HUMAN.H11MO.0.A
ISL1_chr5:51392398-51392614_Ledidi_run-2_target-6.42_8	1072	1090	0.41700362762361687	0.0498733870590643	FOXA2_HUMAN.H11MO.0.A
ISL1_chr5:51392398-51392614_Ledidi_run-2_target-6.42_9	985	1000	0.3482727117314487	0.027407557497725457	FOXD2_forkhead_1
ISL1_chr5:51392398-51392614_Ledidi_run-2_target-6.42_9	1011	1031	0.6057788691047126	0.041262157128128175	FOXA2_HUMAN.H11MO.0.A
ISL1_chr5:51392398-51392614_Ledidi_run-2_target-6.42_9	1074	1089	0.34979885484961337	0.04221661594611272	FOXA2_HUMAN.H11MO.0.A
ISL1_chr5:51392398-51392614_Ledidi_run-2_target-7.64_1	994	1018	1.120971454922336	0.03941384448049547	FOXA2_HUMAN.H11MO.0.A
ISL1_chr5:51392398-51392614_Ledidi_run-2_target-7.64_1	1010	1032	1.2212337189445162	0.028946858544220307	FOXA2_HUMAN.H11MO.0.A
ISL1_chr5:51392398-51392614_Ledidi_run-2_target-7.64_1	1025	1040	0.489275010773194	0.035949002347687255	NFYB_HUMAN.H11MO.0.A
ISL1_chr5:51392398-51392614_Ledidi_run-2_target-7.64_1	1053	1067	0.2500358072429303	0.03793350801322296	SP2_HUMAN.H11MO.0.A
ISL1_chr5:51392398-51392614_Ledidi_run-2_target-7.64_1	1071	1090	0.6759379073348306	0.018128726134506876	FOXA2_HUMAN.H11MO.0.A
ISL1_chr5:51392398-51392614_Ledidi_run-2_target-7.64_10	994	1017	0.9922387644248779	0.03277300059380061	FOXA2_HUMAN.H11MO.0.A
ISL1_chr5:51392398-51392614_Ledidi_run-2_target-7.64_10	1010	1032	1.079771940139935	0.049127257957482524	FOXA2_HUMAN.H11MO.0.A
ISL1_chr5:51392398-51392614_Ledidi_run-2_target-7.64_10	1025	1040	0.4504890492269258	0.026562382168414056	NFYB_HUMAN.H11MO.0.A
ISL1_chr5:51392398-51392614_Ledidi_run-2_target-7.64_10	1070	1090	0.6807335943813939	0.045205730885551756	FOXA2_HUMAN.H11MO.0.A
ISL1_chr5:51392398-51392614_Ledidi_run-2_target-7.64_2	985	1000	0.36039798289317143	0.03354123135876334	HNF6_HUMAN.H11MO.0.B
ISL1_chr5:51392398-51392614_Ledidi_run-2_target-7.64_2	994	1017	1.0806037784537907	0.0431917794291362	FOXA2_HUMAN.H11MO.0.A
ISL1_chr5:51392398-51392614_Ledidi_run-2_target-7.64_2	1010	1032	1.1366277333624388	0.031044267384158657	FOXA2_HUMAN.H11MO.0.A
ISL1_chr5:51392398-51392614_Ledidi_run-2_target-7.64_2	1071	1090	0.6476802357498719	0.011707052189679684	FOXA2_HUMAN.H11MO.0.A
ISL1_chr5:51392398-51392614_Ledidi_run-2_target-7.64_3	994	1019	1.1024506631285182	0.04286440117339201	FOXA2_HUMAN.H11MO.0.A
ISL1_chr5:51392398-51392614_Ledidi_run-2_target-7.64_3	1010	1032	1.0596087450749518	0.039716378487932046	FOXA2_HUMAN.H11MO.0.A
ISL1_chr5:51392398-51392614_Ledidi_run-2_target-7.64_3	1025	1042	0.5128387843745541	0.04452485662729606	NFYB_HUMAN.H11MO.0.A
ISL1_chr5:51392398-51392614_Ledidi_run-2_target-7.64_3	1053	1067	0.2850293807893247	0.04002110100333834	SP2_HUMAN.H11MO.0.A
ISL1_chr5:51392398-51392614_Ledidi_run-2_target-7.64_3	1070	1089	0.5852356794344948	0.035949002347687255	FOXA2_HUMAN.H11MO.0.A
ISL1_chr5:51392398-51392614_Ledidi_run-2_target-7.64_4	994	1017	1.118042612444142	0.028499063326879095	FOXA2_HUMAN.H11MO.0.A
ISL1_chr5:51392398-51392614_Ledidi_run-2_target-7.64_4	1007	1032	1.4712290742976255	0.03707066464076151	CEBPB_HUMAN.H11MO.0.A
ISL1_chr5:51392398-51392614_Ledidi_run-2_target-7.64_4	1023	1040	0.7141822414242431	0.04258546728752456	NFYB_HUMAN.H11MO.0.A
ISL1_chr5:51392398-51392614_Ledidi_run-2_target-7.64_4	1070	1089	0.6631837738623498	0.03277300059380061	FOXA2_HUMAN.H11MO.0.A
ISL1_chr5:51392398-51392614_Ledidi_run-2_target-7.64_5	985	1000	0.4193421335664972	0.038815285523608536	HNF6_HUMAN.H11MO.0.B
ISL1_chr5:51392398-51392614_Ledidi_run-2_target-7.64_5	994	1017	1.1159883713361245	0.03328329107543213	FOXA2_HUMAN.H11MO.0.A
ISL1_chr5:51392398-51392614_Ledidi_run-2_target-7.64_5	1010	1032	1.2327201827095073	0.017550999021701732	FOXA2_HUMAN.H11MO.0.A
ISL1_chr5:51392398-51392614_Ledidi_run-2_target-7.64_5	1024	1045	0.7837272325773919	0.04766601648500149	NFYB_HUMAN.H11MO.0.A
ISL1_chr5:51392398-51392614_Ledidi_run-2_target-7.64_5	1070	1089	0.590710705592107	0.03080440211150591	FOXA2_HUMAN.H11MO.0.A
ISL1_chr5:51392398-51392614_Ledidi_run-2_target-7.64_6	994	1018	1.1406999413576218	0.037643808588512954	FOXA2_HUMAN.H11MO.0.A
ISL1_chr5:51392398-51392614_Ledidi_run-2_target-7.64_6	1010	1032	1.1583630110509486	0.048027490240037725	FOXA2_HUMAN.H11MO.0.A
ISL1_chr5:51392398-51392614_Ledidi_run-2_target-7.64_6	1025	1045	0.6806759043690578	0.04253935132010999	NFYB_HUMAN.H11MO.0.A
ISL1_chr5:51392398-51392614_Ledidi_run-2_target-7.64_6	1070	1091	0.718871469423537	0.025339702321310897	FOXA2_HUMAN.H11MO.0.A
ISL1_chr5:51392398-51392614_Ledidi_run-2_target-7.64_7	986	1001	0.29960872866802046	0.04446442694330786	FOXD2_forkhead_1
ISL1_chr5:51392398-51392614_Ledidi_run-2_target-7.64_7	995	1018	1.051144172556633	0.017409202472093384	FOXA2_HUMAN.H11MO.0.A
ISL1_chr5:51392398-51392614_Ledidi_run-2_target-7.64_7	1010	1033	1.1550780354147998	0.019808011404068904	FOXA2_HUMAN.H11MO.0.A
ISL1_chr5:51392398-51392614_Ledidi_run-2_target-7.64_7	1025	1042	0.48472713878259777	0.0431917794291362	NFYB_HUMAN.H11MO.0.A
ISL1_chr5:51392398-51392614_Ledidi_run-2_target-7.64_7	1070	1091	0.735814240589197	0.01490435278529703	FOXA2_HUMAN.H11MO.0.A
ISL1_chr5:51392398-51392614_Ledidi_run-2_target-7.64_8	995	1018	1.1634547970415616	0.02872214971742666	FOXA2_HUMAN.H11MO.0.A
ISL1_chr5:51392398-51392614_Ledidi_run-2_target-7.64_8	1009	1032	1.281220377158023	0.04624528289440415	FOXA2_HUMAN.H11MO.0.A
ISL1_chr5:51392398-51392614_Ledidi_run-2_target-7.64_8	1026	1040	0.41796903597118185	0.03177440233200031	NFYB_HUMAN.H11MO.0.A
ISL1_chr5:51392398-51392614_Ledidi_run-2_target-7.64_8	1071	1089	0.5876839772190334	0.01112996078508421	FOXA2_HUMAN.H11MO.0.A
ISL1_chr5:51392398-51392614_Ledidi_run-2_target-7.64_9	995	1017	0.9616631475702819	0.012415202241707323	FOXA2_HUMAN.H11MO.0.A
ISL1_chr5:51392398-51392614_Ledidi_run-2_target-7.64_9	1010	1033	1.1882090095726878	0.035949002347687255	FOXA2_HUMAN.H11MO.0.A
ISL1_chr5:51392398-51392614_Ledidi_run-2_target-7.64_9	1025	1040	0.47631540234707614	0.04839151109639871	NFYB_HUMAN.H11MO.0.A
ISL1_chr5:51392398-51392614_Ledidi_run-2_target-7.64_9	1070	1090	0.6261137692358769	0.033027218663415445	FOXA2_HUMAN.H11MO.0.A
ISL1_chr5:51392398-51392614_Ledidi_run-3_target-10.88_1	995	1015	0.598706901819684	0.040948540118391635	FOXA2_HUMAN.H11MO.0.A
ISL1_chr5:51392398-51392614_Ledidi_run-3_target-10.88_1	1009	1032	1.0674479429284995	0.040948540118391635	FOXA2_HUMAN.H11MO.0.A
ISL1_chr5:51392398-51392614_Ledidi_run-3_target-10.88_1	1025	1046	0.7770871609892769	0.021457211786353493	MEOX2_MA0706.1
ISL1_chr5:51392398-51392614_Ledidi_run-3_target-10.88_1	1053	1067	0.45796902400853545	0.04286440117339201	SP2_HUMAN.H11MO.0.A
ISL1_chr5:51392398-51392614_Ledidi_run-3_target-10.88_1	1058	1079	1.5667424757975765	0.0020209193450569686	NDF2_MOUSE.H11MO.0.A
ISL1_chr5:51392398-51392614_Ledidi_run-3_target-10.88_1	1069	1097	2.0896523327910588	0.007061102905827672	FOXA2_HUMAN.H11MO.0.A
ISL1_chr5:51392398-51392614_Ledidi_run-3_target-10.88_1	1125	1150	1.126348436694915	0.011707052189679684	RFX6_MOUSE.H11MO.0.C
ISL1_chr5:51392398-51392614_Ledidi_run-3_target-10.88_10	1000	1018	0.5631200191663139	0.03707066464076151	FOXA2_HUMAN.H11MO.0.A
ISL1_chr5:51392398-51392614_Ledidi_run-3_target-10.88_10	1009	1032	1.3304747166309658	0.03459194355839432	NDF2_MOUSE.H11MO.0.A
ISL1_chr5:51392398-51392614_Ledidi_run-3_target-10.88_10	1023	1045	0.9551685709141626	0.04624528289440415	MEOX2_MA0706.1
ISL1_chr5:51392398-51392614_Ledidi_run-3_target-10.88_10	1058	1081	1.8130734191758475	0.001284432476246556	NDF2_MOUSE.H11MO.0.A
ISL1_chr5:51392398-51392614_Ledidi_run-3_target-10.88_10	1071	1092	1.7020661781452637	2.189451248653996e-05	FOXA2_HUMAN.H11MO.0.A
ISL1_chr5:51392398-51392614_Ledidi_run-3_target-10.88_10	1126	1150	0.7678764683840864	0.022151565562005048	RFX6_MOUSE.H11MO.0.C
ISL1_chr5:51392398-51392614_Ledidi_run-3_target-10.88_2	998	1015	0.4772374684479662	0.02379017014912958	FOXA2_HUMAN.H11MO.0.A
ISL1_chr5:51392398-51392614_Ledidi_run-3_target-10.88_2	1010	1032	1.0268124658465974	0.026148895682375883	FOXA2_HUMAN.H11MO.0.A
ISL1_chr5:51392398-51392614_Ledidi_run-3_target-10.88_2	1023	1046	1.1127924045832112	0.017906046611370977	MEOX2_MA0706.1
ISL1_chr5:51392398-51392614_Ledidi_run-3_target-10.88_2	1053	1067	0.5083646169589318	0.020453172647154634	SP2_HUMAN.H11MO.0.A
ISL1_chr5:51392398-51392614_Ledidi_run-3_target-10.88_2	1058	1081	1.9177319978574205	0.0027975076472585097	NDF2_MOUSE.H11MO.0.A
ISL1_chr5:51392398-51392614_Ledidi_run-3_target-10.88_2	1071	1092	1.782018690838104	8.781325431282208e-07	FOXA2_HUMAN.H11MO.0.A
ISL1_chr5:51392398-51392614_Ledidi_run-3_target-10.88_2	1083	1097	0.5973274053895468	0.03459194355839432	RFX6_MOUSE.H11MO.0.C
ISL1_chr5:51392398-51392614_Ledidi_run-3_target-10.88_2	1125	1150	1.0990046947819323	0.009884285565796883	RFX6_MOUSE.H11MO.0.C
ISL1_chr5:51392398-51392614_Ledidi_run-3_target-10.88_3	995	1017	0.89768126558743	0.03380105311733138	FOXA2_HUMAN.H11MO.0.A
ISL1_chr5:51392398-51392614_Ledidi_run-3_target-10.88_3	1009	1032	1.152295992747047	0.04589631419228254	FOXA2_HUMAN.H11MO.0.A
ISL1_chr5:51392398-51392614_Ledidi_run-3_target-10.88_3	1023	1046	1.1318067953210216	0.04695064795138151	MEOX2_MA0706.1
ISL1_chr5:51392398-51392614_Ledidi_run-3_target-10.88_3	1059	1075	0.5685108935901639	0.03567363531992702	SP2_HUMAN.H11MO.0.A
ISL1_chr5:51392398-51392614_Ledidi_run-3_target-10.88_3	1065	1080	0.8873108217712447	0.03876256734186707	TYY1_HUMAN.H11MO.0.A
ISL1_chr5:51392398-51392614_Ledidi_run-3_target-10.88_3	1070	1092	1.4540370422330033	0.0008189819353512372	FOXA2_HUMAN.H11MO.0.A
ISL1_chr5:51392398-51392614_Ledidi_run-3_target-10.88_3	1097	1112	0.3539704764427958	0.04766601648500149	HNF4G_MA0484.1
ISL1_chr5:51392398-51392614_Ledidi_run-3_target-10.88_3	1125	1150	1.1123997876685632	0.02180184363848297	RFX6_MOUSE.H11MO.0.C
ISL1_chr5:51392398-51392614_Ledidi_run-3_target-10.88_4	997	1016	0.5794620496689376	0.024169142632964005	FOXA2_HUMAN.H11MO.0.A
ISL1_chr5:51392398-51392614_Ledidi_run-3_target-10.88_4	1010	1032	1.0307262801437411	0.040948540118391635	FOXA2_HUMAN.H11MO.0.A
ISL1_chr5:51392398-51392614_Ledidi_run-3_target-10.88_4	1024	1045	0.8177513497257041	0.04766601648500149	MEOX2_MA0706.1
ISL1_chr5:51392398-51392614_Ledidi_run-3_target-10.88_4	1036	1050	0.444262295316153	0.04385357714891144	ZN143_MOUSE.H11MO.0.A
ISL1_chr5:51392398-51392614_Ledidi_run-3_target-10.88_4	1053	1067	0.4897088314147737	0.02677138457031075	SP2_HUMAN.H11MO.0.A
ISL1_chr5:51392398-51392614_Ledidi_run-3_target-10.88_4	1061	1096	2.606896572567557	2.2589122006988817e-06	FOXA2_HUMAN.H11MO.0.A
ISL1_chr5:51392398-51392614_Ledidi_run-3_target-10.88_4	1117	1131	0.21395741103872545	0.028057710553803093	ETV6_MOUSE.H11MO.0.C
ISL1_chr5:51392398-51392614_Ledidi_run-3_target-10.88_4	1124	1150	1.6220945114849066	0.040948540118391635	RFX6_MOUSE.H11MO.0.C
ISL1_chr5:51392398-51392614_Ledidi_run-3_target-10.88_5	1000	1015	0.4644628643793305	0.03181022215170738	FOXA2_HUMAN.H11MO.0.A
ISL1_chr5:51392398-51392614_Ledidi_run-3_target-10.88_5	1011	1032	0.937472562023524	0.01151168380137576	FOXA2_HUMAN.H11MO.0.A
ISL1_chr5:51392398-51392614_Ledidi_run-3_target-10.88_5	1023	1045	0.8614152174038594	0.0431917794291362	MEOX2_MA0706.1
ISL1_chr5:51392398-51392614_Ledidi_run-3_target-10.88_5	1053	1067	0.4391571585166969	0.04002110100333834	SP2_HUMAN.H11MO.0.A
ISL1_chr5:51392398-51392614_Ledidi_run-3_target-10.88_5	1061	1096	2.6743305205095846	7.120664100105014e-06	FOXA2_HUMAN.H11MO.0.A
ISL1_chr5:51392398-51392614_Ledidi_run-3_target-10.88_5	1117	1131	0.26942181200909054	0.03567363531992702	ETV6_MOUSE.H11MO.0.C
ISL1_chr5:51392398-51392614_Ledidi_run-3_target-10.88_5	1125	1150	1.4738442760545887	0.01049000961358211	RFX6_MOUSE.H11MO.0.C
ISL1_chr5:51392398-51392614_Ledidi_run-3_target-10.88_6	1010	1032	0.9328568510090487	0.04554980170166938	FOXA2_HUMAN.H11MO.0.A
ISL1_chr5:51392398-51392614_Ledidi_run-3_target-10.88_6	1025	1047	0.8638222762785415	0.02128678322634035	MEOX2_MA0706.1
ISL1_chr5:51392398-51392614_Ledidi_run-3_target-10.88_6	1061	1096	2.6490785624230937	1.094373794962686e-05	FOXA2_HUMAN.H11MO.0.A
ISL1_chr5:51392398-51392614_Ledidi_run-3_target-10.88_6	1125	1150	1.2104969124095692	0.0057166170612137105	RFX6_MOUSE.H11MO.0.C
ISL1_chr5:51392398-51392614_Ledidi_run-3_target-10.88_7	999	1015	0.5137288131847398	0.048758094963275454	FOXA2_HUMAN.H11MO.0.A
ISL1_chr5:51392398-51392614_Ledidi_run-3_target-10.88_7	1011	1032	0.9303039763339729	0.02474804221978688	FOXA2_HUMAN.H11MO.0.A
ISL1_chr5:51392398-51392614_Ledidi_run-3_target-10.88_7	1023	1048	1.1204725739619368	0.02514104809188975	MEOX2_MA0706.1
ISL1_chr5:51392398-51392614_Ledidi_run-3_target-10.88_7	1053	1067	0.4995613917839572	0.03056627161134241	SP2_HUMAN.H11MO.0.A
ISL1_chr5:51392398-51392614_Ledidi_run-3_target-10.88_7	1058	1079	1.507401323423641	0.0026469247613959248	NDF2_MOUSE.H11MO.0.A
ISL1_chr5:51392398-51392614_Ledidi_run-3_target-10.88_7	1069	1096	1.9649618044939645	0.018723703125906946	FOXA2_HUMAN.H11MO.0.A
ISL1_chr5:51392398-51392614_Ledidi_run-3_target-10.88_7	1116	1131	0.15097967040567983	0.042279514855268006	ETV6_MOUSE.H11MO.0.C
ISL1_chr5:51392398-51392614_Ledidi_run-3_target-10.88_7	1125	1150	1.1291917075979923	0.0032397826656513033	RFX6_MOUSE.H11MO.0.C
ISL1_chr5:51392398-51392614_Ledidi_run-3_target-10.88_8	996	1016	0.6708316496040388	0.033027218663415445	FOXA2_HUMAN.H11MO.0.A
ISL1_chr5:51392398-51392614_Ledidi_run-3_target-10.88_8	1011	1032	0.7444600525814102	0.019181572505438713	FOXA2_HUMAN.H11MO.0.A
ISL1_chr5:51392398-51392614_Ledidi_run-3_target-10.88_8	1058	1079	1.483176136579031	0.0023465044539142826	NDF2_MOUSE.H11MO.0.A
ISL1_chr5:51392398-51392614_Ledidi_run-3_target-10.88_8	1069	1095	1.9929149846593233	0.014660613519821092	FOXA2_HUMAN.H11MO.0.A
ISL1_chr5:51392398-51392614_Ledidi_run-3_target-10.88_8	1125	1150	1.1477585813188496	0.0088444134942203	RFX6_MOUSE.H11MO.0.C
ISL1_chr5:51392398-51392614_Ledidi_run-3_target-10.88_9	998	1016	0.6302845607215484	0.03822531123050392	FOXA2_HUMAN.H11MO.0.A
ISL1_chr5:51392398-51392614_Ledidi_run-3_target-10.88_9	1010	1032	1.2405364531130738	0.008997513375031244	FOXA2_HUMAN.H11MO.0.A
ISL1_chr5:51392398-51392614_Ledidi_run-3_target-10.88_9	1023	1045	1.0429593552154404	0.01657997113026903	MEOX2_MA0706.1
ISL1_chr5:51392398-51392614_Ledidi_run-3_target-10.88_9	1058	1079	1.3632322500899918	0.0016124172714877085	NDF2_MOUSE.H11MO.0.A
ISL1_chr5:51392398-51392614_Ledidi_run-3_target-10.88_9	1069	1097	1.8673538647212502	0.040328026075753344	FOXA2_HUMAN.H11MO.0.A
ISL1_chr5:51392398-51392614_Ledidi_run-3_target-10.88_9	1124	1145	0.6853428212215427	0.04766601648500149	FOXD2_forkhead_1
ISL1_chr5:51392398-51392614_Ledidi_run-3_target-5.87_1	1011	1031	0.5699818511530733	0.03227007350256728	FOXA2_HUMAN.H11MO.0.A
ISL1_chr5:51392398-51392614_Ledidi_run-3_target-5.87_1	1071	1090	0.4906832098027114	0.028057710553803093	FOXA2_HUMAN.H11MO.0.A
ISL1_chr5:51392398-51392614_Ledidi_run-3_target-5.87_10	1012	1032	0.607372445738815	0.04352150009819771	FOXA2_HUMAN.H11MO.0.A
ISL1_chr5:51392398-51392614_Ledidi_run-3_target-5.87_10	1071	1086	0.42172205394978324	0.03622637481763158	FOXA2_HUMAN.H11MO.0.A
ISL1_chr5:51392398-51392614_Ledidi_run-3_target-5.87_2	1012	1031	0.5269937483664837	0.04589631419228254	FOXA2_HUMAN.H11MO.0.A
ISL1_chr5:51392398-51392614_Ledidi_run-3_target-5.87_2	1072	1089	0.44416766336399416	0.038815285523608536	FOXA2_HUMAN.H11MO.0.A
ISL1_chr5:51392398-51392614_Ledidi_run-3_target-5.87_3	1011	1031	0.6104061605769597	0.029862159864615646	FOXA2_HUMAN.H11MO.0.A
ISL1_chr5:51392398-51392614_Ledidi_run-3_target-5.87_3	1071	1088	0.44084785976670093	0.03009516326587541	FOXA2_HUMAN.H11MO.0.A
ISL1_chr5:51392398-51392614_Ledidi_run-3_target-5.87_4	1013	1031	0.4697388744906846	0.028249794497624988	FOXA2_HUMAN.H11MO.0.A
ISL1_chr5:51392398-51392614_Ledidi_run-3_target-5.87_4	1071	1090	0.5254545216892408	0.02698190734312794	FOXA2_HUMAN.H11MO.0.A
ISL1_chr5:51392398-51392614_Ledidi_run-3_target-5.87_5	1012	1031	0.5106081955357418	0.04157803279634765	FOXA2_HUMAN.H11MO.0.A
ISL1_chr5:51392398-51392614_Ledidi_run-3_target-5.87_5	1071	1086	0.4008488051188348	0.04157803279634765	FOXA2_HUMAN.H11MO.0.A
ISL1_chr5:51392398-51392614_Ledidi_run-3_target-5.87_6	1011	1031	0.6423217957880911	0.025539804036945758	FOXA2_HUMAN.H11MO.0.A
ISL1_chr5:51392398-51392614_Ledidi_run-3_target-5.87_7	1011	1032	0.8910400000695898	0.02474804221978688	FOXA2_HUMAN.H11MO.0.A
ISL1_chr5:51392398-51392614_Ledidi_run-3_target-5.87_7	1026	1040	0.4148632016930007	0.04352150009819771	ETV6_MOUSE.H11MO.0.C
ISL1_chr5:51392398-51392614_Ledidi_run-3_target-5.87_8	1011	1032	0.8039117111124684	0.013950928018901005	FOXA2_HUMAN.H11MO.0.A
ISL1_chr5:51392398-51392614_Ledidi_run-3_target-5.87_8	1071	1089	0.5128871076445851	0.019027824424729438	FOXA2_HUMAN.H11MO.0.A
ISL1_chr5:51392398-51392614_Ledidi_run-3_target-5.87_9	1013	1030	0.4284195134038946	0.015657718532026327	FOXA2_HUMAN.H11MO.0.A
ISL1_chr5:51392398-51392614_Ledidi_run-3_target-5.87_9	1072	1089	0.4183995025706786	0.03202133761382601	FOXA2_HUMAN.H11MO.0.A
ISL1_chr5:51392398-51392614_Ledidi_run-3_target-6.42_1	1011	1032	1.0055441021490914	0.01372140150133723	FOXA2_HUMAN.H11MO.0.A
ISL1_chr5:51392398-51392614_Ledidi_run-3_target-6.42_1	1022	1042	0.7820234911632301	0.0373561988327741	CEBPB_HUMAN.H11MO.0.A
ISL1_chr5:51392398-51392614_Ledidi_run-3_target-6.42_1	1071	1090	0.5919883664994858	0.023978966652746625	FOXA2_HUMAN.H11MO.0.A
ISL1_chr5:51392398-51392614_Ledidi_run-3_target-6.42_10	1011	1032	0.8932002424068441	0.02872214971742666	FOXA2_HUMAN.H11MO.0.A
ISL1_chr5:51392398-51392614_Ledidi_run-3_target-6.42_10	1023	1043	0.7433248202869415	0.029981717161078544	CEBPB_HUMAN.H11MO.0.A
ISL1_chr5:51392398-51392614_Ledidi_run-3_target-6.42_10	1072	1089	0.4276177548802693	0.040948540118391635	FOXA2_HUMAN.H11MO.0.A
ISL1_chr5:51392398-51392614_Ledidi_run-3_target-6.42_2	1011	1032	0.8757517462222593	0.018128726134506876	FOXA2_HUMAN.H11MO.0.A
ISL1_chr5:51392398-51392614_Ledidi_run-3_target-6.42_2	1023	1039	0.6068686839022778	0.03941384448049547	CEBPB_HUMAN.H11MO.0.A
ISL1_chr5:51392398-51392614_Ledidi_run-3_target-6.42_2	1075	1089	0.29753278741680655	0.048027490240037725	FOXA2_HUMAN.H11MO.0.A
ISL1_chr5:51392398-51392614_Ledidi_run-3_target-6.42_3	1011	1032	0.9335805303070144	0.019492485683982996	FOXA2_HUMAN.H11MO.0.A
ISL1_chr5:51392398-51392614_Ledidi_run-3_target-6.42_3	1022	1039	0.6674668275939287	0.03406276995681486	CEBPB_HUMAN.H11MO.0.A
ISL1_chr5:51392398-51392614_Ledidi_run-3_target-6.42_3	1072	1086	0.3439347160436237	0.04624528289440415	FOXA2_HUMAN.H11MO.0.A
ISL1_chr5:51392398-51392614_Ledidi_run-3_target-6.42_4	1010	1031	0.7316136756649052	0.03941384448049547	FOXA2_HUMAN.H11MO.0.A
ISL1_chr5:51392398-51392614_Ledidi_run-3_target-6.42_4	1074	1090	0.39198607686735953	0.031044267384158657	FOXA2_HUMAN.H11MO.0.A
ISL1_chr5:51392398-51392614_Ledidi_run-3_target-6.42_5	1011	1032	0.7239908208960758	0.03080440211150591	FOXA2_HUMAN.H11MO.0.A
ISL1_chr5:51392398-51392614_Ledidi_run-3_target-6.42_5	1071	1087	0.4160879577447034	0.040328026075753344	FOXA2_HUMAN.H11MO.0.A
ISL1_chr5:51392398-51392614_Ledidi_run-3_target-6.42_6	1010	1032	1.0338613186153764	0.03380105311733138	FOXA2_HUMAN.H11MO.0.A
ISL1_chr5:51392398-51392614_Ledidi_run-3_target-6.42_6	1022	1039	0.718963066880278	0.03678719194327901	CEBPB_HUMAN.H11MO.0.A
ISL1_chr5:51392398-51392614_Ledidi_run-3_target-6.42_6	1072	1086	0.3275923662051541	0.04695064795138151	FOXA2_HUMAN.H11MO.0.A
ISL1_chr5:51392398-51392614_Ledidi_run-3_target-6.42_7	1011	1032	0.6652111814408381	0.03622637481763158	FOXA2_HUMAN.H11MO.0.A
ISL1_chr5:51392398-51392614_Ledidi_run-3_target-6.42_7	1071	1088	0.4408985923912978	0.02304859342677061	FOXA2_HUMAN.H11MO.0.A
ISL1_chr5:51392398-51392614_Ledidi_run-3_target-6.42_8	1011	1032	0.705689773634538	0.02719396133312981	FOXA2_HUMAN.H11MO.0.A
ISL1_chr5:51392398-51392614_Ledidi_run-3_target-6.42_9	1011	1032	0.8860635183103504	0.01769384179489903	FOXA2_HUMAN.H11MO.0.A
ISL1_chr5:51392398-51392614_Ledidi_run-3_target-6.42_9	1071	1089	0.4289756139581631	0.045205730885551756	FOXA2_HUMAN.H11MO.0.A
ISL1_chr5:51392398-51392614_Ledidi_run-3_target-7.64_1	941	956	0.35326612425663556	0.021976064048050057	ELK1_HUMAN.H11MO.0.B
ISL1_chr5:51392398-51392614_Ledidi_run-3_target-7.64_1	999	1018	0.6388156604247567	0.02236806839201988	FOXA2_HUMAN.H11MO.0.A
ISL1_chr5:51392398-51392614_Ledidi_run-3_target-7.64_1	1011	1032	0.8643633182576747	0.021117601510266027	HNF6_HUMAN.H11MO.0.B
ISL1_chr5:51392398-51392614_Ledidi_run-3_target-7.64_1	1070	1089	0.5202939047341095	0.04157803279634765	FOXA2_HUMAN.H11MO.0.A
ISL1_chr5:51392398-51392614_Ledidi_run-3_target-7.64_10	941	957	0.3457040455633131	0.024943831367036446	ETV6_MOUSE.H11MO.0.C
ISL1_chr5:51392398-51392614_Ledidi_run-3_target-7.64_10	999	1018	0.6530106459560467	0.01657997113026903	FOXA2_HUMAN.H11MO.0.A
ISL1_chr5:51392398-51392614_Ledidi_run-3_target-7.64_10	1010	1032	0.9689884317095128	0.019027824424729438	HNF6_HUMAN.H11MO.0.B
ISL1_chr5:51392398-51392614_Ledidi_run-3_target-7.64_10	1070	1090	0.6305496211890373	0.03328329107543213	FOXA2_HUMAN.H11MO.0.A
ISL1_chr5:51392398-51392614_Ledidi_run-3_target-7.64_2	941	957	0.3531480052801939	0.01760243271025676	ETV6_MOUSE.H11MO.0.C
ISL1_chr5:51392398-51392614_Ledidi_run-3_target-7.64_2	1001	1018	0.5101589258648135	0.03009516326587541	FOXA2_HUMAN.H11MO.0.A
ISL1_chr5:51392398-51392614_Ledidi_run-3_target-7.64_2	1011	1032	0.9862054200419912	0.01094352402842608	HNF6_HUMAN.H11MO.0.B
ISL1_chr5:51392398-51392614_Ledidi_run-3_target-7.64_2	1070	1089	0.5760791679984005	0.03793350801322296	FOXA2_HUMAN.H11MO.0.A
ISL1_chr5:51392398-51392614_Ledidi_run-3_target-7.64_3	941	957	0.3774407853436662	0.02054751045858569	ETV6_MOUSE.H11MO.0.C
ISL1_chr5:51392398-51392614_Ledidi_run-3_target-7.64_3	999	1018	0.6469160730507045	0.04949901644459642	FOXA2_HUMAN.H11MO.0.A
ISL1_chr5:51392398-51392614_Ledidi_run-3_target-7.64_3	1009	1032	1.0798241764060683	0.027622706940374598	HNF6_HUMAN.H11MO.0.B
ISL1_chr5:51392398-51392614_Ledidi_run-3_target-7.64_3	1070	1089	0.5838725515021013	0.03678719194327901	FOXA2_HUMAN.H11MO.0.A
ISL1_chr5:51392398-51392614_Ledidi_run-3_target-7.64_4	941	957	0.3720947106505027	0.022151565562005048	ETV6_MOUSE.H11MO.0.C
ISL1_chr5:51392398-51392614_Ledidi_run-3_target-7.64_4	1001	1016	0.5259368305954315	0.027622706940374598	MAFB_HUMAN.H11MO.0.B
ISL1_chr5:51392398-51392614_Ledidi_run-3_target-7.64_4	1009	1032	1.022776956108634	0.0498733870590643	HNF6_HUMAN.H11MO.0.B
ISL1_chr5:51392398-51392614_Ledidi_run-3_target-7.64_4	1028	1042	0.4328544687156728	0.03567363531992702	NFYB_HUMAN.H11MO.0.A
ISL1_chr5:51392398-51392614_Ledidi_run-3_target-7.64_4	1071	1090	0.5346461545162637	0.02872214971742666	FOXA2_HUMAN.H11MO.0.A
ISL1_chr5:51392398-51392614_Ledidi_run-3_target-7.64_5	941	956	0.3719998243786399	0.025246739956696088	ELK1_HUMAN.H11MO.0.B
ISL1_chr5:51392398-51392614_Ledidi_run-3_target-7.64_5	999	1021	0.8895667196411163	0.028888249839704776	FOXA2_HUMAN.H11MO.0.A
ISL1_chr5:51392398-51392614_Ledidi_run-3_target-7.64_5	1011	1032	0.9506884377259539	0.012311677030444858	HNF6_HUMAN.H11MO.0.B
ISL1_chr5:51392398-51392614_Ledidi_run-3_target-7.64_5	1025	1042	0.43564018083794265	0.0498733870590643	NFYB_HUMAN.H11MO.0.A
ISL1_chr5:51392398-51392614_Ledidi_run-3_target-7.64_5	1071	1089	0.5618012558410932	0.012944937962181048	FOXA2_HUMAN.H11MO.0.A
ISL1_chr5:51392398-51392614_Ledidi_run-3_target-7.64_6	985	1002	0.41538621700988765	0.04695064795138151	ETV6_MOUSE.H11MO.0.C
ISL1_chr5:51392398-51392614_Ledidi_run-3_target-7.64_6	999	1016	0.6200853599246998	0.049127257957482524	MAFB_HUMAN.H11MO.0.B
ISL1_chr5:51392398-51392614_Ledidi_run-3_target-7.64_6	1006	1032	1.2166787357158118	0.04452485662729606	MAFB_HUMAN.H11MO.0.B
ISL1_chr5:51392398-51392614_Ledidi_run-3_target-7.64_6	1028	1045	0.42513088297802337	0.049127257957482524	NFYB_HUMAN.H11MO.0.A
ISL1_chr5:51392398-51392614_Ledidi_run-3_target-7.64_6	1071	1090	0.5787978305560069	0.03380105311733138	FOXA2_HUMAN.H11MO.0.A
ISL1_chr5:51392398-51392614_Ledidi_run-3_target-7.64_7	941	956	0.3414991213202487	0.038815285523608536	ELK1_HUMAN.H11MO.0.B
ISL1_chr5:51392398-51392614_Ledidi_run-3_target-7.64_7	999	1018	0.6356882561902916	0.04221661594611272	FOXA2_HUMAN.H11MO.0.A
ISL1_chr5:51392398-51392614_Ledidi_run-3_target-7.64_7	1010	1032	0.8774084704065304	0.03459194355839432	HNF6_HUMAN.H11MO.0.B
ISL1_chr5:51392398-51392614_Ledidi_run-3_target-7.64_7	1030	1045	0.4167918653728373	0.04695064795138151	NFYB_HUMAN.H11MO.0.A
ISL1_chr5:51392398-51392614_Ledidi_run-3_target-7.64_7	1053	1067	0.26550292482947624	0.04286440117339201	SP2_HUMAN.H11MO.0.A
ISL1_chr5:51392398-51392614_Ledidi_run-3_target-7.64_7	1071	1089	0.48894158945746824	0.02436070752121386	FOXA2_HUMAN.H11MO.0.A
ISL1_chr5:51392398-51392614_Ledidi_run-3_target-7.64_8	999	1018	0.6089663834597019	0.04839151109639871	FOXA2_HUMAN.H11MO.0.A
ISL1_chr5:51392398-51392614_Ledidi_run-3_target-7.64_8	1010	1032	1.018074634180835	0.026148895682375883	HNF6_HUMAN.H11MO.0.B
ISL1_chr5:51392398-51392614_Ledidi_run-3_target-7.64_8	1026	1040	0.36449365210178986	0.040948540118391635	NFYB_HUMAN.H11MO.0.A
ISL1_chr5:51392398-51392614_Ledidi_run-3_target-7.64_8	1071	1090	0.5097584151884078	0.022685843285046595	FOXA2_HUMAN.H11MO.0.A
ISL1_chr5:51392398-51392614_Ledidi_run-3_target-7.64_9	941	957	0.35201914867342654	0.03851923235268358	ETV6_MOUSE.H11MO.0.C
ISL1_chr5:51392398-51392614_Ledidi_run-3_target-7.64_9	1000	1018	0.6009835208905709	0.03056627161134241	FOXA2_HUMAN.H11MO.0.A
ISL1_chr5:51392398-51392614_Ledidi_run-3_target-7.64_9	1010	1032	0.8701917123714642	0.041896181077629685	HNF6_HUMAN.H11MO.0.B
ISL1_chr5:51392398-51392614_Ledidi_run-3_target-7.64_9	1028	1042	0.37476177533789734	0.03941384448049547	NFYB_HUMAN.H11MO.0.A
ISL1_chr5:51392398-51392614_Ledidi_run-3_target-7.64_9	1070	1090	0.5591583465791463	0.04695064795138151	FOXA2_HUMAN.H11MO.0.A
ISL1_chr5:51392398-51392614_Ledidi_run-4_target-10.88_1	985	1000	0.4560321756037235	0.04839151109639871	HNF6_HUMAN.H11MO.0.B
ISL1_chr5:51392398-51392614_Ledidi_run-4_target-10.88_1	1001	1016	0.39525855632867624	0.04589631419228254	ETV6_MOUSE.H11MO.0.C
ISL1_chr5:51392398-51392614_Ledidi_run-4_target-10.88_1	1009	1033	1.4167265358583365	0.022506446489954136	FOXA2_HUMAN.H11MO.0.A
ISL1_chr5:51392398-51392614_Ledidi_run-4_target-10.88_1	1023	1047	1.4861898209440676	0.02379017014912958	MEOX2_MA0706.1
ISL1_chr5:51392398-51392614_Ledidi_run-4_target-10.88_1	1042	1060	0.6167047374648651	0.015151753311056958	TAL1_HUMAN.H11MO.0.A
ISL1_chr5:51392398-51392614_Ledidi_run-4_target-10.88_1	1053	1067	0.4021359195351395	0.02436070752121386	SP2_HUMAN.H11MO.0.A
ISL1_chr5:51392398-51392614_Ledidi_run-4_target-10.88_1	1070	1102	1.799009794962637	0.018875204103307865	RFX6_MOUSE.H11MO.0.C
ISL1_chr5:51392398-51392614_Ledidi_run-4_target-10.88_10	984	1001	0.5161702901940443	0.027622706940374598	HNF6_HUMAN.H11MO.0.B
ISL1_chr5:51392398-51392614_Ledidi_run-4_target-10.88_10	997	1017	0.8548565056726345	0.006135779144938373	FOXA2_HUMAN.H11MO.0.A
ISL1_chr5:51392398-51392614_Ledidi_run-4_target-10.88_10	1012	1047	2.257062023401465	0.0002294803978881326	MEOX2_MA0706.1
ISL1_chr5:51392398-51392614_Ledidi_run-4_target-10.88_10	1053	1068	0.4334652899573799	0.030204899467385925	SP2_HUMAN.H11MO.0.A
ISL1_chr5:51392398-51392614_Ledidi_run-4_target-10.88_10	1059	1079	0.8637060954427547	0.03152925435595684	SP2_HUMAN.H11MO.0.A
ISL1_chr5:51392398-51392614_Ledidi_run-4_target-10.88_10	1070	1103	2.199952437974029	0.008920659983371477	RFX6_MOUSE.H11MO.0.C
ISL1_chr5:51392398-51392614_Ledidi_run-4_target-10.88_2	985	999	0.4445629971205596	0.03432639554286543	HNF6_HUMAN.H11MO.0.B
ISL1_chr5:51392398-51392614_Ledidi_run-4_target-10.88_2	996	1017	0.9145323889414643	0.03277300059380061	FOXA2_HUMAN.H11MO.0.A
ISL1_chr5:51392398-51392614_Ledidi_run-4_target-10.88_2	1007	1022	1.1485313680154872	0.03056627161134241	JUN+JUNB_MA1133.1
ISL1_chr5:51392398-51392614_Ledidi_run-4_target-10.88_2	1012	1047	2.5197013929066614	1.6549161705862053e-05	MEOX2_MA0706.1
ISL1_chr5:51392398-51392614_Ledidi_run-4_target-10.88_2	1038	1052	0.5408783301180087	0.04839151109639871	TAL1_HUMAN.H11MO.0.A
ISL1_chr5:51392398-51392614_Ledidi_run-4_target-10.88_2	1043	1057	0.40735492505967796	0.04385357714891144	HNF1B_MA0153.2
ISL1_chr5:51392398-51392614_Ledidi_run-4_target-10.88_2	1053	1068	0.3685950535339675	0.04575919742798208	SP2_HUMAN.H11MO.0.A
ISL1_chr5:51392398-51392614_Ledidi_run-4_target-10.88_2	1060	1075	0.5198591304886522	0.03650576667085745	SP2_HUMAN.H11MO.0.A
ISL1_chr5:51392398-51392614_Ledidi_run-4_target-10.88_2	1066	1080	0.6610031465076203	0.048758094963275454	FOXA2_HUMAN.H11MO.0.A
ISL1_chr5:51392398-51392614_Ledidi_run-4_target-10.88_2	1070	1102	1.9614109020519432	0.018723703125906946	RFX6_MOUSE.H11MO.0.C
ISL1_chr5:51392398-51392614_Ledidi_run-4_target-10.88_3	986	1000	0.3879360336790004	0.04452485662729606	HNF6_HUMAN.H11MO.0.B
ISL1_chr5:51392398-51392614_Ledidi_run-4_target-10.88_3	1001	1015	0.43346382330105926	0.0498733870590643	ETV6_MOUSE.H11MO.0.C
ISL1_chr5:51392398-51392614_Ledidi_run-4_target-10.88_3	1005	1022	1.1656669467509126	0.04414605486833611	ETV6_MOUSE.H11MO.0.C
ISL1_chr5:51392398-51392614_Ledidi_run-4_target-10.88_3	1012	1047	2.559624702728697	2.5899260205479053e-06	MEOX2_MA0706.1
ISL1_chr5:51392398-51392614_Ledidi_run-4_target-10.88_3	1038	1052	0.43941810840161954	0.03152925435595684	ARNTL_bHLH_1
ISL1_chr5:51392398-51392614_Ledidi_run-4_target-10.88_3	1053	1067	0.36866860062714624	0.029862159864615646	SP2_HUMAN.H11MO.0.A
ISL1_chr5:51392398-51392614_Ledidi_run-4_target-10.88_3	1059	1074	0.595928125367108	0.04063716777415878	SP2_HUMAN.H11MO.0.A
ISL1_chr5:51392398-51392614_Ledidi_run-4_target-10.88_3	1064	1080	0.7795216892241017	0.025339702321310897	TYY1_HUMAN.H11MO.0.A
ISL1_chr5:51392398-51392614_Ledidi_run-4_target-10.88_3	1070	1103	2.226493839429608	0.0071854615245605545	RFX6_MOUSE.H11MO.0.C
ISL1_chr5:51392398-51392614_Ledidi_run-4_target-10.88_4	980	994	0.4886016179841946	0.04221661594611272	HNF6_HUMAN.H11MO.0.B
ISL1_chr5:51392398-51392614_Ledidi_run-4_target-10.88_4	986	1000	0.3939793435736625	0.049127257957482524	HNF6_HUMAN.H11MO.0.B
ISL1_chr5:51392398-51392614_Ledidi_run-4_target-10.88_4	998	1033	2.461303796510359	0.0006685879949842233	FOXA2_HUMAN.H11MO.0.A
ISL1_chr5:51392398-51392614_Ledidi_run-4_target-10.88_4	1023	1047	1.5672098446959084	0.00876876938813353	MEOX2_MA0706.1
ISL1_chr5:51392398-51392614_Ledidi_run-4_target-10.88_4	1044	1059	0.3814523941360157	0.03822531123050392	HNF1B_MA0153.2
ISL1_chr5:51392398-51392614_Ledidi_run-4_target-10.88_4	1064	1080	0.7322568313333635	0.028946858544220307	TYY1_HUMAN.H11MO.0.A
ISL1_chr5:51392398-51392614_Ledidi_run-4_target-10.88_4	1070	1102	2.0600131071976735	0.011608988144207287	RFX6_MOUSE.H11MO.0.C
ISL1_chr5:51392398-51392614_Ledidi_run-4_target-10.88_5	985	1000	0.4570750757425981	0.03009516326587541	HNF6_HUMAN.H11MO.0.B
ISL1_chr5:51392398-51392614_Ledidi_run-4_target-10.88_5	997	1016	0.746719794325786	0.007838232648483491	FOXA2_HUMAN.H11MO.0.A
ISL1_chr5:51392398-51392614_Ledidi_run-4_target-10.88_5	1010	1032	1.6335978868873848	0.004739817942324022	FOXA2_HUMAN.H11MO.0.A
ISL1_chr5:51392398-51392614_Ledidi_run-4_target-10.88_5	1022	1047	1.555753081797023	0.04221661594611272	MEOX2_MA0706.1
ISL1_chr5:51392398-51392614_Ledidi_run-4_target-10.88_5	1042	1058	0.4441189819116116	0.02719396133312981	TAL1_HUMAN.H11MO.0.A
ISL1_chr5:51392398-51392614_Ledidi_run-4_target-10.88_5	1053	1068	0.47653670576991214	0.026411032943306753	SP2_HUMAN.H11MO.0.A
ISL1_chr5:51392398-51392614_Ledidi_run-4_target-10.88_5	1059	1073	0.5883122711070943	0.03177440233200031	SP2_HUMAN.H11MO.0.A
ISL1_chr5:51392398-51392614_Ledidi_run-4_target-10.88_5	1063	1080	0.7492188897742871	0.048758094963275454	TYY1_HUMAN.H11MO.0.A
ISL1_chr5:51392398-51392614_Ledidi_run-4_target-10.88_5	1070	1103	2.025876480670389	0.03380105311733138	RFX6_MOUSE.H11MO.0.C
ISL1_chr5:51392398-51392614_Ledidi_run-4_target-10.88_6	1010	1032	1.3083512400394657	0.0026469247613959248	FOXA2_HUMAN.H11MO.0.A
ISL1_chr5:51392398-51392614_Ledidi_run-4_target-10.88_6	1024	1047	0.9856861876219667	0.022328356818105913	MEOX2_MA0706.1
ISL1_chr5:51392398-51392614_Ledidi_run-4_target-10.88_6	1043	1061	0.7339506906413638	0.03822531123050392	RFX6_MOUSE.H11MO.0.C
ISL1_chr5:51392398-51392614_Ledidi_run-4_target-10.88_6	1052	1068	0.636634144257799	0.018723703125906946	SP2_HUMAN.H11MO.0.A
ISL1_chr5:51392398-51392614_Ledidi_run-4_target-10.88_6	1059	1075	0.6795453852090247	0.027622706940374598	SP2_HUMAN.H11MO.0.A
ISL1_chr5:51392398-51392614_Ledidi_run-4_target-10.88_6	1065	1080	0.7617625813752675	0.028888249839704776	TYY1_HUMAN.H11MO.0.A
ISL1_chr5:51392398-51392614_Ledidi_run-4_target-10.88_6	1070	1104	2.378640399268435	0.009471636751927517	RFX6_MOUSE.H11MO.0.C
ISL1_chr5:51392398-51392614_Ledidi_run-4_target-10.88_7	983	997	0.42026779440258333	0.045205730885551756	HNF6_HUMAN.H11MO.0.B
ISL1_chr5:51392398-51392614_Ledidi_run-4_target-10.88_7	1001	1016	0.49413488643232273	0.03793350801322296	ETV6_MOUSE.H11MO.0.C
ISL1_chr5:51392398-51392614_Ledidi_run-4_target-10.88_7	1010	1032	1.3852070131489755	0.0048690775908961734	FOXA2_HUMAN.H11MO.0.A
ISL1_chr5:51392398-51392614_Ledidi_run-4_target-10.88_7	1023	1047	1.2218156937851194	0.02436070752121386	MEOX2_MA0706.1
ISL1_chr5:51392398-51392614_Ledidi_run-4_target-10.88_7	1038	1052	0.5391125853438123	0.045205730885551756	TAL1_HUMAN.H11MO.0.A
ISL1_chr5:51392398-51392614_Ledidi_run-4_target-10.88_7	1042	1059	0.506635362224169	0.04157803279634765	TAL1_HUMAN.H11MO.0.A
ISL1_chr5:51392398-51392614_Ledidi_run-4_target-10.88_7	1070	1103	2.177557805492329	0.00980044781104384	RFX6_MOUSE.H11MO.0.C
ISL1_chr5:51392398-51392614_Ledidi_run-4_target-10.88_8	976	990	0.3856559664450861	0.049127257957482524	RFX6_MOUSE.H11MO.0.C
ISL1_chr5:51392398-51392614_Ledidi_run-4_target-10.88_8	985	1000	0.49161741908589995	0.028946858544220307	HNF6_HUMAN.H11MO.0.B
ISL1_chr5:51392398-51392614_Ledidi_run-4_target-10.88_8	999	1016	0.6406260778223816	0.03941384448049547	ETV6_MOUSE.H11MO.0.C
ISL1_chr5:51392398-51392614_Ledidi_run-4_target-10.88_8	1006	1020	0.9050823803191286	0.021117601510266027	ETV6_MOUSE.H11MO.0.C
ISL1_chr5:51392398-51392614_Ledidi_run-4_target-10.88_8	1010	1032	1.7224484217716802	0.002002067893157552	FOXA2_HUMAN.H11MO.0.A
ISL1_chr5:51392398-51392614_Ledidi_run-4_target-10.88_8	1022	1047	1.5884153830226335	0.03152925435595684	MEOX2_MA0706.1
ISL1_chr5:51392398-51392614_Ledidi_run-4_target-10.88_8	1042	1060	0.6717206210867124	0.010669284683339778	TAL1_HUMAN.H11MO.0.A
ISL1_chr5:51392398-51392614_Ledidi_run-4_target-10.88_8	1052	1068	0.48608222948254376	0.04695064795138151	SP2_HUMAN.H11MO.0.A
ISL1_chr5:51392398-51392614_Ledidi_run-4_target-10.88_8	1059	1075	0.5940791390173734	0.0448640872989144	SP2_HUMAN.H11MO.0.A
ISL1_chr5:51392398-51392614_Ledidi_run-4_target-10.88_8	1065	1079	0.5924162345215578	0.03512886189237361	TYY1_HUMAN.H11MO.0.A
ISL1_chr5:51392398-51392614_Ledidi_run-4_target-10.88_8	1070	1099	1.5391503349114313	0.021457211786353493	RFX6_MOUSE.H11MO.0.C
ISL1_chr5:51392398-51392614_Ledidi_run-4_target-10.88_9	980	994	0.47192035785927294	0.037643808588512954	HNF6_HUMAN.H11MO.0.B
ISL1_chr5:51392398-51392614_Ledidi_run-4_target-10.88_9	985	1000	0.5050933376646315	0.019808011404068904	HNF6_HUMAN.H11MO.0.B
ISL1_chr5:51392398-51392614_Ledidi_run-4_target-10.88_9	1000	1015	0.3896249827788134	0.048027490240037725	ETV6_MOUSE.H11MO.0.C
ISL1_chr5:51392398-51392614_Ledidi_run-4_target-10.88_9	1007	1034	2.0916907259718895	0.04352150009819771	FOXA2_HUMAN.H11MO.0.A
ISL1_chr5:51392398-51392614_Ledidi_run-4_target-10.88_9	1024	1047	1.3233109912255112	0.00737580781243537	MEOX2_MA0706.1
ISL1_chr5:51392398-51392614_Ledidi_run-4_target-10.88_9	1038	1052	0.5055559308471986	0.03941384448049547	TAL1_HUMAN.H11MO.0.A
ISL1_chr5:51392398-51392614_Ledidi_run-4_target-10.88_9	1059	1074	0.5604983929488592	0.0431917794291362	SP2_HUMAN.H11MO.0.A
ISL1_chr5:51392398-51392614_Ledidi_run-4_target-10.88_9	1064	1080	0.7785915631757963	0.04157803279634765	TYY1_HUMAN.H11MO.0.A
ISL1_chr5:51392398-51392614_Ledidi_run-4_target-10.88_9	1070	1102	2.129033028955824	0.010579295409016252	RFX6_MOUSE.H11MO.0.C
ISL1_chr5:51392398-51392614_Ledidi_run-4_target-5.87_1	1012	1032	0.5651563453686095	0.03540025979293725	FOXA2_HUMAN.H11MO.0.A
ISL1_chr5:51392398-51392614_Ledidi_run-4_target-5.87_1	1071	1089	0.5184758120118134	0.02379017014912958	FOXA2_HUMAN.H11MO.0.A
ISL1_chr5:51392398-51392614_Ledidi_run-4_target-5.87_10	1012	1031	0.5383009123232212	0.04659672254190507	FOXA2_HUMAN.H11MO.0.A
ISL1_chr5:51392398-51392614_Ledidi_run-4_target-5.87_10	1070	1089	0.5512132366451434	0.03128588042916564	FOXA2_HUMAN.H11MO.0.A
ISL1_chr5:51392398-51392614_Ledidi_run-4_target-5.87_2	1012	1031	0.472344606083782	0.041896181077629685	FOXA2_HUMAN.H11MO.0.A
ISL1_chr5:51392398-51392614_Ledidi_run-4_target-5.87_2	1074	1089	0.3446075585388524	0.04949901644459642	FOXA2_HUMAN.H11MO.0.A
ISL1_chr5:51392398-51392614_Ledidi_run-4_target-5.87_3	1011	1031	0.5582507125232579	0.03793350801322296	FOXA2_HUMAN.H11MO.0.A
ISL1_chr5:51392398-51392614_Ledidi_run-4_target-5.87_3	1071	1090	0.5835664047154225	0.021628895742405483	FOXA2_HUMAN.H11MO.0.A
ISL1_chr5:51392398-51392614_Ledidi_run-4_target-5.87_4	1012	1030	0.4558470495904112	0.03941384448049547	FOXA2_HUMAN.H11MO.0.A
ISL1_chr5:51392398-51392614_Ledidi_run-4_target-5.87_4	1071	1089	0.544439915003277	0.014183944016136011	FOXA2_HUMAN.H11MO.0.A
ISL1_chr5:51392398-51392614_Ledidi_run-4_target-5.87_5	1011	1031	0.547486984746682	0.048758094963275454	FOXA2_HUMAN.H11MO.0.A
ISL1_chr5:51392398-51392614_Ledidi_run-4_target-5.87_5	1070	1089	0.5867502902224571	0.04452485662729606	FOXA2_HUMAN.H11MO.0.A
ISL1_chr5:51392398-51392614_Ledidi_run-4_target-5.87_6	1013	1030	0.39390835063700036	0.025339702321310897	FOXA2_HUMAN.H11MO.0.A
ISL1_chr5:51392398-51392614_Ledidi_run-4_target-5.87_6	1074	1089	0.36557131709051216	0.048758094963275454	FOXA2_HUMAN.H11MO.0.A
ISL1_chr5:51392398-51392614_Ledidi_run-4_target-5.87_7	1012	1031	0.594943592649763	0.041262157128128175	FOXA2_HUMAN.H11MO.0.A
ISL1_chr5:51392398-51392614_Ledidi_run-4_target-5.87_7	1071	1088	0.44832206229361726	0.030329862935364073	FOXA2_HUMAN.H11MO.0.A
ISL1_chr5:51392398-51392614_Ledidi_run-4_target-5.87_8	1012	1031	0.5315982810756383	0.04730707420613627	FOXA2_HUMAN.H11MO.0.A
ISL1_chr5:51392398-51392614_Ledidi_run-4_target-5.87_8	1071	1090	0.5329447042340021	0.021697131464278374	FOXA2_HUMAN.H11MO.0.A
ISL1_chr5:51392398-51392614_Ledidi_run-4_target-5.87_9	1012	1031	0.5591688573860146	0.03277300059380061	FOXA2_HUMAN.H11MO.0.A
ISL1_chr5:51392398-51392614_Ledidi_run-4_target-5.87_9	1071	1089	0.46461889072531637	0.02940119156421724	FOXA2_HUMAN.H11MO.0.A
ISL1_chr5:51392398-51392614_Ledidi_run-4_target-6.42_1	1012	1031	0.5452449923151372	0.0498733870590643	FOXA2_HUMAN.H11MO.0.A
ISL1_chr5:51392398-51392614_Ledidi_run-4_target-6.42_1	1071	1089	0.5338947886755814	0.018875204103307865	FOXA2_HUMAN.H11MO.0.A
ISL1_chr5:51392398-51392614_Ledidi_run-4_target-6.42_10	1011	1032	0.6703143252226077	0.023602743782745655	FOXA2_HUMAN.H11MO.0.A
ISL1_chr5:51392398-51392614_Ledidi_run-4_target-6.42_10	1070	1089	0.5887481203435678	0.02677138457031075	FOXA2_HUMAN.H11MO.0.A
ISL1_chr5:51392398-51392614_Ledidi_run-4_target-6.42_2	1011	1032	0.6730683061874807	0.03512886189237361	FOXA2_HUMAN.H11MO.0.A
ISL1_chr5:51392398-51392614_Ledidi_run-4_target-6.42_2	1071	1090	0.6405557991513782	0.025944390463049208	FOXA2_HUMAN.H11MO.0.A
ISL1_chr5:51392398-51392614_Ledidi_run-4_target-6.42_3	1011	1032	0.6665648530415285	0.029173201786239084	FOXA2_HUMAN.H11MO.0.A
ISL1_chr5:51392398-51392614_Ledidi_run-4_target-6.42_3	1071	1090	0.637687845747462	0.018723703125906946	FOXA2_HUMAN.H11MO.0.A
ISL1_chr5:51392398-51392614_Ledidi_run-4_target-6.42_4	1011	1031	0.683018563793617	0.030329862935364073	FOXA2_HUMAN.H11MO.0.A
ISL1_chr5:51392398-51392614_Ledidi_run-4_target-6.42_4	1072	1086	0.32519825491691634	0.04624528289440415	FOXA2_HUMAN.H11MO.0.A
ISL1_chr5:51392398-51392614_Ledidi_run-4_target-6.42_5	1011	1032	0.7052600277876876	0.028277587506706697	FOXA2_HUMAN.H11MO.0.A
ISL1_chr5:51392398-51392614_Ledidi_run-4_target-6.42_5	1071	1089	0.4444431009586016	0.0448640872989144	FOXA2_HUMAN.H11MO.0.A
ISL1_chr5:51392398-51392614_Ledidi_run-4_target-6.42_6	1010	1032	0.773488476040015	0.04253935132010999	FOXA2_HUMAN.H11MO.0.A
ISL1_chr5:51392398-51392614_Ledidi_run-4_target-6.42_6	1071	1089	0.511796623443624	0.023978966652746625	FOXA2_HUMAN.H11MO.0.A
ISL1_chr5:51392398-51392614_Ledidi_run-4_target-6.42_7	986	1000	0.30739550724259324	0.048027490240037725	FOXD2_forkhead_1
ISL1_chr5:51392398-51392614_Ledidi_run-4_target-6.42_7	1011	1032	0.6881319687303296	0.04659672254190507	FOXA2_HUMAN.H11MO.0.A
ISL1_chr5:51392398-51392614_Ledidi_run-4_target-6.42_7	1071	1089	0.4970434175865388	0.030329862935364073	FOXA2_HUMAN.H11MO.0.A
ISL1_chr5:51392398-51392614_Ledidi_run-4_target-6.42_8	1011	1032	0.6767767049601793	0.04766601648500149	FOXA2_HUMAN.H11MO.0.A
ISL1_chr5:51392398-51392614_Ledidi_run-4_target-6.42_8	1071	1089	0.46424713328400213	0.048027490240037725	FOXA2_HUMAN.H11MO.0.A
ISL1_chr5:51392398-51392614_Ledidi_run-4_target-6.42_9	1011	1032	0.6885801611083933	0.029862159864615646	FOXA2_HUMAN.H11MO.0.A
ISL1_chr5:51392398-51392614_Ledidi_run-4_target-6.42_9	1071	1089	0.47079698151524996	0.029630840137533875	FOXA2_HUMAN.H11MO.0.A
ISL1_chr5:51392398-51392614_Ledidi_run-4_target-7.64_1	984	1000	0.4172498864429874	0.04157803279634765	ETV6_MOUSE.H11MO.0.C
ISL1_chr5:51392398-51392614_Ledidi_run-4_target-7.64_1	994	1008	0.4773202204541497	0.035949002347687255	JUN+JUNB_MA1133.1
ISL1_chr5:51392398-51392614_Ledidi_run-4_target-7.64_1	999	1014	0.4560424706854722	0.03252181692656771	ETV6_MOUSE.H11MO.0.C
ISL1_chr5:51392398-51392614_Ledidi_run-4_target-7.64_1	1011	1032	0.946478319223617	0.01671564782903964	FOXA2_HUMAN.H11MO.0.A
ISL1_chr5:51392398-51392614_Ledidi_run-4_target-7.64_1	1022	1037	0.68072252551084	0.04286440117339201	ETV6_MOUSE.H11MO.0.C
ISL1_chr5:51392398-51392614_Ledidi_run-4_target-7.64_1	1028	1045	0.5790471188991217	0.029630840137533875	NFYB_HUMAN.H11MO.0.A
ISL1_chr5:51392398-51392614_Ledidi_run-4_target-7.64_1	1070	1090	0.6264523150916141	0.025741363357414056	FOXA2_HUMAN.H11MO.0.A
ISL1_chr5:51392398-51392614_Ledidi_run-4_target-7.64_10	982	1002	0.5316686567115213	0.015151753311056958	FOXD2_forkhead_1
ISL1_chr5:51392398-51392614_Ledidi_run-4_target-7.64_10	1001	1016	0.3304437002762127	0.04949901644459642	ETV6_MOUSE.H11MO.0.C
ISL1_chr5:51392398-51392614_Ledidi_run-4_target-7.64_10	1011	1032	0.993016578865509	0.021628895742405483	FOXA2_HUMAN.H11MO.0.A
ISL1_chr5:51392398-51392614_Ledidi_run-4_target-7.64_10	1025	1040	0.5660647184827827	0.02677138457031075	ETV6_MOUSE.H11MO.0.C
ISL1_chr5:51392398-51392614_Ledidi_run-4_target-7.64_10	1030	1045	0.48302527359947356	0.03432639554286543	NFYB_HUMAN.H11MO.0.A
ISL1_chr5:51392398-51392614_Ledidi_run-4_target-7.64_10	1070	1091	0.800572102153092	0.014660613519821092	FOXA2_HUMAN.H11MO.0.A
ISL1_chr5:51392398-51392614_Ledidi_run-4_target-7.64_2	982	1001	0.4695533670512876	0.03851923235268358	FOXD2_forkhead_1
ISL1_chr5:51392398-51392614_Ledidi_run-4_target-7.64_2	1001	1016	0.35250088126251033	0.04385357714891144	ETV6_MOUSE.H11MO.0.C
ISL1_chr5:51392398-51392614_Ledidi_run-4_target-7.64_2	1011	1043	1.4008619136712044	0.013272650097199943	MEOX2_MA0706.1
ISL1_chr5:51392398-51392614_Ledidi_run-4_target-7.64_2	1071	1089	0.5767855352909304	0.022328356818105913	FOXA2_HUMAN.H11MO.0.A
ISL1_chr5:51392398-51392614_Ledidi_run-4_target-7.64_3	985	1001	0.4312811640153211	0.0448640872989144	ETV6_MOUSE.H11MO.0.C
ISL1_chr5:51392398-51392614_Ledidi_run-4_target-7.64_3	995	1011	0.5226571303875525	0.045205730885551756	ETV6_MOUSE.H11MO.0.C
ISL1_chr5:51392398-51392614_Ledidi_run-4_target-7.64_3	1010	1032	0.9791349684385375	0.03380105311733138	FOXA2_HUMAN.H11MO.0.A
ISL1_chr5:51392398-51392614_Ledidi_run-4_target-7.64_3	1026	1043	0.479603401479781	0.03277300059380061	ETV6_MOUSE.H11MO.0.C
ISL1_chr5:51392398-51392614_Ledidi_run-4_target-7.64_3	1070	1089	0.5793660400793179	0.03650576667085745	FOXA2_HUMAN.H11MO.0.A
ISL1_chr5:51392398-51392614_Ledidi_run-4_target-7.64_4	982	1001	0.49127476185613905	0.03080440211150591	FOXD2_forkhead_1
ISL1_chr5:51392398-51392614_Ledidi_run-4_target-7.64_4	1000	1015	0.2990037920157337	0.04776666871559125	ETV6_MOUSE.H11MO.0.C
ISL1_chr5:51392398-51392614_Ledidi_run-4_target-7.64_4	1010	1042	1.5410338058800066	0.049127257957482524	MEOX2_MA0706.1
ISL1_chr5:51392398-51392614_Ledidi_run-4_target-7.64_4	1070	1090	0.6543569079394849	0.04589631419228254	FOXA2_HUMAN.H11MO.0.A
ISL1_chr5:51392398-51392614_Ledidi_run-4_target-7.64_5	968	984	0.42074492544542313	0.03822531123050392	FOXA2_HUMAN.H11MO.0.A
ISL1_chr5:51392398-51392614_Ledidi_run-4_target-7.64_5	982	1001	0.5572696782577626	0.03202133761382601	TAL1_HUMAN.H11MO.0.A
ISL1_chr5:51392398-51392614_Ledidi_run-4_target-7.64_5	1010	1032	0.8613866846089386	0.03793350801322296	FOXA2_HUMAN.H11MO.0.A
ISL1_chr5:51392398-51392614_Ledidi_run-4_target-7.64_5	1025	1042	0.4566120231032491	0.04063716777415878	NFYB_HUMAN.H11MO.0.A
ISL1_chr5:51392398-51392614_Ledidi_run-4_target-7.64_5	1071	1090	0.5671350646908673	0.019808011404068904	FOXA2_HUMAN.H11MO.0.A
ISL1_chr5:51392398-51392614_Ledidi_run-4_target-7.64_6	1011	1032	0.812222263031191	0.020128217678028606	FOXA2_HUMAN.H11MO.0.A
ISL1_chr5:51392398-51392614_Ledidi_run-4_target-7.64_6	1071	1090	0.5935881789734996	0.02304859342677061	FOXA2_HUMAN.H11MO.0.A
ISL1_chr5:51392398-51392614_Ledidi_run-4_target-7.64_7	982	1001	0.5565099808235465	0.019649667726908415	FOXD2_forkhead_1
ISL1_chr5:51392398-51392614_Ledidi_run-4_target-7.64_7	1011	1032	0.9567086047538558	0.00869372317853655	FOXA2_HUMAN.H11MO.0.A
ISL1_chr5:51392398-51392614_Ledidi_run-4_target-7.64_7	1026	1044	0.5324331730588445	0.03009516326587541	ETV6_MOUSE.H11MO.0.C
ISL1_chr5:51392398-51392614_Ledidi_run-4_target-7.64_7	1071	1090	0.5696341650063457	0.01769384179489903	FOXA2_HUMAN.H11MO.0.A
ISL1_chr5:51392398-51392614_Ledidi_run-4_target-7.64_8	982	1001	0.5487672815395874	0.011707395126641894	FOXD2_forkhead_1
ISL1_chr5:51392398-51392614_Ledidi_run-4_target-7.64_8	1011	1033	1.0285336929170528	0.02677138457031075	FOXA2_HUMAN.H11MO.0.A
ISL1_chr5:51392398-51392614_Ledidi_run-4_target-7.64_8	1028	1043	0.4886134457523985	0.02872214971742666	NFYB_HUMAN.H11MO.0.A
ISL1_chr5:51392398-51392614_Ledidi_run-4_target-7.64_8	1071	1090	0.5926835000242825	0.014660613519821092	FOXA2_HUMAN.H11MO.0.A
ISL1_chr5:51392398-51392614_Ledidi_run-4_target-7.64_9	968	984	0.379669568677944	0.04286440117339201	FOXA2_HUMAN.H11MO.0.A
ISL1_chr5:51392398-51392614_Ledidi_run-4_target-7.64_9	1011	1032	0.9559089912869111	0.02379017014912958	FOXA2_HUMAN.H11MO.0.A
ISL1_chr5:51392398-51392614_Ledidi_run-4_target-7.64_9	1023	1044	0.8016549571772009	0.03678719194327901	MEOX2_MA0706.1
ISL1_chr5:51392398-51392614_Ledidi_run-4_target-7.64_9	1070	1090	0.6780237738241932	0.01671564782903964	FOXA2_HUMAN.H11MO.0.A
ISL1_chr5:51392398-51392614_Ledidi_run-5_target-10.88_1	983	1001	0.5855640141012666	0.02635488941340899	HNF6_HUMAN.H11MO.0.B
ISL1_chr5:51392398-51392614_Ledidi_run-5_target-10.88_1	993	1009	0.6585497657922228	0.0431917794291362	JUN+JUNB_MA1133.1
ISL1_chr5:51392398-51392614_Ledidi_run-5_target-10.88_1	999	1016	0.6583856009149643	0.02940119156421724	ETV6_MOUSE.H11MO.0.C
ISL1_chr5:51392398-51392614_Ledidi_run-5_target-10.88_1	1009	1032	1.2647900189617016	0.02940119156421724	FOXA2_HUMAN.H11MO.0.A
ISL1_chr5:51392398-51392614_Ledidi_run-5_target-10.88_1	1022	1047	1.2331638541756467	0.022506446489954136	MEOX2_MA0706.1
ISL1_chr5:51392398-51392614_Ledidi_run-5_target-10.88_1	1042	1073	2.1563091195248676	0.025339702321310897	RFX6_MOUSE.H11MO.0.C
ISL1_chr5:51392398-51392614_Ledidi_run-5_target-10.88_1	1066	1080	0.5393888333088999	0.02940119156421724	HNF4G_MA0484.1
ISL1_chr5:51392398-51392614_Ledidi_run-5_target-10.88_1	1070	1092	1.057060176741822	0.04221661594611272	FOXA2_HUMAN.H11MO.0.A
ISL1_chr5:51392398-51392614_Ledidi_run-5_target-10.88_1	1082	1097	0.5483555256431734	0.039329364511850456	RFX6_MOUSE.H11MO.0.C
ISL1_chr5:51392398-51392614_Ledidi_run-5_target-10.88_10	973	992	0.7399276529933032	0.03851923235268358	RFX6_MOUSE.H11MO.0.C
ISL1_chr5:51392398-51392614_Ledidi_run-5_target-10.88_10	983	1000	0.6731886155746306	0.027407557497725457	HNF6_HUMAN.H11MO.0.B
ISL1_chr5:51392398-51392614_Ledidi_run-5_target-10.88_10	991	1016	1.1857715405094822	0.03851923235268358	ETV6_MOUSE.H11MO.0.C
ISL1_chr5:51392398-51392614_Ledidi_run-5_target-10.88_10	1009	1032	1.377086861624249	0.03354123135876334	FOXA2_HUMAN.H11MO.0.A
ISL1_chr5:51392398-51392614_Ledidi_run-5_target-10.88_10	1022	1047	1.210448921161431	0.029862159864615646	MEOX2_MA0706.1
ISL1_chr5:51392398-51392614_Ledidi_run-5_target-10.88_10	1043	1073	1.9315334544729525	0.000983090866377467	RFX6_MOUSE.H11MO.0.C
ISL1_chr5:51392398-51392614_Ledidi_run-5_target-10.88_10	1069	1091	1.0330109086831163	0.04286440117339201	FOXA2_HUMAN.H11MO.0.A
ISL1_chr5:51392398-51392614_Ledidi_run-5_target-10.88_10	1081	1095	0.4931097889668834	0.04452485662729606	RFX6_MOUSE.H11MO.0.C
ISL1_chr5:51392398-51392614_Ledidi_run-5_target-10.88_2	982	1001	0.7412414833548124	0.03622637481763158	HNF6_HUMAN.H11MO.0.B
ISL1_chr5:51392398-51392614_Ledidi_run-5_target-10.88_2	992	1011	0.8081369062582406	0.03678719194327901	ETV6_MOUSE.H11MO.0.C
ISL1_chr5:51392398-51392614_Ledidi_run-5_target-10.88_2	1001	1016	0.6189439806096073	0.048758094963275454	ETV6_MOUSE.H11MO.0.C
ISL1_chr5:51392398-51392614_Ledidi_run-5_target-10.88_2	1007	1032	1.4350462875482677	0.02436070752121386	CEBPB_HUMAN.H11MO.0.A
ISL1_chr5:51392398-51392614_Ledidi_run-5_target-10.88_2	1022	1040	0.8537907636981816	0.029862159864615646	ETV6_MOUSE.H11MO.0.C
ISL1_chr5:51392398-51392614_Ledidi_run-5_target-10.88_2	1043	1073	2.0871576116805883	0.0026714777508129246	RFX6_MOUSE.H11MO.0.C
ISL1_chr5:51392398-51392614_Ledidi_run-5_target-10.88_2	1070	1090	0.8831411641987303	0.00295618004322918	FOXA2_HUMAN.H11MO.0.A
ISL1_chr5:51392398-51392614_Ledidi_run-5_target-10.88_3	985	1001	0.5122459767591823	0.048758094963275454	ETV6_MOUSE.H11MO.0.C
ISL1_chr5:51392398-51392614_Ledidi_run-5_target-10.88_3	991	1011	0.8952797981734598	0.04659672254190507	ETV6_MOUSE.H11MO.0.C
ISL1_chr5:51392398-51392614_Ledidi_run-5_target-10.88_3	1001	1016	0.6153182377301787	0.018326328984452484	ETV6_MOUSE.H11MO.0.C
ISL1_chr5:51392398-51392614_Ledidi_run-5_target-10.88_3	1009	1031	1.344939900617102	0.04157803279634765	FOXA2_HUMAN.H11MO.0.A
ISL1_chr5:51392398-51392614_Ledidi_run-5_target-10.88_3	1021	1045	1.3765523000332047	0.035949002347687255	MEOX2_MA0706.1
ISL1_chr5:51392398-51392614_Ledidi_run-5_target-10.88_3	1036	1051	0.5455391606287145	0.029630840137533875	ARNTL_bHLH_1
ISL1_chr5:51392398-51392614_Ledidi_run-5_target-10.88_3	1043	1073	2.0590498338860352	0.0016124172714877085	RFX6_MOUSE.H11MO.0.C
ISL1_chr5:51392398-51392614_Ledidi_run-5_target-10.88_3	1070	1091	1.059365774431039	0.0029291549138868913	FOXA2_HUMAN.H11MO.0.A
ISL1_chr5:51392398-51392614_Ledidi_run-5_target-10.88_3	1081	1097	0.5661673440781678	0.01966277147270923	RFX6_MOUSE.H11MO.0.C
ISL1_chr5:51392398-51392614_Ledidi_run-5_target-10.88_4	983	1000	0.5342751429811257	0.031044267384158657	HNF6_HUMAN.H11MO.0.B
ISL1_chr5:51392398-51392614_Ledidi_run-5_target-10.88_4	994	1016	0.9111196348859562	0.027622706940374598	ETV6_MOUSE.H11MO.0.C
ISL1_chr5:51392398-51392614_Ledidi_run-5_target-10.88_4	1007	1033	1.6575864284181931	0.02436070752121386	CEBPB_HUMAN.H11MO.0.A
ISL1_chr5:51392398-51392614_Ledidi_run-5_target-10.88_4	1023	1046	1.1147903714796152	0.029862159864615646	MEOX2_MA0706.1
ISL1_chr5:51392398-51392614_Ledidi_run-5_target-10.88_4	1043	1074	2.118853780826213	0.0017063325434534056	RFX6_MOUSE.H11MO.0.C
ISL1_chr5:51392398-51392614_Ledidi_run-5_target-10.88_4	1065	1080	0.7320338870582299	0.042279514855268006	HNF4G_MA0484.1
ISL1_chr5:51392398-51392614_Ledidi_run-5_target-10.88_4	1070	1092	1.0512891735020737	0.016852326364993054	FOXA2_HUMAN.H11MO.0.A
ISL1_chr5:51392398-51392614_Ledidi_run-5_target-10.88_5	966	980	0.3886571374338029	0.025741363357414056	JUN+JUNB_MA1133.1
ISL1_chr5:51392398-51392614_Ledidi_run-5_target-10.88_5	976	991	0.532296475563881	0.038815285523608536	RFX6_MOUSE.H11MO.0.C
ISL1_chr5:51392398-51392614_Ledidi_run-5_target-10.88_5	983	1000	0.6487854721810464	0.02635488941340899	HNF6_HUMAN.H11MO.0.B
ISL1_chr5:51392398-51392614_Ledidi_run-5_target-10.88_5	992	1016	0.9586654429334092	0.017268444460892787	ETV6_MOUSE.H11MO.0.C
ISL1_chr5:51392398-51392614_Ledidi_run-5_target-10.88_5	1010	1031	1.2278241527894318	0.018128726134506876	FOXA2_HUMAN.H11MO.0.A
ISL1_chr5:51392398-51392614_Ledidi_run-5_target-10.88_5	1021	1046	1.4294132027487283	0.04949901644459642	ETV6_MOUSE.H11MO.0.C
ISL1_chr5:51392398-51392614_Ledidi_run-5_target-10.88_5	1042	1073	2.0040083600336964	0.048758094963275454	RFX6_MOUSE.H11MO.0.C
ISL1_chr5:51392398-51392614_Ledidi_run-5_target-10.88_5	1070	1091	0.9791667928229622	0.012208947280681752	FOXA2_HUMAN.H11MO.0.A
ISL1_chr5:51392398-51392614_Ledidi_run-5_target-10.88_5	1081	1095	0.49950545015116443	0.04352150009819771	RFX6_MOUSE.H11MO.0.C
ISL1_chr5:51392398-51392614_Ledidi_run-5_target-10.88_6	974	990	0.5179264093622309	0.025741363357414056	RFX6_MOUSE.H11MO.0.C
ISL1_chr5:51392398-51392614_Ledidi_run-5_target-10.88_6	982	1001	0.7248678797394548	0.03851923235268358	HNF6_HUMAN.H11MO.0.B
ISL1_chr5:51392398-51392614_Ledidi_run-5_target-10.88_6	994	1016	0.8800027834104227	0.022685843285046595	ETV6_MOUSE.H11MO.0.C
ISL1_chr5:51392398-51392614_Ledidi_run-5_target-10.88_6	1007	1033	1.701622174455169	0.023416678294447074	CEBPB_HUMAN.H11MO.0.A
ISL1_chr5:51392398-51392614_Ledidi_run-5_target-10.88_6	1023	1042	1.056782909905169	0.011415134027489077	MEOX2_MA0706.1
ISL1_chr5:51392398-51392614_Ledidi_run-5_target-10.88_6	1043	1072	1.6729823986130672	0.007838232648483491	RFX6_MOUSE.H11MO.0.C
ISL1_chr5:51392398-51392614_Ledidi_run-5_target-10.88_6	1070	1091	0.9191215148664122	0.004371209193470033	FOXA2_HUMAN.H11MO.0.A
ISL1_chr5:51392398-51392614_Ledidi_run-5_target-10.88_7	986	1002	0.5015376692856062	0.042708166725914605	FOXD2_forkhead_1
ISL1_chr5:51392398-51392614_Ledidi_run-5_target-10.88_7	992	1016	0.9643807403123903	0.03152925435595684	ETV6_MOUSE.H11MO.0.C
ISL1_chr5:51392398-51392614_Ledidi_run-5_target-10.88_7	1009	1033	1.4754970472491737	0.028057710553803093	FOXA2_HUMAN.H11MO.0.A
ISL1_chr5:51392398-51392614_Ledidi_run-5_target-10.88_7	1023	1045	1.2016152197875893	0.00869372317853655	MEOX2_MA0706.1
ISL1_chr5:51392398-51392614_Ledidi_run-5_target-10.88_7	1036	1051	0.6139571443862177	0.02635488941340899	ARNTL_bHLH_1
ISL1_chr5:51392398-51392614_Ledidi_run-5_target-10.88_7	1042	1073	2.146859873473151	0.04063716777415878	RFX6_MOUSE.H11MO.0.C
ISL1_chr5:51392398-51392614_Ledidi_run-5_target-10.88_7	1065	1079	0.6077782087557928	0.04286440117339201	HNF4G_MA0484.1
ISL1_chr5:51392398-51392614_Ledidi_run-5_target-10.88_7	1069	1091	1.0818411616981294	0.04352150009819771	FOXA2_HUMAN.H11MO.0.A
ISL1_chr5:51392398-51392614_Ledidi_run-5_target-10.88_7	1081	1097	0.5319010737419498	0.04183438095990113	RFX6_MOUSE.H11MO.0.C
ISL1_chr5:51392398-51392614_Ledidi_run-5_target-10.88_8	983	1001	0.6151114747130983	0.04839151109639871	HNF6_HUMAN.H11MO.0.B
ISL1_chr5:51392398-51392614_Ledidi_run-5_target-10.88_8	992	1011	0.7887193976511937	0.045205730885551756	ETV6_MOUSE.H11MO.0.C
ISL1_chr5:51392398-51392614_Ledidi_run-5_target-10.88_8	1001	1015	0.5028041382439912	0.04385357714891144	ETV6_MOUSE.H11MO.0.C
ISL1_chr5:51392398-51392614_Ledidi_run-5_target-10.88_8	1009	1032	1.274725099010293	0.03707066464076151	FOXA2_HUMAN.H11MO.0.A
ISL1_chr5:51392398-51392614_Ledidi_run-5_target-10.88_8	1022	1045	1.169104125913393	0.031044267384158657	ETV6_MOUSE.H11MO.0.C
ISL1_chr5:51392398-51392614_Ledidi_run-5_target-10.88_8	1042	1073	1.95824022301513	0.03485942775149378	RFX6_MOUSE.H11MO.0.C
ISL1_chr5:51392398-51392614_Ledidi_run-5_target-10.88_8	1065	1090	1.1283314414621541	0.03876803922389531	FOXA2_HUMAN.H11MO.0.A
ISL1_chr5:51392398-51392614_Ledidi_run-5_target-10.88_9	974	989	0.40402876875826466	0.04221661594611272	RFX6_MOUSE.H11MO.0.C
ISL1_chr5:51392398-51392614_Ledidi_run-5_target-10.88_9	982	1000	0.5813457812975269	0.02677138457031075	HNF6_HUMAN.H11MO.0.B
ISL1_chr5:51392398-51392614_Ledidi_run-5_target-10.88_9	992	1016	0.9555736427584982	0.048027490240037725	ETV6_MOUSE.H11MO.0.C
ISL1_chr5:51392398-51392614_Ledidi_run-5_target-10.88_9	1009	1032	1.4290896532610493	0.04452485662729606	FOXA2_HUMAN.H11MO.0.A
ISL1_chr5:51392398-51392614_Ledidi_run-5_target-10.88_9	1022	1048	1.3265105092598288	0.022328356818105913	MEOX2_MA0706.1
ISL1_chr5:51392398-51392614_Ledidi_run-5_target-10.88_9	1043	1073	2.1666655410211044	0.0013341979037284676	RFX6_MOUSE.H11MO.0.C
ISL1_chr5:51392398-51392614_Ledidi_run-5_target-10.88_9	1066	1080	0.6167813465745979	0.019808011404068904	HNF4G_MA0484.1
ISL1_chr5:51392398-51392614_Ledidi_run-5_target-10.88_9	1070	1091	1.0478513106853606	0.0071854615245605545	FOXA2_HUMAN.H11MO.0.A
ISL1_chr5:51392398-51392614_Ledidi_run-5_target-10.88_9	1081	1096	0.5103785329772172	0.029173201786239084	RFX6_MOUSE.H11MO.0.C
ISL1_chr5:51392398-51392614_Ledidi_run-5_target-5.87_1	1012	1031	0.5484556283588315	0.0448640872989144	FOXA2_HUMAN.H11MO.0.A
ISL1_chr5:51392398-51392614_Ledidi_run-5_target-5.87_1	1071	1089	0.4557549630358355	0.048027490240037725	FOXA2_HUMAN.H11MO.0.A
ISL1_chr5:51392398-51392614_Ledidi_run-5_target-5.87_10	1012	1031	0.49944177878615026	0.024943831367036446	FOXA2_HUMAN.H11MO.0.A
ISL1_chr5:51392398-51392614_Ledidi_run-5_target-5.87_10	1071	1089	0.4887360620055312	0.03622637481763158	FOXA2_HUMAN.H11MO.0.A
ISL1_chr5:51392398-51392614_Ledidi_run-5_target-5.87_2	1011	1031	0.5228696764855305	0.038815285523608536	FOXA2_HUMAN.H11MO.0.A
ISL1_chr5:51392398-51392614_Ledidi_run-5_target-5.87_2	1071	1089	0.465443942612614	0.03485942775149378	FOXA2_HUMAN.H11MO.0.A
ISL1_chr5:51392398-51392614_Ledidi_run-5_target-5.87_3	1012	1030	0.4691958246204574	0.04695064795138151	FOXA2_HUMAN.H11MO.0.A
ISL1_chr5:51392398-51392614_Ledidi_run-5_target-5.87_3	1072	1089	0.40688392053133016	0.032762235265294926	FOXA2_HUMAN.H11MO.0.A
ISL1_chr5:51392398-51392614_Ledidi_run-5_target-5.87_4	1012	1031	0.5337946325958836	0.024169142632964005	FOXA2_HUMAN.H11MO.0.A
ISL1_chr5:51392398-51392614_Ledidi_run-5_target-5.87_4	1071	1089	0.4920704190882119	0.028499063326879095	FOXA2_HUMAN.H11MO.0.A
ISL1_chr5:51392398-51392614_Ledidi_run-5_target-5.87_5	1011	1031	0.5358129163194623	0.046752993653437686	FOXA2_HUMAN.H11MO.0.A
ISL1_chr5:51392398-51392614_Ledidi_run-5_target-5.87_5	1075	1089	0.32802729679121834	0.03707066464076151	FOXA2_HUMAN.H11MO.0.A
ISL1_chr5:51392398-51392614_Ledidi_run-5_target-5.87_6	1012	1030	0.4937935270702888	0.04157803279634765	FOXA2_HUMAN.H11MO.0.A
ISL1_chr5:51392398-51392614_Ledidi_run-5_target-5.87_6	1072	1086	0.32538111856546714	0.04221661594611272	FOXA2_HUMAN.H11MO.0.A
ISL1_chr5:51392398-51392614_Ledidi_run-5_target-5.87_7	1013	1030	0.3531738578789375	0.043829784824874395	FOXA2_HUMAN.H11MO.0.A
ISL1_chr5:51392398-51392614_Ledidi_run-5_target-5.87_7	1072	1087	0.35081173348495787	0.039329364511850456	FOXA2_HUMAN.H11MO.0.A
ISL1_chr5:51392398-51392614_Ledidi_run-5_target-5.87_8	1013	1031	0.4525433630698462	0.018185236051570915	FOXA2_HUMAN.H11MO.0.A
ISL1_chr5:51392398-51392614_Ledidi_run-5_target-5.87_8	1071	1086	0.426085867879314	0.03911348485364352	FOXA2_HUMAN.H11MO.0.A
ISL1_chr5:51392398-51392614_Ledidi_run-5_target-5.87_9	1012	1031	0.5110437269356001	0.04385357714891144	FOXA2_HUMAN.H11MO.0.A
ISL1_chr5:51392398-51392614_Ledidi_run-5_target-5.87_9	1071	1087	0.4375100942077297	0.04589631419228254	FOXA2_HUMAN.H11MO.0.A
ISL1_chr5:51392398-51392614_Ledidi_run-5_target-6.42_1	1011	1031	0.618180437815886	0.03406276995681486	FOXA2_HUMAN.H11MO.0.A
ISL1_chr5:51392398-51392614_Ledidi_run-5_target-6.42_1	1070	1090	0.6883162774168818	0.026562382168414056	FOXA2_HUMAN.H11MO.0.A
ISL1_chr5:51392398-51392614_Ledidi_run-5_target-6.42_10	1011	1031	0.6024649494405756	0.0498733870590643	FOXA2_HUMAN.H11MO.0.A
ISL1_chr5:51392398-51392614_Ledidi_run-5_target-6.42_10	1028	1043	0.3767034697151509	0.03822531123050392	NFYB_HUMAN.H11MO.0.A
ISL1_chr5:51392398-51392614_Ledidi_run-5_target-6.42_10	1071	1089	0.5603924404887957	0.03328329107543213	FOXA2_HUMAN.H11MO.0.A
ISL1_chr5:51392398-51392614_Ledidi_run-5_target-6.42_2	1011	1031	0.6384118311019871	0.03009516326587541	FOXA2_HUMAN.H11MO.0.A
ISL1_chr5:51392398-51392614_Ledidi_run-5_target-6.42_2	1070	1090	0.6155697265480511	0.03432639554286543	FOXA2_HUMAN.H11MO.0.A
ISL1_chr5:51392398-51392614_Ledidi_run-5_target-6.42_3	1011	1032	0.6792158339713168	0.04286440117339201	FOXA2_HUMAN.H11MO.0.A
ISL1_chr5:51392398-51392614_Ledidi_run-5_target-6.42_3	1071	1091	0.6019514166520197	0.013383563189678808	FOXA2_HUMAN.H11MO.0.A
ISL1_chr5:51392398-51392614_Ledidi_run-5_target-6.42_4	1011	1031	0.6639744754618555	0.04352150009819771	FOXA2_HUMAN.H11MO.0.A
ISL1_chr5:51392398-51392614_Ledidi_run-5_target-6.42_4	1071	1089	0.5681848419496403	0.01933645676324567	FOXA2_HUMAN.H11MO.0.A
ISL1_chr5:51392398-51392614_Ledidi_run-5_target-6.42_5	1011	1032	0.6872221360158646	0.022198570170202873	FOXA2_HUMAN.H11MO.0.A
ISL1_chr5:51392398-51392614_Ledidi_run-5_target-6.42_5	1071	1090	0.5882673781923533	0.014183944016136011	FOXA2_HUMAN.H11MO.0.A
ISL1_chr5:51392398-51392614_Ledidi_run-5_target-6.42_6	1011	1032	0.6547328010646837	0.0431917794291362	FOXA2_HUMAN.H11MO.0.A
ISL1_chr5:51392398-51392614_Ledidi_run-5_target-6.42_6	1071	1090	0.589104110764415	0.017837738624264014	FOXA2_HUMAN.H11MO.0.A
ISL1_chr5:51392398-51392614_Ledidi_run-5_target-6.42_7	1013	1032	0.6119544782433501	0.018275832888547196	FOXA2_HUMAN.H11MO.0.A
ISL1_chr5:51392398-51392614_Ledidi_run-5_target-6.42_7	1025	1040	0.4138834783717328	0.03540025979293725	NFYB_HUMAN.H11MO.0.A
ISL1_chr5:51392398-51392614_Ledidi_run-5_target-6.42_7	1071	1090	0.588729786030435	0.024553670844057802	FOXA2_HUMAN.H11MO.0.A
ISL1_chr5:51392398-51392614_Ledidi_run-5_target-6.42_8	1011	1031	0.5573227182891374	0.040328026075753344	FOXA2_HUMAN.H11MO.0.A
ISL1_chr5:51392398-51392614_Ledidi_run-5_target-6.42_8	1071	1087	0.4732307786383252	0.025539804036945758	FOXA2_HUMAN.H11MO.0.A
ISL1_chr5:51392398-51392614_Ledidi_run-5_target-6.42_9	1013	1032	0.6019428395873854	0.009968787029940277	FOXA2_HUMAN.H11MO.0.A
ISL1_chr5:51392398-51392614_Ledidi_run-5_target-6.42_9	1070	1090	0.7300084484619276	0.012624659359276865	FOXA2_HUMAN.H11MO.0.A
ISL1_chr5:51392398-51392614_Ledidi_run-5_target-7.64_1	995	1009	0.45981231863768024	0.04730707420613627	JUN+JUNB_MA1133.1
ISL1_chr5:51392398-51392614_Ledidi_run-5_target-7.64_1	1001	1015	0.4539432923727388	0.049127257957482524	ETV6_MOUSE.H11MO.0.C
ISL1_chr5:51392398-51392614_Ledidi_run-5_target-7.64_1	1010	1033	1.1969377721544754	0.019808011404068904	FOXA2_HUMAN.H11MO.0.A
ISL1_chr5:51392398-51392614_Ledidi_run-5_target-7.64_1	1023	1042	0.8487250170411544	0.03459194355839432	MEOX2_MA0706.1
ISL1_chr5:51392398-51392614_Ledidi_run-5_target-7.64_1	1071	1089	0.5156431258107199	0.027622706940374598	FOXA2_HUMAN.H11MO.0.A
ISL1_chr5:51392398-51392614_Ledidi_run-5_target-7.64_10	994	1010	0.5702174196503086	0.02940119156421724	ETV6_MOUSE.H11MO.0.C
ISL1_chr5:51392398-51392614_Ledidi_run-5_target-7.64_10	1010	1033	1.1117815468972756	0.03707066464076151	FOXA2_HUMAN.H11MO.0.A
ISL1_chr5:51392398-51392614_Ledidi_run-5_target-7.64_10	1023	1046	1.1274989175347085	0.04286440117339201	MEOX2_MA0706.1
ISL1_chr5:51392398-51392614_Ledidi_run-5_target-7.64_10	1071	1089	0.5269426931395933	0.02304859342677061	FOXA2_HUMAN.H11MO.0.A
ISL1_chr5:51392398-51392614_Ledidi_run-5_target-7.64_2	986	1002	0.44308359221532206	0.0390380804434048	FOXD2_forkhead_1
ISL1_chr5:51392398-51392614_Ledidi_run-5_target-7.64_2	994	1011	0.6072096401996075	0.04452485662729606	ETV6_MOUSE.H11MO.0.C
ISL1_chr5:51392398-51392614_Ledidi_run-5_target-7.64_2	1010	1045	1.769109585928977	0.04286440117339201	MEOX2_MA0706.1
ISL1_chr5:51392398-51392614_Ledidi_run-5_target-7.64_2	1070	1090	0.6291320593524854	0.03459194355839432	FOXA2_HUMAN.H11MO.0.A
ISL1_chr5:51392398-51392614_Ledidi_run-5_target-7.64_3	993	1009	0.66169074943404	0.03567363531992702	JUN+JUNB_MA1133.1
ISL1_chr5:51392398-51392614_Ledidi_run-5_target-7.64_3	999	1016	0.6697108674019929	0.023416678294447074	ETV6_MOUSE.H11MO.0.C
ISL1_chr5:51392398-51392614_Ledidi_run-5_target-7.64_3	1010	1033	1.2895724072437205	0.03056627161134241	FOXA2_HUMAN.H11MO.0.A
ISL1_chr5:51392398-51392614_Ledidi_run-5_target-7.64_3	1023	1043	0.9521520162897135	0.03851923235268358	MEOX2_MA0706.1
ISL1_chr5:51392398-51392614_Ledidi_run-5_target-7.64_3	1070	1090	0.6278000845713487	0.04949901644459642	FOXA2_HUMAN.H11MO.0.A
ISL1_chr5:51392398-51392614_Ledidi_run-5_target-7.64_4	1011	1032	0.807711265896855	0.020453172647154634	FOXA2_HUMAN.H11MO.0.A
ISL1_chr5:51392398-51392614_Ledidi_run-5_target-7.64_4	1031	1045	0.3845304575251616	0.037643808588512954	NFYB_HUMAN.H11MO.0.A
ISL1_chr5:51392398-51392614_Ledidi_run-5_target-7.64_5	994	1009	0.5647973283100027	0.04730707420613627	JUN+JUNB_MA1133.1
ISL1_chr5:51392398-51392614_Ledidi_run-5_target-7.64_5	999	1016	0.6413598181707436	0.021117601510266027	ETV6_MOUSE.H11MO.0.C
ISL1_chr5:51392398-51392614_Ledidi_run-5_target-7.64_5	1010	1033	1.2321763951994436	0.019649667726908415	FOXA2_HUMAN.H11MO.0.A
ISL1_chr5:51392398-51392614_Ledidi_run-5_target-7.64_5	1023	1045	1.0468240027149363	0.029760043546961653	MEOX2_MA0706.1
ISL1_chr5:51392398-51392614_Ledidi_run-5_target-7.64_5	1074	1089	0.3660027834250994	0.024553670844057802	FOXA2_HUMAN.H11MO.0.A
ISL1_chr5:51392398-51392614_Ledidi_run-5_target-7.64_6	994	1008	0.5031231357987288	0.04063716777415878	JUN+JUNB_MA1133.1
ISL1_chr5:51392398-51392614_Ledidi_run-5_target-7.64_6	999	1015	0.5172013908172429	0.030329862935364073	ETV6_MOUSE.H11MO.0.C
ISL1_chr5:51392398-51392614_Ledidi_run-5_target-7.64_6	1009	1033	1.277117785643897	0.040948540118391635	FOXA2_HUMAN.H11MO.0.A
ISL1_chr5:51392398-51392614_Ledidi_run-5_target-7.64_6	1023	1045	1.087153682366016	0.018875204103307865	MEOX2_MA0706.1
ISL1_chr5:51392398-51392614_Ledidi_run-5_target-7.64_6	1071	1089	0.5577340922465814	0.02061745222617939	FOXA2_HUMAN.H11MO.0.A
ISL1_chr5:51392398-51392614_Ledidi_run-5_target-7.64_7	986	1000	0.309083730309188	0.04624528289440415	FOXD2_forkhead_1
ISL1_chr5:51392398-51392614_Ledidi_run-5_target-7.64_7	999	1016	0.6029258665088043	0.03459194355839432	ETV6_MOUSE.H11MO.0.C
ISL1_chr5:51392398-51392614_Ledidi_run-5_target-7.64_7	1010	1033	1.1461938238980358	0.03851923235268358	FOXA2_HUMAN.H11MO.0.A
ISL1_chr5:51392398-51392614_Ledidi_run-5_target-7.64_7	1024	1045	0.8572251835689844	0.039716378487932046	MEOX2_MA0706.1
ISL1_chr5:51392398-51392614_Ledidi_run-5_target-7.64_7	1071	1089	0.5413359361947561	0.019808011404068904	FOXA2_HUMAN.H11MO.0.A
ISL1_chr5:51392398-51392614_Ledidi_run-5_target-7.64_8	994	1009	0.4927081989010167	0.04221661594611272	JUN+JUNB_MA1133.1
ISL1_chr5:51392398-51392614_Ledidi_run-5_target-7.64_8	1000	1014	0.43440166272144143	0.04452485662729606	ETV6_MOUSE.H11MO.0.C
ISL1_chr5:51392398-51392614_Ledidi_run-5_target-7.64_8	1010	1033	1.2658717634547285	0.01591637661675091	FOXA2_HUMAN.H11MO.0.A
ISL1_chr5:51392398-51392614_Ledidi_run-5_target-7.64_8	1023	1046	1.1510589760529684	0.02436070752121386	MEOX2_MA0706.1
ISL1_chr5:51392398-51392614_Ledidi_run-5_target-7.64_8	1070	1090	0.7028172588208306	0.01769384179489903	FOXA2_HUMAN.H11MO.0.A
ISL1_chr5:51392398-51392614_Ledidi_run-5_target-7.64_9	999	1016	0.592722782125331	0.016852326364993054	ETV6_MOUSE.H11MO.0.C
ISL1_chr5:51392398-51392614_Ledidi_run-5_target-7.64_9	1010	1033	1.2201018137645128	0.019492485683982996	FOXA2_HUMAN.H11MO.0.A
ISL1_chr5:51392398-51392614_Ledidi_run-5_target-7.64_9	1023	1045	1.0151443089989145	0.01644528931493413	MEOX2_MA0706.1
ISL1_chr5:51392398-51392614_Ledidi_run-5_target-7.64_9	1071	1090	0.565469649844788	0.03512886189237361	FOXA2_HUMAN.H11MO.0.A
ISL1_chr5:51392398-51392614_Ledidi_run-6_target-10.88_1	997	1016	0.5286422166909549	0.028499063326879095	FOXA2_HUMAN.H11MO.0.A
ISL1_chr5:51392398-51392614_Ledidi_run-6_target-10.88_1	1011	1032	0.9202953333952636	0.045205730885551756	FOXA2_HUMAN.H11MO.0.A
ISL1_chr5:51392398-51392614_Ledidi_run-6_target-10.88_1	1024	1045	0.7037524978028822	0.03793350801322296	MEOX2_MA0706.1
ISL1_chr5:51392398-51392614_Ledidi_run-6_target-10.88_1	1058	1079	1.4621690746758627	0.012944937962181048	NDF2_MOUSE.H11MO.0.A
ISL1_chr5:51392398-51392614_Ledidi_run-6_target-10.88_1	1069	1097	2.1256441392932106	0.011707052189679684	FOXA2_HUMAN.H11MO.0.A
ISL1_chr5:51392398-51392614_Ledidi_run-6_target-10.88_1	1097	1123	1.6035639967362796	0.04766601648500149	RFX6_MOUSE.H11MO.0.C
ISL1_chr5:51392398-51392614_Ledidi_run-6_target-10.88_1	1114	1128	0.4940028405320218	0.040948540118391635	JUN+JUNB_MA1133.1
ISL1_chr5:51392398-51392614_Ledidi_run-6_target-10.88_1	1131	1150	0.5690503325779233	0.04839151109639871	ETV6_MOUSE.H11MO.0.C
ISL1_chr5:51392398-51392614_Ledidi_run-6_target-10.88_10	1011	1031	0.7109867324390619	0.03567363531992702	FOXA2_HUMAN.H11MO.0.A
ISL1_chr5:51392398-51392614_Ledidi_run-6_target-10.88_10	1028	1043	0.431237331090777	0.041896181077629685	NFYB_HUMAN.H11MO.0.A
ISL1_chr5:51392398-51392614_Ledidi_run-6_target-10.88_10	1053	1067	0.40701800250717346	0.03678719194327901	SP2_HUMAN.H11MO.0.A
ISL1_chr5:51392398-51392614_Ledidi_run-6_target-10.88_10	1058	1079	1.517082352356629	0.009231760790509119	NDF2_MOUSE.H11MO.0.A
ISL1_chr5:51392398-51392614_Ledidi_run-6_target-10.88_10	1069	1092	1.9368277640954616	0.0020784968292550535	FOXA2_HUMAN.H11MO.0.A
ISL1_chr5:51392398-51392614_Ledidi_run-6_target-10.88_10	1082	1097	0.6607165551445431	0.04575919742798208	RFX6_MOUSE.H11MO.0.C
ISL1_chr5:51392398-51392614_Ledidi_run-6_target-10.88_10	1094	1108	0.49210583117254014	0.04624528289440415	FOXA2_HUMAN.H11MO.0.A
ISL1_chr5:51392398-51392614_Ledidi_run-6_target-10.88_10	1098	1123	1.7397072843486452	0.005616071550537298	RFX6_MOUSE.H11MO.0.C
ISL1_chr5:51392398-51392614_Ledidi_run-6_target-10.88_10	1128	1150	0.7206376519570767	0.03876256734186707	ETV6_MOUSE.H11MO.0.C
ISL1_chr5:51392398-51392614_Ledidi_run-6_target-10.88_2	1011	1031	0.6751674470957474	0.04157803279634765	FOXA2_HUMAN.H11MO.0.A
ISL1_chr5:51392398-51392614_Ledidi_run-6_target-10.88_2	1024	1040	0.5835894534570156	0.04589631419228254	ETV6_MOUSE.H11MO.0.C
ISL1_chr5:51392398-51392614_Ledidi_run-6_target-10.88_2	1030	1045	0.499114469265027	0.03432639554286543	NFYB_HUMAN.H11MO.0.A
ISL1_chr5:51392398-51392614_Ledidi_run-6_target-10.88_2	1053	1067	0.46957073894767687	0.04352150009819771	SP2_HUMAN.H11MO.0.A
ISL1_chr5:51392398-51392614_Ledidi_run-6_target-10.88_2	1058	1079	1.538785268461357	0.0013727426630138048	NDF2_MOUSE.H11MO.0.A
ISL1_chr5:51392398-51392614_Ledidi_run-6_target-10.88_2	1069	1099	2.023797511403014	0.012624659359276865	FOXA2_HUMAN.H11MO.0.A
ISL1_chr5:51392398-51392614_Ledidi_run-6_target-10.88_2	1097	1123	1.78983392740379	0.03128588042916564	RFX6_MOUSE.H11MO.0.C
ISL1_chr5:51392398-51392614_Ledidi_run-6_target-10.88_2	1113	1128	0.6130404309110986	0.03177440233200031	HNF4G_MA0484.1
ISL1_chr5:51392398-51392614_Ledidi_run-6_target-10.88_2	1131	1150	0.6514976575564315	0.03540025979293725	ETV6_MOUSE.H11MO.0.C
ISL1_chr5:51392398-51392614_Ledidi_run-6_target-10.88_3	995	1018	0.8421779363536384	0.048758094963275454	FOXA2_HUMAN.H11MO.0.A
ISL1_chr5:51392398-51392614_Ledidi_run-6_target-10.88_3	1011	1033	1.172671190924106	0.017837738624264014	FOXA2_HUMAN.H11MO.0.A
ISL1_chr5:51392398-51392614_Ledidi_run-6_target-10.88_3	1024	1043	0.7352332161238064	0.03432639554286543	MEOX2_MA0706.1
ISL1_chr5:51392398-51392614_Ledidi_run-6_target-10.88_3	1058	1079	1.429625687137194	0.0007294204729301245	NDF2_MOUSE.H11MO.0.A
ISL1_chr5:51392398-51392614_Ledidi_run-6_target-10.88_3	1069	1097	1.8963870601477026	0.013950928018901005	FOXA2_HUMAN.H11MO.0.A
ISL1_chr5:51392398-51392614_Ledidi_run-6_target-10.88_3	1098	1123	1.0191554566442118	0.021457211786353493	ZNF76_HUMAN.H11MO.0.C
ISL1_chr5:51392398-51392614_Ledidi_run-6_target-10.88_3	1133	1149	0.3627081898724924	0.044784914079166925	ETV6_MOUSE.H11MO.0.C
ISL1_chr5:51392398-51392614_Ledidi_run-6_target-10.88_4	995	1016	0.7360523761048896	0.03793350801322296	FOXA2_HUMAN.H11MO.0.A
ISL1_chr5:51392398-51392614_Ledidi_run-6_target-10.88_4	1010	1032	1.0627706775610446	0.040328026075753344	FOXA2_HUMAN.H11MO.0.A
ISL1_chr5:51392398-51392614_Ledidi_run-6_target-10.88_4	1023	1045	0.8850336855257805	0.03851923235268358	MEOX2_MA0706.1
ISL1_chr5:51392398-51392614_Ledidi_run-6_target-10.88_4	1043	1057	0.3247858633963161	0.02872214971742666	ARNTL_bHLH_1
ISL1_chr5:51392398-51392614_Ledidi_run-6_target-10.88_4	1053	1067	0.4159273202661429	0.04157803279634765	SP2_HUMAN.H11MO.0.A
ISL1_chr5:51392398-51392614_Ledidi_run-6_target-10.88_4	1058	1081	1.6823501874406341	0.006583360706463241	NDF2_MOUSE.H11MO.0.A
ISL1_chr5:51392398-51392614_Ledidi_run-6_target-10.88_4	1071	1092	1.6176020068099706	1.8599477005871105e-06	FOXA2_HUMAN.H11MO.0.A
ISL1_chr5:51392398-51392614_Ledidi_run-6_target-10.88_4	1082	1097	0.6943114941217532	0.021044739073579583	RFX6_MOUSE.H11MO.0.C
ISL1_chr5:51392398-51392614_Ledidi_run-6_target-10.88_4	1098	1123	1.570094980668416	0.008327306644069232	RFX6_MOUSE.H11MO.0.C
ISL1_chr5:51392398-51392614_Ledidi_run-6_target-10.88_4	1114	1128	0.4668158878495632	0.03406276995681486	JUN+JUNB_MA1133.1
ISL1_chr5:51392398-51392614_Ledidi_run-6_target-10.88_4	1133	1149	0.37730054886024256	0.046752993653437686	ETV6_MOUSE.H11MO.0.C
ISL1_chr5:51392398-51392614_Ledidi_run-6_target-10.88_5	996	1016	0.733993488642295	0.03128588042916564	FOXA2_HUMAN.H11MO.0.A
ISL1_chr5:51392398-51392614_Ledidi_run-6_target-10.88_5	1011	1032	0.8854511464800132	0.018424025822484025	FOXA2_HUMAN.H11MO.0.A
ISL1_chr5:51392398-51392614_Ledidi_run-6_target-10.88_5	1053	1067	0.5058546921380866	0.01769384179489903	SP2_HUMAN.H11MO.0.A
ISL1_chr5:51392398-51392614_Ledidi_run-6_target-10.88_5	1058	1079	1.4541343041647417	0.001021504462593179	NDF2_MOUSE.H11MO.0.A
ISL1_chr5:51392398-51392614_Ledidi_run-6_target-10.88_5	1069	1097	1.8285707821295647	0.026562382168414056	FOXA2_HUMAN.H11MO.0.A
ISL1_chr5:51392398-51392614_Ledidi_run-6_target-10.88_5	1098	1122	1.0706840153650452	0.02304859342677061	ZNF76_HUMAN.H11MO.0.C
ISL1_chr5:51392398-51392614_Ledidi_run-6_target-10.88_5	1129	1150	0.5918300131415926	0.02286655598660098	ETV6_MOUSE.H11MO.0.C
ISL1_chr5:51392398-51392614_Ledidi_run-6_target-10.88_6	997	1016	0.5295171492376878	0.019492485683982996	FOXA2_HUMAN.H11MO.0.A
ISL1_chr5:51392398-51392614_Ledidi_run-6_target-10.88_6	1011	1032	0.93919919723787	0.009311087800832092	FOXA2_HUMAN.H11MO.0.A
ISL1_chr5:51392398-51392614_Ledidi_run-6_target-10.88_6	1024	1046	0.8747984834719895	0.04286440117339201	MEOX2_MA0706.1
ISL1_chr5:51392398-51392614_Ledidi_run-6_target-10.88_6	1053	1067	0.49759813400850206	0.03650576667085745	SP2_HUMAN.H11MO.0.A
ISL1_chr5:51392398-51392614_Ledidi_run-6_target-10.88_6	1058	1079	1.5671249992575	0.0003276989076248833	NDF2_MOUSE.H11MO.0.A
ISL1_chr5:51392398-51392614_Ledidi_run-6_target-10.88_6	1069	1098	1.8619771147224875	0.02698190734312794	FOXA2_HUMAN.H11MO.0.A
ISL1_chr5:51392398-51392614_Ledidi_run-6_target-10.88_6	1098	1122	1.0280016346731218	0.010226322809106769	ZNF76_HUMAN.H11MO.0.C
ISL1_chr5:51392398-51392614_Ledidi_run-6_target-10.88_6	1131	1150	0.6114546049312555	0.048758094963275454	ETV6_MOUSE.H11MO.0.C
ISL1_chr5:51392398-51392614_Ledidi_run-6_target-10.88_7	1010	1032	0.8305059901236925	0.049127257957482524	FOXA2_HUMAN.H11MO.0.A
ISL1_chr5:51392398-51392614_Ledidi_run-6_target-10.88_7	1028	1043	0.4400376628550613	0.0448640872989144	NFYB_HUMAN.H11MO.0.A
ISL1_chr5:51392398-51392614_Ledidi_run-6_target-10.88_7	1053	1067	0.46353303139531743	0.04554980170166938	SP2_HUMAN.H11MO.0.A
ISL1_chr5:51392398-51392614_Ledidi_run-6_target-10.88_7	1058	1079	1.4635593649274776	0.003360316086181123	NDF2_MOUSE.H11MO.0.A
ISL1_chr5:51392398-51392614_Ledidi_run-6_target-10.88_7	1069	1096	1.8960556166559166	0.015402859906307144	FOXA2_HUMAN.H11MO.0.A
ISL1_chr5:51392398-51392614_Ledidi_run-6_target-10.88_7	1097	1123	1.6582751358211292	0.029862159864615646	RFX6_MOUSE.H11MO.0.C
ISL1_chr5:51392398-51392614_Ledidi_run-6_target-10.88_7	1114	1130	0.5368320586033386	0.04950131967956961	FOXD2_forkhead_1
ISL1_chr5:51392398-51392614_Ledidi_run-6_target-10.88_7	1132	1150	0.5445824582997236	0.015151753311056958	ETV6_MOUSE.H11MO.0.C
ISL1_chr5:51392398-51392614_Ledidi_run-6_target-10.88_8	996	1016	0.6381884973058332	0.0431917794291362	FOXA2_HUMAN.H11MO.0.A
ISL1_chr5:51392398-51392614_Ledidi_run-6_target-10.88_8	1009	1033	1.2318443629581606	0.03567363531992702	FOXA2_HUMAN.H11MO.0.A
ISL1_chr5:51392398-51392614_Ledidi_run-6_target-10.88_8	1023	1038	0.8401382247218834	0.025822880328996038	MEOX2_MA0706.1
ISL1_chr5:51392398-51392614_Ledidi_run-6_target-10.88_8	1028	1045	0.7600317144512343	0.009884285565796883	MEOX2_MA0706.1
ISL1_chr5:51392398-51392614_Ledidi_run-6_target-10.88_8	1036	1051	0.6491508497201719	0.03822531123050392	ARNTL_bHLH_1
ISL1_chr5:51392398-51392614_Ledidi_run-6_target-10.88_8	1042	1060	0.6735002805337968	0.03485942775149378	ARNTL_bHLH_1
ISL1_chr5:51392398-51392614_Ledidi_run-6_target-10.88_8	1052	1081	2.010227939232073	0.03406276995681486	NDF2_MOUSE.H11MO.0.A
ISL1_chr5:51392398-51392614_Ledidi_run-6_target-10.88_8	1071	1096	1.72996166816543	2.6533631169837625e-05	FOXA2_HUMAN.H11MO.0.A
ISL1_chr5:51392398-51392614_Ledidi_run-6_target-10.88_8	1098	1123	1.087311867245253	0.021628895742405483	ZNF76_HUMAN.H11MO.0.C
ISL1_chr5:51392398-51392614_Ledidi_run-6_target-10.88_8	1115	1130	0.26879230041245705	0.03406276995681486	FOXD2_forkhead_1
ISL1_chr5:51392398-51392614_Ledidi_run-6_target-10.88_8	1131	1150	0.5678085128776322	0.02940119156421724	ETV6_MOUSE.H11MO.0.C
ISL1_chr5:51392398-51392614_Ledidi_run-6_target-10.88_9	1011	1032	0.893691125409469	0.012005853811777855	FOXA2_HUMAN.H11MO.0.A
ISL1_chr5:51392398-51392614_Ledidi_run-6_target-10.88_9	1023	1046	0.8972048067417748	0.04695064795138151	MEOX2_MA0706.1
ISL1_chr5:51392398-51392614_Ledidi_run-6_target-10.88_9	1052	1081	2.0608817962025	0.045205730885551756	NDF2_MOUSE.H11MO.0.A
ISL1_chr5:51392398-51392614_Ledidi_run-6_target-10.88_9	1071	1097	1.9298213981916579	1.9030343392495973e-06	FOXA2_HUMAN.H11MO.0.A
ISL1_chr5:51392398-51392614_Ledidi_run-6_target-10.88_9	1098	1123	1.242515743412267	0.02474804221978688	ZNF76_HUMAN.H11MO.0.C
ISL1_chr5:51392398-51392614_Ledidi_run-6_target-10.88_9	1114	1130	0.49581557102506313	0.046752993653437686	FOXD2_forkhead_1
ISL1_chr5:51392398-51392614_Ledidi_run-6_target-10.88_9	1132	1150	0.5529388324084064	0.021976064048050057	ETV6_MOUSE.H11MO.0.C
ISL1_chr5:51392398-51392614_Ledidi_run-6_target-5.87_1	1011	1025	0.4866596876039534	0.0498733870590643	FOXA2_HUMAN.H11MO.0.A
ISL1_chr5:51392398-51392614_Ledidi_run-6_target-5.87_1	1015	1032	0.4399373559062772	0.022370952942964574	FOXA2_HUMAN.H11MO.0.A
ISL1_chr5:51392398-51392614_Ledidi_run-6_target-5.87_1	1071	1089	0.4569867386207662	0.03851923235268358	FOXA2_HUMAN.H11MO.0.A
ISL1_chr5:51392398-51392614_Ledidi_run-6_target-5.87_10	999	1014	0.3114635842071073	0.048758094963275454	FOXA2_HUMAN.H11MO.0.A
ISL1_chr5:51392398-51392614_Ledidi_run-6_target-5.87_10	1011	1031	0.5805088703841761	0.040948540118391635	FOXA2_HUMAN.H11MO.0.A
ISL1_chr5:51392398-51392614_Ledidi_run-6_target-5.87_10	1071	1087	0.4188947235409666	0.029173201786239084	FOXA2_HUMAN.H11MO.0.A
ISL1_chr5:51392398-51392614_Ledidi_run-6_target-5.87_2	997	1015	0.4256070553550666	0.04554980170166938	FOXA2_HUMAN.H11MO.0.A
ISL1_chr5:51392398-51392614_Ledidi_run-6_target-5.87_2	1011	1031	0.5850428803598822	0.03485942775149378	FOXA2_HUMAN.H11MO.0.A
ISL1_chr5:51392398-51392614_Ledidi_run-6_target-5.87_2	1071	1089	0.4576333219137121	0.022685843285046595	FOXA2_HUMAN.H11MO.0.A
ISL1_chr5:51392398-51392614_Ledidi_run-6_target-5.87_3	1000	1014	0.38799188580787014	0.029173201786239084	FOXA2_HUMAN.H11MO.0.A
ISL1_chr5:51392398-51392614_Ledidi_run-6_target-5.87_3	1012	1031	0.589083412409667	0.040328026075753344	FOXA2_HUMAN.H11MO.0.A
ISL1_chr5:51392398-51392614_Ledidi_run-6_target-5.87_3	1072	1089	0.40538673287060467	0.03707066464076151	FOXA2_HUMAN.H11MO.0.A
ISL1_chr5:51392398-51392614_Ledidi_run-6_target-5.87_4	1013	1031	0.4517466483812784	0.01804514407909901	FOXA2_HUMAN.H11MO.0.A
ISL1_chr5:51392398-51392614_Ledidi_run-6_target-5.87_4	1072	1087	0.4081760680709221	0.04730707420613627	FOXA2_HUMAN.H11MO.0.A
ISL1_chr5:51392398-51392614_Ledidi_run-6_target-5.87_5	997	1014	0.3619262987144535	0.03380105311733138	FOXA2_HUMAN.H11MO.0.A
ISL1_chr5:51392398-51392614_Ledidi_run-6_target-5.87_5	1012	1032	0.5988100139939981	0.03650576667085745	FOXA2_HUMAN.H11MO.0.A
ISL1_chr5:51392398-51392614_Ledidi_run-6_target-5.87_5	1071	1090	0.5775845054449713	0.014301773721714803	FOXA2_HUMAN.H11MO.0.A
ISL1_chr5:51392398-51392614_Ledidi_run-6_target-5.87_6	1012	1030	0.5095070751662161	0.026148895682375883	FOXA2_HUMAN.H11MO.0.A
ISL1_chr5:51392398-51392614_Ledidi_run-6_target-5.87_7	997	1016	0.4855909454950418	0.03459194355839432	FOXA2_HUMAN.H11MO.0.A
ISL1_chr5:51392398-51392614_Ledidi_run-6_target-5.87_7	1011	1032	0.5991338494084513	0.039716378487932046	FOXA2_HUMAN.H11MO.0.A
ISL1_chr5:51392398-51392614_Ledidi_run-6_target-5.87_7	1071	1087	0.46827347426548926	0.024169142632964005	FOXA2_HUMAN.H11MO.0.A
ISL1_chr5:51392398-51392614_Ledidi_run-6_target-5.87_8	997	1014	0.35059667774037107	0.04107583660088764	FOXA2_HUMAN.H11MO.0.A
ISL1_chr5:51392398-51392614_Ledidi_run-6_target-5.87_8	1012	1032	0.6119840090763101	0.03252062335264242	FOXA2_HUMAN.H11MO.0.A
ISL1_chr5:51392398-51392614_Ledidi_run-6_target-5.87_8	1071	1087	0.46564747251391814	0.022427980325434683	FOXA2_HUMAN.H11MO.0.A
ISL1_chr5:51392398-51392614_Ledidi_run-6_target-5.87_9	999	1015	0.3855587355540857	0.03252062335264242	FOXA2_HUMAN.H11MO.0.A
ISL1_chr5:51392398-51392614_Ledidi_run-6_target-5.87_9	1013	1031	0.49829487927035054	0.013835731196489563	FOXA2_HUMAN.H11MO.0.A
ISL1_chr5:51392398-51392614_Ledidi_run-6_target-5.87_9	1071	1089	0.47907639791407197	0.0373561988327741	FOXA2_HUMAN.H11MO.0.A
ISL1_chr5:51392398-51392614_Ledidi_run-6_target-6.42_1	1011	1032	0.8030845870565009	0.01996752521216228	FOXA2_HUMAN.H11MO.0.A
ISL1_chr5:51392398-51392614_Ledidi_run-6_target-6.42_1	1028	1042	0.4398395740679084	0.041262157128128175	NFYB_HUMAN.H11MO.0.A
ISL1_chr5:51392398-51392614_Ledidi_run-6_target-6.42_1	1053	1067	0.24034944054473084	0.04659672254190507	SP2_HUMAN.H11MO.0.A
ISL1_chr5:51392398-51392614_Ledidi_run-6_target-6.42_1	1072	1089	0.4255713485540462	0.033027218663415445	FOXA2_HUMAN.H11MO.0.A
ISL1_chr5:51392398-51392614_Ledidi_run-6_target-6.42_10	1011	1032	0.8251720502901159	0.02940119156421724	FOXA2_HUMAN.H11MO.0.A
ISL1_chr5:51392398-51392614_Ledidi_run-6_target-6.42_10	1071	1090	0.5082852598824326	0.0448640872989144	FOXA2_HUMAN.H11MO.0.A
ISL1_chr5:51392398-51392614_Ledidi_run-6_target-6.42_2	1011	1032	0.8925552322492141	0.019492485683982996	FOXA2_HUMAN.H11MO.0.A
ISL1_chr5:51392398-51392614_Ledidi_run-6_target-6.42_2	1022	1040	0.7269222701573992	0.04452485662729606	ETV6_MOUSE.H11MO.0.C
ISL1_chr5:51392398-51392614_Ledidi_run-6_target-6.42_2	1071	1089	0.5169101053740999	0.02677138457031075	FOXA2_HUMAN.H11MO.0.A
ISL1_chr5:51392398-51392614_Ledidi_run-6_target-6.42_3	1011	1032	0.8635512984181449	0.025741363357414056	FOXA2_HUMAN.H11MO.0.A
ISL1_chr5:51392398-51392614_Ledidi_run-6_target-6.42_3	1024	1045	0.6996847734686429	0.04695064795138151	ETV6_MOUSE.H11MO.0.C
ISL1_chr5:51392398-51392614_Ledidi_run-6_target-6.42_3	1071	1090	0.5305703880070696	0.030655828011284136	FOXA2_HUMAN.H11MO.0.A
ISL1_chr5:51392398-51392614_Ledidi_run-6_target-6.42_4	1011	1032	0.8222335556603786	0.016990013813824208	FOXA2_HUMAN.H11MO.0.A
ISL1_chr5:51392398-51392614_Ledidi_run-6_target-6.42_4	1072	1089	0.40085561592298036	0.03707066464076151	FOXA2_HUMAN.H11MO.0.A
ISL1_chr5:51392398-51392614_Ledidi_run-6_target-6.42_5	985	1000	0.35497212476280116	0.04839151109639871	ETV6_MOUSE.H11MO.0.C
ISL1_chr5:51392398-51392614_Ledidi_run-6_target-6.42_5	1011	1032	0.7506029775384342	0.018573313143212488	FOXA2_HUMAN.H11MO.0.A
ISL1_chr5:51392398-51392614_Ledidi_run-6_target-6.42_5	1072	1089	0.44466731902745416	0.04002110100333834	FOXA2_HUMAN.H11MO.0.A
ISL1_chr5:51392398-51392614_Ledidi_run-6_target-6.42_6	1000	1016	0.430025630216235	0.040948540118391635	ETV6_MOUSE.H11MO.0.C
ISL1_chr5:51392398-51392614_Ledidi_run-6_target-6.42_6	1011	1032	0.9310582243480615	0.013383563189678808	FOXA2_HUMAN.H11MO.0.A
ISL1_chr5:51392398-51392614_Ledidi_run-6_target-6.42_6	1025	1042	0.5893464349915096	0.040948540118391635	ETV6_MOUSE.H11MO.0.C
ISL1_chr5:51392398-51392614_Ledidi_run-6_target-6.42_6	1071	1089	0.4703629051031286	0.03851923235268358	FOXA2_HUMAN.H11MO.0.A
ISL1_chr5:51392398-51392614_Ledidi_run-6_target-6.42_7	1011	1032	0.8293230516530488	0.013162578273640443	FOXA2_HUMAN.H11MO.0.A
ISL1_chr5:51392398-51392614_Ledidi_run-6_target-6.42_7	1025	1040	0.4578809333366147	0.04107583660088764	ETV6_MOUSE.H11MO.0.C
ISL1_chr5:51392398-51392614_Ledidi_run-6_target-6.42_7	1071	1089	0.47489487060262525	0.048758094963275454	FOXA2_HUMAN.H11MO.0.A
ISL1_chr5:51392398-51392614_Ledidi_run-6_target-6.42_8	1011	1032	0.7231746686852563	0.041896181077629685	FOXA2_HUMAN.H11MO.0.A
ISL1_chr5:51392398-51392614_Ledidi_run-6_target-6.42_8	1072	1089	0.4223228015178251	0.028057710553803093	FOXA2_HUMAN.H11MO.0.A
ISL1_chr5:51392398-51392614_Ledidi_run-6_target-6.42_9	1010	1032	0.8759926493849193	0.048758094963275454	FOXA2_HUMAN.H11MO.0.A
ISL1_chr5:51392398-51392614_Ledidi_run-6_target-6.42_9	1072	1089	0.4644940272587308	0.030429599909947893	FOXA2_HUMAN.H11MO.0.A
ISL1_chr5:51392398-51392614_Ledidi_run-6_target-7.64_1	986	1000	0.34367306546078924	0.041262157128128175	FOXD2_forkhead_1
ISL1_chr5:51392398-51392614_Ledidi_run-6_target-7.64_1	1011	1032	0.7504488184093738	0.03707066464076151	FOXA2_HUMAN.H11MO.0.A
ISL1_chr5:51392398-51392614_Ledidi_run-6_target-7.64_1	1028	1045	0.5333333743930753	0.02872214971742666	NFYB_HUMAN.H11MO.0.A
ISL1_chr5:51392398-51392614_Ledidi_run-6_target-7.64_1	1071	1090	0.6278680052659968	0.01769384179489903	FOXA2_HUMAN.H11MO.0.A
ISL1_chr5:51392398-51392614_Ledidi_run-6_target-7.64_10	1011	1032	0.7783991698797894	0.03380105311733138	FOXA2_HUMAN.H11MO.0.A
ISL1_chr5:51392398-51392614_Ledidi_run-6_target-7.64_10	1025	1042	0.4657686236061107	0.03851923235268358	NFYB_HUMAN.H11MO.0.A
ISL1_chr5:51392398-51392614_Ledidi_run-6_target-7.64_10	1071	1087	0.45881206126782415	0.02635488941340899	FOXA2_HUMAN.H11MO.0.A
ISL1_chr5:51392398-51392614_Ledidi_run-6_target-7.64_2	986	1001	0.38627386973167926	0.048109042231787795	FOXD2_forkhead_1
ISL1_chr5:51392398-51392614_Ledidi_run-6_target-7.64_2	994	1008	0.4712771453865212	0.03650576667085745	JUN+JUNB_MA1133.1
ISL1_chr5:51392398-51392614_Ledidi_run-6_target-7.64_2	1000	1014	0.46631525242526006	0.04253935132010999	ETV6_MOUSE.H11MO.0.C
ISL1_chr5:51392398-51392614_Ledidi_run-6_target-7.64_2	1010	1033	1.1924102060330817	0.028277587506706697	FOXA2_HUMAN.H11MO.0.A
ISL1_chr5:51392398-51392614_Ledidi_run-6_target-7.64_2	1023	1040	0.8214548412637144	0.03683740997842484	ETV6_MOUSE.H11MO.0.C
ISL1_chr5:51392398-51392614_Ledidi_run-6_target-7.64_2	1031	1045	0.4484398656174773	0.04286440117339201	NFYB_HUMAN.H11MO.0.A
ISL1_chr5:51392398-51392614_Ledidi_run-6_target-7.64_2	1071	1090	0.5957260052040194	0.017837738624264014	FOXA2_HUMAN.H11MO.0.A
ISL1_chr5:51392398-51392614_Ledidi_run-6_target-7.64_3	1011	1032	0.8991555356523914	0.028277587506706697	FOXA2_HUMAN.H11MO.0.A
ISL1_chr5:51392398-51392614_Ledidi_run-6_target-7.64_3	1026	1040	0.4091183426188014	0.03941384448049547	NFYB_HUMAN.H11MO.0.A
ISL1_chr5:51392398-51392614_Ledidi_run-6_target-7.64_3	1070	1092	1.005443567055765	0.009471636751927517	FOXA2_HUMAN.H11MO.0.A
ISL1_chr5:51392398-51392614_Ledidi_run-6_target-7.64_4	985	1001	0.3763180676887077	0.03056627161134241	ETV6_MOUSE.H11MO.0.C
ISL1_chr5:51392398-51392614_Ledidi_run-6_target-7.64_4	1011	1032	0.8169123922146435	0.01604714572790736	FOXA2_HUMAN.H11MO.0.A
ISL1_chr5:51392398-51392614_Ledidi_run-6_target-7.64_4	1071	1090	0.57880521659995	0.018424025822484025	FOXA2_HUMAN.H11MO.0.A
ISL1_chr5:51392398-51392614_Ledidi_run-6_target-7.64_5	985	1001	0.45567799285567134	0.0498733870590643	ETV6_MOUSE.H11MO.0.C
ISL1_chr5:51392398-51392614_Ledidi_run-6_target-7.64_5	994	1008	0.5097835905635733	0.04253935132010999	JUN+JUNB_MA1133.1
ISL1_chr5:51392398-51392614_Ledidi_run-6_target-7.64_5	999	1015	0.5399358007290548	0.04253935132010999	ETV6_MOUSE.H11MO.0.C
ISL1_chr5:51392398-51392614_Ledidi_run-6_target-7.64_5	1011	1032	0.8034692729421145	0.012730601424875655	FOXA2_HUMAN.H11MO.0.A
ISL1_chr5:51392398-51392614_Ledidi_run-6_target-7.64_5	1028	1042	0.38466509317337727	0.0448640872989144	NFYB_HUMAN.H11MO.0.A
ISL1_chr5:51392398-51392614_Ledidi_run-6_target-7.64_5	1070	1090	0.6763651484184421	0.02128678322634035	FOXA2_HUMAN.H11MO.0.A
ISL1_chr5:51392398-51392614_Ledidi_run-6_target-7.64_6	997	1014	0.5900328677948471	0.032045820542122544	ETV6_MOUSE.H11MO.0.C
ISL1_chr5:51392398-51392614_Ledidi_run-6_target-7.64_6	1010	1033	1.1763048852838476	0.03459194355839432	FOXA2_HUMAN.H11MO.0.A
ISL1_chr5:51392398-51392614_Ledidi_run-6_target-7.64_6	1023	1042	0.8753029651663546	0.03525763983357266	ETV6_MOUSE.H11MO.0.C
ISL1_chr5:51392398-51392614_Ledidi_run-6_target-7.64_6	1043	1057	0.29979140129537774	0.0498733870590643	ARNTL_bHLH_1
ISL1_chr5:51392398-51392614_Ledidi_run-6_target-7.64_6	1071	1089	0.5204418922544805	0.013950928018901005	FOXA2_HUMAN.H11MO.0.A
ISL1_chr5:51392398-51392614_Ledidi_run-6_target-7.64_7	995	1009	0.4793470568686595	0.04589631419228254	JUN+JUNB_MA1133.1
ISL1_chr5:51392398-51392614_Ledidi_run-6_target-7.64_7	999	1016	0.5631989279260387	0.04452485662729606	ETV6_MOUSE.H11MO.0.C
ISL1_chr5:51392398-51392614_Ledidi_run-6_target-7.64_7	1010	1032	0.8036516808566607	0.048758094963275454	FOXA2_HUMAN.H11MO.0.A
ISL1_chr5:51392398-51392614_Ledidi_run-6_target-7.64_7	1031	1045	0.4110409459970623	0.039716378487932046	NFYB_HUMAN.H11MO.0.A
ISL1_chr5:51392398-51392614_Ledidi_run-6_target-7.64_7	1071	1090	0.5684368285238834	0.03328329107543213	FOXA2_HUMAN.H11MO.0.A
ISL1_chr5:51392398-51392614_Ledidi_run-6_target-7.64_8	994	1011	0.600096377971728	0.03380105311733138	ETV6_MOUSE.H11MO.0.C
ISL1_chr5:51392398-51392614_Ledidi_run-6_target-7.64_8	1010	1032	1.0301955025594203	0.035949002347687255	FOXA2_HUMAN.H11MO.0.A
ISL1_chr5:51392398-51392614_Ledidi_run-6_target-7.64_8	1026	1040	0.414398028108512	0.03707066464076151	NFYB_HUMAN.H11MO.0.A
ISL1_chr5:51392398-51392614_Ledidi_run-6_target-7.64_8	1071	1090	0.7327914372148139	0.013607933731941467	FOXA2_HUMAN.H11MO.0.A
ISL1_chr5:51392398-51392614_Ledidi_run-6_target-7.64_9	985	1000	0.3853214069175639	0.045205730885551756	ETV6_MOUSE.H11MO.0.C
ISL1_chr5:51392398-51392614_Ledidi_run-6_target-7.64_9	995	1009	0.41200177357230117	0.04624528289440415	JUN+JUNB_MA1133.1
ISL1_chr5:51392398-51392614_Ledidi_run-6_target-7.64_9	1010	1033	1.1057782350215628	0.01996752521216228	FOXA2_HUMAN.H11MO.0.A
ISL1_chr5:51392398-51392614_Ledidi_run-6_target-7.64_9	1024	1038	0.5716365476113581	0.04839151109639871	ETV6_MOUSE.H11MO.0.C
ISL1_chr5:51392398-51392614_Ledidi_run-6_target-7.64_9	1028	1046	0.6042280524837627	0.037643808588512954	NFYB_HUMAN.H11MO.0.A
ISL1_chr5:51392398-51392614_Ledidi_run-6_target-7.64_9	1070	1089	0.5318369359829735	0.026148895682375883	FOXA2_HUMAN.H11MO.0.A
ISL1_chr5:51392398-51392614_Ledidi_run-7_target-10.88_1	952	982	1.41999332665993	0.0007655137424881635	RFX6_MOUSE.H11MO.0.C
ISL1_chr5:51392398-51392614_Ledidi_run-7_target-10.88_1	982	1002	0.8181040609063488	0.020567337796485785	TAL1_HUMAN.H11MO.0.A
ISL1_chr5:51392398-51392614_Ledidi_run-7_target-10.88_1	994	1010	0.5560638612721682	0.024943831367036446	ETV6_MOUSE.H11MO.0.C
ISL1_chr5:51392398-51392614_Ledidi_run-7_target-10.88_1	1009	1032	1.2864136736911882	0.04352150009819771	MAFB_HUMAN.H11MO.0.B
ISL1_chr5:51392398-51392614_Ledidi_run-7_target-10.88_1	1037	1057	0.7398845063544917	0.012519527988208795	NDF2_MOUSE.H11MO.0.A
ISL1_chr5:51392398-51392614_Ledidi_run-7_target-10.88_1	1070	1091	0.8934836761809608	0.011415134027489077	FOXA2_HUMAN.H11MO.0.A
ISL1_chr5:51392398-51392614_Ledidi_run-7_target-10.88_10	943	957	0.3648999258482187	0.04452485662729606	ETV6_MOUSE.H11MO.0.C
ISL1_chr5:51392398-51392614_Ledidi_run-7_target-10.88_10	952	980	1.2360145589251432	0.010313528325908285	RFX6_MOUSE.H11MO.0.C
ISL1_chr5:51392398-51392614_Ledidi_run-7_target-10.88_10	981	1002	0.8234780280518204	0.048027490240037725	FOXD2_forkhead_1
ISL1_chr5:51392398-51392614_Ledidi_run-7_target-10.88_10	992	1011	0.7929624782712072	0.041896181077629685	JUN+JUNB_MA1133.1
ISL1_chr5:51392398-51392614_Ledidi_run-7_target-10.88_10	1009	1033	1.6365057698244372	0.012624659359276865	MAFB_HUMAN.H11MO.0.B
ISL1_chr5:51392398-51392614_Ledidi_run-7_target-10.88_10	1023	1045	1.1363874218337702	0.04446442694330786	MEOX2_MA0706.1
ISL1_chr5:51392398-51392614_Ledidi_run-7_target-10.88_10	1037	1056	0.6594147869464368	0.03941384448049547	NDF2_MOUSE.H11MO.0.A
ISL1_chr5:51392398-51392614_Ledidi_run-7_target-10.88_10	1071	1091	0.7397525755060146	0.01996752521216228	FOXA2_HUMAN.H11MO.0.A
ISL1_chr5:51392398-51392614_Ledidi_run-7_target-10.88_2	952	977	1.3447668342561239	0.011036377949139078	RFX6_MOUSE.H11MO.0.C
ISL1_chr5:51392398-51392614_Ledidi_run-7_target-10.88_2	968	1002	1.7823554721786574	0.005666136777456285	FOXA2_HUMAN.H11MO.0.A
ISL1_chr5:51392398-51392614_Ledidi_run-7_target-10.88_2	995	1016	0.7173761995501438	0.03177440233200031	ETV6_MOUSE.H11MO.0.C
ISL1_chr5:51392398-51392614_Ledidi_run-7_target-10.88_2	1010	1032	1.0936365145944285	0.020453172647154634	FOXA2_HUMAN.H11MO.0.A
ISL1_chr5:51392398-51392614_Ledidi_run-7_target-10.88_2	1025	1046	0.8280890760685242	0.03650576667085745	MEOX2_MA0706.1
ISL1_chr5:51392398-51392614_Ledidi_run-7_target-10.88_2	1037	1058	0.7525155547993423	0.014540103116617228	NDF2_MOUSE.H11MO.0.A
ISL1_chr5:51392398-51392614_Ledidi_run-7_target-10.88_2	1053	1067	0.25664752074216945	0.0448640872989144	SP2_HUMAN.H11MO.0.A
ISL1_chr5:51392398-51392614_Ledidi_run-7_target-10.88_2	1070	1091	0.8306783089146128	0.035949002347687255	FOXA2_HUMAN.H11MO.0.A
ISL1_chr5:51392398-51392614_Ledidi_run-7_target-10.88_3	939	958	0.5402523180734287	0.03512886189237361	RFX6_MOUSE.H11MO.0.C
ISL1_chr5:51392398-51392614_Ledidi_run-7_target-10.88_3	952	978	1.5220564758172985	0.003614319814189847	RFX6_MOUSE.H11MO.0.C
ISL1_chr5:51392398-51392614_Ledidi_run-7_target-10.88_3	968	986	0.8134906971438904	0.023231964537215495	FOXA2_HUMAN.H11MO.0.A
ISL1_chr5:51392398-51392614_Ledidi_run-7_target-10.88_3	980	1002	1.1225766714432308	0.016852326364993054	TAL1_HUMAN.H11MO.0.A
ISL1_chr5:51392398-51392614_Ledidi_run-7_target-10.88_3	993	1011	0.8331641406386368	0.03380105311733138	ETV6_MOUSE.H11MO.0.C
ISL1_chr5:51392398-51392614_Ledidi_run-7_target-10.88_3	1001	1016	0.5679067502349442	0.04418802463977276	ETV6_MOUSE.H11MO.0.C
ISL1_chr5:51392398-51392614_Ledidi_run-7_target-10.88_3	1009	1032	1.4221760543367727	0.01933645676324567	MAFB_HUMAN.H11MO.0.B
ISL1_chr5:51392398-51392614_Ledidi_run-7_target-10.88_3	1023	1047	1.1930905699723793	0.015934650334815646	MEOX2_MA0706.1
ISL1_chr5:51392398-51392614_Ledidi_run-7_target-10.88_3	1037	1056	0.742020466965668	0.02029009731337448	NDF2_MOUSE.H11MO.0.A
ISL1_chr5:51392398-51392614_Ledidi_run-7_target-10.88_3	1064	1079	0.5191029895837325	0.03793350801322296	ARNTL_bHLH_1
ISL1_chr5:51392398-51392614_Ledidi_run-7_target-10.88_3	1070	1091	0.919223244956191	0.007770571329917375	FOXA2_HUMAN.H11MO.0.A
ISL1_chr5:51392398-51392614_Ledidi_run-7_target-10.88_4	952	978	1.4592973403533407	0.0049128957734863145	RFX6_MOUSE.H11MO.0.C
ISL1_chr5:51392398-51392614_Ledidi_run-7_target-10.88_4	968	984	0.7954749360125466	0.009984047033610301	FOXA2_HUMAN.H11MO.0.A
ISL1_chr5:51392398-51392614_Ledidi_run-7_target-10.88_4	975	989	0.4839731211919296	0.04063716777415878	FOXA2_HUMAN.H11MO.0.A
ISL1_chr5:51392398-51392614_Ledidi_run-7_target-10.88_4	981	1002	0.8727595895926914	0.033027218663415445	TAL1_HUMAN.H11MO.0.A
ISL1_chr5:51392398-51392614_Ledidi_run-7_target-10.88_4	994	1011	0.5854994448437076	0.03622637481763158	ETV6_MOUSE.H11MO.0.C
ISL1_chr5:51392398-51392614_Ledidi_run-7_target-10.88_4	1009	1033	1.3328222692943825	0.03793350801322296	MAFB_HUMAN.H11MO.0.B
ISL1_chr5:51392398-51392614_Ledidi_run-7_target-10.88_4	1025	1045	0.7735473529705095	0.03128588042916564	MEOX2_MA0706.1
ISL1_chr5:51392398-51392614_Ledidi_run-7_target-10.88_4	1037	1057	0.6931069721172101	0.028249794497624988	NDF2_MOUSE.H11MO.0.A
ISL1_chr5:51392398-51392614_Ledidi_run-7_target-10.88_4	1071	1089	0.5223457060720369	0.023416678294447074	FOXA2_HUMAN.H11MO.0.A
ISL1_chr5:51392398-51392614_Ledidi_run-7_target-10.88_5	952	983	1.7155346163328158	0.0052301308018024364	HNF4G_MA0484.1
ISL1_chr5:51392398-51392614_Ledidi_run-7_target-10.88_5	973	1002	1.4432767752272586	0.02698190734312794	TAL1_HUMAN.H11MO.0.A
ISL1_chr5:51392398-51392614_Ledidi_run-7_target-10.88_5	995	1018	1.0445208073658345	0.04659672254190507	FOXA2_HUMAN.H11MO.0.A
ISL1_chr5:51392398-51392614_Ledidi_run-7_target-10.88_5	1010	1045	2.181264339175755	0.0031520947034764523	MEOX2_MA0706.1
ISL1_chr5:51392398-51392614_Ledidi_run-7_target-10.88_5	1037	1059	0.8405241466360538	0.02061745222617939	NDF2_MOUSE.H11MO.0.A
ISL1_chr5:51392398-51392614_Ledidi_run-7_target-10.88_5	1070	1090	0.6593733192162761	0.04624528289440415	FOXA2_HUMAN.H11MO.0.A
ISL1_chr5:51392398-51392614_Ledidi_run-7_target-10.88_6	955	973	0.5791455407652865	0.02677138457031075	RFX6_MOUSE.H11MO.0.C
ISL1_chr5:51392398-51392614_Ledidi_run-7_target-10.88_6	969	983	0.5099839096582388	0.0448640872989144	HNF4G_MA0484.1
ISL1_chr5:51392398-51392614_Ledidi_run-7_target-10.88_6	973	990	0.715334505061168	0.03432639554286543	FOXA2_HUMAN.H11MO.0.A
ISL1_chr5:51392398-51392614_Ledidi_run-7_target-10.88_6	980	1002	0.9679481568280117	0.03678719194327901	TAL1_HUMAN.H11MO.0.A
ISL1_chr5:51392398-51392614_Ledidi_run-7_target-10.88_6	994	1009	0.4652683348844724	0.037643808588512954	JUN+JUNB_MA1133.1
ISL1_chr5:51392398-51392614_Ledidi_run-7_target-10.88_6	1002	1016	0.4277172355167651	0.03227007350256728	ETV6_MOUSE.H11MO.0.C
ISL1_chr5:51392398-51392614_Ledidi_run-7_target-10.88_6	1008	1033	1.5891370660220643	0.049127257957482524	MAFB_HUMAN.H11MO.0.B
ISL1_chr5:51392398-51392614_Ledidi_run-7_target-10.88_6	1023	1047	1.3035252633081034	0.04950131967956961	MEOX2_MA0706.1
ISL1_chr5:51392398-51392614_Ledidi_run-7_target-10.88_6	1037	1059	0.8788560812362443	0.029173201786239084	NDF2_MOUSE.H11MO.0.A
ISL1_chr5:51392398-51392614_Ledidi_run-7_target-10.88_6	1070	1091	0.9014805045968419	0.03678719194327901	FOXA2_HUMAN.H11MO.0.A
ISL1_chr5:51392398-51392614_Ledidi_run-7_target-10.88_7	952	977	1.0136464998605172	0.02180184363848297	RFX6_MOUSE.H11MO.0.C
ISL1_chr5:51392398-51392614_Ledidi_run-7_target-10.88_7	968	991	1.1291507391615307	0.03277300059380061	FOXA2_HUMAN.H11MO.0.A
ISL1_chr5:51392398-51392614_Ledidi_run-7_target-10.88_7	981	1002	1.0318991844746952	0.008184773265100686	TAL1_HUMAN.H11MO.0.A
ISL1_chr5:51392398-51392614_Ledidi_run-7_target-10.88_7	1002	1016	0.40815828863342096	0.048758094963275454	ETV6_MOUSE.H11MO.0.C
ISL1_chr5:51392398-51392614_Ledidi_run-7_target-10.88_7	1009	1033	1.475917998360269	0.04063716777415878	MAFB_HUMAN.H11MO.0.B
ISL1_chr5:51392398-51392614_Ledidi_run-7_target-10.88_7	1024	1047	1.0787775515323692	0.03485942775149378	MEOX2_MA0706.1
ISL1_chr5:51392398-51392614_Ledidi_run-7_target-10.88_7	1037	1058	0.8173053530615464	0.02474804221978688	NDF2_MOUSE.H11MO.0.A
ISL1_chr5:51392398-51392614_Ledidi_run-7_target-10.88_7	1064	1080	0.5823505629143169	0.03512886189237361	ARNTL_bHLH_1
ISL1_chr5:51392398-51392614_Ledidi_run-7_target-10.88_7	1070	1092	1.033416566499759	0.006818350081060312	FOXA2_HUMAN.H11MO.0.A
ISL1_chr5:51392398-51392614_Ledidi_run-7_target-10.88_8	952	976	1.0029576065080008	0.00980044781104384	RFX6_MOUSE.H11MO.0.C
ISL1_chr5:51392398-51392614_Ledidi_run-7_target-10.88_8	968	990	0.9626251376858366	0.015027592608732909	FOXA2_HUMAN.H11MO.0.A
ISL1_chr5:51392398-51392614_Ledidi_run-7_target-10.88_8	980	1002	0.995349038591927	0.04695064795138151	TAL1_HUMAN.H11MO.0.A
ISL1_chr5:51392398-51392614_Ledidi_run-7_target-10.88_8	994	1010	0.5598266223641932	0.03678719194327901	ETV6_MOUSE.H11MO.0.C
ISL1_chr5:51392398-51392614_Ledidi_run-7_target-10.88_8	1008	1032	1.3630247258447925	0.048800595932651944	MAFB_HUMAN.H11MO.0.B
ISL1_chr5:51392398-51392614_Ledidi_run-7_target-10.88_8	1025	1042	0.6390725971918512	0.024943831367036446	NFYB_HUMAN.H11MO.0.A
ISL1_chr5:51392398-51392614_Ledidi_run-7_target-10.88_8	1038	1056	0.5800437419878817	0.024169142632964005	NDF2_MOUSE.H11MO.0.A
ISL1_chr5:51392398-51392614_Ledidi_run-7_target-10.88_8	1053	1067	0.2883468955938442	0.02474804221978688	TAL1_HUMAN.H11MO.0.A
ISL1_chr5:51392398-51392614_Ledidi_run-7_target-10.88_8	1064	1079	0.6904964599595669	0.024169142632964005	NDF2_MOUSE.H11MO.0.A
ISL1_chr5:51392398-51392614_Ledidi_run-7_target-10.88_8	1069	1092	1.2273643887895984	0.03177440233200031	FOXA2_HUMAN.H11MO.0.A
ISL1_chr5:51392398-51392614_Ledidi_run-7_target-10.88_9	926	942	0.46158743609554465	0.04766601648500149	ARNTL_bHLH_1
ISL1_chr5:51392398-51392614_Ledidi_run-7_target-10.88_9	952	975	0.9411532300786276	0.029173201786239084	RFX6_MOUSE.H11MO.0.C
ISL1_chr5:51392398-51392614_Ledidi_run-7_target-10.88_9	968	989	0.8343682890156905	0.00737580781243537	FOXA2_HUMAN.H11MO.0.A
ISL1_chr5:51392398-51392614_Ledidi_run-7_target-10.88_9	981	1002	0.8706159573892605	0.03380105311733138	FOXD2_forkhead_1
ISL1_chr5:51392398-51392614_Ledidi_run-7_target-10.88_9	992	1010	0.7786056391754639	0.04624528289440415	JUN+JUNB_MA1133.1
ISL1_chr5:51392398-51392614_Ledidi_run-7_target-10.88_9	1002	1016	0.48531266734675116	0.03459194355839432	ETV6_MOUSE.H11MO.0.C
ISL1_chr5:51392398-51392614_Ledidi_run-7_target-10.88_9	1008	1034	1.564217304935966	0.04949901644459642	MAFB_HUMAN.H11MO.0.B
ISL1_chr5:51392398-51392614_Ledidi_run-7_target-10.88_9	1025	1042	0.684044193344894	0.02514104809188975	MEOX2_MA0706.1
ISL1_chr5:51392398-51392614_Ledidi_run-7_target-10.88_9	1037	1058	0.6623678167683646	0.029760043546961653	NDF2_MOUSE.H11MO.0.A
ISL1_chr5:51392398-51392614_Ledidi_run-7_target-10.88_9	1070	1091	0.8319242249217389	0.01094352402842608	FOXA2_HUMAN.H11MO.0.A
ISL1_chr5:51392398-51392614_Ledidi_run-7_target-5.87_1	1012	1032	0.5830871343388788	0.04659672254190507	FOXA2_HUMAN.H11MO.0.A
ISL1_chr5:51392398-51392614_Ledidi_run-7_target-5.87_1	1071	1087	0.42134145541578305	0.03443048759357043	FOXA2_HUMAN.H11MO.0.A
ISL1_chr5:51392398-51392614_Ledidi_run-7_target-5.87_10	1015	1031	0.435476445355786	0.026103825455738083	FOXA2_HUMAN.H11MO.0.A
ISL1_chr5:51392398-51392614_Ledidi_run-7_target-5.87_10	1072	1089	0.3964445878732068	0.03177440233200031	FOXA2_HUMAN.H11MO.0.A
ISL1_chr5:51392398-51392614_Ledidi_run-7_target-5.87_2	1012	1031	0.5448026108878703	0.025741363357414056	FOXA2_HUMAN.H11MO.0.A
ISL1_chr5:51392398-51392614_Ledidi_run-7_target-5.87_2	1071	1088	0.40549647469674954	0.04452485662729606	FOXA2_HUMAN.H11MO.0.A
ISL1_chr5:51392398-51392614_Ledidi_run-7_target-5.87_3	1012	1031	0.5959577058321249	0.02677138457031075	FOXA2_HUMAN.H11MO.0.A
ISL1_chr5:51392398-51392614_Ledidi_run-7_target-5.87_3	1070	1089	0.5363405508820969	0.04695064795138151	FOXA2_HUMAN.H11MO.0.A
ISL1_chr5:51392398-51392614_Ledidi_run-7_target-5.87_4	1013	1031	0.4756374722753599	0.029173201786239084	FOXA2_HUMAN.H11MO.0.A
ISL1_chr5:51392398-51392614_Ledidi_run-7_target-5.87_4	1071	1089	0.487659251413352	0.022685843285046595	FOXA2_HUMAN.H11MO.0.A
ISL1_chr5:51392398-51392614_Ledidi_run-7_target-5.87_5	1012	1031	0.5304437504124617	0.029630840137533875	FOXA2_HUMAN.H11MO.0.A
ISL1_chr5:51392398-51392614_Ledidi_run-7_target-5.87_5	1071	1089	0.41917212092653666	0.03432639554286543	FOXA2_HUMAN.H11MO.0.A
ISL1_chr5:51392398-51392614_Ledidi_run-7_target-5.87_6	1013	1030	0.4562767861929326	0.01671564782903964	FOXA2_HUMAN.H11MO.0.A
ISL1_chr5:51392398-51392614_Ledidi_run-7_target-5.87_6	1072	1087	0.3716068764887177	0.045205730885551756	FOXA2_HUMAN.H11MO.0.A
ISL1_chr5:51392398-51392614_Ledidi_run-7_target-5.87_7	1011	1030	0.4859122440731577	0.0373561988327741	FOXA2_HUMAN.H11MO.0.A
ISL1_chr5:51392398-51392614_Ledidi_run-7_target-5.87_7	1071	1089	0.48721566286262274	0.03009516326587541	FOXA2_HUMAN.H11MO.0.A
ISL1_chr5:51392398-51392614_Ledidi_run-7_target-5.87_8	1012	1032	0.5402908380716159	0.02677138457031075	FOXA2_HUMAN.H11MO.0.A
ISL1_chr5:51392398-51392614_Ledidi_run-7_target-5.87_8	1072	1089	0.4197707500322987	0.04157803279634765	FOXA2_HUMAN.H11MO.0.A
ISL1_chr5:51392398-51392614_Ledidi_run-7_target-5.87_9	1012	1031	0.510092914751504	0.03941384448049547	FOXA2_HUMAN.H11MO.0.A
ISL1_chr5:51392398-51392614_Ledidi_run-7_target-5.87_9	1072	1089	0.39860179675523444	0.03911348485364352	FOXA2_HUMAN.H11MO.0.A
ISL1_chr5:51392398-51392614_Ledidi_run-7_target-6.42_1	1012	1031	0.5248321879458431	0.038815285523608536	FOXA2_HUMAN.H11MO.0.A
ISL1_chr5:51392398-51392614_Ledidi_run-7_target-6.42_1	1071	1090	0.5320214349776229	0.035949002347687255	FOXA2_HUMAN.H11MO.0.A
ISL1_chr5:51392398-51392614_Ledidi_run-7_target-6.42_10	997	1014	0.4225939204560769	0.03525763983357266	FOXA2_HUMAN.H11MO.0.A
ISL1_chr5:51392398-51392614_Ledidi_run-7_target-6.42_10	1011	1031	0.6405338187986975	0.03177440233200031	FOXA2_HUMAN.H11MO.0.A
ISL1_chr5:51392398-51392614_Ledidi_run-7_target-6.42_10	1070	1089	0.5850484450391118	0.03202133761382601	FOXA2_HUMAN.H11MO.0.A
ISL1_chr5:51392398-51392614_Ledidi_run-7_target-6.42_2	1012	1032	0.5426744158652705	0.03432639554286543	FOXA2_HUMAN.H11MO.0.A
ISL1_chr5:51392398-51392614_Ledidi_run-7_target-6.42_2	1070	1090	0.5888981499998165	0.02940119156421724	FOXA2_HUMAN.H11MO.0.A
ISL1_chr5:51392398-51392614_Ledidi_run-7_target-6.42_3	997	1011	0.35093554424595663	0.0431917794291362	FOXA2_HUMAN.H11MO.0.A
ISL1_chr5:51392398-51392614_Ledidi_run-7_target-6.42_3	1013	1032	0.6583494135840311	0.008114354063320988	FOXA2_HUMAN.H11MO.0.A
ISL1_chr5:51392398-51392614_Ledidi_run-7_target-6.42_3	1071	1089	0.5519648172020277	0.024169142632964005	FOXA2_HUMAN.H11MO.0.A
ISL1_chr5:51392398-51392614_Ledidi_run-7_target-6.42_4	997	1011	0.349039833540011	0.03793350801322296	FOXA2_HUMAN.H11MO.0.A
ISL1_chr5:51392398-51392614_Ledidi_run-7_target-6.42_4	1011	1032	0.6624724873257033	0.024553670844057802	FOXA2_HUMAN.H11MO.0.A
ISL1_chr5:51392398-51392614_Ledidi_run-7_target-6.42_4	1071	1090	0.6567204134895515	0.015276840508005205	FOXA2_HUMAN.H11MO.0.A
ISL1_chr5:51392398-51392614_Ledidi_run-7_target-6.42_5	999	1014	0.3326772698562823	0.03432639554286543	FOXA2_HUMAN.H11MO.0.A
ISL1_chr5:51392398-51392614_Ledidi_run-7_target-6.42_5	1013	1031	0.4837468311353073	0.01484993811340797	FOXA2_HUMAN.H11MO.0.A
ISL1_chr5:51392398-51392614_Ledidi_run-7_target-6.42_5	1071	1089	0.48107237480265685	0.025741363357414056	FOXA2_HUMAN.H11MO.0.A
ISL1_chr5:51392398-51392614_Ledidi_run-7_target-6.42_6	999	1014	0.3354418895561788	0.03567363531992702	FOXA2_HUMAN.H11MO.0.A
ISL1_chr5:51392398-51392614_Ledidi_run-7_target-6.42_6	1011	1032	0.6232046051763158	0.03911348485364352	FOXA2_HUMAN.H11MO.0.A
ISL1_chr5:51392398-51392614_Ledidi_run-7_target-6.42_6	1071	1090	0.5898079879978595	0.012730601424875655	FOXA2_HUMAN.H11MO.0.A
ISL1_chr5:51392398-51392614_Ledidi_run-7_target-6.42_7	1000	1016	0.4809110079036306	0.03525763983357266	FOXA2_HUMAN.H11MO.0.A
ISL1_chr5:51392398-51392614_Ledidi_run-7_target-6.42_7	1011	1032	0.8004119861949412	0.013383563189678808	FOXA2_HUMAN.H11MO.0.A
ISL1_chr5:51392398-51392614_Ledidi_run-7_target-6.42_7	1025	1043	0.4419634327770474	0.025741363357414056	MEOX2_MA0706.1
ISL1_chr5:51392398-51392614_Ledidi_run-7_target-6.42_7	1070	1089	0.6151619182010777	0.02379017014912958	FOXA2_HUMAN.H11MO.0.A
ISL1_chr5:51392398-51392614_Ledidi_run-7_target-6.42_8	1011	1031	0.5878421889825975	0.03485942775149378	FOXA2_HUMAN.H11MO.0.A
ISL1_chr5:51392398-51392614_Ledidi_run-7_target-6.42_8	1070	1090	0.615987305577735	0.048758094963275454	FOXA2_HUMAN.H11MO.0.A
ISL1_chr5:51392398-51392614_Ledidi_run-7_target-6.42_9	1000	1014	0.3354563670076387	0.04766601648500149	FOXA2_HUMAN.H11MO.0.A
ISL1_chr5:51392398-51392614_Ledidi_run-7_target-6.42_9	1012	1032	0.676242530170267	0.0373561988327741	FOXA2_HUMAN.H11MO.0.A
ISL1_chr5:51392398-51392614_Ledidi_run-7_target-6.42_9	1072	1090	0.5187265811159838	0.026148895682375883	FOXA2_HUMAN.H11MO.0.A
ISL1_chr5:51392398-51392614_Ledidi_run-7_target-7.64_1	941	958	0.4402155534161808	0.01184700268007442	ETV6_MOUSE.H11MO.0.C
ISL1_chr5:51392398-51392614_Ledidi_run-7_target-7.64_1	994	1009	0.6092006766384261	0.028499063326879095	JUN+JUNB_MA1133.1
ISL1_chr5:51392398-51392614_Ledidi_run-7_target-7.64_1	999	1018	0.813040482521731	0.040328026075753344	FOXA2_HUMAN.H11MO.0.A
ISL1_chr5:51392398-51392614_Ledidi_run-7_target-7.64_1	1011	1032	0.9364717886088472	0.014301773721714803	HNF6_HUMAN.H11MO.0.B
ISL1_chr5:51392398-51392614_Ledidi_run-7_target-7.64_1	1028	1043	0.4047801638448405	0.03650576667085745	NFYB_HUMAN.H11MO.0.A
ISL1_chr5:51392398-51392614_Ledidi_run-7_target-7.64_1	1072	1086	0.3517211673236629	0.0373561988327741	FOXA2_HUMAN.H11MO.0.A
ISL1_chr5:51392398-51392614_Ledidi_run-7_target-7.64_10	986	1000	0.3026163033020801	0.048758094963275454	FOXD2_forkhead_1
ISL1_chr5:51392398-51392614_Ledidi_run-7_target-7.64_10	1011	1032	0.8123798852017807	0.018573313143212488	FOXA2_HUMAN.H11MO.0.A
ISL1_chr5:51392398-51392614_Ledidi_run-7_target-7.64_10	1071	1089	0.5379569127329487	0.0155298172841976	FOXA2_HUMAN.H11MO.0.A
ISL1_chr5:51392398-51392614_Ledidi_run-7_target-7.64_2	968	983	0.37623144545413445	0.040328026075753344	FOXA2_HUMAN.H11MO.0.A
ISL1_chr5:51392398-51392614_Ledidi_run-7_target-7.64_2	1000	1018	0.6615186451225485	0.035949002347687255	FOXA2_HUMAN.H11MO.0.A
ISL1_chr5:51392398-51392614_Ledidi_run-7_target-7.64_2	1010	1032	1.0391515703535157	0.040948540118391635	HNF6_HUMAN.H11MO.0.B
ISL1_chr5:51392398-51392614_Ledidi_run-7_target-7.64_2	1066	1080	0.41942845183778665	0.041896181077629685	FOXA2_HUMAN.H11MO.0.A
ISL1_chr5:51392398-51392614_Ledidi_run-7_target-7.64_2	1071	1089	0.519941991267951	0.041896181077629685	FOXA2_HUMAN.H11MO.0.A
ISL1_chr5:51392398-51392614_Ledidi_run-7_target-7.64_3	987	1001	0.41894887487722665	0.04418802463977276	ETV6_MOUSE.H11MO.0.C
ISL1_chr5:51392398-51392614_Ledidi_run-7_target-7.64_3	999	1018	0.7425648292504782	0.026562382168414056	FOXA2_HUMAN.H11MO.0.A
ISL1_chr5:51392398-51392614_Ledidi_run-7_target-7.64_3	1011	1032	0.8663201811230417	0.017128717397221594	HNF6_HUMAN.H11MO.0.B
ISL1_chr5:51392398-51392614_Ledidi_run-7_target-7.64_3	1071	1090	0.5404889163048767	0.02029009731337448	FOXA2_HUMAN.H11MO.0.A
ISL1_chr5:51392398-51392614_Ledidi_run-7_target-7.64_4	941	957	0.4059276042253067	0.010401422260290253	ETV6_MOUSE.H11MO.0.C
ISL1_chr5:51392398-51392614_Ledidi_run-7_target-7.64_4	985	1000	0.4133883855262871	0.049127257957482524	ETV6_MOUSE.H11MO.0.C
ISL1_chr5:51392398-51392614_Ledidi_run-7_target-7.64_4	994	1016	0.7762940764846188	0.03152925435595684	ETV6_MOUSE.H11MO.0.C
ISL1_chr5:51392398-51392614_Ledidi_run-7_target-7.64_4	1010	1032	0.870491201664791	0.03622637481763158	FOXA2_HUMAN.H11MO.0.A
ISL1_chr5:51392398-51392614_Ledidi_run-7_target-7.64_4	1071	1089	0.4795508061019982	0.02029009731337448	FOXA2_HUMAN.H11MO.0.A
ISL1_chr5:51392398-51392614_Ledidi_run-7_target-7.64_5	941	956	0.35840275855214015	0.022198570170202873	ELK1_HUMAN.H11MO.0.B
ISL1_chr5:51392398-51392614_Ledidi_run-7_target-7.64_5	994	1009	0.5246439454620676	0.048758094963275454	JUN+JUNB_MA1133.1
ISL1_chr5:51392398-51392614_Ledidi_run-7_target-7.64_5	1002	1016	0.3709232285635804	0.048758094963275454	ETV6_MOUSE.H11MO.0.C
ISL1_chr5:51392398-51392614_Ledidi_run-7_target-7.64_5	1011	1032	0.7424817997121702	0.02061745222617939	FOXA2_HUMAN.H11MO.0.A
ISL1_chr5:51392398-51392614_Ledidi_run-7_target-7.64_5	1071	1089	0.4630969527156421	0.03650576667085745	FOXA2_HUMAN.H11MO.0.A
ISL1_chr5:51392398-51392614_Ledidi_run-7_target-7.64_6	999	1019	0.9065369682465223	0.01151168380137576	FOXA2_HUMAN.H11MO.0.A
ISL1_chr5:51392398-51392614_Ledidi_run-7_target-7.64_6	1009	1032	1.0676226892088416	0.0448640872989144	HNF6_HUMAN.H11MO.0.B
ISL1_chr5:51392398-51392614_Ledidi_run-7_target-7.64_6	1071	1088	0.4574767835724187	0.027839420844810524	FOXA2_HUMAN.H11MO.0.A
ISL1_chr5:51392398-51392614_Ledidi_run-7_target-7.64_7	999	1014	0.44561932743286203	0.04452485662729606	ETV6_MOUSE.H11MO.0.C
ISL1_chr5:51392398-51392614_Ledidi_run-7_target-7.64_7	1010	1032	0.887013693292978	0.025339702321310897	FOXA2_HUMAN.H11MO.0.A
ISL1_chr5:51392398-51392614_Ledidi_run-7_target-7.64_7	1028	1045	0.47774045461775816	0.02286655598660098	NFYB_HUMAN.H11MO.0.A
ISL1_chr5:51392398-51392614_Ledidi_run-7_target-7.64_7	1072	1088	0.3886331879439604	0.02153231290958839	FOXA2_HUMAN.H11MO.0.A
ISL1_chr5:51392398-51392614_Ledidi_run-7_target-7.64_8	968	983	0.3500903289452742	0.041262157128128175	FOXA2_HUMAN.H11MO.0.A
ISL1_chr5:51392398-51392614_Ledidi_run-7_target-7.64_8	999	1018	0.7674901081253023	0.019181572505438713	FOXA2_HUMAN.H11MO.0.A
ISL1_chr5:51392398-51392614_Ledidi_run-7_target-7.64_8	1010	1032	1.0325730711044276	0.014301773721714803	HNF6_HUMAN.H11MO.0.B
ISL1_chr5:51392398-51392614_Ledidi_run-7_target-7.64_8	1071	1089	0.4633321995306492	0.04589631419228254	FOXA2_HUMAN.H11MO.0.A
ISL1_chr5:51392398-51392614_Ledidi_run-7_target-7.64_9	941	958	0.43454120654665057	0.01490435278529703	ETV6_MOUSE.H11MO.0.C
ISL1_chr5:51392398-51392614_Ledidi_run-7_target-7.64_9	968	982	0.3582300428020243	0.03650576667085745	FOXA2_HUMAN.H11MO.0.A
ISL1_chr5:51392398-51392614_Ledidi_run-7_target-7.64_9	985	1001	0.41451787433146414	0.024943831367036446	ETV6_MOUSE.H11MO.0.C
ISL1_chr5:51392398-51392614_Ledidi_run-7_target-7.64_9	998	1018	0.8449818747077955	0.04385357714891144	FOXA2_HUMAN.H11MO.0.A
ISL1_chr5:51392398-51392614_Ledidi_run-7_target-7.64_9	1009	1032	1.154027596065693	0.040948540118391635	HNF6_HUMAN.H11MO.0.B
ISL1_chr5:51392398-51392614_Ledidi_run-7_target-7.64_9	1071	1090	0.503976210876294	0.04352150009819771	FOXA2_HUMAN.H11MO.0.A
ISL1_chr5:51392398-51392614_Ledidi_run-8_target-10.88_1	985	1002	0.41798278883867035	0.0431917794291362	HNF6_HUMAN.H11MO.0.B
ISL1_chr5:51392398-51392614_Ledidi_run-8_target-10.88_1	997	1016	0.708876746562565	0.006525800046691943	FOXA2_HUMAN.H11MO.0.A
ISL1_chr5:51392398-51392614_Ledidi_run-8_target-10.88_1	1010	1034	1.4218370451717568	0.03678719194327901	JUN+JUNB_MA1133.1
ISL1_chr5:51392398-51392614_Ledidi_run-8_target-10.88_1	1024	1043	0.8427374172819952	0.014782028252133943	MEOX2_MA0706.1
ISL1_chr5:51392398-51392614_Ledidi_run-8_target-10.88_1	1056	1080	1.78473663425667	0.028499063326879095	NDF2_MOUSE.H11MO.0.A
ISL1_chr5:51392398-51392614_Ledidi_run-8_target-10.88_1	1070	1092	1.4835601532726068	0.000884546324385159	FOXA2_HUMAN.H11MO.0.A
ISL1_chr5:51392398-51392614_Ledidi_run-8_target-10.88_10	1001	1016	0.3925391370363089	0.039716378487932046	ETV6_MOUSE.H11MO.0.C
ISL1_chr5:51392398-51392614_Ledidi_run-8_target-10.88_10	1010	1034	1.3157784997601918	0.03822531123050392	JUN+JUNB_MA1133.1
ISL1_chr5:51392398-51392614_Ledidi_run-8_target-10.88_10	1024	1045	1.0163982347983327	0.018424025822484025	MEOX2_MA0706.1
ISL1_chr5:51392398-51392614_Ledidi_run-8_target-10.88_10	1038	1052	0.43808539207424735	0.04286440117339201	ARNTL_bHLH_1
ISL1_chr5:51392398-51392614_Ledidi_run-8_target-10.88_10	1056	1079	1.8700116971094514	0.020949658132342976	NDF2_MOUSE.H11MO.0.A
ISL1_chr5:51392398-51392614_Ledidi_run-8_target-10.88_10	1069	1097	2.3164969044489587	0.0009017190861767691	FOXA2_HUMAN.H11MO.0.A
ISL1_chr5:51392398-51392614_Ledidi_run-8_target-10.88_2	983	1001	0.500477802039767	0.03277300059380061	HNF6_HUMAN.H11MO.0.B
ISL1_chr5:51392398-51392614_Ledidi_run-8_target-10.88_2	999	1015	0.4081977514685	0.04589631419228254	ETV6_MOUSE.H11MO.0.C
ISL1_chr5:51392398-51392614_Ledidi_run-8_target-10.88_2	1010	1032	1.249927329524592	0.03009516326587541	FOXA2_HUMAN.H11MO.0.A
ISL1_chr5:51392398-51392614_Ledidi_run-8_target-10.88_2	1022	1047	1.19824628165102	0.048758094963275454	MEOX2_MA0706.1
ISL1_chr5:51392398-51392614_Ledidi_run-8_target-10.88_2	1053	1067	0.68759936785708	0.02514104809188975	TYY1_HUMAN.H11MO.0.A
ISL1_chr5:51392398-51392614_Ledidi_run-8_target-10.88_2	1057	1079	1.6802957379323105	0.018128726134506876	NDF2_MOUSE.H11MO.0.A
ISL1_chr5:51392398-51392614_Ledidi_run-8_target-10.88_2	1069	1096	2.186801525381188	0.00500164488295521	FOXA2_HUMAN.H11MO.0.A
ISL1_chr5:51392398-51392614_Ledidi_run-8_target-10.88_3	1011	1044	1.736001567774196	0.012730601424875655	MEOX2_MA0706.1
ISL1_chr5:51392398-51392614_Ledidi_run-8_target-10.88_3	1036	1051	0.5028698452671838	0.03793350801322296	ARNTL_bHLH_1
ISL1_chr5:51392398-51392614_Ledidi_run-8_target-10.88_3	1043	1057	0.4480298497308892	0.04157803279634765	ARNTL_bHLH_1
ISL1_chr5:51392398-51392614_Ledidi_run-8_target-10.88_3	1052	1067	0.8371354935137663	0.023416678294447074	TYY1_HUMAN.H11MO.0.A
ISL1_chr5:51392398-51392614_Ledidi_run-8_target-10.88_3	1057	1092	3.051557853395935	0.00395764446545718	FOXA2_HUMAN.H11MO.0.A
ISL1_chr5:51392398-51392614_Ledidi_run-8_target-10.88_3	1082	1097	0.7471688657792699	0.037106940588848496	RFX6_MOUSE.H11MO.0.C
ISL1_chr5:51392398-51392614_Ledidi_run-8_target-10.88_4	995	1018	0.9515388361231469	0.01798269740025829	FOXA2_HUMAN.H11MO.0.A
ISL1_chr5:51392398-51392614_Ledidi_run-8_target-10.88_4	1010	1031	1.2797217849391402	0.04002110100333834	FOXA2_HUMAN.H11MO.0.A
ISL1_chr5:51392398-51392614_Ledidi_run-8_target-10.88_4	1021	1045	1.4806949241946976	0.04418802463977276	MEOX2_MA0706.1
ISL1_chr5:51392398-51392614_Ledidi_run-8_target-10.88_4	1036	1053	0.7097455684635507	0.02304859342677061	ARNTL_bHLH_1
ISL1_chr5:51392398-51392614_Ledidi_run-8_target-10.88_4	1043	1059	0.6049583433654968	0.03177440233200031	ARNTL_bHLH_1
ISL1_chr5:51392398-51392614_Ledidi_run-8_target-10.88_4	1056	1073	1.2492433136200027	0.029630840137533875	NDF2_MOUSE.H11MO.0.A
ISL1_chr5:51392398-51392614_Ledidi_run-8_target-10.88_4	1063	1098	2.784741205488405	1.1433487909330331e-05	FOXA2_HUMAN.H11MO.0.A
ISL1_chr5:51392398-51392614_Ledidi_run-8_target-10.88_5	985	1000	0.38154333950291563	0.037643808588512954	HNF6_HUMAN.H11MO.0.B
ISL1_chr5:51392398-51392614_Ledidi_run-8_target-10.88_5	995	1017	0.9439734650002762	0.030329862935364073	FOXA2_HUMAN.H11MO.0.A
ISL1_chr5:51392398-51392614_Ledidi_run-8_target-10.88_5	1009	1032	1.1544736457041687	0.048027490240037725	FOXA2_HUMAN.H11MO.0.A
ISL1_chr5:51392398-51392614_Ledidi_run-8_target-10.88_5	1024	1045	0.7791628386244516	0.041262157128128175	MEOX2_MA0706.1
ISL1_chr5:51392398-51392614_Ledidi_run-8_target-10.88_5	1056	1079	1.7785918065220878	0.02128678322634035	NDF2_MOUSE.H11MO.0.A
ISL1_chr5:51392398-51392614_Ledidi_run-8_target-10.88_5	1069	1097	2.1361356335071755	0.0068783016314575415	FOXA2_HUMAN.H11MO.0.A
ISL1_chr5:51392398-51392614_Ledidi_run-8_target-10.88_6	997	1017	0.6153687248776105	0.021117601510266027	FOXA2_HUMAN.H11MO.0.A
ISL1_chr5:51392398-51392614_Ledidi_run-8_target-10.88_6	1010	1033	1.3505076097150963	0.03177440233200031	FOXA2_HUMAN.H11MO.0.A
ISL1_chr5:51392398-51392614_Ledidi_run-8_target-10.88_6	1023	1043	0.9478853217439445	0.014618334157264224	JUN+JUNB_MA1133.1
ISL1_chr5:51392398-51392614_Ledidi_run-8_target-10.88_6	1053	1067	0.7822473646508867	0.01933645676324567	TYY1_HUMAN.H11MO.0.A
ISL1_chr5:51392398-51392614_Ledidi_run-8_target-10.88_6	1059	1094	3.014305263780349	3.4762088880294645e-07	FOXA2_HUMAN.H11MO.0.A
ISL1_chr5:51392398-51392614_Ledidi_run-8_target-10.88_7	985	1000	0.4390206184140374	0.04157803279634765	HNF6_HUMAN.H11MO.0.B
ISL1_chr5:51392398-51392614_Ledidi_run-8_target-10.88_7	994	1018	1.1067256307520634	0.03512886189237361	FOXA2_HUMAN.H11MO.0.A
ISL1_chr5:51392398-51392614_Ledidi_run-8_target-10.88_7	1012	1047	1.8918259355976161	0.003094895107111565	MEOX2_MA0706.1
ISL1_chr5:51392398-51392614_Ledidi_run-8_target-10.88_7	1037	1051	0.5671742421646062	0.02940119156421724	ARNTL_bHLH_1
ISL1_chr5:51392398-51392614_Ledidi_run-8_target-10.88_7	1043	1057	0.4280520960522871	0.04286440117339201	ARNTL_bHLH_1
ISL1_chr5:51392398-51392614_Ledidi_run-8_target-10.88_7	1053	1067	0.4752289806088408	0.03009516326587541	SP2_HUMAN.H11MO.0.A
ISL1_chr5:51392398-51392614_Ledidi_run-8_target-10.88_7	1058	1081	1.5647890539841343	0.0068783016314575415	NDF2_MOUSE.H11MO.0.A
ISL1_chr5:51392398-51392614_Ledidi_run-8_target-10.88_7	1071	1092	1.4993082300591354	5.2041224226560264e-05	FOXA2_HUMAN.H11MO.0.A
ISL1_chr5:51392398-51392614_Ledidi_run-8_target-10.88_8	1011	1046	1.9232042789996706	0.010759982490187198	MEOX2_MA0706.1
ISL1_chr5:51392398-51392614_Ledidi_run-8_target-10.88_8	1037	1051	0.5244389666703491	0.04221661594611272	ARNTL_bHLH_1
ISL1_chr5:51392398-51392614_Ledidi_run-8_target-10.88_8	1056	1079	1.7675355328370936	0.03354123135876334	NDF2_MOUSE.H11MO.0.A
ISL1_chr5:51392398-51392614_Ledidi_run-8_target-10.88_8	1069	1097	2.2519291730117144	0.0012722748579196718	FOXA2_HUMAN.H11MO.0.A
ISL1_chr5:51392398-51392614_Ledidi_run-8_target-10.88_9	997	1018	0.7781770622248765	0.017128717397221594	FOXA2_HUMAN.H11MO.0.A
ISL1_chr5:51392398-51392614_Ledidi_run-8_target-10.88_9	1009	1032	1.2112881237598265	0.03485942775149378	FOXA2_HUMAN.H11MO.0.A
ISL1_chr5:51392398-51392614_Ledidi_run-8_target-10.88_9	1055	1071	1.0365048083293598	0.03009516326587541	TYY1_HUMAN.H11MO.0.A
ISL1_chr5:51392398-51392614_Ledidi_run-8_target-10.88_9	1061	1096	3.012563624188398	3.362361452890566e-06	FOXA2_HUMAN.H11MO.0.A
ISL1_chr5:51392398-51392614_Ledidi_run-8_target-10.88_9	1087	1101	0.42600091217321356	0.04624528289440415	MAFB_HUMAN.H11MO.0.B
ISL1_chr5:51392398-51392614_Ledidi_run-8_target-5.87_1	1012	1030	0.4686749399084582	0.04352150009819771	FOXA2_HUMAN.H11MO.0.A
ISL1_chr5:51392398-51392614_Ledidi_run-8_target-5.87_1	1071	1086	0.41735503764752413	0.046752993653437686	FOXA2_HUMAN.H11MO.0.A
ISL1_chr5:51392398-51392614_Ledidi_run-8_target-5.87_10	1013	1032	0.5730722727216486	0.019793757214139004	FOXA2_HUMAN.H11MO.0.A
ISL1_chr5:51392398-51392614_Ledidi_run-8_target-5.87_10	1072	1089	0.419194019091081	0.0448640872989144	FOXA2_HUMAN.H11MO.0.A
ISL1_chr5:51392398-51392614_Ledidi_run-8_target-5.87_2	1011	1031	0.6004647057175948	0.04589631419228254	FOXA2_HUMAN.H11MO.0.A
ISL1_chr5:51392398-51392614_Ledidi_run-8_target-5.87_2	1025	1039	0.31914122312765425	0.04253935132010999	ETV6_MOUSE.H11MO.0.C
ISL1_chr5:51392398-51392614_Ledidi_run-8_target-5.87_2	1071	1089	0.5080583292970537	0.029630840137533875	FOXA2_HUMAN.H11MO.0.A
ISL1_chr5:51392398-51392614_Ledidi_run-8_target-5.87_3	1012	1032	0.6201969744719309	0.028277587506706697	FOXA2_HUMAN.H11MO.0.A
ISL1_chr5:51392398-51392614_Ledidi_run-8_target-5.87_4	1011	1031	0.5991374239067554	0.04002110100333834	FOXA2_HUMAN.H11MO.0.A
ISL1_chr5:51392398-51392614_Ledidi_run-8_target-5.87_4	1071	1089	0.4921602503703857	0.028057710553803093	FOXA2_HUMAN.H11MO.0.A
ISL1_chr5:51392398-51392614_Ledidi_run-8_target-5.87_5	1013	1031	0.4728319783544427	0.01769384179489903	FOXA2_HUMAN.H11MO.0.A
ISL1_chr5:51392398-51392614_Ledidi_run-8_target-5.87_6	1011	1032	0.664086708140802	0.04221661594611272	FOXA2_HUMAN.H11MO.0.A
ISL1_chr5:51392398-51392614_Ledidi_run-8_target-5.87_6	1071	1089	0.4993356056475191	0.025339702321310897	FOXA2_HUMAN.H11MO.0.A
ISL1_chr5:51392398-51392614_Ledidi_run-8_target-5.87_7	1011	1032	0.5632051442538348	0.04695064795138151	FOXA2_HUMAN.H11MO.0.A
ISL1_chr5:51392398-51392614_Ledidi_run-8_target-5.87_7	1071	1087	0.398011292683887	0.0431917794291362	FOXA2_HUMAN.H11MO.0.A
ISL1_chr5:51392398-51392614_Ledidi_run-8_target-5.87_8	1012	1031	0.5953321392675233	0.035949002347687255	FOXA2_HUMAN.H11MO.0.A
ISL1_chr5:51392398-51392614_Ledidi_run-8_target-5.87_8	1071	1089	0.4682334087386515	0.03009516326587541	FOXA2_HUMAN.H11MO.0.A
ISL1_chr5:51392398-51392614_Ledidi_run-8_target-5.87_9	1012	1032	0.560571278356278	0.033027218663415445	FOXA2_HUMAN.H11MO.0.A
ISL1_chr5:51392398-51392614_Ledidi_run-8_target-5.87_9	1071	1088	0.3935321372076681	0.04766601648500149	FOXA2_HUMAN.H11MO.0.A
ISL1_chr5:51392398-51392614_Ledidi_run-8_target-6.42_1	1009	1040	1.5847511361491815	0.0498733870590643	JUN+JUNB_MA1133.1
ISL1_chr5:51392398-51392614_Ledidi_run-8_target-6.42_1	1072	1089	0.3882404402727282	0.04002110100333834	FOXA2_HUMAN.H11MO.0.A
ISL1_chr5:51392398-51392614_Ledidi_run-8_target-6.42_10	1011	1031	0.6242400664824557	0.018573313143212488	FOXA2_HUMAN.H11MO.0.A
ISL1_chr5:51392398-51392614_Ledidi_run-8_target-6.42_10	1072	1089	0.4431581074041968	0.020949658132342976	FOXA2_HUMAN.H11MO.0.A
ISL1_chr5:51392398-51392614_Ledidi_run-8_target-6.42_2	1011	1030	0.48546828756609506	0.03622637481763158	FOXA2_HUMAN.H11MO.0.A
ISL1_chr5:51392398-51392614_Ledidi_run-8_target-6.42_2	1072	1089	0.4351962251392423	0.03485942775149378	FOXA2_HUMAN.H11MO.0.A
ISL1_chr5:51392398-51392614_Ledidi_run-8_target-6.42_3	1011	1032	0.7409348282339879	0.02128678322634035	FOXA2_HUMAN.H11MO.0.A
ISL1_chr5:51392398-51392614_Ledidi_run-8_target-6.42_3	1071	1086	0.42259646492717406	0.04221661594611272	FOXA2_HUMAN.H11MO.0.A
ISL1_chr5:51392398-51392614_Ledidi_run-8_target-6.42_4	1010	1033	1.1656569088702815	0.0448640872989144	JUN+JUNB_MA1133.1
ISL1_chr5:51392398-51392614_Ledidi_run-8_target-6.42_4	1023	1039	0.7689989262403075	0.027214304391552525	JUN+JUNB_MA1133.1
ISL1_chr5:51392398-51392614_Ledidi_run-8_target-6.42_4	1071	1089	0.46755362861302574	0.04286440117339201	FOXA2_HUMAN.H11MO.0.A
ISL1_chr5:51392398-51392614_Ledidi_run-8_target-6.42_5	1012	1032	0.6871144159696142	0.022685843285046595	FOXA2_HUMAN.H11MO.0.A
ISL1_chr5:51392398-51392614_Ledidi_run-8_target-6.42_5	1071	1088	0.4054182976583416	0.03911348485364352	FOXA2_HUMAN.H11MO.0.A
ISL1_chr5:51392398-51392614_Ledidi_run-8_target-6.42_6	1011	1032	0.6680745683570413	0.02514104809188975	FOXA2_HUMAN.H11MO.0.A
ISL1_chr5:51392398-51392614_Ledidi_run-8_target-6.42_6	1071	1089	0.49287685739407405	0.04253935132010999	FOXA2_HUMAN.H11MO.0.A
ISL1_chr5:51392398-51392614_Ledidi_run-8_target-6.42_7	1011	1032	0.6886512346072436	0.04253935132010999	FOXA2_HUMAN.H11MO.0.A
ISL1_chr5:51392398-51392614_Ledidi_run-8_target-6.42_7	1071	1087	0.4360022563532462	0.0431917794291362	FOXA2_HUMAN.H11MO.0.A
ISL1_chr5:51392398-51392614_Ledidi_run-8_target-6.42_8	1011	1032	0.7320909911800415	0.024169142632964005	FOXA2_HUMAN.H11MO.0.A
ISL1_chr5:51392398-51392614_Ledidi_run-8_target-6.42_8	1071	1088	0.3928201156421618	0.03793350801322296	FOXA2_HUMAN.H11MO.0.A
ISL1_chr5:51392398-51392614_Ledidi_run-8_target-6.42_9	1011	1032	0.7423965362724596	0.01372140150133723	FOXA2_HUMAN.H11MO.0.A
ISL1_chr5:51392398-51392614_Ledidi_run-8_target-6.42_9	1026	1043	0.4013879154310911	0.027407557497725457	NFYB_HUMAN.H11MO.0.A
ISL1_chr5:51392398-51392614_Ledidi_run-8_target-6.42_9	1072	1087	0.3792075451349488	0.03056627161134241	FOXA2_HUMAN.H11MO.0.A
ISL1_chr5:51392398-51392614_Ledidi_run-8_target-7.64_1	995	1017	0.9083297957365828	0.03459194355839432	FOXA2_HUMAN.H11MO.0.A
ISL1_chr5:51392398-51392614_Ledidi_run-8_target-7.64_1	1011	1032	0.860799017983934	0.014183944016136011	FOXA2_HUMAN.H11MO.0.A
ISL1_chr5:51392398-51392614_Ledidi_run-8_target-7.64_1	1071	1090	0.5120824711972958	0.028057710553803093	FOXA2_HUMAN.H11MO.0.A
ISL1_chr5:51392398-51392614_Ledidi_run-8_target-7.64_10	994	1018	1.17480324207457	0.01644528931493413	FOXA2_HUMAN.H11MO.0.A
ISL1_chr5:51392398-51392614_Ledidi_run-8_target-7.64_10	1010	1032	1.1338569294126588	0.03650576667085745	FOXA2_HUMAN.H11MO.0.A
ISL1_chr5:51392398-51392614_Ledidi_run-8_target-7.64_10	1024	1040	0.4935429364656443	0.04157803279634765	NFYB_HUMAN.H11MO.0.A
ISL1_chr5:51392398-51392614_Ledidi_run-8_target-7.64_10	1053	1067	0.31322650776569994	0.04352150009819771	SP2_HUMAN.H11MO.0.A
ISL1_chr5:51392398-51392614_Ledidi_run-8_target-7.64_10	1065	1079	0.4783989933787529	0.0498733870590643	TYY1_HUMAN.H11MO.0.A
ISL1_chr5:51392398-51392614_Ledidi_run-8_target-7.64_10	1071	1089	0.5732064341037977	0.023978966652746625	FOXA2_HUMAN.H11MO.0.A
ISL1_chr5:51392398-51392614_Ledidi_run-8_target-7.64_2	994	1017	1.0663317032929327	0.02719396133312981	FOXA2_HUMAN.H11MO.0.A
ISL1_chr5:51392398-51392614_Ledidi_run-8_target-7.64_2	1011	1032	1.034039338356544	0.012415202241707323	FOXA2_HUMAN.H11MO.0.A
ISL1_chr5:51392398-51392614_Ledidi_run-8_target-7.64_2	1070	1089	0.553850233904901	0.03252062335264242	FOXA2_HUMAN.H11MO.0.A
ISL1_chr5:51392398-51392614_Ledidi_run-8_target-7.64_3	994	1018	1.0592896187575211	0.02379017014912958	FOXA2_HUMAN.H11MO.0.A
ISL1_chr5:51392398-51392614_Ledidi_run-8_target-7.64_3	1011	1032	1.0864820273908868	0.005324226951442083	FOXA2_HUMAN.H11MO.0.A
ISL1_chr5:51392398-51392614_Ledidi_run-8_target-7.64_3	1025	1040	0.537660853252615	0.02474804221978688	NFYB_HUMAN.H11MO.0.A
ISL1_chr5:51392398-51392614_Ledidi_run-8_target-7.64_3	1071	1088	0.41022339065934066	0.04063716777415878	FOXA2_HUMAN.H11MO.0.A
ISL1_chr5:51392398-51392614_Ledidi_run-8_target-7.64_4	994	1017	1.1438245347718012	0.02635488941340899	FOXA2_HUMAN.H11MO.0.A
ISL1_chr5:51392398-51392614_Ledidi_run-8_target-7.64_4	1010	1033	1.1512443969076773	0.014301773721714803	FOXA2_HUMAN.H11MO.0.A
ISL1_chr5:51392398-51392614_Ledidi_run-8_target-7.64_4	1025	1040	0.500803971064494	0.04766601648500149	NFYB_HUMAN.H11MO.0.A
ISL1_chr5:51392398-51392614_Ledidi_run-8_target-7.64_4	1071	1090	0.6346118528331917	0.02029009731337448	FOXA2_HUMAN.H11MO.0.A
ISL1_chr5:51392398-51392614_Ledidi_run-8_target-7.64_5	995	1017	1.040697616107675	0.017409202472093384	FOXA2_HUMAN.H11MO.0.A
ISL1_chr5:51392398-51392614_Ledidi_run-8_target-7.64_5	1009	1033	1.2828088230606798	0.03567363531992702	FOXA2_HUMAN.H11MO.0.A
ISL1_chr5:51392398-51392614_Ledidi_run-8_target-7.64_5	1023	1042	0.8639951725062196	0.02677138457031075	NFYB_HUMAN.H11MO.0.A
ISL1_chr5:51392398-51392614_Ledidi_run-8_target-7.64_5	1043	1057	0.28484441443890995	0.04002110100333834	ARNTL_bHLH_1
ISL1_chr5:51392398-51392614_Ledidi_run-8_target-7.64_5	1070	1089	0.5963474256781898	0.02436070752121386	FOXA2_HUMAN.H11MO.0.A
ISL1_chr5:51392398-51392614_Ledidi_run-8_target-7.64_6	997	1018	0.9865276005911452	0.005975353775446093	FOXA2_HUMAN.H11MO.0.A
ISL1_chr5:51392398-51392614_Ledidi_run-8_target-7.64_6	1009	1032	1.2083048075261962	0.03128588042916564	FOXA2_HUMAN.H11MO.0.A
ISL1_chr5:51392398-51392614_Ledidi_run-8_target-7.64_6	1025	1039	0.4265663403566573	0.049127257957482524	ETV6_MOUSE.H11MO.0.C
ISL1_chr5:51392398-51392614_Ledidi_run-8_target-7.64_6	1071	1090	0.6521238382227104	0.020949658132342976	FOXA2_HUMAN.H11MO.0.A
ISL1_chr5:51392398-51392614_Ledidi_run-8_target-7.64_7	996	1016	1.0380564822113691	0.01013980071985564	FOXA2_HUMAN.H11MO.0.A
ISL1_chr5:51392398-51392614_Ledidi_run-8_target-7.64_7	1006	1033	1.6570125867255396	0.039716378487932046	CEBPB_HUMAN.H11MO.0.A
ISL1_chr5:51392398-51392614_Ledidi_run-8_target-7.64_7	1025	1040	0.5133633455002564	0.03009516326587541	NFYB_HUMAN.H11MO.0.A
ISL1_chr5:51392398-51392614_Ledidi_run-8_target-7.64_7	1031	1045	0.4068352417611818	0.04766601648500149	NFYB_HUMAN.H11MO.0.A
ISL1_chr5:51392398-51392614_Ledidi_run-8_target-7.64_7	1071	1090	0.5473963959503263	0.014782028252133943	FOXA2_HUMAN.H11MO.0.A
ISL1_chr5:51392398-51392614_Ledidi_run-8_target-7.64_8	994	1018	1.1034808958143807	0.03793350801322296	FOXA2_HUMAN.H11MO.0.A
ISL1_chr5:51392398-51392614_Ledidi_run-8_target-7.64_8	1010	1033	1.1657363557216822	0.022685843285046595	FOXA2_HUMAN.H11MO.0.A
ISL1_chr5:51392398-51392614_Ledidi_run-8_target-7.64_8	1028	1042	0.46464352833012246	0.027622706940374598	NFYB_HUMAN.H11MO.0.A
ISL1_chr5:51392398-51392614_Ledidi_run-8_target-7.64_8	1072	1086	0.35036274219754837	0.03567363531992702	FOXA2_HUMAN.H11MO.0.A
ISL1_chr5:51392398-51392614_Ledidi_run-8_target-7.64_9	996	1017	0.9095940096113131	0.005767515501131501	FOXA2_HUMAN.H11MO.0.A
ISL1_chr5:51392398-51392614_Ledidi_run-8_target-7.64_9	1010	1033	1.2158149104786	0.035949002347687255	FOXA2_HUMAN.H11MO.0.A
ISL1_chr5:51392398-51392614_Ledidi_run-8_target-7.64_9	1025	1045	0.6358610858507863	0.03152925435595684	NFYB_HUMAN.H11MO.0.A
ISL1_chr5:51392398-51392614_Ledidi_run-8_target-7.64_9	1071	1090	0.6757512988926648	0.018573313143212488	FOXA2_HUMAN.H11MO.0.A
ISL1_chr5:51392398-51392614_Ledidi_run-9_target-10.88_1	952	973	0.7725204391474505	0.03678719194327901	RFX6_MOUSE.H11MO.0.C
ISL1_chr5:51392398-51392614_Ledidi_run-9_target-10.88_1	968	987	0.6116374424787838	0.02872214971742666	FOXA2_HUMAN.H11MO.0.A
ISL1_chr5:51392398-51392614_Ledidi_run-9_target-10.88_1	982	1002	0.6624099502023697	0.020782944543160292	HNF6_HUMAN.H11MO.0.B
ISL1_chr5:51392398-51392614_Ledidi_run-9_target-10.88_1	995	1018	1.211927409592922	0.041262157128128175	FOXA2_HUMAN.H11MO.0.A
ISL1_chr5:51392398-51392614_Ledidi_run-9_target-10.88_1	1009	1033	1.65830943579002	0.012311677030444858	FOXA2_HUMAN.H11MO.0.A
ISL1_chr5:51392398-51392614_Ledidi_run-9_target-10.88_1	1025	1047	0.903207473293671	0.04002110100333834	MEOX2_MA0706.1
ISL1_chr5:51392398-51392614_Ledidi_run-9_target-10.88_1	1070	1099	1.3614650133200952	0.020128217678028606	RFX6_MOUSE.H11MO.0.C
ISL1_chr5:51392398-51392614_Ledidi_run-9_target-10.88_10	952	975	0.8461787864452264	0.019649667726908415	RFX6_MOUSE.H11MO.0.C
ISL1_chr5:51392398-51392614_Ledidi_run-9_target-10.88_10	968	990	0.9149460405799121	0.04452485662729606	FOXA2_HUMAN.H11MO.0.A
ISL1_chr5:51392398-51392614_Ledidi_run-9_target-10.88_10	984	1001	0.46830715677010004	0.018424025822484025	TAL1_HUMAN.H11MO.0.A
ISL1_chr5:51392398-51392614_Ledidi_run-9_target-10.88_10	996	1016	0.8451144304122171	0.019649667726908415	FOXA2_HUMAN.H11MO.0.A
ISL1_chr5:51392398-51392614_Ledidi_run-9_target-10.88_10	1006	1033	1.8640697246396907	0.04695064795138151	CEBPB_HUMAN.H11MO.0.A
ISL1_chr5:51392398-51392614_Ledidi_run-9_target-10.88_10	1023	1047	1.3530328038447292	0.022151565562005048	MEOX2_MA0706.1
ISL1_chr5:51392398-51392614_Ledidi_run-9_target-10.88_10	1070	1099	1.5657556938485948	0.006999674496280945	RFX6_MOUSE.H11MO.0.C
ISL1_chr5:51392398-51392614_Ledidi_run-9_target-10.88_2	952	973	0.6996389344664327	0.017409202472093384	RFX6_MOUSE.H11MO.0.C
ISL1_chr5:51392398-51392614_Ledidi_run-9_target-10.88_2	968	985	0.7221657257353166	0.003210298683984256	FOXA2_HUMAN.H11MO.0.A
ISL1_chr5:51392398-51392614_Ledidi_run-9_target-10.88_2	975	990	0.7763788183868694	0.02660979124313303	FOXA2_HUMAN.H11MO.0.A
ISL1_chr5:51392398-51392614_Ledidi_run-9_target-10.88_2	980	1002	1.015847566270367	0.023231964537215495	HNF6_HUMAN.H11MO.0.B
ISL1_chr5:51392398-51392614_Ledidi_run-9_target-10.88_2	994	1018	1.1965550207901832	0.013495322680601614	FOXA2_HUMAN.H11MO.0.A
ISL1_chr5:51392398-51392614_Ledidi_run-9_target-10.88_2	1009	1031	1.343396586063362	0.03354123135876334	FOXA2_HUMAN.H11MO.0.A
ISL1_chr5:51392398-51392614_Ledidi_run-9_target-10.88_2	1021	1046	1.2709473003627734	0.04589631419228254	ETV6_MOUSE.H11MO.0.C
ISL1_chr5:51392398-51392614_Ledidi_run-9_target-10.88_2	1061	1075	0.3712906341506006	0.04730707420613627	RFX6_MOUSE.H11MO.0.C
ISL1_chr5:51392398-51392614_Ledidi_run-9_target-10.88_2	1070	1098	1.3205901893551406	0.02286655598660098	RFX6_MOUSE.H11MO.0.C
ISL1_chr5:51392398-51392614_Ledidi_run-9_target-10.88_3	955	972	0.4733868383476318	0.0373561988327741	RFX6_MOUSE.H11MO.0.C
ISL1_chr5:51392398-51392614_Ledidi_run-9_target-10.88_3	968	983	0.49297192788582367	0.03449130720161393	FOXA2_HUMAN.H11MO.0.A
ISL1_chr5:51392398-51392614_Ledidi_run-9_target-10.88_3	996	1018	0.8465101670911652	0.023602743782745655	FOXA2_HUMAN.H11MO.0.A
ISL1_chr5:51392398-51392614_Ledidi_run-9_target-10.88_3	1010	1033	1.4023720883698558	0.011036377949139078	FOXA2_HUMAN.H11MO.0.A
ISL1_chr5:51392398-51392614_Ledidi_run-9_target-10.88_3	1025	1048	0.8845954644945739	0.03540025979293725	MEOX2_MA0706.1
ISL1_chr5:51392398-51392614_Ledidi_run-9_target-10.88_3	1070	1102	2.0814527677435013	0.008472127727752632	RFX6_MOUSE.H11MO.0.C
ISL1_chr5:51392398-51392614_Ledidi_run-9_target-10.88_4	952	973	0.8253504820912384	0.007570811209015223	RFX6_MOUSE.H11MO.0.C
ISL1_chr5:51392398-51392614_Ledidi_run-9_target-10.88_4	968	989	0.8262254662296116	0.022328356818105913	FOXA2_HUMAN.H11MO.0.A
ISL1_chr5:51392398-51392614_Ledidi_run-9_target-10.88_4	981	1001	0.7001184780618979	0.03080440211150591	TAL1_HUMAN.H11MO.0.A
ISL1_chr5:51392398-51392614_Ledidi_run-9_target-10.88_4	997	1018	0.9069327778242409	0.003210298683984256	FOXA2_HUMAN.H11MO.0.A
ISL1_chr5:51392398-51392614_Ledidi_run-9_target-10.88_4	1009	1034	1.7344435484595264	0.014301773721714803	FOXA2_HUMAN.H11MO.0.A
ISL1_chr5:51392398-51392614_Ledidi_run-9_target-10.88_4	1025	1048	1.0592731021265247	0.024553670844057802	MEOX2_MA0706.1
ISL1_chr5:51392398-51392614_Ledidi_run-9_target-10.88_4	1053	1067	0.2916235123014408	0.03459194355839432	SP2_HUMAN.H11MO.0.A
ISL1_chr5:51392398-51392614_Ledidi_run-9_target-10.88_4	1064	1078	0.5176094052120037	0.040328026075753344	TYY1_HUMAN.H11MO.0.A
ISL1_chr5:51392398-51392614_Ledidi_run-9_target-10.88_4	1070	1099	1.5037425387454846	0.004739817942324022	RFX6_MOUSE.H11MO.0.C
ISL1_chr5:51392398-51392614_Ledidi_run-9_target-10.88_5	955	975	0.6704147947912182	0.019181572505438713	RFX6_MOUSE.H11MO.0.C
ISL1_chr5:51392398-51392614_Ledidi_run-9_target-10.88_5	968	987	0.7747409587572829	0.013950928018901005	FOXA2_HUMAN.H11MO.0.A
ISL1_chr5:51392398-51392614_Ledidi_run-9_target-10.88_5	980	1001	0.9214950858248191	0.0155298172841976	HNF6_HUMAN.H11MO.0.B
ISL1_chr5:51392398-51392614_Ledidi_run-9_target-10.88_5	994	1018	1.1094871932589832	0.016178883238902576	FOXA2_HUMAN.H11MO.0.A
ISL1_chr5:51392398-51392614_Ledidi_run-9_target-10.88_5	1010	1031	1.2136645829294785	0.02474804221978688	FOXA2_HUMAN.H11MO.0.A
ISL1_chr5:51392398-51392614_Ledidi_run-9_target-10.88_5	1021	1046	1.3098220752930172	0.0498733870590643	ETV6_MOUSE.H11MO.0.C
ISL1_chr5:51392398-51392614_Ledidi_run-9_target-10.88_5	1070	1092	1.1241199499850074	0.021976064048050057	FOXA2_HUMAN.H11MO.0.A
ISL1_chr5:51392398-51392614_Ledidi_run-9_target-10.88_5	1082	1098	0.6788292764690969	0.00742923408396414	RFX6_MOUSE.H11MO.0.C
ISL1_chr5:51392398-51392614_Ledidi_run-9_target-10.88_6	953	974	0.6438578358619311	0.04589631419228254	RFX6_MOUSE.H11MO.0.C
ISL1_chr5:51392398-51392614_Ledidi_run-9_target-10.88_6	968	989	0.821392380399182	0.012730601424875655	FOXA2_HUMAN.H11MO.0.A
ISL1_chr5:51392398-51392614_Ledidi_run-9_target-10.88_6	981	1001	0.9628774174612518	0.007570811209015223	HNF6_HUMAN.H11MO.0.B
ISL1_chr5:51392398-51392614_Ledidi_run-9_target-10.88_6	992	1016	1.3565418526299609	0.03650576667085745	ETV6_MOUSE.H11MO.0.C
ISL1_chr5:51392398-51392614_Ledidi_run-9_target-10.88_6	1006	1033	2.043049046068181	0.018468429370029182	CEBPB_HUMAN.H11MO.0.A
ISL1_chr5:51392398-51392614_Ledidi_run-9_target-10.88_6	1023	1046	1.2347142707459682	0.02474804221978688	MEOX2_MA0706.1
ISL1_chr5:51392398-51392614_Ledidi_run-9_target-10.88_6	1045	1059	0.2655272827751638	0.04221661594611272	MEOX2_MA0706.1
ISL1_chr5:51392398-51392614_Ledidi_run-9_target-10.88_6	1070	1097	1.2941941245444148	0.017550999021701732	RFX6_MOUSE.H11MO.0.C
ISL1_chr5:51392398-51392614_Ledidi_run-9_target-10.88_7	952	973	0.7878216989111252	0.01591637661675091	RFX6_MOUSE.H11MO.0.C
ISL1_chr5:51392398-51392614_Ledidi_run-9_target-10.88_7	968	985	0.6372144135313632	0.02872214971742666	FOXA2_HUMAN.H11MO.0.A
ISL1_chr5:51392398-51392614_Ledidi_run-9_target-10.88_7	975	989	0.45432294792706474	0.03540025979293725	FOXA2_HUMAN.H11MO.0.A
ISL1_chr5:51392398-51392614_Ledidi_run-9_target-10.88_7	985	1000	0.38690856288240427	0.023978966652746625	HNF6_HUMAN.H11MO.0.B
ISL1_chr5:51392398-51392614_Ledidi_run-9_target-10.88_7	996	1018	0.9849511777382478	0.016852326364993054	FOXA2_HUMAN.H11MO.0.A
ISL1_chr5:51392398-51392614_Ledidi_run-9_target-10.88_7	1009	1032	1.5869652781889814	0.03177440233200031	FOXA2_HUMAN.H11MO.0.A
ISL1_chr5:51392398-51392614_Ledidi_run-9_target-10.88_7	1024	1046	0.9763133902546404	0.04418802463977276	MEOX2_MA0706.1
ISL1_chr5:51392398-51392614_Ledidi_run-9_target-10.88_7	1059	1073	0.43702346738872144	0.04949901644459642	SP2_HUMAN.H11MO.0.A
ISL1_chr5:51392398-51392614_Ledidi_run-9_target-10.88_7	1065	1079	0.6031954615893103	0.03354123135876334	TYY1_HUMAN.H11MO.0.A
ISL1_chr5:51392398-51392614_Ledidi_run-9_target-10.88_7	1070	1102	1.7369204126538733	0.01151168380137576	RFX6_MOUSE.H11MO.0.C
ISL1_chr5:51392398-51392614_Ledidi_run-9_target-10.88_8	952	974	0.9003637407605249	0.009311087800832092	RFX6_MOUSE.H11MO.0.C
ISL1_chr5:51392398-51392614_Ledidi_run-9_target-10.88_8	968	991	1.1046710326242288	0.01490435278529703	FOXA2_HUMAN.H11MO.0.A
ISL1_chr5:51392398-51392614_Ledidi_run-9_target-10.88_8	981	1002	0.9621471627082525	0.006244943578331149	TAL1_HUMAN.H11MO.0.A
ISL1_chr5:51392398-51392614_Ledidi_run-9_target-10.88_8	996	1017	0.887977334035742	0.018424025822484025	FOXA2_HUMAN.H11MO.0.A
ISL1_chr5:51392398-51392614_Ledidi_run-9_target-10.88_8	1009	1033	1.249791004620159	0.03512886189237361	FOXA2_HUMAN.H11MO.0.A
ISL1_chr5:51392398-51392614_Ledidi_run-9_target-10.88_8	1024	1043	0.661190617207831	0.049127257957482524	ETV6_MOUSE.H11MO.0.C
ISL1_chr5:51392398-51392614_Ledidi_run-9_target-10.88_8	1070	1098	1.272446533918532	0.040328026075753344	RFX6_MOUSE.H11MO.0.C
ISL1_chr5:51392398-51392614_Ledidi_run-9_target-10.88_9	955	973	0.6271758818840076	0.017409202472093384	RFX6_MOUSE.H11MO.0.C
ISL1_chr5:51392398-51392614_Ledidi_run-9_target-10.88_9	967	990	0.9914704708655772	0.040328026075753344	FOXA2_HUMAN.H11MO.0.A
ISL1_chr5:51392398-51392614_Ledidi_run-9_target-10.88_9	980	1002	1.0798280272180103	0.033027218663415445	HNF6_HUMAN.H11MO.0.B
ISL1_chr5:51392398-51392614_Ledidi_run-9_target-10.88_9	994	1018	1.2079397865040762	0.019181572505438713	FOXA2_HUMAN.H11MO.0.A
ISL1_chr5:51392398-51392614_Ledidi_run-9_target-10.88_9	1009	1031	1.3080433352584029	0.045205730885551756	FOXA2_HUMAN.H11MO.0.A
ISL1_chr5:51392398-51392614_Ledidi_run-9_target-10.88_9	1021	1047	1.5306975852978764	0.04063716777415878	ETV6_MOUSE.H11MO.0.C
ISL1_chr5:51392398-51392614_Ledidi_run-9_target-10.88_9	1070	1098	1.1802652081065528	0.03567363531992702	RFX6_MOUSE.H11MO.0.C
ISL1_chr5:51392398-51392614_Ledidi_run-9_target-5.87_1	1011	1031	0.5300242021880998	0.03432639554286543	FOXA2_HUMAN.H11MO.0.A
ISL1_chr5:51392398-51392614_Ledidi_run-9_target-5.87_1	1074	1089	0.3851023073344919	0.02872214971742666	FOXA2_HUMAN.H11MO.0.A
ISL1_chr5:51392398-51392614_Ledidi_run-9_target-5.87_10	1011	1032	0.7713089323253343	0.018723703125906946	FOXA2_HUMAN.H11MO.0.A
ISL1_chr5:51392398-51392614_Ledidi_run-9_target-5.87_10	1071	1087	0.4030291958860235	0.04063716777415878	FOXA2_HUMAN.H11MO.0.A
ISL1_chr5:51392398-51392614_Ledidi_run-9_target-5.87_2	1011	1031	0.6244924411378022	0.020453172647154634	FOXA2_HUMAN.H11MO.0.A
ISL1_chr5:51392398-51392614_Ledidi_run-9_target-5.87_2	1072	1089	0.41210136516786067	0.030329862935364073	FOXA2_HUMAN.H11MO.0.A
ISL1_chr5:51392398-51392614_Ledidi_run-9_target-5.87_3	1012	1030	0.4826176491231147	0.03822531123050392	FOXA2_HUMAN.H11MO.0.A
ISL1_chr5:51392398-51392614_Ledidi_run-9_target-5.87_3	1071	1087	0.4072952863143251	0.04985515610220864	FOXA2_HUMAN.H11MO.0.A
ISL1_chr5:51392398-51392614_Ledidi_run-9_target-5.87_4	1011	1031	0.5549784100248367	0.039329364511850456	FOXA2_HUMAN.H11MO.0.A
ISL1_chr5:51392398-51392614_Ledidi_run-9_target-5.87_4	1071	1087	0.4440864171148593	0.048027490240037725	FOXA2_HUMAN.H11MO.0.A
ISL1_chr5:51392398-51392614_Ledidi_run-9_target-5.87_5	1011	1032	0.6742782948831771	0.03512886189237361	FOXA2_HUMAN.H11MO.0.A
ISL1_chr5:51392398-51392614_Ledidi_run-9_target-5.87_5	1074	1089	0.32330719063303337	0.0448640872989144	FOXA2_HUMAN.H11MO.0.A
ISL1_chr5:51392398-51392614_Ledidi_run-9_target-5.87_6	1012	1032	0.570929716884479	0.04286440117339201	FOXA2_HUMAN.H11MO.0.A
ISL1_chr5:51392398-51392614_Ledidi_run-9_target-5.87_6	1071	1087	0.44448602204408405	0.03485942775149378	FOXA2_HUMAN.H11MO.0.A
ISL1_chr5:51392398-51392614_Ledidi_run-9_target-5.87_7	1011	1032	0.6182971727389771	0.04659672254190507	FOXA2_HUMAN.H11MO.0.A
ISL1_chr5:51392398-51392614_Ledidi_run-9_target-5.87_7	1071	1089	0.4302294976346075	0.041262157128128175	FOXA2_HUMAN.H11MO.0.A
ISL1_chr5:51392398-51392614_Ledidi_run-9_target-5.87_8	1011	1032	0.7350873048710544	0.01604714572790736	FOXA2_HUMAN.H11MO.0.A
ISL1_chr5:51392398-51392614_Ledidi_run-9_target-5.87_8	1071	1089	0.440708391118956	0.04730707420613627	FOXA2_HUMAN.H11MO.0.A
ISL1_chr5:51392398-51392614_Ledidi_run-9_target-5.87_9	1011	1032	0.6156691118899997	0.025944390463049208	FOXA2_HUMAN.H11MO.0.A
ISL1_chr5:51392398-51392614_Ledidi_run-9_target-5.87_9	1071	1089	0.4932006813593164	0.03941384448049547	FOXA2_HUMAN.H11MO.0.A
ISL1_chr5:51392398-51392614_Ledidi_run-9_target-6.42_1	1011	1032	1.0049917585901766	0.01013980071985564	FOXA2_HUMAN.H11MO.0.A
ISL1_chr5:51392398-51392614_Ledidi_run-9_target-6.42_1	1022	1040	0.7414741451097345	0.01798269740025829	JUN+JUNB_MA1133.1
ISL1_chr5:51392398-51392614_Ledidi_run-9_target-6.42_1	1071	1090	0.5448532486794728	0.031044267384158657	FOXA2_HUMAN.H11MO.0.A
ISL1_chr5:51392398-51392614_Ledidi_run-9_target-6.42_10	1011	1032	0.8909545597495626	0.025741363357414056	FOXA2_HUMAN.H11MO.0.A
ISL1_chr5:51392398-51392614_Ledidi_run-9_target-6.42_10	1022	1038	0.6420361470730503	0.04452485662729606	JUN+JUNB_MA1133.1
ISL1_chr5:51392398-51392614_Ledidi_run-9_target-6.42_10	1071	1089	0.4989317782253717	0.03941384448049547	FOXA2_HUMAN.H11MO.0.A
ISL1_chr5:51392398-51392614_Ledidi_run-9_target-6.42_2	1011	1033	1.06430008139054	0.0155298172841976	FOXA2_HUMAN.H11MO.0.A
ISL1_chr5:51392398-51392614_Ledidi_run-9_target-6.42_2	1023	1041	0.7487245592219085	0.009884285565796883	JUN+JUNB_MA1133.1
ISL1_chr5:51392398-51392614_Ledidi_run-9_target-6.42_2	1071	1089	0.5318598458321773	0.018875204103307865	FOXA2_HUMAN.H11MO.0.A
ISL1_chr5:51392398-51392614_Ledidi_run-9_target-6.42_3	1011	1032	0.9757804866216435	0.017837738624264014	FOXA2_HUMAN.H11MO.0.A
ISL1_chr5:51392398-51392614_Ledidi_run-9_target-6.42_3	1022	1040	0.7983003350039313	0.016990013813824208	JUN+JUNB_MA1133.1
ISL1_chr5:51392398-51392614_Ledidi_run-9_target-6.42_3	1071	1090	0.5823285993906837	0.03540025979293725	FOXA2_HUMAN.H11MO.0.A
ISL1_chr5:51392398-51392614_Ledidi_run-9_target-6.42_4	1011	1032	0.9787456819275082	0.011707052189679684	FOXA2_HUMAN.H11MO.0.A
ISL1_chr5:51392398-51392614_Ledidi_run-9_target-6.42_4	1022	1040	0.7186917459097649	0.020949658132342976	JUN+JUNB_MA1133.1
ISL1_chr5:51392398-51392614_Ledidi_run-9_target-6.42_4	1070	1089	0.5464134443425752	0.027407557497725457	FOXA2_HUMAN.H11MO.0.A
ISL1_chr5:51392398-51392614_Ledidi_run-9_target-6.42_5	1011	1032	0.9604480072980293	0.020453172647154634	FOXA2_HUMAN.H11MO.0.A
ISL1_chr5:51392398-51392614_Ledidi_run-9_target-6.42_5	1022	1040	0.7688449692302012	0.017268444460892787	JUN+JUNB_MA1133.1
ISL1_chr5:51392398-51392614_Ledidi_run-9_target-6.42_5	1070	1090	0.6265105990503559	0.03512886189237361	FOXA2_HUMAN.H11MO.0.A
ISL1_chr5:51392398-51392614_Ledidi_run-9_target-6.42_6	1011	1032	0.9180711173484708	0.03650576667085745	FOXA2_HUMAN.H11MO.0.A
ISL1_chr5:51392398-51392614_Ledidi_run-9_target-6.42_6	1022	1040	0.7652210724045981	0.018275832888547196	JUN+JUNB_MA1133.1
ISL1_chr5:51392398-51392614_Ledidi_run-9_target-6.42_6	1071	1090	0.5247432448466629	0.03432639554286543	FOXA2_HUMAN.H11MO.0.A
ISL1_chr5:51392398-51392614_Ledidi_run-9_target-6.42_7	1011	1032	0.9654190147242661	0.018723703125906946	FOXA2_HUMAN.H11MO.0.A
ISL1_chr5:51392398-51392614_Ledidi_run-9_target-6.42_7	1022	1040	0.7259851906898166	0.02635488941340899	JUN+JUNB_MA1133.1
ISL1_chr5:51392398-51392614_Ledidi_run-9_target-6.42_7	1071	1089	0.5355018114856986	0.030329862935364073	FOXA2_HUMAN.H11MO.0.A
ISL1_chr5:51392398-51392614_Ledidi_run-9_target-6.42_8	1011	1032	1.0503698250321007	0.016852326364993054	FOXA2_HUMAN.H11MO.0.A
ISL1_chr5:51392398-51392614_Ledidi_run-9_target-6.42_8	1022	1040	0.8571869419730195	0.013383563189678808	JUN+JUNB_MA1133.1
ISL1_chr5:51392398-51392614_Ledidi_run-9_target-6.42_8	1070	1089	0.5130318673166576	0.0498733870590643	FOXA2_HUMAN.H11MO.0.A
ISL1_chr5:51392398-51392614_Ledidi_run-9_target-6.42_9	1011	1032	0.9290608807384252	0.04253935132010999	FOXA2_HUMAN.H11MO.0.A
ISL1_chr5:51392398-51392614_Ledidi_run-9_target-6.42_9	1022	1039	0.7218670095032735	0.021117601510266027	JUN+JUNB_MA1133.1
ISL1_chr5:51392398-51392614_Ledidi_run-9_target-6.42_9	1071	1090	0.6241711841250628	0.03328329107543213	FOXA2_HUMAN.H11MO.0.A
ISL1_chr5:51392398-51392614_Ledidi_run-9_target-7.64_1	982	1000	0.5725196606343136	0.03177440233200031	FOXA2_HUMAN.H11MO.0.A
ISL1_chr5:51392398-51392614_Ledidi_run-9_target-7.64_1	991	1005	0.5636434374113629	0.04221661594611272	TYY1_HUMAN.H11MO.0.A
ISL1_chr5:51392398-51392614_Ledidi_run-9_target-7.64_1	995	1018	0.9890422971094585	0.048027490240037725	FOXA2_HUMAN.H11MO.0.A
ISL1_chr5:51392398-51392614_Ledidi_run-9_target-7.64_1	1009	1032	1.1223325443871126	0.037643808588512954	FOXA2_HUMAN.H11MO.0.A
ISL1_chr5:51392398-51392614_Ledidi_run-9_target-7.64_1	1028	1045	0.5758312750598629	0.03512886189237361	NFYB_HUMAN.H11MO.0.A
ISL1_chr5:51392398-51392614_Ledidi_run-9_target-7.64_1	1071	1089	0.5686838129584162	0.023602743782745655	FOXA2_HUMAN.H11MO.0.A
ISL1_chr5:51392398-51392614_Ledidi_run-9_target-7.64_10	990	1006	0.6520264529155586	0.048758094963275454	TYY1_HUMAN.H11MO.0.A
ISL1_chr5:51392398-51392614_Ledidi_run-9_target-7.64_10	997	1018	1.0229462256662334	0.005767515501131501	FOXA2_HUMAN.H11MO.0.A
ISL1_chr5:51392398-51392614_Ledidi_run-9_target-7.64_10	1010	1032	1.1524181464058127	0.02677138457031075	FOXA2_HUMAN.H11MO.0.A
ISL1_chr5:51392398-51392614_Ledidi_run-9_target-7.64_10	1026	1040	0.4299962498914951	0.03354123135876334	NFYB_HUMAN.H11MO.0.A
ISL1_chr5:51392398-51392614_Ledidi_run-9_target-7.64_10	1053	1067	0.24514695448822899	0.027407557497725457	SP2_HUMAN.H11MO.0.A
ISL1_chr5:51392398-51392614_Ledidi_run-9_target-7.64_10	1071	1090	0.6407003186464193	0.021117601510266027	FOXA2_HUMAN.H11MO.0.A
ISL1_chr5:51392398-51392614_Ledidi_run-9_target-7.64_2	991	1006	0.6187589007775228	0.04575919742798208	TYY1_HUMAN.H11MO.0.A
ISL1_chr5:51392398-51392614_Ledidi_run-9_target-7.64_2	996	1018	1.0077362179986287	0.015402859906307144	FOXA2_HUMAN.H11MO.0.A
ISL1_chr5:51392398-51392614_Ledidi_run-9_target-7.64_2	1010	1032	1.1341591129070605	0.023978966652746625	FOXA2_HUMAN.H11MO.0.A
ISL1_chr5:51392398-51392614_Ledidi_run-9_target-7.64_2	1028	1045	0.517513537592555	0.03406276995681486	NFYB_HUMAN.H11MO.0.A
ISL1_chr5:51392398-51392614_Ledidi_run-9_target-7.64_2	1070	1090	0.6641533903599566	0.025944390463049208	FOXA2_HUMAN.H11MO.0.A
ISL1_chr5:51392398-51392614_Ledidi_run-9_target-7.64_3	995	1017	1.0742153304904427	0.025539804036945758	FOXA2_HUMAN.H11MO.0.A
ISL1_chr5:51392398-51392614_Ledidi_run-9_target-7.64_3	1007	1032	1.4053519281493732	0.03793350801322296	CEBPB_HUMAN.H11MO.0.A
ISL1_chr5:51392398-51392614_Ledidi_run-9_target-7.64_3	1023	1042	0.7935822342820904	0.04766601648500149	NFYB_HUMAN.H11MO.0.A
ISL1_chr5:51392398-51392614_Ledidi_run-9_target-7.64_3	1071	1090	0.610072852512598	0.024943831367036446	FOXA2_HUMAN.H11MO.0.A
ISL1_chr5:51392398-51392614_Ledidi_run-9_target-7.64_4	996	1017	0.82702968226255	0.040328026075753344	FOXA2_HUMAN.H11MO.0.A
ISL1_chr5:51392398-51392614_Ledidi_run-9_target-7.64_4	1010	1032	1.0848014180129457	0.031044267384158657	FOXA2_HUMAN.H11MO.0.A
ISL1_chr5:51392398-51392614_Ledidi_run-9_target-7.64_4	1026	1040	0.41211810350767797	0.048758094963275454	NFYB_HUMAN.H11MO.0.A
ISL1_chr5:51392398-51392614_Ledidi_run-9_target-7.64_4	1070	1090	0.7207845118685117	0.027407557497725457	FOXA2_HUMAN.H11MO.0.A
ISL1_chr5:51392398-51392614_Ledidi_run-9_target-7.64_5	995	1017	0.8957019363563613	0.04452485662729606	FOXA2_HUMAN.H11MO.0.A
ISL1_chr5:51392398-51392614_Ledidi_run-9_target-7.64_5	1010	1032	1.1228465871238997	0.03252062335264242	FOXA2_HUMAN.H11MO.0.A
ISL1_chr5:51392398-51392614_Ledidi_run-9_target-7.64_5	1070	1090	0.6818196241439716	0.033027218663415445	FOXA2_HUMAN.H11MO.0.A
ISL1_chr5:51392398-51392614_Ledidi_run-9_target-7.64_6	997	1016	0.5899294183015313	0.022685843285046595	FOXA2_HUMAN.H11MO.0.A
ISL1_chr5:51392398-51392614_Ledidi_run-9_target-7.64_6	1011	1032	0.986120889578062	0.007440286613760191	FOXA2_HUMAN.H11MO.0.A
ISL1_chr5:51392398-51392614_Ledidi_run-9_target-7.64_6	1025	1042	0.5248197963014127	0.028499063326879095	NFYB_HUMAN.H11MO.0.A
ISL1_chr5:51392398-51392614_Ledidi_run-9_target-7.64_6	1070	1090	0.6394773821393755	0.0448640872989144	FOXA2_HUMAN.H11MO.0.A
ISL1_chr5:51392398-51392614_Ledidi_run-9_target-7.64_7	982	997	0.4069173647318002	0.029630840137533875	FOXA2_HUMAN.H11MO.0.A
ISL1_chr5:51392398-51392614_Ledidi_run-9_target-7.64_7	994	1018	1.1234492657923525	0.020453172647154634	FOXA2_HUMAN.H11MO.0.A
ISL1_chr5:51392398-51392614_Ledidi_run-9_target-7.64_7	1011	1032	1.07527159317258	0.006641392546856022	FOXA2_HUMAN.H11MO.0.A
ISL1_chr5:51392398-51392614_Ledidi_run-9_target-7.64_7	1025	1043	0.5645650956604493	0.04624528289440415	NFYB_HUMAN.H11MO.0.A
ISL1_chr5:51392398-51392614_Ledidi_run-9_target-7.64_7	1071	1089	0.5108473593252998	0.027839420844810524	FOXA2_HUMAN.H11MO.0.A
ISL1_chr5:51392398-51392614_Ledidi_run-9_target-7.64_8	995	1017	0.933120939089507	0.04659672254190507	FOXA2_HUMAN.H11MO.0.A
ISL1_chr5:51392398-51392614_Ledidi_run-9_target-7.64_8	1009	1032	1.240422118855712	0.0498733870590643	FOXA2_HUMAN.H11MO.0.A
ISL1_chr5:51392398-51392614_Ledidi_run-9_target-7.64_8	1025	1045	0.6477482272489961	0.029630840137533875	NFYB_HUMAN.H11MO.0.A
ISL1_chr5:51392398-51392614_Ledidi_run-9_target-7.64_8	1070	1090	0.6106788885095686	0.03512886189237361	FOXA2_HUMAN.H11MO.0.A
ISL1_chr5:51392398-51392614_Ledidi_run-9_target-7.64_9	995	1017	0.9805813255625857	0.048027490240037725	FOXA2_HUMAN.H11MO.0.A
ISL1_chr5:51392398-51392614_Ledidi_run-9_target-7.64_9	1010	1032	1.0564886568090972	0.022506446489954136	FOXA2_HUMAN.H11MO.0.A
ISL1_chr5:51392398-51392614_Ledidi_run-9_target-7.64_9	1025	1042	0.5062930332475974	0.045205730885551756	NFYB_HUMAN.H11MO.0.A
ISL1_chr5:51392398-51392614_Ledidi_run-9_target-7.64_9	1071	1090	0.6142737747946017	0.020782944543160292	FOXA2_HUMAN.H11MO.0.A
